date,decimal_year,ppm,source
1010-01-01,1010.0,279.5,"ice_core (Law Dome, 2 Degrees Inst.)"
1015-01-01,1015.0,279.6,"ice_core (Law Dome, 2 Degrees Inst.)"
1020-01-01,1020.0,279.7,"ice_core (Law Dome, 2 Degrees Inst.)"
1025-01-01,1025.0,279.8,"ice_core (Law Dome, 2 Degrees Inst.)"
1030-01-01,1030.0,279.9,"ice_core (Law Dome, 2 Degrees Inst.)"
1035-01-01,1035.0,280.0,"ice_core (Law Dome, 2 Degrees Inst.)"
1040-01-01,1040.0,280.2,"ice_core (Law Dome, 2 Degrees Inst.)"
1045-01-01,1045.0,280.3,"ice_core (Law Dome, 2 Degrees Inst.)"
1050-01-01,1050.0,280.5,"ice_core (Law Dome, 2 Degrees Inst.)"
1055-01-01,1055.0,280.7,"ice_core (Law Dome, 2 Degrees Inst.)"
1060-01-01,1060.0,280.9,"ice_core (Law Dome, 2 Degrees Inst.)"
1065-01-01,1065.0,281.1,"ice_core (Law Dome, 2 Degrees Inst.)"
1070-01-01,1070.0,281.3,"ice_core (Law Dome, 2 Degrees Inst.)"
1075-01-01,1075.0,281.5,"ice_core (Law Dome, 2 Degrees Inst.)"
1080-01-01,1080.0,281.7,"ice_core (Law Dome, 2 Degrees Inst.)"
1085-01-01,1085.0,281.9,"ice_core (Law Dome, 2 Degrees Inst.)"
1090-01-01,1090.0,282.1,"ice_core (Law Dome, 2 Degrees Inst.)"
1095-01-01,1095.0,282.3,"ice_core (Law Dome, 2 Degrees Inst.)"
1100-01-01,1100.0,282.5,"ice_core (Law Dome, 2 Degrees Inst.)"
1105-01-01,1105.0,282.7,"ice_core (Law Dome, 2 Degrees Inst.)"
1110-01-01,1110.0,282.9,"ice_core (Law Dome, 2 Degrees Inst.)"
1115-01-01,1115.0,283.0,"ice_core (Law Dome, 2 Degrees Inst.)"
1120-01-01,1120.0,283.2,"ice_core (Law Dome, 2 Degrees Inst.)"
1125-01-01,1125.0,283.3,"ice_core (Law Dome, 2 Degrees Inst.)"
1130-01-01,1130.0,283.5,"ice_core (Law Dome, 2 Degrees Inst.)"
1135-01-01,1135.0,283.6,"ice_core (Law Dome, 2 Degrees Inst.)"
1140-01-01,1140.0,283.7,"ice_core (Law Dome, 2 Degrees Inst.)"
1145-01-01,1145.0,283.8,"ice_core (Law Dome, 2 Degrees Inst.)"
1150-01-01,1150.0,283.9,"ice_core (Law Dome, 2 Degrees Inst.)"
1155-01-01,1155.0,284.0,"ice_core (Law Dome, 2 Degrees Inst.)"
1160-01-01,1160.0,284.0,"ice_core (Law Dome, 2 Degrees Inst.)"
1165-01-01,1165.0,284.1,"ice_core (Law Dome, 2 Degrees Inst.)"
1170-01-01,1170.0,284.1,"ice_core (Law Dome, 2 Degrees Inst.)"
1175-01-01,1175.0,284.1,"ice_core (Law Dome, 2 Degrees Inst.)"
1180-01-01,1180.0,284.0,"ice_core (Law Dome, 2 Degrees Inst.)"
1185-01-01,1185.0,284.0,"ice_core (Law Dome, 2 Degrees Inst.)"
1190-01-01,1190.0,283.9,"ice_core (Law Dome, 2 Degrees Inst.)"
1195-01-01,1195.0,283.8,"ice_core (Law Dome, 2 Degrees Inst.)"
1200-01-01,1200.0,283.6,"ice_core (Law Dome, 2 Degrees Inst.)"
1205-01-01,1205.0,283.4,"ice_core (Law Dome, 2 Degrees Inst.)"
1210-01-01,1210.0,283.2,"ice_core (Law Dome, 2 Degrees Inst.)"
1215-01-01,1215.0,283.0,"ice_core (Law Dome, 2 Degrees Inst.)"
1220-01-01,1220.0,282.8,"ice_core (Law Dome, 2 Degrees Inst.)"
1225-01-01,1225.0,282.5,"ice_core (Law Dome, 2 Degrees Inst.)"
1230-01-01,1230.0,282.3,"ice_core (Law Dome, 2 Degrees Inst.)"
1235-01-01,1235.0,282.2,"ice_core (Law Dome, 2 Degrees Inst.)"
1240-01-01,1240.0,282.0,"ice_core (Law Dome, 2 Degrees Inst.)"
1245-01-01,1245.0,281.9,"ice_core (Law Dome, 2 Degrees Inst.)"
1250-01-01,1250.0,281.9,"ice_core (Law Dome, 2 Degrees Inst.)"
1255-01-01,1255.0,281.9,"ice_core (Law Dome, 2 Degrees Inst.)"
1260-01-01,1260.0,282.0,"ice_core (Law Dome, 2 Degrees Inst.)"
1265-01-01,1265.0,282.1,"ice_core (Law Dome, 2 Degrees Inst.)"
1270-01-01,1270.0,282.2,"ice_core (Law Dome, 2 Degrees Inst.)"
1275-01-01,1275.0,282.3,"ice_core (Law Dome, 2 Degrees Inst.)"
1280-01-01,1280.0,282.5,"ice_core (Law Dome, 2 Degrees Inst.)"
1285-01-01,1285.0,282.6,"ice_core (Law Dome, 2 Degrees Inst.)"
1290-01-01,1290.0,282.8,"ice_core (Law Dome, 2 Degrees Inst.)"
1295-01-01,1295.0,282.9,"ice_core (Law Dome, 2 Degrees Inst.)"
1300-01-01,1300.0,283.0,"ice_core (Law Dome, 2 Degrees Inst.)"
1305-01-01,1305.0,283.1,"ice_core (Law Dome, 2 Degrees Inst.)"
1310-01-01,1310.0,283.2,"ice_core (Law Dome, 2 Degrees Inst.)"
1315-01-01,1315.0,283.3,"ice_core (Law Dome, 2 Degrees Inst.)"
1320-01-01,1320.0,283.3,"ice_core (Law Dome, 2 Degrees Inst.)"
1325-01-01,1325.0,283.2,"ice_core (Law Dome, 2 Degrees Inst.)"
1330-01-01,1330.0,283.1,"ice_core (Law Dome, 2 Degrees Inst.)"
1335-01-01,1335.0,282.9,"ice_core (Law Dome, 2 Degrees Inst.)"
1340-01-01,1340.0,282.7,"ice_core (Law Dome, 2 Degrees Inst.)"
1345-01-01,1345.0,282.4,"ice_core (Law Dome, 2 Degrees Inst.)"
1350-01-01,1350.0,282.1,"ice_core (Law Dome, 2 Degrees Inst.)"
1355-01-01,1355.0,281.8,"ice_core (Law Dome, 2 Degrees Inst.)"
1360-01-01,1360.0,281.5,"ice_core (Law Dome, 2 Degrees Inst.)"
1365-01-01,1365.0,281.2,"ice_core (Law Dome, 2 Degrees Inst.)"
1370-01-01,1370.0,281.0,"ice_core (Law Dome, 2 Degrees Inst.)"
1375-01-01,1375.0,280.7,"ice_core (Law Dome, 2 Degrees Inst.)"
1380-01-01,1380.0,280.5,"ice_core (Law Dome, 2 Degrees Inst.)"
1385-01-01,1385.0,280.4,"ice_core (Law Dome, 2 Degrees Inst.)"
1390-01-01,1390.0,280.3,"ice_core (Law Dome, 2 Degrees Inst.)"
1395-01-01,1395.0,280.3,"ice_core (Law Dome, 2 Degrees Inst.)"
1400-01-01,1400.0,280.3,"ice_core (Law Dome, 2 Degrees Inst.)"
1405-01-01,1405.0,280.4,"ice_core (Law Dome, 2 Degrees Inst.)"
1410-01-01,1410.0,280.5,"ice_core (Law Dome, 2 Degrees Inst.)"
1415-01-01,1415.0,280.6,"ice_core (Law Dome, 2 Degrees Inst.)"
1420-01-01,1420.0,280.7,"ice_core (Law Dome, 2 Degrees Inst.)"
1425-01-01,1425.0,280.8,"ice_core (Law Dome, 2 Degrees Inst.)"
1430-01-01,1430.0,280.9,"ice_core (Law Dome, 2 Degrees Inst.)"
1435-01-01,1435.0,280.9,"ice_core (Law Dome, 2 Degrees Inst.)"
1440-01-01,1440.0,280.9,"ice_core (Law Dome, 2 Degrees Inst.)"
1445-01-01,1445.0,280.9,"ice_core (Law Dome, 2 Degrees Inst.)"
1450-01-01,1450.0,280.8,"ice_core (Law Dome, 2 Degrees Inst.)"
1455-01-01,1455.0,280.7,"ice_core (Law Dome, 2 Degrees Inst.)"
1460-01-01,1460.0,280.6,"ice_core (Law Dome, 2 Degrees Inst.)"
1465-01-01,1465.0,280.6,"ice_core (Law Dome, 2 Degrees Inst.)"
1470-01-01,1470.0,280.6,"ice_core (Law Dome, 2 Degrees Inst.)"
1475-01-01,1475.0,280.8,"ice_core (Law Dome, 2 Degrees Inst.)"
1480-01-01,1480.0,281.0,"ice_core (Law Dome, 2 Degrees Inst.)"
1485-01-01,1485.0,281.3,"ice_core (Law Dome, 2 Degrees Inst.)"
1490-01-01,1490.0,281.6,"ice_core (Law Dome, 2 Degrees Inst.)"
1495-01-01,1495.0,281.9,"ice_core (Law Dome, 2 Degrees Inst.)"
1500-01-01,1500.0,282.2,"ice_core (Law Dome, 2 Degrees Inst.)"
1505-01-01,1505.0,282.5,"ice_core (Law Dome, 2 Degrees Inst.)"
1510-01-01,1510.0,282.7,"ice_core (Law Dome, 2 Degrees Inst.)"
1515-01-01,1515.0,282.9,"ice_core (Law Dome, 2 Degrees Inst.)"
1520-01-01,1520.0,283.1,"ice_core (Law Dome, 2 Degrees Inst.)"
1525-01-01,1525.0,283.2,"ice_core (Law Dome, 2 Degrees Inst.)"
1530-01-01,1530.0,283.2,"ice_core (Law Dome, 2 Degrees Inst.)"
1535-01-01,1535.0,283.2,"ice_core (Law Dome, 2 Degrees Inst.)"
1540-01-01,1540.0,283.1,"ice_core (Law Dome, 2 Degrees Inst.)"
1545-01-01,1545.0,283.0,"ice_core (Law Dome, 2 Degrees Inst.)"
1550-01-01,1550.0,282.8,"ice_core (Law Dome, 2 Degrees Inst.)"
1555-01-01,1555.0,282.6,"ice_core (Law Dome, 2 Degrees Inst.)"
1560-01-01,1560.0,282.2,"ice_core (Law Dome, 2 Degrees Inst.)"
1565-01-01,1565.0,281.8,"ice_core (Law Dome, 2 Degrees Inst.)"
1570-01-01,1570.0,281.2,"ice_core (Law Dome, 2 Degrees Inst.)"
1575-01-01,1575.0,280.5,"ice_core (Law Dome, 2 Degrees Inst.)"
1580-01-01,1580.0,279.7,"ice_core (Law Dome, 2 Degrees Inst.)"
1585-01-01,1585.0,278.8,"ice_core (Law Dome, 2 Degrees Inst.)"
1590-01-01,1590.0,278.0,"ice_core (Law Dome, 2 Degrees Inst.)"
1595-01-01,1595.0,277.1,"ice_core (Law Dome, 2 Degrees Inst.)"
1600-01-01,1600.0,276.4,"ice_core (Law Dome, 2 Degrees Inst.)"
1605-01-01,1605.0,275.8,"ice_core (Law Dome, 2 Degrees Inst.)"
1610-01-01,1610.0,275.5,"ice_core (Law Dome, 2 Degrees Inst.)"
1615-01-01,1615.0,275.3,"ice_core (Law Dome, 2 Degrees Inst.)"
1620-01-01,1620.0,275.3,"ice_core (Law Dome, 2 Degrees Inst.)"
1625-01-01,1625.0,275.4,"ice_core (Law Dome, 2 Degrees Inst.)"
1630-01-01,1630.0,275.6,"ice_core (Law Dome, 2 Degrees Inst.)"
1635-01-01,1635.0,275.9,"ice_core (Law Dome, 2 Degrees Inst.)"
1640-01-01,1640.0,276.1,"ice_core (Law Dome, 2 Degrees Inst.)"
1645-01-01,1645.0,276.3,"ice_core (Law Dome, 2 Degrees Inst.)"
1650-01-01,1650.0,276.4,"ice_core (Law Dome, 2 Degrees Inst.)"
1655-01-01,1655.0,276.5,"ice_core (Law Dome, 2 Degrees Inst.)"
1660-01-01,1660.0,276.5,"ice_core (Law Dome, 2 Degrees Inst.)"
1665-01-01,1665.0,276.5,"ice_core (Law Dome, 2 Degrees Inst.)"
1670-01-01,1670.0,276.4,"ice_core (Law Dome, 2 Degrees Inst.)"
1675-01-01,1675.0,276.4,"ice_core (Law Dome, 2 Degrees Inst.)"
1680-01-01,1680.0,276.4,"ice_core (Law Dome, 2 Degrees Inst.)"
1685-01-01,1685.0,276.4,"ice_core (Law Dome, 2 Degrees Inst.)"
1690-01-01,1690.0,276.5,"ice_core (Law Dome, 2 Degrees Inst.)"
1695-01-01,1695.0,276.6,"ice_core (Law Dome, 2 Degrees Inst.)"
1700-01-01,1700.0,276.7,"ice_core (Law Dome, 2 Degrees Inst.)"
1705-01-01,1705.0,276.8,"ice_core (Law Dome, 2 Degrees Inst.)"
1710-01-01,1710.0,276.9,"ice_core (Law Dome, 2 Degrees Inst.)"
1715-01-01,1715.0,277.0,"ice_core (Law Dome, 2 Degrees Inst.)"
1720-01-01,1720.0,277.0,"ice_core (Law Dome, 2 Degrees Inst.)"
1725-01-01,1725.0,277.0,"ice_core (Law Dome, 2 Degrees Inst.)"
1730-01-01,1730.0,277.0,"ice_core (Law Dome, 2 Degrees Inst.)"
1735-01-01,1735.0,276.9,"ice_core (Law Dome, 2 Degrees Inst.)"
1740-01-01,1740.0,276.9,"ice_core (Law Dome, 2 Degrees Inst.)"
1745-01-01,1745.0,276.9,"ice_core (Law Dome, 2 Degrees Inst.)"
1750-01-01,1750.0,277.0,"ice_core (Law Dome, 2 Degrees Inst.)"
1755-01-01,1755.0,277.2,"ice_core (Law Dome, 2 Degrees Inst.)"
1760-01-01,1760.0,277.6,"ice_core (Law Dome, 2 Degrees Inst.)"
1765-01-01,1765.0,278.0,"ice_core (Law Dome, 2 Degrees Inst.)"
1770-01-01,1770.0,278.6,"ice_core (Law Dome, 2 Degrees Inst.)"
1775-01-01,1775.0,279.3,"ice_core (Law Dome, 2 Degrees Inst.)"
1780-01-01,1780.0,280.1,"ice_core (Law Dome, 2 Degrees Inst.)"
1785-01-01,1785.0,280.8,"ice_core (Law Dome, 2 Degrees Inst.)"
1790-01-01,1790.0,281.6,"ice_core (Law Dome, 2 Degrees Inst.)"
1795-01-01,1795.0,282.3,"ice_core (Law Dome, 2 Degrees Inst.)"
1800-01-01,1800.0,282.9,"ice_core (Law Dome, 2 Degrees Inst.)"
1805-01-01,1805.0,283.4,"ice_core (Law Dome, 2 Degrees Inst.)"
1810-01-01,1810.0,283.8,"ice_core (Law Dome, 2 Degrees Inst.)"
1815-01-01,1815.0,284.0,"ice_core (Law Dome, 2 Degrees Inst.)"
1820-01-01,1820.0,284.2,"ice_core (Law Dome, 2 Degrees Inst.)"
1825-01-01,1825.0,284.3,"ice_core (Law Dome, 2 Degrees Inst.)"
1830-01-01,1830.0,284.4,"ice_core (Law Dome, 2 Degrees Inst.)"
1832-01-01,1832.0,284.3,"ice_core (Law Dome, 2 Degrees Inst.)"
1833-01-01,1833.0,284.1,"ice_core (Law Dome, 2 Degrees Inst.)"
1834-01-01,1834.0,284.0,"ice_core (Law Dome, 2 Degrees Inst.)"
1835-01-01,1835.0,283.8,"ice_core (Law Dome, 2 Degrees Inst.)"
1836-01-01,1836.0,283.7,"ice_core (Law Dome, 2 Degrees Inst.)"
1837-01-01,1837.0,283.5,"ice_core (Law Dome, 2 Degrees Inst.)"
1838-01-01,1838.0,283.4,"ice_core (Law Dome, 2 Degrees Inst.)"
1839-01-01,1839.0,283.4,"ice_core (Law Dome, 2 Degrees Inst.)"
1840-01-01,1840.0,283.4,"ice_core (Law Dome, 2 Degrees Inst.)"
1841-01-01,1841.0,283.4,"ice_core (Law Dome, 2 Degrees Inst.)"
1842-01-01,1842.0,283.5,"ice_core (Law Dome, 2 Degrees Inst.)"
1843-01-01,1843.0,283.6,"ice_core (Law Dome, 2 Degrees Inst.)"
1844-01-01,1844.0,283.7,"ice_core (Law Dome, 2 Degrees Inst.)"
1845-01-01,1845.0,283.9,"ice_core (Law Dome, 2 Degrees Inst.)"
1846-01-01,1846.0,284.1,"ice_core (Law Dome, 2 Degrees Inst.)"
1847-01-01,1847.0,284.2,"ice_core (Law Dome, 2 Degrees Inst.)"
1848-01-01,1848.0,284.4,"ice_core (Law Dome, 2 Degrees Inst.)"
1849-01-01,1849.0,284.6,"ice_core (Law Dome, 2 Degrees Inst.)"
1850-01-01,1850.0,284.7,"ice_core (Law Dome, 2 Degrees Inst.)"
1851-01-01,1851.0,284.9,"ice_core (Law Dome, 2 Degrees Inst.)"
1852-01-01,1852.0,285.0,"ice_core (Law Dome, 2 Degrees Inst.)"
1853-01-01,1853.0,285.1,"ice_core (Law Dome, 2 Degrees Inst.)"
1854-01-01,1854.0,285.3,"ice_core (Law Dome, 2 Degrees Inst.)"
1855-01-01,1855.0,285.4,"ice_core (Law Dome, 2 Degrees Inst.)"
1856-01-01,1856.0,285.6,"ice_core (Law Dome, 2 Degrees Inst.)"
1857-01-01,1857.0,285.7,"ice_core (Law Dome, 2 Degrees Inst.)"
1858-01-01,1858.0,285.9,"ice_core (Law Dome, 2 Degrees Inst.)"
1859-01-01,1859.0,286.1,"ice_core (Law Dome, 2 Degrees Inst.)"
1860-01-01,1860.0,286.2,"ice_core (Law Dome, 2 Degrees Inst.)"
1861-01-01,1861.0,286.4,"ice_core (Law Dome, 2 Degrees Inst.)"
1862-01-01,1862.0,286.5,"ice_core (Law Dome, 2 Degrees Inst.)"
1863-01-01,1863.0,286.6,"ice_core (Law Dome, 2 Degrees Inst.)"
1864-01-01,1864.0,286.8,"ice_core (Law Dome, 2 Degrees Inst.)"
1865-01-01,1865.0,286.9,"ice_core (Law Dome, 2 Degrees Inst.)"
1866-01-01,1866.0,287.0,"ice_core (Law Dome, 2 Degrees Inst.)"
1867-01-01,1867.0,287.1,"ice_core (Law Dome, 2 Degrees Inst.)"
1868-01-01,1868.0,287.2,"ice_core (Law Dome, 2 Degrees Inst.)"
1869-01-01,1869.0,287.4,"ice_core (Law Dome, 2 Degrees Inst.)"
1870-01-01,1870.0,287.5,"ice_core (Law Dome, 2 Degrees Inst.)"
1871-01-01,1871.0,287.7,"ice_core (Law Dome, 2 Degrees Inst.)"
1872-01-01,1872.0,287.9,"ice_core (Law Dome, 2 Degrees Inst.)"
1873-01-01,1873.0,288.1,"ice_core (Law Dome, 2 Degrees Inst.)"
1874-01-01,1874.0,288.4,"ice_core (Law Dome, 2 Degrees Inst.)"
1875-01-01,1875.0,288.7,"ice_core (Law Dome, 2 Degrees Inst.)"
1876-01-01,1876.0,289.0,"ice_core (Law Dome, 2 Degrees Inst.)"
1877-01-01,1877.0,289.4,"ice_core (Law Dome, 2 Degrees Inst.)"
1878-01-01,1878.0,289.8,"ice_core (Law Dome, 2 Degrees Inst.)"
1879-01-01,1879.0,290.2,"ice_core (Law Dome, 2 Degrees Inst.)"
1880-01-01,1880.0,290.7,"ice_core (Law Dome, 2 Degrees Inst.)"
1881-01-01,1881.0,291.2,"ice_core (Law Dome, 2 Degrees Inst.)"
1882-01-01,1882.0,291.7,"ice_core (Law Dome, 2 Degrees Inst.)"
1883-01-01,1883.0,292.1,"ice_core (Law Dome, 2 Degrees Inst.)"
1884-01-01,1884.0,292.6,"ice_core (Law Dome, 2 Degrees Inst.)"
1885-01-01,1885.0,293.0,"ice_core (Law Dome, 2 Degrees Inst.)"
1886-01-01,1886.0,293.3,"ice_core (Law Dome, 2 Degrees Inst.)"
1887-01-01,1887.0,293.6,"ice_core (Law Dome, 2 Degrees Inst.)"
1888-01-01,1888.0,293.8,"ice_core (Law Dome, 2 Degrees Inst.)"
1889-01-01,1889.0,294.0,"ice_core (Law Dome, 2 Degrees Inst.)"
1890-01-01,1890.0,294.2,"ice_core (Law Dome, 2 Degrees Inst.)"
1891-01-01,1891.0,294.3,"ice_core (Law Dome, 2 Degrees Inst.)"
1892-01-01,1892.0,294.5,"ice_core (Law Dome, 2 Degrees Inst.)"
1893-01-01,1893.0,294.6,"ice_core (Law Dome, 2 Degrees Inst.)"
1894-01-01,1894.0,294.7,"ice_core (Law Dome, 2 Degrees Inst.)"
1895-01-01,1895.0,294.8,"ice_core (Law Dome, 2 Degrees Inst.)"
1896-01-01,1896.0,294.9,"ice_core (Law Dome, 2 Degrees Inst.)"
1897-01-01,1897.0,295.0,"ice_core (Law Dome, 2 Degrees Inst.)"
1898-01-01,1898.0,295.2,"ice_core (Law Dome, 2 Degrees Inst.)"
1899-01-01,1899.0,295.5,"ice_core (Law Dome, 2 Degrees Inst.)"
1900-01-01,1900.0,295.8,"ice_core (Law Dome, 2 Degrees Inst.)"
1901-01-01,1901.0,296.1,"ice_core (Law Dome, 2 Degrees Inst.)"
1902-01-01,1902.0,296.5,"ice_core (Law Dome, 2 Degrees Inst.)"
1903-01-01,1903.0,296.8,"ice_core (Law Dome, 2 Degrees Inst.)"
1904-01-01,1904.0,297.2,"ice_core (Law Dome, 2 Degrees Inst.)"
1905-01-01,1905.0,297.6,"ice_core (Law Dome, 2 Degrees Inst.)"
1906-01-01,1906.0,298.1,"ice_core (Law Dome, 2 Degrees Inst.)"
1907-01-01,1907.0,298.5,"ice_core (Law Dome, 2 Degrees Inst.)"
1908-01-01,1908.0,298.9,"ice_core (Law Dome, 2 Degrees Inst.)"
1909-01-01,1909.0,299.3,"ice_core (Law Dome, 2 Degrees Inst.)"
1910-01-01,1910.0,299.7,"ice_core (Law Dome, 2 Degrees Inst.)"
1911-01-01,1911.0,300.1,"ice_core (Law Dome, 2 Degrees Inst.)"
1912-01-01,1912.0,300.4,"ice_core (Law Dome, 2 Degrees Inst.)"
1913-01-01,1913.0,300.8,"ice_core (Law Dome, 2 Degrees Inst.)"
1914-01-01,1914.0,301.1,"ice_core (Law Dome, 2 Degrees Inst.)"
1915-01-01,1915.0,301.4,"ice_core (Law Dome, 2 Degrees Inst.)"
1916-01-01,1916.0,301.7,"ice_core (Law Dome, 2 Degrees Inst.)"
1917-01-01,1917.0,302.1,"ice_core (Law Dome, 2 Degrees Inst.)"
1918-01-01,1918.0,302.4,"ice_core (Law Dome, 2 Degrees Inst.)"
1919-01-01,1919.0,302.7,"ice_core (Law Dome, 2 Degrees Inst.)"
1920-01-01,1920.0,303.0,"ice_core (Law Dome, 2 Degrees Inst.)"
1921-01-01,1921.0,303.4,"ice_core (Law Dome, 2 Degrees Inst.)"
1922-01-01,1922.0,303.8,"ice_core (Law Dome, 2 Degrees Inst.)"
1923-01-01,1923.0,304.1,"ice_core (Law Dome, 2 Degrees Inst.)"
1924-01-01,1924.0,304.5,"ice_core (Law Dome, 2 Degrees Inst.)"
1925-01-01,1925.0,305.0,"ice_core (Law Dome, 2 Degrees Inst.)"
1926-01-01,1926.0,305.4,"ice_core (Law Dome, 2 Degrees Inst.)"
1927-01-01,1927.0,305.8,"ice_core (Law Dome, 2 Degrees Inst.)"
1928-01-01,1928.0,306.3,"ice_core (Law Dome, 2 Degrees Inst.)"
1929-01-01,1929.0,306.8,"ice_core (Law Dome, 2 Degrees Inst.)"
1930-01-01,1930.0,307.2,"ice_core (Law Dome, 2 Degrees Inst.)"
1931-01-01,1931.0,307.7,"ice_core (Law Dome, 2 Degrees Inst.)"
1932-01-01,1932.0,308.2,"ice_core (Law Dome, 2 Degrees Inst.)"
1933-01-01,1933.0,308.6,"ice_core (Law Dome, 2 Degrees Inst.)"
1934-01-01,1934.0,309.0,"ice_core (Law Dome, 2 Degrees Inst.)"
1935-01-01,1935.0,309.4,"ice_core (Law Dome, 2 Degrees Inst.)"
1936-01-01,1936.0,309.8,"ice_core (Law Dome, 2 Degrees Inst.)"
1937-01-01,1937.0,310.0,"ice_core (Law Dome, 2 Degrees Inst.)"
1938-01-01,1938.0,310.2,"ice_core (Law Dome, 2 Degrees Inst.)"
1939-01-01,1939.0,310.3,"ice_core (Law Dome, 2 Degrees Inst.)"
1940-01-01,1940.0,310.4,"ice_core (Law Dome, 2 Degrees Inst.)"
1941-01-01,1941.0,310.4,"ice_core (Law Dome, 2 Degrees Inst.)"
1942-01-01,1942.0,310.3,"ice_core (Law Dome, 2 Degrees Inst.)"
1943-01-01,1943.0,310.2,"ice_core (Law Dome, 2 Degrees Inst.)"
1944-01-01,1944.0,310.1,"ice_core (Law Dome, 2 Degrees Inst.)"
1945-01-01,1945.0,310.1,"ice_core (Law Dome, 2 Degrees Inst.)"
1946-01-01,1946.0,310.1,"ice_core (Law Dome, 2 Degrees Inst.)"
1947-01-01,1947.0,310.2,"ice_core (Law Dome, 2 Degrees Inst.)"
1948-01-01,1948.0,310.3,"ice_core (Law Dome, 2 Degrees Inst.)"
1949-01-01,1949.0,310.5,"ice_core (Law Dome, 2 Degrees Inst.)"
1950-01-01,1950.0,310.7,"ice_core (Law Dome, 2 Degrees Inst.)"
1951-01-01,1951.0,311.1,"ice_core (Law Dome, 2 Degrees Inst.)"
1952-01-01,1952.0,311.5,"ice_core (Law Dome, 2 Degrees Inst.)"
1953-01-01,1953.0,311.9,"ice_core (Law Dome, 2 Degrees Inst.)"
1954-01-01,1954.0,312.4,"ice_core (Law Dome, 2 Degrees Inst.)"
1955-01-01,1955.0,313.0,"ice_core (Law Dome, 2 Degrees Inst.)"
1958-03-29,1958.238,316.19,Mauna Loa (NOAA/Scripps)
1958-04-05,1958.257,317.31,Mauna Loa (NOAA/Scripps)
1958-04-12,1958.277,317.69,Mauna Loa (NOAA/Scripps)
1958-04-19,1958.296,317.58,Mauna Loa (NOAA/Scripps)
1958-04-26,1958.315,316.48,Mauna Loa (NOAA/Scripps)
1958-05-03,1958.334,316.95,Mauna Loa (NOAA/Scripps)
1958-05-17,1958.372,317.56,Mauna Loa (NOAA/Scripps)
1958-05-24,1958.392,317.99,Mauna Loa (NOAA/Scripps)
1958-07-05,1958.507,315.85,Mauna Loa (NOAA/Scripps)
1958-07-12,1958.526,315.85,Mauna Loa (NOAA/Scripps)
1958-07-19,1958.545,315.46,Mauna Loa (NOAA/Scripps)
1958-07-26,1958.564,315.59,Mauna Loa (NOAA/Scripps)
1958-08-02,1958.583,315.64,Mauna Loa (NOAA/Scripps)
1958-08-09,1958.602,315.1,Mauna Loa (NOAA/Scripps)
1958-08-16,1958.621,315.09,Mauna Loa (NOAA/Scripps)
1958-08-30,1958.66,314.14,Mauna Loa (NOAA/Scripps)
1958-09-06,1958.679,313.54,Mauna Loa (NOAA/Scripps)
1958-11-01,1958.832,313.33,Mauna Loa (NOAA/Scripps)
1958-11-08,1958.851,313.05,Mauna Loa (NOAA/Scripps)
1958-11-15,1958.871,313.26,Mauna Loa (NOAA/Scripps)
1958-11-22,1958.89,313.57,Mauna Loa (NOAA/Scripps)
1958-11-29,1958.909,314.01,Mauna Loa (NOAA/Scripps)
1958-12-01,1958.914,314.67,Mauna Loa (NOAA/Scripps)
1958-12-06,1958.928,314.56,Mauna Loa (NOAA/Scripps)
1958-12-13,1958.947,314.41,Mauna Loa (NOAA/Scripps)
1958-12-20,1958.966,314.77,Mauna Loa (NOAA/Scripps)
1958-12-27,1958.986,315.21,Mauna Loa (NOAA/Scripps)
1959-01-03,1959.005,315.24,Mauna Loa (NOAA/Scripps)
1959-01-10,1959.025,315.5,Mauna Loa (NOAA/Scripps)
1959-01-17,1959.044,315.69,Mauna Loa (NOAA/Scripps)
1959-01-24,1959.063,315.86,Mauna Loa (NOAA/Scripps)
1959-01-31,1959.082,315.42,Mauna Loa (NOAA/Scripps)
1959-02-14,1959.12,316.94,Mauna Loa (NOAA/Scripps)
1959-02-21,1959.14,316.61,Mauna Loa (NOAA/Scripps)
1959-02-28,1959.159,316.62,Mauna Loa (NOAA/Scripps)
1959-03-07,1959.178,316.81,Mauna Loa (NOAA/Scripps)
1959-03-21,1959.216,316.73,Mauna Loa (NOAA/Scripps)
1959-03-28,1959.235,316.71,Mauna Loa (NOAA/Scripps)
1959-04-04,1959.255,317.72,Mauna Loa (NOAA/Scripps)
1959-04-11,1959.274,317.12,Mauna Loa (NOAA/Scripps)
1959-04-18,1959.293,317.64,Mauna Loa (NOAA/Scripps)
1959-04-25,1959.312,318.32,Mauna Loa (NOAA/Scripps)
1959-05-02,1959.331,318.27,Mauna Loa (NOAA/Scripps)
1959-05-09,1959.35,318.78,Mauna Loa (NOAA/Scripps)
1959-05-16,1959.37,318.05,Mauna Loa (NOAA/Scripps)
1959-05-23,1959.389,318.43,Mauna Loa (NOAA/Scripps)
1959-06-06,1959.427,318.53,Mauna Loa (NOAA/Scripps)
1959-06-13,1959.446,318.14,Mauna Loa (NOAA/Scripps)
1959-06-20,1959.465,317.88,Mauna Loa (NOAA/Scripps)
1959-06-27,1959.485,317.76,Mauna Loa (NOAA/Scripps)
1959-07-04,1959.504,316.86,Mauna Loa (NOAA/Scripps)
1959-07-11,1959.523,316.83,Mauna Loa (NOAA/Scripps)
1959-07-18,1959.542,316.45,Mauna Loa (NOAA/Scripps)
1959-07-25,1959.561,316.16,Mauna Loa (NOAA/Scripps)
1959-08-01,1959.58,315.62,Mauna Loa (NOAA/Scripps)
1959-08-08,1959.6,314.91,Mauna Loa (NOAA/Scripps)
1959-08-22,1959.638,315.0,Mauna Loa (NOAA/Scripps)
1959-08-29,1959.657,314.15,Mauna Loa (NOAA/Scripps)
1959-09-05,1959.676,314.45,Mauna Loa (NOAA/Scripps)
1959-09-12,1959.695,313.93,Mauna Loa (NOAA/Scripps)
1959-09-19,1959.715,313.57,Mauna Loa (NOAA/Scripps)
1959-09-26,1959.734,313.54,Mauna Loa (NOAA/Scripps)
1959-10-03,1959.753,313.04,Mauna Loa (NOAA/Scripps)
1959-10-10,1959.772,313.15,Mauna Loa (NOAA/Scripps)
1959-10-17,1959.791,313.43,Mauna Loa (NOAA/Scripps)
1959-10-24,1959.81,313.46,Mauna Loa (NOAA/Scripps)
1959-10-31,1959.83,314.12,Mauna Loa (NOAA/Scripps)
1959-11-07,1959.849,314.42,Mauna Loa (NOAA/Scripps)
1959-11-14,1959.868,314.88,Mauna Loa (NOAA/Scripps)
1959-11-21,1959.887,315.2,Mauna Loa (NOAA/Scripps)
1959-11-28,1959.906,315.11,Mauna Loa (NOAA/Scripps)
1959-12-05,1959.925,315.06,Mauna Loa (NOAA/Scripps)
1959-12-12,1959.945,315.64,Mauna Loa (NOAA/Scripps)
1959-12-19,1959.964,315.86,Mauna Loa (NOAA/Scripps)
1959-12-26,1959.983,315.77,Mauna Loa (NOAA/Scripps)
1960-01-02,1960.003,315.72,Mauna Loa (NOAA/Scripps)
1960-01-09,1960.022,316.4,Mauna Loa (NOAA/Scripps)
1960-01-16,1960.041,316.73,Mauna Loa (NOAA/Scripps)
1960-01-23,1960.06,316.57,Mauna Loa (NOAA/Scripps)
1960-01-30,1960.079,316.68,Mauna Loa (NOAA/Scripps)
1960-02-06,1960.099,316.61,Mauna Loa (NOAA/Scripps)
1960-02-13,1960.118,316.98,Mauna Loa (NOAA/Scripps)
1960-02-20,1960.137,317.42,Mauna Loa (NOAA/Scripps)
1960-02-27,1960.156,317.0,Mauna Loa (NOAA/Scripps)
1960-03-05,1960.175,316.96,Mauna Loa (NOAA/Scripps)
1960-03-12,1960.194,317.76,Mauna Loa (NOAA/Scripps)
1960-03-19,1960.214,318.07,Mauna Loa (NOAA/Scripps)
1960-03-26,1960.233,317.77,Mauna Loa (NOAA/Scripps)
1960-04-02,1960.252,318.61,Mauna Loa (NOAA/Scripps)
1960-04-09,1960.271,319.34,Mauna Loa (NOAA/Scripps)
1960-04-16,1960.29,319.01,Mauna Loa (NOAA/Scripps)
1960-04-23,1960.309,319.03,Mauna Loa (NOAA/Scripps)
1960-04-30,1960.329,319.77,Mauna Loa (NOAA/Scripps)
1960-05-07,1960.348,319.96,Mauna Loa (NOAA/Scripps)
1960-05-14,1960.367,319.82,Mauna Loa (NOAA/Scripps)
1960-05-21,1960.386,320.04,Mauna Loa (NOAA/Scripps)
1960-05-28,1960.405,320.06,Mauna Loa (NOAA/Scripps)
1960-06-04,1960.424,319.46,Mauna Loa (NOAA/Scripps)
1960-06-11,1960.444,320.08,Mauna Loa (NOAA/Scripps)
1960-06-18,1960.463,319.42,Mauna Loa (NOAA/Scripps)
1960-06-25,1960.482,319.09,Mauna Loa (NOAA/Scripps)
1960-07-02,1960.501,318.18,Mauna Loa (NOAA/Scripps)
1960-07-09,1960.52,318.64,Mauna Loa (NOAA/Scripps)
1960-07-16,1960.539,318.41,Mauna Loa (NOAA/Scripps)
1960-07-23,1960.559,317.91,Mauna Loa (NOAA/Scripps)
1960-07-30,1960.578,317.33,Mauna Loa (NOAA/Scripps)
1960-08-06,1960.597,316.62,Mauna Loa (NOAA/Scripps)
1960-08-13,1960.616,316.7,Mauna Loa (NOAA/Scripps)
1960-08-20,1960.635,315.1,Mauna Loa (NOAA/Scripps)
1960-08-27,1960.654,314.78,Mauna Loa (NOAA/Scripps)
1960-09-03,1960.674,314.72,Mauna Loa (NOAA/Scripps)
1960-09-10,1960.693,314.58,Mauna Loa (NOAA/Scripps)
1960-09-17,1960.712,314.28,Mauna Loa (NOAA/Scripps)
1960-09-24,1960.731,313.33,Mauna Loa (NOAA/Scripps)
1960-10-01,1960.75,313.66,Mauna Loa (NOAA/Scripps)
1960-10-08,1960.769,313.32,Mauna Loa (NOAA/Scripps)
1960-10-15,1960.789,313.92,Mauna Loa (NOAA/Scripps)
1960-10-22,1960.808,314.21,Mauna Loa (NOAA/Scripps)
1960-10-29,1960.827,314.29,Mauna Loa (NOAA/Scripps)
1960-11-05,1960.846,314.5,Mauna Loa (NOAA/Scripps)
1960-11-12,1960.865,315.1,Mauna Loa (NOAA/Scripps)
1960-11-19,1960.884,315.1,Mauna Loa (NOAA/Scripps)
1960-11-26,1960.903,315.41,Mauna Loa (NOAA/Scripps)
1960-12-03,1960.923,315.84,Mauna Loa (NOAA/Scripps)
1960-12-10,1960.942,316.07,Mauna Loa (NOAA/Scripps)
1960-12-17,1960.961,316.21,Mauna Loa (NOAA/Scripps)
1960-12-24,1960.98,316.4,Mauna Loa (NOAA/Scripps)
1960-12-31,1960.999,316.67,Mauna Loa (NOAA/Scripps)
1961-01-07,1961.016,316.73,Mauna Loa (NOAA/Scripps)
1961-01-14,1961.036,317.02,Mauna Loa (NOAA/Scripps)
1961-01-21,1961.055,317.03,Mauna Loa (NOAA/Scripps)
1961-01-28,1961.074,317.01,Mauna Loa (NOAA/Scripps)
1961-02-04,1961.093,317.06,Mauna Loa (NOAA/Scripps)
1961-02-11,1961.112,317.75,Mauna Loa (NOAA/Scripps)
1961-02-18,1961.131,317.94,Mauna Loa (NOAA/Scripps)
1961-02-25,1961.151,318.0,Mauna Loa (NOAA/Scripps)
1961-03-04,1961.17,318.04,Mauna Loa (NOAA/Scripps)
1961-03-11,1961.189,318.51,Mauna Loa (NOAA/Scripps)
1961-03-18,1961.208,318.92,Mauna Loa (NOAA/Scripps)
1961-03-25,1961.227,318.71,Mauna Loa (NOAA/Scripps)
1961-04-01,1961.246,319.41,Mauna Loa (NOAA/Scripps)
1961-04-08,1961.266,319.55,Mauna Loa (NOAA/Scripps)
1961-04-15,1961.285,318.9,Mauna Loa (NOAA/Scripps)
1961-04-22,1961.304,319.74,Mauna Loa (NOAA/Scripps)
1961-04-29,1961.323,319.67,Mauna Loa (NOAA/Scripps)
1961-05-06,1961.342,320.67,Mauna Loa (NOAA/Scripps)
1961-05-13,1961.361,320.46,Mauna Loa (NOAA/Scripps)
1961-05-20,1961.381,320.61,Mauna Loa (NOAA/Scripps)
1961-05-27,1961.4,320.36,Mauna Loa (NOAA/Scripps)
1961-06-03,1961.419,320.09,Mauna Loa (NOAA/Scripps)
1961-06-10,1961.438,320.02,Mauna Loa (NOAA/Scripps)
1961-06-17,1961.457,319.62,Mauna Loa (NOAA/Scripps)
1961-06-24,1961.476,319.49,Mauna Loa (NOAA/Scripps)
1961-07-01,1961.496,319.26,Mauna Loa (NOAA/Scripps)
1961-07-08,1961.515,319.07,Mauna Loa (NOAA/Scripps)
1961-07-15,1961.534,318.49,Mauna Loa (NOAA/Scripps)
1961-07-22,1961.553,317.16,Mauna Loa (NOAA/Scripps)
1961-07-29,1961.572,317.97,Mauna Loa (NOAA/Scripps)
1961-08-05,1961.591,317.91,Mauna Loa (NOAA/Scripps)
1961-08-12,1961.611,317.33,Mauna Loa (NOAA/Scripps)
1961-08-19,1961.63,316.76,Mauna Loa (NOAA/Scripps)
1961-08-26,1961.649,315.26,Mauna Loa (NOAA/Scripps)
1961-09-02,1961.668,315.28,Mauna Loa (NOAA/Scripps)
1961-09-09,1961.687,314.97,Mauna Loa (NOAA/Scripps)
1961-09-16,1961.706,314.53,Mauna Loa (NOAA/Scripps)
1961-09-23,1961.726,315.06,Mauna Loa (NOAA/Scripps)
1961-09-30,1961.745,315.61,Mauna Loa (NOAA/Scripps)
1961-10-07,1961.764,314.97,Mauna Loa (NOAA/Scripps)
1961-10-14,1961.783,315.43,Mauna Loa (NOAA/Scripps)
1961-10-21,1961.802,315.48,Mauna Loa (NOAA/Scripps)
1961-10-28,1961.821,315.72,Mauna Loa (NOAA/Scripps)
1961-11-04,1961.841,315.82,Mauna Loa (NOAA/Scripps)
1961-11-11,1961.86,315.7,Mauna Loa (NOAA/Scripps)
1961-11-18,1961.879,316.21,Mauna Loa (NOAA/Scripps)
1961-11-25,1961.898,316.55,Mauna Loa (NOAA/Scripps)
1961-12-02,1961.917,316.52,Mauna Loa (NOAA/Scripps)
1961-12-09,1961.936,317.02,Mauna Loa (NOAA/Scripps)
1961-12-16,1961.956,316.94,Mauna Loa (NOAA/Scripps)
1961-12-23,1961.975,317.18,Mauna Loa (NOAA/Scripps)
1961-12-30,1961.994,317.46,Mauna Loa (NOAA/Scripps)
1962-01-06,1962.014,317.99,Mauna Loa (NOAA/Scripps)
1962-01-13,1962.033,318.12,Mauna Loa (NOAA/Scripps)
1962-01-20,1962.052,318.07,Mauna Loa (NOAA/Scripps)
1962-01-27,1962.071,317.78,Mauna Loa (NOAA/Scripps)
1962-02-03,1962.09,318.08,Mauna Loa (NOAA/Scripps)
1962-02-10,1962.11,318.35,Mauna Loa (NOAA/Scripps)
1962-02-17,1962.129,318.92,Mauna Loa (NOAA/Scripps)
1962-02-24,1962.148,319.38,Mauna Loa (NOAA/Scripps)
1962-03-03,1962.167,319.28,Mauna Loa (NOAA/Scripps)
1962-03-10,1962.186,319.46,Mauna Loa (NOAA/Scripps)
1962-03-17,1962.205,319.95,Mauna Loa (NOAA/Scripps)
1962-03-24,1962.225,319.78,Mauna Loa (NOAA/Scripps)
1962-03-31,1962.244,320.27,Mauna Loa (NOAA/Scripps)
1962-04-07,1962.263,320.26,Mauna Loa (NOAA/Scripps)
1962-04-14,1962.282,321.03,Mauna Loa (NOAA/Scripps)
1962-04-21,1962.301,320.78,Mauna Loa (NOAA/Scripps)
1962-04-28,1962.32,320.36,Mauna Loa (NOAA/Scripps)
1962-05-05,1962.339,320.89,Mauna Loa (NOAA/Scripps)
1962-05-12,1962.359,320.78,Mauna Loa (NOAA/Scripps)
1962-05-19,1962.378,321.05,Mauna Loa (NOAA/Scripps)
1962-05-26,1962.397,321.16,Mauna Loa (NOAA/Scripps)
1962-06-02,1962.416,320.91,Mauna Loa (NOAA/Scripps)
1962-06-09,1962.435,320.87,Mauna Loa (NOAA/Scripps)
1962-06-16,1962.454,320.52,Mauna Loa (NOAA/Scripps)
1962-06-23,1962.474,320.15,Mauna Loa (NOAA/Scripps)
1962-06-30,1962.493,320.23,Mauna Loa (NOAA/Scripps)
1962-07-07,1962.512,320.1,Mauna Loa (NOAA/Scripps)
1962-07-14,1962.531,319.95,Mauna Loa (NOAA/Scripps)
1962-07-21,1962.55,319.01,Mauna Loa (NOAA/Scripps)
1962-07-28,1962.569,318.75,Mauna Loa (NOAA/Scripps)
1962-08-04,1962.589,318.68,Mauna Loa (NOAA/Scripps)
1962-08-11,1962.608,317.24,Mauna Loa (NOAA/Scripps)
1962-08-18,1962.627,317.48,Mauna Loa (NOAA/Scripps)
1962-09-15,1962.704,316.65,Mauna Loa (NOAA/Scripps)
1962-09-22,1962.723,315.72,Mauna Loa (NOAA/Scripps)
1962-09-29,1962.742,315.92,Mauna Loa (NOAA/Scripps)
1962-10-06,1962.761,315.1,Mauna Loa (NOAA/Scripps)
1962-10-13,1962.78,315.4,Mauna Loa (NOAA/Scripps)
1962-10-20,1962.799,315.72,Mauna Loa (NOAA/Scripps)
1962-10-27,1962.819,315.78,Mauna Loa (NOAA/Scripps)
1962-11-03,1962.838,315.94,Mauna Loa (NOAA/Scripps)
1962-11-10,1962.857,316.49,Mauna Loa (NOAA/Scripps)
1962-11-17,1962.876,316.92,Mauna Loa (NOAA/Scripps)
1962-11-24,1962.895,317.08,Mauna Loa (NOAA/Scripps)
1962-12-01,1962.914,317.19,Mauna Loa (NOAA/Scripps)
1962-12-08,1962.934,317.31,Mauna Loa (NOAA/Scripps)
1962-12-15,1962.953,317.66,Mauna Loa (NOAA/Scripps)
1962-12-22,1962.972,318.18,Mauna Loa (NOAA/Scripps)
1963-01-05,1963.011,318.54,Mauna Loa (NOAA/Scripps)
1963-01-12,1963.03,318.73,Mauna Loa (NOAA/Scripps)
1963-01-19,1963.049,318.9,Mauna Loa (NOAA/Scripps)
1963-01-26,1963.068,318.82,Mauna Loa (NOAA/Scripps)
1963-02-02,1963.088,318.77,Mauna Loa (NOAA/Scripps)
1963-02-09,1963.107,318.95,Mauna Loa (NOAA/Scripps)
1963-02-23,1963.145,319.37,Mauna Loa (NOAA/Scripps)
1963-03-02,1963.164,319.35,Mauna Loa (NOAA/Scripps)
1963-03-09,1963.183,319.7,Mauna Loa (NOAA/Scripps)
1963-03-16,1963.203,319.8,Mauna Loa (NOAA/Scripps)
1963-03-23,1963.222,320.34,Mauna Loa (NOAA/Scripps)
1963-03-30,1963.241,320.29,Mauna Loa (NOAA/Scripps)
1963-04-06,1963.26,320.38,Mauna Loa (NOAA/Scripps)
1963-04-13,1963.279,320.96,Mauna Loa (NOAA/Scripps)
1963-04-20,1963.298,322.05,Mauna Loa (NOAA/Scripps)
1963-04-27,1963.318,321.92,Mauna Loa (NOAA/Scripps)
1963-05-11,1963.356,321.97,Mauna Loa (NOAA/Scripps)
1963-05-18,1963.375,322.28,Mauna Loa (NOAA/Scripps)
1963-05-25,1963.394,322.27,Mauna Loa (NOAA/Scripps)
1963-06-01,1963.413,322.32,Mauna Loa (NOAA/Scripps)
1963-06-08,1963.433,322.09,Mauna Loa (NOAA/Scripps)
1963-06-15,1963.452,321.83,Mauna Loa (NOAA/Scripps)
1963-06-22,1963.471,320.88,Mauna Loa (NOAA/Scripps)
1963-06-29,1963.49,320.49,Mauna Loa (NOAA/Scripps)
1963-07-06,1963.509,320.12,Mauna Loa (NOAA/Scripps)
1963-07-13,1963.528,319.82,Mauna Loa (NOAA/Scripps)
1963-07-20,1963.548,319.56,Mauna Loa (NOAA/Scripps)
1963-07-27,1963.567,319.06,Mauna Loa (NOAA/Scripps)
1963-08-03,1963.586,318.6,Mauna Loa (NOAA/Scripps)
1963-08-10,1963.605,318.27,Mauna Loa (NOAA/Scripps)
1963-08-17,1963.624,317.73,Mauna Loa (NOAA/Scripps)
1963-08-24,1963.643,317.12,Mauna Loa (NOAA/Scripps)
1963-08-31,1963.663,316.44,Mauna Loa (NOAA/Scripps)
1963-09-07,1963.682,316.81,Mauna Loa (NOAA/Scripps)
1963-09-14,1963.701,315.99,Mauna Loa (NOAA/Scripps)
1963-09-21,1963.72,316.03,Mauna Loa (NOAA/Scripps)
1963-09-28,1963.739,315.93,Mauna Loa (NOAA/Scripps)
1963-10-05,1963.758,316.28,Mauna Loa (NOAA/Scripps)
1963-10-12,1963.778,315.65,Mauna Loa (NOAA/Scripps)
1963-10-19,1963.797,316.14,Mauna Loa (NOAA/Scripps)
1963-10-26,1963.816,316.36,Mauna Loa (NOAA/Scripps)
1963-11-02,1963.835,316.63,Mauna Loa (NOAA/Scripps)
1963-11-09,1963.854,316.83,Mauna Loa (NOAA/Scripps)
1963-11-16,1963.873,317.13,Mauna Loa (NOAA/Scripps)
1963-11-30,1963.912,317.56,Mauna Loa (NOAA/Scripps)
1963-12-07,1963.931,318.07,Mauna Loa (NOAA/Scripps)
1963-12-14,1963.95,318.27,Mauna Loa (NOAA/Scripps)
1963-12-21,1963.969,318.59,Mauna Loa (NOAA/Scripps)
1963-12-28,1963.988,318.74,Mauna Loa (NOAA/Scripps)
1964-01-04,1964.008,319.04,Mauna Loa (NOAA/Scripps)
1964-01-11,1964.027,319.49,Mauna Loa (NOAA/Scripps)
1964-01-18,1964.047,319.88,Mauna Loa (NOAA/Scripps)
1964-05-30,1964.411,322.07,Mauna Loa (NOAA/Scripps)
1964-06-06,1964.43,322.06,Mauna Loa (NOAA/Scripps)
1964-06-27,1964.487,321.57,Mauna Loa (NOAA/Scripps)
1964-07-04,1964.507,321.14,Mauna Loa (NOAA/Scripps)
1964-07-11,1964.526,319.95,Mauna Loa (NOAA/Scripps)
1964-07-18,1964.545,320.28,Mauna Loa (NOAA/Scripps)
1964-07-25,1964.564,320.02,Mauna Loa (NOAA/Scripps)
1964-08-01,1964.583,319.14,Mauna Loa (NOAA/Scripps)
1964-08-15,1964.621,318.61,Mauna Loa (NOAA/Scripps)
1964-08-22,1964.641,318.23,Mauna Loa (NOAA/Scripps)
1964-08-29,1964.66,318.11,Mauna Loa (NOAA/Scripps)
1964-09-05,1964.679,317.48,Mauna Loa (NOAA/Scripps)
1964-09-12,1964.698,316.57,Mauna Loa (NOAA/Scripps)
1964-09-19,1964.717,315.59,Mauna Loa (NOAA/Scripps)
1964-09-26,1964.736,317.01,Mauna Loa (NOAA/Scripps)
1964-10-03,1964.756,316.93,Mauna Loa (NOAA/Scripps)
1964-10-10,1964.775,316.51,Mauna Loa (NOAA/Scripps)
1964-10-17,1964.794,316.86,Mauna Loa (NOAA/Scripps)
1964-10-24,1964.813,317.05,Mauna Loa (NOAA/Scripps)
1964-10-31,1964.832,317.65,Mauna Loa (NOAA/Scripps)
1964-11-07,1964.851,317.77,Mauna Loa (NOAA/Scripps)
1964-11-14,1964.871,317.65,Mauna Loa (NOAA/Scripps)
1964-11-21,1964.89,317.52,Mauna Loa (NOAA/Scripps)
1964-11-28,1964.909,318.11,Mauna Loa (NOAA/Scripps)
1964-12-05,1964.928,318.42,Mauna Loa (NOAA/Scripps)
1964-12-12,1964.947,318.58,Mauna Loa (NOAA/Scripps)
1964-12-19,1964.966,318.93,Mauna Loa (NOAA/Scripps)
1964-12-26,1964.986,318.91,Mauna Loa (NOAA/Scripps)
1965-01-02,1965.003,319.08,Mauna Loa (NOAA/Scripps)
1965-01-09,1965.022,319.17,Mauna Loa (NOAA/Scripps)
1965-01-16,1965.041,319.16,Mauna Loa (NOAA/Scripps)
1965-01-23,1965.06,319.79,Mauna Loa (NOAA/Scripps)
1965-01-30,1965.079,320.12,Mauna Loa (NOAA/Scripps)
1965-02-06,1965.099,320.2,Mauna Loa (NOAA/Scripps)
1965-02-13,1965.118,320.16,Mauna Loa (NOAA/Scripps)
1965-02-20,1965.137,320.7,Mauna Loa (NOAA/Scripps)
1965-02-27,1965.156,320.89,Mauna Loa (NOAA/Scripps)
1965-03-06,1965.175,321.07,Mauna Loa (NOAA/Scripps)
1965-03-13,1965.194,320.98,Mauna Loa (NOAA/Scripps)
1965-03-20,1965.214,320.49,Mauna Loa (NOAA/Scripps)
1965-03-27,1965.233,321.4,Mauna Loa (NOAA/Scripps)
1965-04-03,1965.252,321.95,Mauna Loa (NOAA/Scripps)
1965-04-10,1965.271,322.27,Mauna Loa (NOAA/Scripps)
1965-04-17,1965.29,322.17,Mauna Loa (NOAA/Scripps)
1965-04-24,1965.309,321.86,Mauna Loa (NOAA/Scripps)
1965-05-01,1965.329,322.46,Mauna Loa (NOAA/Scripps)
1965-05-08,1965.348,322.22,Mauna Loa (NOAA/Scripps)
1965-05-15,1965.367,321.94,Mauna Loa (NOAA/Scripps)
1965-05-22,1965.386,321.69,Mauna Loa (NOAA/Scripps)
1965-05-29,1965.405,322.26,Mauna Loa (NOAA/Scripps)
1965-06-05,1965.424,321.87,Mauna Loa (NOAA/Scripps)
1965-06-12,1965.444,321.77,Mauna Loa (NOAA/Scripps)
1965-06-19,1965.463,321.77,Mauna Loa (NOAA/Scripps)
1965-06-26,1965.482,321.99,Mauna Loa (NOAA/Scripps)
1965-07-03,1965.501,321.97,Mauna Loa (NOAA/Scripps)
1965-07-10,1965.52,321.85,Mauna Loa (NOAA/Scripps)
1965-07-17,1965.539,321.76,Mauna Loa (NOAA/Scripps)
1965-07-24,1965.559,320.47,Mauna Loa (NOAA/Scripps)
1965-07-31,1965.578,319.49,Mauna Loa (NOAA/Scripps)
1965-08-07,1965.597,319.47,Mauna Loa (NOAA/Scripps)
1965-08-14,1965.616,318.02,Mauna Loa (NOAA/Scripps)
1965-08-21,1965.635,318.82,Mauna Loa (NOAA/Scripps)
1965-08-28,1965.654,318.73,Mauna Loa (NOAA/Scripps)
1965-09-04,1965.674,318.39,Mauna Loa (NOAA/Scripps)
1965-09-11,1965.693,318.05,Mauna Loa (NOAA/Scripps)
1965-09-18,1965.712,318.26,Mauna Loa (NOAA/Scripps)
1965-09-25,1965.731,316.85,Mauna Loa (NOAA/Scripps)
1965-10-02,1965.75,316.6,Mauna Loa (NOAA/Scripps)
1965-10-09,1965.769,317.26,Mauna Loa (NOAA/Scripps)
1965-10-16,1965.789,317.86,Mauna Loa (NOAA/Scripps)
1965-10-23,1965.808,317.56,Mauna Loa (NOAA/Scripps)
1965-10-30,1965.827,317.63,Mauna Loa (NOAA/Scripps)
1965-11-06,1965.846,318.3,Mauna Loa (NOAA/Scripps)
1965-11-13,1965.865,319.26,Mauna Loa (NOAA/Scripps)
1965-11-20,1965.884,318.99,Mauna Loa (NOAA/Scripps)
1965-11-27,1965.903,319.17,Mauna Loa (NOAA/Scripps)
1965-12-04,1965.923,319.09,Mauna Loa (NOAA/Scripps)
1965-12-11,1965.942,319.37,Mauna Loa (NOAA/Scripps)
1965-12-18,1965.961,319.39,Mauna Loa (NOAA/Scripps)
1965-12-25,1965.98,319.7,Mauna Loa (NOAA/Scripps)
1966-01-01,1966.0,319.69,Mauna Loa (NOAA/Scripps)
1966-01-08,1966.019,320.49,Mauna Loa (NOAA/Scripps)
1966-01-15,1966.038,320.63,Mauna Loa (NOAA/Scripps)
1966-01-22,1966.057,321.09,Mauna Loa (NOAA/Scripps)
1966-01-29,1966.077,321.16,Mauna Loa (NOAA/Scripps)
1966-02-05,1966.096,321.26,Mauna Loa (NOAA/Scripps)
1966-02-12,1966.115,321.75,Mauna Loa (NOAA/Scripps)
1966-02-19,1966.134,321.67,Mauna Loa (NOAA/Scripps)
1966-02-26,1966.153,321.8,Mauna Loa (NOAA/Scripps)
1966-03-05,1966.172,322.1,Mauna Loa (NOAA/Scripps)
1966-03-12,1966.192,322.14,Mauna Loa (NOAA/Scripps)
1966-03-19,1966.211,322.57,Mauna Loa (NOAA/Scripps)
1966-03-26,1966.23,322.86,Mauna Loa (NOAA/Scripps)
1966-04-02,1966.249,323.55,Mauna Loa (NOAA/Scripps)
1966-04-09,1966.268,323.62,Mauna Loa (NOAA/Scripps)
1966-04-16,1966.287,323.88,Mauna Loa (NOAA/Scripps)
1966-04-23,1966.307,323.91,Mauna Loa (NOAA/Scripps)
1966-04-30,1966.326,323.53,Mauna Loa (NOAA/Scripps)
1966-05-07,1966.345,324.0,Mauna Loa (NOAA/Scripps)
1966-05-14,1966.364,324.1,Mauna Loa (NOAA/Scripps)
1966-05-21,1966.383,323.72,Mauna Loa (NOAA/Scripps)
1966-05-28,1966.402,324.31,Mauna Loa (NOAA/Scripps)
1966-06-04,1966.422,324.02,Mauna Loa (NOAA/Scripps)
1966-06-11,1966.441,323.88,Mauna Loa (NOAA/Scripps)
1966-06-18,1966.46,323.75,Mauna Loa (NOAA/Scripps)
1966-06-25,1966.479,323.32,Mauna Loa (NOAA/Scripps)
1966-07-02,1966.498,322.82,Mauna Loa (NOAA/Scripps)
1966-07-09,1966.517,322.9,Mauna Loa (NOAA/Scripps)
1966-08-06,1966.594,321.31,Mauna Loa (NOAA/Scripps)
1966-08-13,1966.613,320.85,Mauna Loa (NOAA/Scripps)
1966-08-20,1966.632,319.16,Mauna Loa (NOAA/Scripps)
1966-08-27,1966.652,319.64,Mauna Loa (NOAA/Scripps)
1966-09-03,1966.671,319.94,Mauna Loa (NOAA/Scripps)
1966-09-10,1966.69,318.22,Mauna Loa (NOAA/Scripps)
1966-09-17,1966.709,318.46,Mauna Loa (NOAA/Scripps)
1966-09-24,1966.728,318.31,Mauna Loa (NOAA/Scripps)
1966-10-01,1966.747,317.9,Mauna Loa (NOAA/Scripps)
1966-10-08,1966.767,317.9,Mauna Loa (NOAA/Scripps)
1966-10-15,1966.786,318.21,Mauna Loa (NOAA/Scripps)
1966-10-22,1966.805,318.61,Mauna Loa (NOAA/Scripps)
1966-10-29,1966.824,318.39,Mauna Loa (NOAA/Scripps)
1966-11-12,1966.862,319.59,Mauna Loa (NOAA/Scripps)
1966-11-19,1966.882,320.03,Mauna Loa (NOAA/Scripps)
1966-11-26,1966.901,320.24,Mauna Loa (NOAA/Scripps)
1966-12-03,1966.92,320.8,Mauna Loa (NOAA/Scripps)
1966-12-10,1966.939,320.87,Mauna Loa (NOAA/Scripps)
1966-12-17,1966.958,321.16,Mauna Loa (NOAA/Scripps)
1966-12-24,1966.977,321.31,Mauna Loa (NOAA/Scripps)
1966-12-31,1966.997,321.37,Mauna Loa (NOAA/Scripps)
1967-01-07,1967.016,321.92,Mauna Loa (NOAA/Scripps)
1967-01-14,1967.036,322.93,Mauna Loa (NOAA/Scripps)
1967-02-04,1967.093,322.19,Mauna Loa (NOAA/Scripps)
1967-02-11,1967.112,322.23,Mauna Loa (NOAA/Scripps)
1967-02-18,1967.131,322.86,Mauna Loa (NOAA/Scripps)
1967-02-25,1967.151,322.6,Mauna Loa (NOAA/Scripps)
1967-03-04,1967.17,322.94,Mauna Loa (NOAA/Scripps)
1967-03-11,1967.189,322.6,Mauna Loa (NOAA/Scripps)
1967-03-18,1967.208,323.33,Mauna Loa (NOAA/Scripps)
1967-03-25,1967.227,323.24,Mauna Loa (NOAA/Scripps)
1967-04-01,1967.246,323.15,Mauna Loa (NOAA/Scripps)
1967-04-08,1967.266,324.21,Mauna Loa (NOAA/Scripps)
1967-04-15,1967.285,324.41,Mauna Loa (NOAA/Scripps)
1967-04-22,1967.304,324.6,Mauna Loa (NOAA/Scripps)
1967-04-29,1967.323,325.16,Mauna Loa (NOAA/Scripps)
1967-05-06,1967.342,325.26,Mauna Loa (NOAA/Scripps)
1967-05-13,1967.361,324.78,Mauna Loa (NOAA/Scripps)
1967-05-20,1967.381,325.09,Mauna Loa (NOAA/Scripps)
1967-05-27,1967.4,324.94,Mauna Loa (NOAA/Scripps)
1967-06-03,1967.419,324.95,Mauna Loa (NOAA/Scripps)
1967-06-10,1967.438,324.65,Mauna Loa (NOAA/Scripps)
1967-06-17,1967.457,323.31,Mauna Loa (NOAA/Scripps)
1967-06-24,1967.476,323.5,Mauna Loa (NOAA/Scripps)
1967-07-01,1967.496,322.89,Mauna Loa (NOAA/Scripps)
1967-07-08,1967.515,322.85,Mauna Loa (NOAA/Scripps)
1967-07-15,1967.534,322.45,Mauna Loa (NOAA/Scripps)
1967-07-22,1967.553,322.4,Mauna Loa (NOAA/Scripps)
1967-07-29,1967.572,322.04,Mauna Loa (NOAA/Scripps)
1967-08-05,1967.591,321.65,Mauna Loa (NOAA/Scripps)
1967-08-12,1967.611,321.4,Mauna Loa (NOAA/Scripps)
1967-08-19,1967.63,320.48,Mauna Loa (NOAA/Scripps)
1967-08-26,1967.649,320.01,Mauna Loa (NOAA/Scripps)
1967-09-02,1967.668,320.07,Mauna Loa (NOAA/Scripps)
1967-09-09,1967.687,319.43,Mauna Loa (NOAA/Scripps)
1967-09-16,1967.706,319.35,Mauna Loa (NOAA/Scripps)
1967-09-23,1967.726,319.03,Mauna Loa (NOAA/Scripps)
1967-09-30,1967.745,318.81,Mauna Loa (NOAA/Scripps)
1967-10-07,1967.764,318.88,Mauna Loa (NOAA/Scripps)
1967-10-14,1967.783,319.86,Mauna Loa (NOAA/Scripps)
1967-10-21,1967.802,319.47,Mauna Loa (NOAA/Scripps)
1967-10-28,1967.821,319.86,Mauna Loa (NOAA/Scripps)
1967-11-04,1967.841,320.01,Mauna Loa (NOAA/Scripps)
1967-11-11,1967.86,320.34,Mauna Loa (NOAA/Scripps)
1967-11-18,1967.879,320.91,Mauna Loa (NOAA/Scripps)
1967-11-25,1967.898,321.54,Mauna Loa (NOAA/Scripps)
1967-12-02,1967.917,321.4,Mauna Loa (NOAA/Scripps)
1967-12-09,1967.936,321.89,Mauna Loa (NOAA/Scripps)
1967-12-16,1967.956,322.29,Mauna Loa (NOAA/Scripps)
1967-12-23,1967.975,321.98,Mauna Loa (NOAA/Scripps)
1967-12-30,1967.994,322.3,Mauna Loa (NOAA/Scripps)
1968-01-06,1968.014,322.46,Mauna Loa (NOAA/Scripps)
1968-01-13,1968.033,322.5,Mauna Loa (NOAA/Scripps)
1968-01-20,1968.052,322.59,Mauna Loa (NOAA/Scripps)
1968-01-27,1968.071,322.83,Mauna Loa (NOAA/Scripps)
1968-02-03,1968.09,322.66,Mauna Loa (NOAA/Scripps)
1968-02-10,1968.11,323.17,Mauna Loa (NOAA/Scripps)
1968-02-17,1968.129,323.46,Mauna Loa (NOAA/Scripps)
1968-02-24,1968.148,323.18,Mauna Loa (NOAA/Scripps)
1968-03-02,1968.167,323.15,Mauna Loa (NOAA/Scripps)
1968-03-09,1968.186,323.85,Mauna Loa (NOAA/Scripps)
1968-03-16,1968.205,323.85,Mauna Loa (NOAA/Scripps)
1968-03-23,1968.225,324.21,Mauna Loa (NOAA/Scripps)
1968-03-30,1968.244,324.77,Mauna Loa (NOAA/Scripps)
1968-04-06,1968.263,324.79,Mauna Loa (NOAA/Scripps)
1968-04-13,1968.282,325.04,Mauna Loa (NOAA/Scripps)
1968-04-20,1968.301,324.84,Mauna Loa (NOAA/Scripps)
1968-04-27,1968.32,325.45,Mauna Loa (NOAA/Scripps)
1968-05-04,1968.339,325.63,Mauna Loa (NOAA/Scripps)
1968-05-11,1968.359,325.09,Mauna Loa (NOAA/Scripps)
1968-05-18,1968.378,325.52,Mauna Loa (NOAA/Scripps)
1968-05-25,1968.397,325.86,Mauna Loa (NOAA/Scripps)
1968-06-01,1968.416,325.67,Mauna Loa (NOAA/Scripps)
1968-06-08,1968.435,325.71,Mauna Loa (NOAA/Scripps)
1968-06-15,1968.454,325.56,Mauna Loa (NOAA/Scripps)
1968-06-22,1968.474,324.99,Mauna Loa (NOAA/Scripps)
1968-06-29,1968.493,324.63,Mauna Loa (NOAA/Scripps)
1968-07-06,1968.512,324.7,Mauna Loa (NOAA/Scripps)
1968-07-13,1968.531,324.13,Mauna Loa (NOAA/Scripps)
1968-07-20,1968.55,323.94,Mauna Loa (NOAA/Scripps)
1968-07-27,1968.569,323.4,Mauna Loa (NOAA/Scripps)
1968-08-03,1968.589,322.49,Mauna Loa (NOAA/Scripps)
1968-08-10,1968.608,322.27,Mauna Loa (NOAA/Scripps)
1968-08-17,1968.627,322.02,Mauna Loa (NOAA/Scripps)
1968-08-24,1968.646,321.74,Mauna Loa (NOAA/Scripps)
1968-08-31,1968.665,321.42,Mauna Loa (NOAA/Scripps)
1968-09-07,1968.684,320.44,Mauna Loa (NOAA/Scripps)
1968-09-14,1968.704,321.18,Mauna Loa (NOAA/Scripps)
1968-09-21,1968.723,319.78,Mauna Loa (NOAA/Scripps)
1968-09-28,1968.742,319.89,Mauna Loa (NOAA/Scripps)
1968-10-05,1968.761,320.57,Mauna Loa (NOAA/Scripps)
1968-10-12,1968.78,320.52,Mauna Loa (NOAA/Scripps)
1968-10-19,1968.799,320.26,Mauna Loa (NOAA/Scripps)
1968-10-26,1968.819,319.92,Mauna Loa (NOAA/Scripps)
1968-11-02,1968.838,320.7,Mauna Loa (NOAA/Scripps)
1968-11-09,1968.857,320.89,Mauna Loa (NOAA/Scripps)
1968-11-16,1968.876,321.4,Mauna Loa (NOAA/Scripps)
1968-11-23,1968.895,321.78,Mauna Loa (NOAA/Scripps)
1968-11-30,1968.914,322.06,Mauna Loa (NOAA/Scripps)
1968-12-07,1968.934,322.44,Mauna Loa (NOAA/Scripps)
1968-12-14,1968.953,322.91,Mauna Loa (NOAA/Scripps)
1968-12-21,1968.972,323.33,Mauna Loa (NOAA/Scripps)
1968-12-28,1968.991,323.19,Mauna Loa (NOAA/Scripps)
1969-01-04,1969.008,323.39,Mauna Loa (NOAA/Scripps)
1969-01-11,1969.027,324.06,Mauna Loa (NOAA/Scripps)
1969-01-18,1969.047,324.36,Mauna Loa (NOAA/Scripps)
1969-01-25,1969.066,324.14,Mauna Loa (NOAA/Scripps)
1969-02-01,1969.085,324.16,Mauna Loa (NOAA/Scripps)
1969-02-08,1969.104,323.92,Mauna Loa (NOAA/Scripps)
1969-02-15,1969.123,324.37,Mauna Loa (NOAA/Scripps)
1969-02-22,1969.142,324.86,Mauna Loa (NOAA/Scripps)
1969-03-01,1969.162,325.14,Mauna Loa (NOAA/Scripps)
1969-03-08,1969.181,325.58,Mauna Loa (NOAA/Scripps)
1969-03-15,1969.2,325.72,Mauna Loa (NOAA/Scripps)
1969-03-22,1969.219,325.96,Mauna Loa (NOAA/Scripps)
1969-03-29,1969.238,325.89,Mauna Loa (NOAA/Scripps)
1969-04-05,1969.257,326.27,Mauna Loa (NOAA/Scripps)
1969-04-12,1969.277,327.13,Mauna Loa (NOAA/Scripps)
1969-04-19,1969.296,326.58,Mauna Loa (NOAA/Scripps)
1969-04-26,1969.315,326.57,Mauna Loa (NOAA/Scripps)
1969-05-03,1969.334,327.52,Mauna Loa (NOAA/Scripps)
1969-05-10,1969.353,327.82,Mauna Loa (NOAA/Scripps)
1969-05-17,1969.372,326.86,Mauna Loa (NOAA/Scripps)
1969-05-24,1969.392,326.92,Mauna Loa (NOAA/Scripps)
1969-05-31,1969.411,327.43,Mauna Loa (NOAA/Scripps)
1969-06-07,1969.43,326.51,Mauna Loa (NOAA/Scripps)
1969-06-14,1969.449,326.78,Mauna Loa (NOAA/Scripps)
1969-06-21,1969.468,326.73,Mauna Loa (NOAA/Scripps)
1969-06-28,1969.487,326.37,Mauna Loa (NOAA/Scripps)
1969-07-05,1969.507,326.16,Mauna Loa (NOAA/Scripps)
1969-07-12,1969.526,326.07,Mauna Loa (NOAA/Scripps)
1969-07-19,1969.545,325.72,Mauna Loa (NOAA/Scripps)
1969-07-26,1969.564,325.47,Mauna Loa (NOAA/Scripps)
1969-08-02,1969.583,324.5,Mauna Loa (NOAA/Scripps)
1969-08-09,1969.602,324.56,Mauna Loa (NOAA/Scripps)
1969-08-16,1969.621,323.14,Mauna Loa (NOAA/Scripps)
1969-08-23,1969.641,322.56,Mauna Loa (NOAA/Scripps)
1969-08-30,1969.66,323.14,Mauna Loa (NOAA/Scripps)
1969-09-06,1969.679,322.21,Mauna Loa (NOAA/Scripps)
1969-09-13,1969.698,322.79,Mauna Loa (NOAA/Scripps)
1969-09-20,1969.717,322.84,Mauna Loa (NOAA/Scripps)
1969-09-27,1969.736,321.96,Mauna Loa (NOAA/Scripps)
1969-10-04,1969.756,321.5,Mauna Loa (NOAA/Scripps)
1969-10-11,1969.775,321.82,Mauna Loa (NOAA/Scripps)
1969-10-18,1969.794,322.0,Mauna Loa (NOAA/Scripps)
1969-10-25,1969.813,321.93,Mauna Loa (NOAA/Scripps)
1969-11-01,1969.832,322.21,Mauna Loa (NOAA/Scripps)
1969-11-08,1969.851,322.64,Mauna Loa (NOAA/Scripps)
1969-11-15,1969.871,322.78,Mauna Loa (NOAA/Scripps)
1969-11-22,1969.89,323.1,Mauna Loa (NOAA/Scripps)
1969-11-29,1969.909,323.52,Mauna Loa (NOAA/Scripps)
1969-12-06,1969.928,323.91,Mauna Loa (NOAA/Scripps)
1969-12-13,1969.947,323.99,Mauna Loa (NOAA/Scripps)
1969-12-20,1969.966,324.22,Mauna Loa (NOAA/Scripps)
1969-12-27,1969.986,324.5,Mauna Loa (NOAA/Scripps)
1970-01-03,1970.005,324.7,Mauna Loa (NOAA/Scripps)
1970-01-10,1970.025,325.4,Mauna Loa (NOAA/Scripps)
1970-01-17,1970.044,325.05,Mauna Loa (NOAA/Scripps)
1970-01-24,1970.063,324.8,Mauna Loa (NOAA/Scripps)
1970-01-31,1970.082,325.55,Mauna Loa (NOAA/Scripps)
1970-02-07,1970.101,325.7,Mauna Loa (NOAA/Scripps)
1970-02-14,1970.12,326.02,Mauna Loa (NOAA/Scripps)
1970-02-21,1970.14,326.32,Mauna Loa (NOAA/Scripps)
1970-02-28,1970.159,326.17,Mauna Loa (NOAA/Scripps)
1970-03-07,1970.178,326.85,Mauna Loa (NOAA/Scripps)
1970-03-14,1970.197,326.8,Mauna Loa (NOAA/Scripps)
1970-03-21,1970.216,327.51,Mauna Loa (NOAA/Scripps)
1970-03-28,1970.235,326.95,Mauna Loa (NOAA/Scripps)
1970-04-04,1970.255,328.2,Mauna Loa (NOAA/Scripps)
1970-04-11,1970.274,327.84,Mauna Loa (NOAA/Scripps)
1970-04-18,1970.293,327.81,Mauna Loa (NOAA/Scripps)
1970-04-25,1970.312,328.55,Mauna Loa (NOAA/Scripps)
1970-05-02,1970.331,327.99,Mauna Loa (NOAA/Scripps)
1970-05-09,1970.35,327.56,Mauna Loa (NOAA/Scripps)
1970-05-16,1970.37,328.03,Mauna Loa (NOAA/Scripps)
1970-05-23,1970.389,328.33,Mauna Loa (NOAA/Scripps)
1970-05-30,1970.408,327.98,Mauna Loa (NOAA/Scripps)
1970-06-06,1970.427,327.55,Mauna Loa (NOAA/Scripps)
1970-06-13,1970.446,327.86,Mauna Loa (NOAA/Scripps)
1970-06-20,1970.465,327.71,Mauna Loa (NOAA/Scripps)
1970-06-27,1970.485,327.23,Mauna Loa (NOAA/Scripps)
1970-07-04,1970.504,327.29,Mauna Loa (NOAA/Scripps)
1970-07-11,1970.523,326.24,Mauna Loa (NOAA/Scripps)
1970-07-18,1970.542,326.28,Mauna Loa (NOAA/Scripps)
1970-07-25,1970.561,325.63,Mauna Loa (NOAA/Scripps)
1970-08-01,1970.58,325.24,Mauna Loa (NOAA/Scripps)
1970-08-08,1970.6,325.21,Mauna Loa (NOAA/Scripps)
1970-08-15,1970.619,324.86,Mauna Loa (NOAA/Scripps)
1970-08-22,1970.638,324.84,Mauna Loa (NOAA/Scripps)
1970-08-29,1970.657,323.33,Mauna Loa (NOAA/Scripps)
1970-09-05,1970.676,322.97,Mauna Loa (NOAA/Scripps)
1970-09-12,1970.695,323.58,Mauna Loa (NOAA/Scripps)
1970-09-19,1970.715,323.18,Mauna Loa (NOAA/Scripps)
1970-09-26,1970.734,323.15,Mauna Loa (NOAA/Scripps)
1970-10-03,1970.753,323.21,Mauna Loa (NOAA/Scripps)
1970-10-10,1970.772,323.56,Mauna Loa (NOAA/Scripps)
1970-10-17,1970.791,322.92,Mauna Loa (NOAA/Scripps)
1970-10-24,1970.81,323.02,Mauna Loa (NOAA/Scripps)
1970-10-31,1970.83,323.18,Mauna Loa (NOAA/Scripps)
1970-11-07,1970.849,323.69,Mauna Loa (NOAA/Scripps)
1970-11-14,1970.868,323.76,Mauna Loa (NOAA/Scripps)
1970-11-21,1970.887,324.23,Mauna Loa (NOAA/Scripps)
1970-11-28,1970.906,324.71,Mauna Loa (NOAA/Scripps)
1970-12-05,1970.925,324.73,Mauna Loa (NOAA/Scripps)
1970-12-12,1970.945,325.0,Mauna Loa (NOAA/Scripps)
1970-12-19,1970.964,325.29,Mauna Loa (NOAA/Scripps)
1970-12-26,1970.983,325.58,Mauna Loa (NOAA/Scripps)
1971-01-02,1971.003,325.77,Mauna Loa (NOAA/Scripps)
1971-01-09,1971.022,325.89,Mauna Loa (NOAA/Scripps)
1971-01-16,1971.041,325.9,Mauna Loa (NOAA/Scripps)
1971-01-23,1971.06,326.72,Mauna Loa (NOAA/Scripps)
1971-01-30,1971.079,326.68,Mauna Loa (NOAA/Scripps)
1971-02-06,1971.099,326.55,Mauna Loa (NOAA/Scripps)
1971-02-13,1971.118,326.49,Mauna Loa (NOAA/Scripps)
1971-02-20,1971.137,326.79,Mauna Loa (NOAA/Scripps)
1971-02-27,1971.156,327.05,Mauna Loa (NOAA/Scripps)
1971-03-06,1971.175,327.15,Mauna Loa (NOAA/Scripps)
1971-03-13,1971.194,327.34,Mauna Loa (NOAA/Scripps)
1971-03-20,1971.214,327.08,Mauna Loa (NOAA/Scripps)
1971-03-27,1971.233,327.45,Mauna Loa (NOAA/Scripps)
1971-04-03,1971.252,327.44,Mauna Loa (NOAA/Scripps)
1971-04-10,1971.271,327.1,Mauna Loa (NOAA/Scripps)
1971-04-17,1971.29,327.71,Mauna Loa (NOAA/Scripps)
1971-04-24,1971.309,328.56,Mauna Loa (NOAA/Scripps)
1971-05-01,1971.329,328.2,Mauna Loa (NOAA/Scripps)
1971-05-08,1971.348,329.07,Mauna Loa (NOAA/Scripps)
1971-05-15,1971.367,329.28,Mauna Loa (NOAA/Scripps)
1971-05-22,1971.386,328.92,Mauna Loa (NOAA/Scripps)
1971-05-29,1971.405,328.81,Mauna Loa (NOAA/Scripps)
1971-06-05,1971.424,328.56,Mauna Loa (NOAA/Scripps)
1971-06-12,1971.444,328.8,Mauna Loa (NOAA/Scripps)
1971-06-19,1971.463,328.18,Mauna Loa (NOAA/Scripps)
1971-06-26,1971.482,328.52,Mauna Loa (NOAA/Scripps)
1971-07-03,1971.501,327.92,Mauna Loa (NOAA/Scripps)
1971-07-10,1971.52,327.88,Mauna Loa (NOAA/Scripps)
1971-07-17,1971.539,327.55,Mauna Loa (NOAA/Scripps)
1971-07-24,1971.559,326.21,Mauna Loa (NOAA/Scripps)
1971-07-31,1971.578,326.74,Mauna Loa (NOAA/Scripps)
1971-08-07,1971.597,326.12,Mauna Loa (NOAA/Scripps)
1971-08-14,1971.616,325.61,Mauna Loa (NOAA/Scripps)
1971-08-21,1971.635,325.39,Mauna Loa (NOAA/Scripps)
1971-08-28,1971.654,324.04,Mauna Loa (NOAA/Scripps)
1971-09-04,1971.674,323.65,Mauna Loa (NOAA/Scripps)
1971-09-11,1971.693,323.51,Mauna Loa (NOAA/Scripps)
1971-09-18,1971.712,323.26,Mauna Loa (NOAA/Scripps)
1971-09-25,1971.731,323.3,Mauna Loa (NOAA/Scripps)
1971-10-02,1971.75,323.32,Mauna Loa (NOAA/Scripps)
1971-10-09,1971.769,322.95,Mauna Loa (NOAA/Scripps)
1971-10-16,1971.789,323.52,Mauna Loa (NOAA/Scripps)
1971-10-23,1971.808,323.69,Mauna Loa (NOAA/Scripps)
1971-10-30,1971.827,324.4,Mauna Loa (NOAA/Scripps)
1971-11-06,1971.846,324.36,Mauna Loa (NOAA/Scripps)
1971-11-13,1971.865,324.53,Mauna Loa (NOAA/Scripps)
1971-11-20,1971.884,325.04,Mauna Loa (NOAA/Scripps)
1971-11-27,1971.903,325.51,Mauna Loa (NOAA/Scripps)
1971-12-04,1971.923,325.38,Mauna Loa (NOAA/Scripps)
1971-12-11,1971.942,325.93,Mauna Loa (NOAA/Scripps)
1971-12-18,1971.961,326.28,Mauna Loa (NOAA/Scripps)
1971-12-25,1971.98,326.35,Mauna Loa (NOAA/Scripps)
1972-01-01,1972.0,326.61,Mauna Loa (NOAA/Scripps)
1972-01-08,1972.019,326.67,Mauna Loa (NOAA/Scripps)
1972-01-15,1972.038,326.62,Mauna Loa (NOAA/Scripps)
1972-01-22,1972.057,326.68,Mauna Loa (NOAA/Scripps)
1972-01-29,1972.077,327.24,Mauna Loa (NOAA/Scripps)
1972-02-05,1972.096,327.4,Mauna Loa (NOAA/Scripps)
1972-02-12,1972.115,327.95,Mauna Loa (NOAA/Scripps)
1972-02-19,1972.134,327.83,Mauna Loa (NOAA/Scripps)
1972-02-26,1972.153,327.42,Mauna Loa (NOAA/Scripps)
1972-03-04,1972.172,327.58,Mauna Loa (NOAA/Scripps)
1972-03-11,1972.192,327.16,Mauna Loa (NOAA/Scripps)
1972-03-18,1972.211,327.78,Mauna Loa (NOAA/Scripps)
1972-03-25,1972.23,328.62,Mauna Loa (NOAA/Scripps)
1972-04-01,1972.249,328.97,Mauna Loa (NOAA/Scripps)
1972-04-08,1972.268,329.47,Mauna Loa (NOAA/Scripps)
1972-04-15,1972.287,329.83,Mauna Loa (NOAA/Scripps)
1972-04-22,1972.307,330.13,Mauna Loa (NOAA/Scripps)
1972-04-29,1972.326,330.02,Mauna Loa (NOAA/Scripps)
1972-05-06,1972.345,330.04,Mauna Loa (NOAA/Scripps)
1972-05-13,1972.364,329.75,Mauna Loa (NOAA/Scripps)
1972-05-20,1972.383,330.11,Mauna Loa (NOAA/Scripps)
1972-05-27,1972.402,330.21,Mauna Loa (NOAA/Scripps)
1972-06-03,1972.422,329.71,Mauna Loa (NOAA/Scripps)
1972-06-10,1972.441,329.15,Mauna Loa (NOAA/Scripps)
1972-06-17,1972.46,329.04,Mauna Loa (NOAA/Scripps)
1972-06-24,1972.479,328.52,Mauna Loa (NOAA/Scripps)
1972-07-01,1972.498,328.63,Mauna Loa (NOAA/Scripps)
1972-07-08,1972.517,328.3,Mauna Loa (NOAA/Scripps)
1972-07-15,1972.537,327.72,Mauna Loa (NOAA/Scripps)
1972-07-22,1972.556,328.14,Mauna Loa (NOAA/Scripps)
1972-07-29,1972.575,327.51,Mauna Loa (NOAA/Scripps)
1972-08-05,1972.594,326.92,Mauna Loa (NOAA/Scripps)
1972-08-12,1972.613,326.66,Mauna Loa (NOAA/Scripps)
1972-08-19,1972.632,326.57,Mauna Loa (NOAA/Scripps)
1972-08-26,1972.652,325.05,Mauna Loa (NOAA/Scripps)
1972-09-02,1972.671,325.4,Mauna Loa (NOAA/Scripps)
1972-09-09,1972.69,325.77,Mauna Loa (NOAA/Scripps)
1972-09-16,1972.709,324.81,Mauna Loa (NOAA/Scripps)
1972-09-23,1972.728,324.26,Mauna Loa (NOAA/Scripps)
1972-09-30,1972.747,324.23,Mauna Loa (NOAA/Scripps)
1972-10-07,1972.767,324.88,Mauna Loa (NOAA/Scripps)
1972-10-14,1972.786,325.52,Mauna Loa (NOAA/Scripps)
1972-10-21,1972.805,325.11,Mauna Loa (NOAA/Scripps)
1972-10-28,1972.824,325.86,Mauna Loa (NOAA/Scripps)
1972-11-04,1972.843,326.32,Mauna Loa (NOAA/Scripps)
1972-11-11,1972.862,326.13,Mauna Loa (NOAA/Scripps)
1972-11-18,1972.882,326.44,Mauna Loa (NOAA/Scripps)
1972-11-25,1972.901,326.98,Mauna Loa (NOAA/Scripps)
1972-12-02,1972.92,326.94,Mauna Loa (NOAA/Scripps)
1972-12-09,1972.939,327.16,Mauna Loa (NOAA/Scripps)
1972-12-16,1972.958,327.6,Mauna Loa (NOAA/Scripps)
1972-12-23,1972.977,327.91,Mauna Loa (NOAA/Scripps)
1972-12-30,1972.997,328.26,Mauna Loa (NOAA/Scripps)
1973-01-06,1973.014,328.4,Mauna Loa (NOAA/Scripps)
1973-01-13,1973.033,328.44,Mauna Loa (NOAA/Scripps)
1973-01-20,1973.052,328.66,Mauna Loa (NOAA/Scripps)
1973-01-27,1973.071,328.86,Mauna Loa (NOAA/Scripps)
1973-02-03,1973.09,329.19,Mauna Loa (NOAA/Scripps)
1973-02-10,1973.11,329.53,Mauna Loa (NOAA/Scripps)
1973-02-17,1973.129,329.67,Mauna Loa (NOAA/Scripps)
1973-02-24,1973.148,329.7,Mauna Loa (NOAA/Scripps)
1973-03-03,1973.167,329.95,Mauna Loa (NOAA/Scripps)
1973-03-10,1973.186,330.11,Mauna Loa (NOAA/Scripps)
1973-03-17,1973.205,330.55,Mauna Loa (NOAA/Scripps)
1973-03-24,1973.225,330.83,Mauna Loa (NOAA/Scripps)
1973-03-31,1973.244,330.68,Mauna Loa (NOAA/Scripps)
1973-04-07,1973.263,331.22,Mauna Loa (NOAA/Scripps)
1973-04-14,1973.282,331.1,Mauna Loa (NOAA/Scripps)
1973-04-21,1973.301,331.94,Mauna Loa (NOAA/Scripps)
1973-04-28,1973.32,332.16,Mauna Loa (NOAA/Scripps)
1973-05-05,1973.339,332.21,Mauna Loa (NOAA/Scripps)
1973-05-12,1973.359,332.35,Mauna Loa (NOAA/Scripps)
1973-05-19,1973.378,332.63,Mauna Loa (NOAA/Scripps)
1973-05-26,1973.397,332.58,Mauna Loa (NOAA/Scripps)
1973-06-02,1973.416,332.27,Mauna Loa (NOAA/Scripps)
1973-06-09,1973.435,332.58,Mauna Loa (NOAA/Scripps)
1973-06-16,1973.454,332.02,Mauna Loa (NOAA/Scripps)
1973-06-23,1973.474,331.63,Mauna Loa (NOAA/Scripps)
1973-06-30,1973.493,331.43,Mauna Loa (NOAA/Scripps)
1973-07-07,1973.512,331.53,Mauna Loa (NOAA/Scripps)
1973-07-14,1973.531,331.07,Mauna Loa (NOAA/Scripps)
1973-07-21,1973.55,330.08,Mauna Loa (NOAA/Scripps)
1973-07-28,1973.569,330.13,Mauna Loa (NOAA/Scripps)
1973-08-04,1973.589,330.05,Mauna Loa (NOAA/Scripps)
1973-08-11,1973.608,329.54,Mauna Loa (NOAA/Scripps)
1973-08-18,1973.627,329.36,Mauna Loa (NOAA/Scripps)
1973-08-25,1973.646,328.53,Mauna Loa (NOAA/Scripps)
1973-09-01,1973.665,328.45,Mauna Loa (NOAA/Scripps)
1973-09-08,1973.684,327.65,Mauna Loa (NOAA/Scripps)
1973-09-15,1973.704,327.81,Mauna Loa (NOAA/Scripps)
1973-09-22,1973.723,327.1,Mauna Loa (NOAA/Scripps)
1973-09-29,1973.742,326.6,Mauna Loa (NOAA/Scripps)
1973-10-06,1973.761,327.05,Mauna Loa (NOAA/Scripps)
1973-10-13,1973.78,327.4,Mauna Loa (NOAA/Scripps)
1973-10-20,1973.799,327.48,Mauna Loa (NOAA/Scripps)
1973-10-27,1973.819,327.18,Mauna Loa (NOAA/Scripps)
1973-11-03,1973.838,327.59,Mauna Loa (NOAA/Scripps)
1973-11-10,1973.857,328.02,Mauna Loa (NOAA/Scripps)
1973-11-17,1973.876,328.2,Mauna Loa (NOAA/Scripps)
1973-11-24,1973.895,328.57,Mauna Loa (NOAA/Scripps)
1973-12-01,1973.914,329.05,Mauna Loa (NOAA/Scripps)
1973-12-08,1973.934,328.7,Mauna Loa (NOAA/Scripps)
1973-12-15,1973.953,328.65,Mauna Loa (NOAA/Scripps)
1973-12-22,1973.972,328.24,Mauna Loa (NOAA/Scripps)
1973-12-29,1973.991,328.71,Mauna Loa (NOAA/Scripps)
1974-01-05,1974.011,328.91,Mauna Loa (NOAA/Scripps)
1974-01-12,1974.03,329.29,Mauna Loa (NOAA/Scripps)
1974-01-19,1974.049,329.41,Mauna Loa (NOAA/Scripps)
1974-01-26,1974.068,329.85,Mauna Loa (NOAA/Scripps)
1974-02-02,1974.088,330.54,Mauna Loa (NOAA/Scripps)
1974-02-09,1974.107,330.81,Mauna Loa (NOAA/Scripps)
1974-02-16,1974.126,330.61,Mauna Loa (NOAA/Scripps)
1974-02-23,1974.145,330.68,Mauna Loa (NOAA/Scripps)
1974-03-02,1974.164,330.79,Mauna Loa (NOAA/Scripps)
1974-03-09,1974.183,331.2,Mauna Loa (NOAA/Scripps)
1974-03-16,1974.203,332.11,Mauna Loa (NOAA/Scripps)
1974-03-23,1974.222,332.0,Mauna Loa (NOAA/Scripps)
1974-03-30,1974.241,331.56,Mauna Loa (NOAA/Scripps)
1974-04-06,1974.26,332.47,Mauna Loa (NOAA/Scripps)
1974-04-13,1974.279,332.14,Mauna Loa (NOAA/Scripps)
1974-04-20,1974.298,332.93,Mauna Loa (NOAA/Scripps)
1974-04-27,1974.318,333.17,Mauna Loa (NOAA/Scripps)
1974-05-04,1974.337,332.95,Mauna Loa (NOAA/Scripps)
1974-05-11,1974.356,333.09,Mauna Loa (NOAA/Scripps)
1974-05-18,1974.375,333.27,Mauna Loa (NOAA/Scripps)
1974-05-25,1974.394,332.87,Mauna Loa (NOAA/Scripps)
1974-06-01,1974.413,332.93,Mauna Loa (NOAA/Scripps)
1974-06-08,1974.433,332.03,Mauna Loa (NOAA/Scripps)
1974-06-15,1974.452,332.03,Mauna Loa (NOAA/Scripps)
1974-06-22,1974.471,332.26,Mauna Loa (NOAA/Scripps)
1974-06-29,1974.49,331.73,Mauna Loa (NOAA/Scripps)
1974-07-06,1974.509,331.73,Mauna Loa (NOAA/Scripps)
1974-07-13,1974.528,331.29,Mauna Loa (NOAA/Scripps)
1974-07-20,1974.548,330.47,Mauna Loa (NOAA/Scripps)
1974-07-27,1974.567,331.02,Mauna Loa (NOAA/Scripps)
1974-08-03,1974.586,330.09,Mauna Loa (NOAA/Scripps)
1974-08-10,1974.605,329.92,Mauna Loa (NOAA/Scripps)
1974-08-17,1974.624,329.29,Mauna Loa (NOAA/Scripps)
1974-08-24,1974.643,328.97,Mauna Loa (NOAA/Scripps)
1974-08-31,1974.663,328.19,Mauna Loa (NOAA/Scripps)
1974-09-07,1974.682,328.03,Mauna Loa (NOAA/Scripps)
1974-09-14,1974.701,327.35,Mauna Loa (NOAA/Scripps)
1974-09-21,1974.72,326.91,Mauna Loa (NOAA/Scripps)
1974-09-28,1974.739,327.38,Mauna Loa (NOAA/Scripps)
1974-10-05,1974.758,327.39,Mauna Loa (NOAA/Scripps)
1974-10-12,1974.778,327.06,Mauna Loa (NOAA/Scripps)
1974-10-19,1974.797,327.56,Mauna Loa (NOAA/Scripps)
1974-10-26,1974.816,327.7,Mauna Loa (NOAA/Scripps)
1974-11-02,1974.835,327.99,Mauna Loa (NOAA/Scripps)
1974-11-09,1974.854,328.09,Mauna Loa (NOAA/Scripps)
1974-11-16,1974.873,328.83,Mauna Loa (NOAA/Scripps)
1974-11-23,1974.893,328.65,Mauna Loa (NOAA/Scripps)
1974-11-30,1974.912,328.75,Mauna Loa (NOAA/Scripps)
1974-12-07,1974.931,329.5,Mauna Loa (NOAA/Scripps)
1974-12-14,1974.95,329.73,Mauna Loa (NOAA/Scripps)
1974-12-21,1974.969,329.82,Mauna Loa (NOAA/Scripps)
1974-12-28,1974.988,329.78,Mauna Loa (NOAA/Scripps)
1975-01-04,1975.008,329.93,Mauna Loa (NOAA/Scripps)
1975-01-11,1975.027,329.82,Mauna Loa (NOAA/Scripps)
1975-01-18,1975.047,330.27,Mauna Loa (NOAA/Scripps)
1975-01-25,1975.066,331.13,Mauna Loa (NOAA/Scripps)
1975-02-01,1975.085,331.18,Mauna Loa (NOAA/Scripps)
1975-02-08,1975.104,331.47,Mauna Loa (NOAA/Scripps)
1975-02-15,1975.123,331.0,Mauna Loa (NOAA/Scripps)
1975-02-22,1975.142,331.72,Mauna Loa (NOAA/Scripps)
1975-03-01,1975.162,331.88,Mauna Loa (NOAA/Scripps)
1975-03-08,1975.181,331.61,Mauna Loa (NOAA/Scripps)
1975-03-15,1975.2,331.96,Mauna Loa (NOAA/Scripps)
1975-03-22,1975.219,332.27,Mauna Loa (NOAA/Scripps)
1975-03-29,1975.238,332.58,Mauna Loa (NOAA/Scripps)
1975-04-05,1975.257,333.03,Mauna Loa (NOAA/Scripps)
1975-04-12,1975.277,333.58,Mauna Loa (NOAA/Scripps)
1975-04-19,1975.296,333.54,Mauna Loa (NOAA/Scripps)
1975-04-26,1975.315,333.13,Mauna Loa (NOAA/Scripps)
1975-05-03,1975.334,333.94,Mauna Loa (NOAA/Scripps)
1975-05-10,1975.353,333.93,Mauna Loa (NOAA/Scripps)
1975-05-17,1975.372,333.76,Mauna Loa (NOAA/Scripps)
1975-05-24,1975.392,333.73,Mauna Loa (NOAA/Scripps)
1975-05-31,1975.411,334.13,Mauna Loa (NOAA/Scripps)
1975-06-07,1975.43,333.87,Mauna Loa (NOAA/Scripps)
1975-06-14,1975.449,333.38,Mauna Loa (NOAA/Scripps)
1975-06-21,1975.468,333.45,Mauna Loa (NOAA/Scripps)
1975-06-28,1975.487,333.19,Mauna Loa (NOAA/Scripps)
1975-07-05,1975.507,332.71,Mauna Loa (NOAA/Scripps)
1975-07-12,1975.526,332.05,Mauna Loa (NOAA/Scripps)
1975-07-19,1975.545,331.05,Mauna Loa (NOAA/Scripps)
1975-07-26,1975.564,331.57,Mauna Loa (NOAA/Scripps)
1975-08-02,1975.583,330.83,Mauna Loa (NOAA/Scripps)
1975-08-09,1975.602,330.7,Mauna Loa (NOAA/Scripps)
1975-08-16,1975.621,330.35,Mauna Loa (NOAA/Scripps)
1975-08-23,1975.641,329.3,Mauna Loa (NOAA/Scripps)
1975-08-30,1975.66,328.88,Mauna Loa (NOAA/Scripps)
1975-09-06,1975.679,329.45,Mauna Loa (NOAA/Scripps)
1975-09-13,1975.698,328.52,Mauna Loa (NOAA/Scripps)
1975-09-20,1975.717,328.09,Mauna Loa (NOAA/Scripps)
1975-09-27,1975.736,328.28,Mauna Loa (NOAA/Scripps)
1975-10-04,1975.756,328.03,Mauna Loa (NOAA/Scripps)
1975-10-11,1975.775,328.05,Mauna Loa (NOAA/Scripps)
1975-10-18,1975.794,328.57,Mauna Loa (NOAA/Scripps)
1975-10-25,1975.813,328.81,Mauna Loa (NOAA/Scripps)
1975-11-01,1975.832,329.35,Mauna Loa (NOAA/Scripps)
1975-11-08,1975.851,329.2,Mauna Loa (NOAA/Scripps)
1975-11-15,1975.871,329.17,Mauna Loa (NOAA/Scripps)
1975-11-22,1975.89,329.54,Mauna Loa (NOAA/Scripps)
1975-11-29,1975.909,330.14,Mauna Loa (NOAA/Scripps)
1975-12-06,1975.928,330.35,Mauna Loa (NOAA/Scripps)
1975-12-13,1975.947,330.54,Mauna Loa (NOAA/Scripps)
1975-12-20,1975.966,331.13,Mauna Loa (NOAA/Scripps)
1975-12-27,1975.986,331.29,Mauna Loa (NOAA/Scripps)
1976-01-03,1976.005,331.57,Mauna Loa (NOAA/Scripps)
1976-01-10,1976.025,331.51,Mauna Loa (NOAA/Scripps)
1976-01-17,1976.044,331.74,Mauna Loa (NOAA/Scripps)
1976-01-24,1976.063,331.87,Mauna Loa (NOAA/Scripps)
1976-01-31,1976.082,332.28,Mauna Loa (NOAA/Scripps)
1976-02-07,1976.101,332.19,Mauna Loa (NOAA/Scripps)
1976-02-14,1976.12,332.52,Mauna Loa (NOAA/Scripps)
1976-02-21,1976.14,333.26,Mauna Loa (NOAA/Scripps)
1976-02-28,1976.159,332.48,Mauna Loa (NOAA/Scripps)
1976-03-06,1976.178,332.81,Mauna Loa (NOAA/Scripps)
1976-03-13,1976.197,333.6,Mauna Loa (NOAA/Scripps)
1976-03-20,1976.216,333.14,Mauna Loa (NOAA/Scripps)
1976-03-27,1976.235,334.39,Mauna Loa (NOAA/Scripps)
1976-04-03,1976.255,334.73,Mauna Loa (NOAA/Scripps)
1976-04-10,1976.274,334.26,Mauna Loa (NOAA/Scripps)
1976-04-17,1976.293,334.42,Mauna Loa (NOAA/Scripps)
1976-04-24,1976.312,334.54,Mauna Loa (NOAA/Scripps)
1976-05-01,1976.331,334.74,Mauna Loa (NOAA/Scripps)
1976-05-08,1976.35,334.33,Mauna Loa (NOAA/Scripps)
1976-05-15,1976.37,334.6,Mauna Loa (NOAA/Scripps)
1976-05-22,1976.389,335.43,Mauna Loa (NOAA/Scripps)
1976-05-29,1976.408,334.87,Mauna Loa (NOAA/Scripps)
1976-06-05,1976.427,334.36,Mauna Loa (NOAA/Scripps)
1976-06-12,1976.446,334.63,Mauna Loa (NOAA/Scripps)
1976-06-19,1976.465,334.32,Mauna Loa (NOAA/Scripps)
1976-07-03,1976.504,333.66,Mauna Loa (NOAA/Scripps)
1976-07-10,1976.523,333.42,Mauna Loa (NOAA/Scripps)
1976-07-17,1976.542,332.85,Mauna Loa (NOAA/Scripps)
1976-07-24,1976.561,332.47,Mauna Loa (NOAA/Scripps)
1976-07-31,1976.58,332.13,Mauna Loa (NOAA/Scripps)
1976-08-07,1976.6,331.72,Mauna Loa (NOAA/Scripps)
1976-08-14,1976.619,330.65,Mauna Loa (NOAA/Scripps)
1976-08-21,1976.638,330.69,Mauna Loa (NOAA/Scripps)
1976-08-28,1976.657,330.09,Mauna Loa (NOAA/Scripps)
1976-09-04,1976.676,329.75,Mauna Loa (NOAA/Scripps)
1976-09-11,1976.695,330.09,Mauna Loa (NOAA/Scripps)
1976-09-18,1976.715,329.33,Mauna Loa (NOAA/Scripps)
1976-09-25,1976.734,328.42,Mauna Loa (NOAA/Scripps)
1976-10-02,1976.753,328.85,Mauna Loa (NOAA/Scripps)
1976-10-09,1976.772,329.06,Mauna Loa (NOAA/Scripps)
1976-10-16,1976.791,329.6,Mauna Loa (NOAA/Scripps)
1976-10-23,1976.81,329.17,Mauna Loa (NOAA/Scripps)
1976-10-30,1976.83,329.03,Mauna Loa (NOAA/Scripps)
1976-11-06,1976.849,329.84,Mauna Loa (NOAA/Scripps)
1976-11-13,1976.868,330.43,Mauna Loa (NOAA/Scripps)
1976-11-20,1976.887,330.59,Mauna Loa (NOAA/Scripps)
1976-11-27,1976.906,330.7,Mauna Loa (NOAA/Scripps)
1976-12-04,1976.925,331.15,Mauna Loa (NOAA/Scripps)
1976-12-11,1976.945,331.33,Mauna Loa (NOAA/Scripps)
1976-12-18,1976.964,331.92,Mauna Loa (NOAA/Scripps)
1976-12-25,1976.983,332.2,Mauna Loa (NOAA/Scripps)
1977-01-01,1977.0,332.58,Mauna Loa (NOAA/Scripps)
1977-01-08,1977.019,332.43,Mauna Loa (NOAA/Scripps)
1977-01-15,1977.038,333.14,Mauna Loa (NOAA/Scripps)
1977-01-22,1977.057,333.24,Mauna Loa (NOAA/Scripps)
1977-01-29,1977.077,333.22,Mauna Loa (NOAA/Scripps)
1977-02-05,1977.096,333.41,Mauna Loa (NOAA/Scripps)
1977-02-12,1977.115,333.33,Mauna Loa (NOAA/Scripps)
1977-02-19,1977.134,333.45,Mauna Loa (NOAA/Scripps)
1977-02-26,1977.153,333.63,Mauna Loa (NOAA/Scripps)
1977-03-05,1977.172,334.1,Mauna Loa (NOAA/Scripps)
1977-03-12,1977.192,334.67,Mauna Loa (NOAA/Scripps)
1977-03-19,1977.211,335.11,Mauna Loa (NOAA/Scripps)
1977-03-26,1977.23,335.02,Mauna Loa (NOAA/Scripps)
1977-04-02,1977.249,335.53,Mauna Loa (NOAA/Scripps)
1977-04-09,1977.268,335.94,Mauna Loa (NOAA/Scripps)
1977-04-16,1977.287,336.01,Mauna Loa (NOAA/Scripps)
1977-04-23,1977.307,336.12,Mauna Loa (NOAA/Scripps)
1977-04-30,1977.326,336.78,Mauna Loa (NOAA/Scripps)
1977-05-07,1977.345,336.8,Mauna Loa (NOAA/Scripps)
1977-05-14,1977.364,336.47,Mauna Loa (NOAA/Scripps)
1977-05-21,1977.383,336.84,Mauna Loa (NOAA/Scripps)
1977-05-28,1977.402,336.72,Mauna Loa (NOAA/Scripps)
1977-06-04,1977.422,336.49,Mauna Loa (NOAA/Scripps)
1977-06-11,1977.441,336.31,Mauna Loa (NOAA/Scripps)
1977-06-18,1977.46,336.19,Mauna Loa (NOAA/Scripps)
1977-06-25,1977.479,336.03,Mauna Loa (NOAA/Scripps)
1977-07-02,1977.498,335.59,Mauna Loa (NOAA/Scripps)
1977-07-09,1977.517,335.1,Mauna Loa (NOAA/Scripps)
1977-07-16,1977.537,335.11,Mauna Loa (NOAA/Scripps)
1977-07-23,1977.556,334.6,Mauna Loa (NOAA/Scripps)
1977-07-30,1977.575,333.76,Mauna Loa (NOAA/Scripps)
1977-08-06,1977.594,333.01,Mauna Loa (NOAA/Scripps)
1977-08-13,1977.613,332.98,Mauna Loa (NOAA/Scripps)
1977-08-20,1977.632,332.84,Mauna Loa (NOAA/Scripps)
1977-08-27,1977.652,332.85,Mauna Loa (NOAA/Scripps)
1977-09-03,1977.671,332.17,Mauna Loa (NOAA/Scripps)
1977-09-10,1977.69,331.21,Mauna Loa (NOAA/Scripps)
1977-09-17,1977.709,332.1,Mauna Loa (NOAA/Scripps)
1977-09-24,1977.728,330.96,Mauna Loa (NOAA/Scripps)
1977-10-01,1977.747,330.45,Mauna Loa (NOAA/Scripps)
1977-10-08,1977.767,330.95,Mauna Loa (NOAA/Scripps)
1977-10-15,1977.786,331.52,Mauna Loa (NOAA/Scripps)
1977-10-22,1977.805,331.52,Mauna Loa (NOAA/Scripps)
1977-10-29,1977.824,331.74,Mauna Loa (NOAA/Scripps)
1977-11-05,1977.843,332.13,Mauna Loa (NOAA/Scripps)
1977-11-12,1977.862,332.03,Mauna Loa (NOAA/Scripps)
1977-11-19,1977.882,332.59,Mauna Loa (NOAA/Scripps)
1977-11-26,1977.901,332.85,Mauna Loa (NOAA/Scripps)
1977-12-03,1977.92,333.2,Mauna Loa (NOAA/Scripps)
1977-12-10,1977.939,333.51,Mauna Loa (NOAA/Scripps)
1977-12-17,1977.958,333.85,Mauna Loa (NOAA/Scripps)
1977-12-24,1977.977,334.25,Mauna Loa (NOAA/Scripps)
1977-12-31,1977.997,334.67,Mauna Loa (NOAA/Scripps)
1978-01-07,1978.016,334.27,Mauna Loa (NOAA/Scripps)
1978-01-14,1978.036,334.63,Mauna Loa (NOAA/Scripps)
1978-01-21,1978.055,335.46,Mauna Loa (NOAA/Scripps)
1978-01-28,1978.074,335.94,Mauna Loa (NOAA/Scripps)
1978-02-04,1978.093,335.0,Mauna Loa (NOAA/Scripps)
1978-02-11,1978.112,335.13,Mauna Loa (NOAA/Scripps)
1978-02-18,1978.131,335.66,Mauna Loa (NOAA/Scripps)
1978-02-25,1978.151,335.7,Mauna Loa (NOAA/Scripps)
1978-03-04,1978.17,336.27,Mauna Loa (NOAA/Scripps)
1978-03-11,1978.189,336.1,Mauna Loa (NOAA/Scripps)
1978-03-18,1978.208,336.8,Mauna Loa (NOAA/Scripps)
1978-03-25,1978.227,337.39,Mauna Loa (NOAA/Scripps)
1978-04-01,1978.246,337.08,Mauna Loa (NOAA/Scripps)
1978-04-08,1978.266,337.99,Mauna Loa (NOAA/Scripps)
1978-04-15,1978.285,337.94,Mauna Loa (NOAA/Scripps)
1978-04-22,1978.304,337.47,Mauna Loa (NOAA/Scripps)
1978-04-29,1978.323,338.05,Mauna Loa (NOAA/Scripps)
1978-05-06,1978.342,338.07,Mauna Loa (NOAA/Scripps)
1978-05-13,1978.361,338.1,Mauna Loa (NOAA/Scripps)
1978-05-20,1978.381,337.82,Mauna Loa (NOAA/Scripps)
1978-05-27,1978.4,337.9,Mauna Loa (NOAA/Scripps)
1978-06-03,1978.419,338.48,Mauna Loa (NOAA/Scripps)
1978-06-10,1978.438,338.23,Mauna Loa (NOAA/Scripps)
1978-06-17,1978.457,337.86,Mauna Loa (NOAA/Scripps)
1978-06-24,1978.476,337.39,Mauna Loa (NOAA/Scripps)
1978-07-01,1978.496,337.69,Mauna Loa (NOAA/Scripps)
1978-07-08,1978.515,336.79,Mauna Loa (NOAA/Scripps)
1978-07-15,1978.534,336.72,Mauna Loa (NOAA/Scripps)
1978-07-22,1978.553,335.95,Mauna Loa (NOAA/Scripps)
1978-07-29,1978.572,335.69,Mauna Loa (NOAA/Scripps)
1978-08-05,1978.591,335.17,Mauna Loa (NOAA/Scripps)
1978-08-12,1978.611,334.84,Mauna Loa (NOAA/Scripps)
1978-08-19,1978.63,334.41,Mauna Loa (NOAA/Scripps)
1978-08-26,1978.649,334.37,Mauna Loa (NOAA/Scripps)
1978-09-02,1978.668,333.88,Mauna Loa (NOAA/Scripps)
1978-09-09,1978.687,332.88,Mauna Loa (NOAA/Scripps)
1978-09-16,1978.706,332.19,Mauna Loa (NOAA/Scripps)
1978-09-23,1978.726,332.38,Mauna Loa (NOAA/Scripps)
1978-09-30,1978.745,332.76,Mauna Loa (NOAA/Scripps)
1978-10-07,1978.764,332.1,Mauna Loa (NOAA/Scripps)
1978-10-14,1978.783,332.45,Mauna Loa (NOAA/Scripps)
1978-10-21,1978.802,333.02,Mauna Loa (NOAA/Scripps)
1978-10-28,1978.821,333.18,Mauna Loa (NOAA/Scripps)
1978-11-04,1978.841,333.58,Mauna Loa (NOAA/Scripps)
1978-11-11,1978.86,333.85,Mauna Loa (NOAA/Scripps)
1978-11-18,1978.879,333.88,Mauna Loa (NOAA/Scripps)
1978-11-25,1978.898,334.2,Mauna Loa (NOAA/Scripps)
1978-12-02,1978.917,334.52,Mauna Loa (NOAA/Scripps)
1978-12-09,1978.936,334.8,Mauna Loa (NOAA/Scripps)
1978-12-16,1978.956,335.15,Mauna Loa (NOAA/Scripps)
1978-12-23,1978.975,335.12,Mauna Loa (NOAA/Scripps)
1978-12-30,1978.994,335.32,Mauna Loa (NOAA/Scripps)
1979-01-06,1979.014,335.36,Mauna Loa (NOAA/Scripps)
1979-01-13,1979.033,335.97,Mauna Loa (NOAA/Scripps)
1979-01-20,1979.052,336.85,Mauna Loa (NOAA/Scripps)
1979-01-27,1979.071,336.95,Mauna Loa (NOAA/Scripps)
1979-02-03,1979.09,336.9,Mauna Loa (NOAA/Scripps)
1979-02-10,1979.11,336.54,Mauna Loa (NOAA/Scripps)
1979-02-17,1979.129,336.71,Mauna Loa (NOAA/Scripps)
1979-02-24,1979.148,336.79,Mauna Loa (NOAA/Scripps)
1979-03-03,1979.167,337.12,Mauna Loa (NOAA/Scripps)
1979-03-10,1979.186,337.79,Mauna Loa (NOAA/Scripps)
1979-03-17,1979.205,337.43,Mauna Loa (NOAA/Scripps)
1979-03-24,1979.225,339.02,Mauna Loa (NOAA/Scripps)
1979-03-31,1979.244,338.8,Mauna Loa (NOAA/Scripps)
1979-04-07,1979.263,338.17,Mauna Loa (NOAA/Scripps)
1979-04-14,1979.282,338.66,Mauna Loa (NOAA/Scripps)
1979-04-21,1979.301,339.25,Mauna Loa (NOAA/Scripps)
1979-04-28,1979.32,339.6,Mauna Loa (NOAA/Scripps)
1979-05-05,1979.339,339.3,Mauna Loa (NOAA/Scripps)
1979-05-12,1979.359,338.88,Mauna Loa (NOAA/Scripps)
1979-05-19,1979.378,339.86,Mauna Loa (NOAA/Scripps)
1979-05-26,1979.397,339.62,Mauna Loa (NOAA/Scripps)
1979-06-02,1979.416,339.93,Mauna Loa (NOAA/Scripps)
1979-06-09,1979.435,339.52,Mauna Loa (NOAA/Scripps)
1979-06-16,1979.454,338.9,Mauna Loa (NOAA/Scripps)
1979-06-23,1979.474,338.95,Mauna Loa (NOAA/Scripps)
1979-06-30,1979.493,339.0,Mauna Loa (NOAA/Scripps)
1979-07-07,1979.512,338.28,Mauna Loa (NOAA/Scripps)
1979-07-14,1979.531,337.82,Mauna Loa (NOAA/Scripps)
1979-07-21,1979.55,337.37,Mauna Loa (NOAA/Scripps)
1979-07-28,1979.569,336.84,Mauna Loa (NOAA/Scripps)
1979-08-04,1979.589,337.03,Mauna Loa (NOAA/Scripps)
1979-08-11,1979.608,336.59,Mauna Loa (NOAA/Scripps)
1979-08-18,1979.627,336.17,Mauna Loa (NOAA/Scripps)
1979-08-25,1979.646,334.56,Mauna Loa (NOAA/Scripps)
1979-09-01,1979.665,334.45,Mauna Loa (NOAA/Scripps)
1979-09-08,1979.684,334.0,Mauna Loa (NOAA/Scripps)
1979-09-15,1979.704,334.21,Mauna Loa (NOAA/Scripps)
1979-09-22,1979.723,333.28,Mauna Loa (NOAA/Scripps)
1979-09-29,1979.742,334.11,Mauna Loa (NOAA/Scripps)
1979-10-06,1979.761,334.1,Mauna Loa (NOAA/Scripps)
1979-10-13,1979.78,333.97,Mauna Loa (NOAA/Scripps)
1979-10-20,1979.799,333.74,Mauna Loa (NOAA/Scripps)
1979-10-27,1979.819,334.16,Mauna Loa (NOAA/Scripps)
1979-11-03,1979.838,334.73,Mauna Loa (NOAA/Scripps)
1979-11-10,1979.857,334.86,Mauna Loa (NOAA/Scripps)
1979-11-17,1979.876,335.59,Mauna Loa (NOAA/Scripps)
1979-11-24,1979.895,335.68,Mauna Loa (NOAA/Scripps)
1979-12-01,1979.914,335.99,Mauna Loa (NOAA/Scripps)
1979-12-08,1979.934,336.5,Mauna Loa (NOAA/Scripps)
1979-12-15,1979.953,336.77,Mauna Loa (NOAA/Scripps)
1979-12-22,1979.972,336.88,Mauna Loa (NOAA/Scripps)
1979-12-29,1979.991,337.4,Mauna Loa (NOAA/Scripps)
1980-01-05,1980.011,337.67,Mauna Loa (NOAA/Scripps)
1980-01-12,1980.03,337.48,Mauna Loa (NOAA/Scripps)
1980-01-19,1980.049,338.38,Mauna Loa (NOAA/Scripps)
1980-01-26,1980.068,338.49,Mauna Loa (NOAA/Scripps)
1980-02-02,1980.088,338.05,Mauna Loa (NOAA/Scripps)
1980-02-09,1980.107,338.14,Mauna Loa (NOAA/Scripps)
1980-02-16,1980.126,338.68,Mauna Loa (NOAA/Scripps)
1980-02-23,1980.145,338.26,Mauna Loa (NOAA/Scripps)
1980-03-01,1980.164,339.31,Mauna Loa (NOAA/Scripps)
1980-03-08,1980.183,339.54,Mauna Loa (NOAA/Scripps)
1980-03-15,1980.203,340.02,Mauna Loa (NOAA/Scripps)
1980-03-22,1980.222,340.54,Mauna Loa (NOAA/Scripps)
1980-03-29,1980.241,341.01,Mauna Loa (NOAA/Scripps)
1980-04-05,1980.26,340.41,Mauna Loa (NOAA/Scripps)
1980-04-12,1980.279,340.95,Mauna Loa (NOAA/Scripps)
1980-04-19,1980.298,340.75,Mauna Loa (NOAA/Scripps)
1980-04-26,1980.318,341.06,Mauna Loa (NOAA/Scripps)
1980-05-03,1980.337,341.52,Mauna Loa (NOAA/Scripps)
1980-05-10,1980.356,341.3,Mauna Loa (NOAA/Scripps)
1980-05-17,1980.375,341.38,Mauna Loa (NOAA/Scripps)
1980-05-24,1980.394,340.92,Mauna Loa (NOAA/Scripps)
1980-05-31,1980.413,341.72,Mauna Loa (NOAA/Scripps)
1980-06-07,1980.433,341.38,Mauna Loa (NOAA/Scripps)
1980-06-14,1980.452,341.39,Mauna Loa (NOAA/Scripps)
1980-06-21,1980.471,340.87,Mauna Loa (NOAA/Scripps)
1980-06-28,1980.49,340.4,Mauna Loa (NOAA/Scripps)
1980-07-05,1980.509,340.44,Mauna Loa (NOAA/Scripps)
1980-07-12,1980.528,339.78,Mauna Loa (NOAA/Scripps)
1980-07-19,1980.548,338.51,Mauna Loa (NOAA/Scripps)
1980-07-26,1980.567,338.92,Mauna Loa (NOAA/Scripps)
1980-08-02,1980.586,337.98,Mauna Loa (NOAA/Scripps)
1980-08-09,1980.605,337.77,Mauna Loa (NOAA/Scripps)
1980-08-16,1980.624,337.75,Mauna Loa (NOAA/Scripps)
1980-08-23,1980.643,337.79,Mauna Loa (NOAA/Scripps)
1980-08-30,1980.663,337.01,Mauna Loa (NOAA/Scripps)
1980-09-06,1980.682,336.65,Mauna Loa (NOAA/Scripps)
1980-09-13,1980.701,335.75,Mauna Loa (NOAA/Scripps)
1980-09-20,1980.72,335.28,Mauna Loa (NOAA/Scripps)
1980-09-27,1980.739,336.03,Mauna Loa (NOAA/Scripps)
1980-10-04,1980.758,335.83,Mauna Loa (NOAA/Scripps)
1980-10-11,1980.778,335.87,Mauna Loa (NOAA/Scripps)
1980-10-18,1980.797,336.1,Mauna Loa (NOAA/Scripps)
1980-10-25,1980.816,336.42,Mauna Loa (NOAA/Scripps)
1980-11-01,1980.835,336.65,Mauna Loa (NOAA/Scripps)
1980-11-08,1980.854,336.98,Mauna Loa (NOAA/Scripps)
1980-11-15,1980.873,337.14,Mauna Loa (NOAA/Scripps)
1980-11-22,1980.893,337.31,Mauna Loa (NOAA/Scripps)
1980-11-29,1980.912,337.41,Mauna Loa (NOAA/Scripps)
1980-12-06,1980.931,337.77,Mauna Loa (NOAA/Scripps)
1980-12-13,1980.95,338.1,Mauna Loa (NOAA/Scripps)
1980-12-20,1980.969,338.39,Mauna Loa (NOAA/Scripps)
1980-12-27,1980.988,338.72,Mauna Loa (NOAA/Scripps)
1981-01-03,1981.005,338.94,Mauna Loa (NOAA/Scripps)
1981-01-10,1981.025,339.13,Mauna Loa (NOAA/Scripps)
1981-01-17,1981.044,339.39,Mauna Loa (NOAA/Scripps)
1981-01-24,1981.063,339.36,Mauna Loa (NOAA/Scripps)
1981-01-31,1981.082,339.55,Mauna Loa (NOAA/Scripps)
1981-02-07,1981.101,340.57,Mauna Loa (NOAA/Scripps)
1981-02-14,1981.12,340.04,Mauna Loa (NOAA/Scripps)
1981-02-21,1981.14,340.2,Mauna Loa (NOAA/Scripps)
1981-02-28,1981.159,341.11,Mauna Loa (NOAA/Scripps)
1981-03-07,1981.178,340.73,Mauna Loa (NOAA/Scripps)
1981-03-14,1981.197,341.04,Mauna Loa (NOAA/Scripps)
1981-03-21,1981.216,341.89,Mauna Loa (NOAA/Scripps)
1981-03-28,1981.235,342.19,Mauna Loa (NOAA/Scripps)
1981-04-04,1981.255,342.42,Mauna Loa (NOAA/Scripps)
1981-04-11,1981.274,342.49,Mauna Loa (NOAA/Scripps)
1981-04-18,1981.293,342.78,Mauna Loa (NOAA/Scripps)
1981-04-25,1981.312,342.3,Mauna Loa (NOAA/Scripps)
1981-05-02,1981.331,342.95,Mauna Loa (NOAA/Scripps)
1981-05-09,1981.35,343.0,Mauna Loa (NOAA/Scripps)
1981-05-16,1981.37,342.8,Mauna Loa (NOAA/Scripps)
1981-05-23,1981.389,342.7,Mauna Loa (NOAA/Scripps)
1981-05-30,1981.408,342.75,Mauna Loa (NOAA/Scripps)
1981-06-06,1981.427,342.64,Mauna Loa (NOAA/Scripps)
1981-06-13,1981.446,342.54,Mauna Loa (NOAA/Scripps)
1981-06-20,1981.465,341.81,Mauna Loa (NOAA/Scripps)
1981-06-27,1981.485,341.64,Mauna Loa (NOAA/Scripps)
1981-07-04,1981.504,341.05,Mauna Loa (NOAA/Scripps)
1981-07-11,1981.523,340.87,Mauna Loa (NOAA/Scripps)
1981-07-18,1981.542,339.76,Mauna Loa (NOAA/Scripps)
1981-07-25,1981.561,340.21,Mauna Loa (NOAA/Scripps)
1981-08-01,1981.58,339.56,Mauna Loa (NOAA/Scripps)
1981-08-08,1981.6,338.92,Mauna Loa (NOAA/Scripps)
1981-08-15,1981.619,338.48,Mauna Loa (NOAA/Scripps)
1981-08-22,1981.638,337.57,Mauna Loa (NOAA/Scripps)
1981-08-29,1981.657,337.73,Mauna Loa (NOAA/Scripps)
1981-09-05,1981.676,337.2,Mauna Loa (NOAA/Scripps)
1981-09-12,1981.695,337.03,Mauna Loa (NOAA/Scripps)
1981-09-19,1981.715,336.75,Mauna Loa (NOAA/Scripps)
1981-09-26,1981.734,335.95,Mauna Loa (NOAA/Scripps)
1981-10-03,1981.753,336.3,Mauna Loa (NOAA/Scripps)
1981-10-10,1981.772,336.65,Mauna Loa (NOAA/Scripps)
1981-10-17,1981.791,337.13,Mauna Loa (NOAA/Scripps)
1981-10-24,1981.81,337.22,Mauna Loa (NOAA/Scripps)
1981-10-31,1981.83,337.56,Mauna Loa (NOAA/Scripps)
1981-11-07,1981.849,337.87,Mauna Loa (NOAA/Scripps)
1981-11-14,1981.868,338.14,Mauna Loa (NOAA/Scripps)
1981-11-21,1981.887,338.57,Mauna Loa (NOAA/Scripps)
1981-11-28,1981.906,339.3,Mauna Loa (NOAA/Scripps)
1981-12-05,1981.925,339.29,Mauna Loa (NOAA/Scripps)
1981-12-12,1981.945,339.41,Mauna Loa (NOAA/Scripps)
1981-12-19,1981.964,339.65,Mauna Loa (NOAA/Scripps)
1981-12-26,1981.983,340.23,Mauna Loa (NOAA/Scripps)
1982-01-02,1982.003,340.28,Mauna Loa (NOAA/Scripps)
1982-01-09,1982.022,340.39,Mauna Loa (NOAA/Scripps)
1982-01-16,1982.041,340.72,Mauna Loa (NOAA/Scripps)
1982-01-23,1982.06,341.13,Mauna Loa (NOAA/Scripps)
1982-01-30,1982.079,341.29,Mauna Loa (NOAA/Scripps)
1982-02-06,1982.099,341.94,Mauna Loa (NOAA/Scripps)
1982-02-13,1982.118,341.11,Mauna Loa (NOAA/Scripps)
1982-02-20,1982.137,341.14,Mauna Loa (NOAA/Scripps)
1982-02-27,1982.156,342.19,Mauna Loa (NOAA/Scripps)
1982-03-06,1982.175,342.66,Mauna Loa (NOAA/Scripps)
1982-03-13,1982.194,342.61,Mauna Loa (NOAA/Scripps)
1982-03-20,1982.214,342.78,Mauna Loa (NOAA/Scripps)
1982-03-27,1982.233,342.81,Mauna Loa (NOAA/Scripps)
1982-04-03,1982.252,342.96,Mauna Loa (NOAA/Scripps)
1982-04-10,1982.271,343.3,Mauna Loa (NOAA/Scripps)
1982-04-17,1982.29,343.5,Mauna Loa (NOAA/Scripps)
1982-04-24,1982.309,344.29,Mauna Loa (NOAA/Scripps)
1982-05-01,1982.329,343.83,Mauna Loa (NOAA/Scripps)
1982-05-08,1982.348,343.68,Mauna Loa (NOAA/Scripps)
1982-05-15,1982.367,344.29,Mauna Loa (NOAA/Scripps)
1982-05-22,1982.386,344.1,Mauna Loa (NOAA/Scripps)
1982-05-29,1982.405,344.1,Mauna Loa (NOAA/Scripps)
1982-06-05,1982.424,343.48,Mauna Loa (NOAA/Scripps)
1982-06-12,1982.444,343.5,Mauna Loa (NOAA/Scripps)
1982-06-19,1982.463,343.46,Mauna Loa (NOAA/Scripps)
1982-06-26,1982.482,342.91,Mauna Loa (NOAA/Scripps)
1982-07-03,1982.501,342.53,Mauna Loa (NOAA/Scripps)
1982-07-10,1982.52,342.03,Mauna Loa (NOAA/Scripps)
1982-07-17,1982.539,342.02,Mauna Loa (NOAA/Scripps)
1982-07-24,1982.559,341.81,Mauna Loa (NOAA/Scripps)
1982-07-31,1982.578,341.31,Mauna Loa (NOAA/Scripps)
1982-08-07,1982.597,340.57,Mauna Loa (NOAA/Scripps)
1982-08-14,1982.616,340.06,Mauna Loa (NOAA/Scripps)
1982-08-21,1982.635,339.71,Mauna Loa (NOAA/Scripps)
1982-08-28,1982.654,338.32,Mauna Loa (NOAA/Scripps)
1982-09-04,1982.674,338.88,Mauna Loa (NOAA/Scripps)
1982-09-11,1982.693,338.61,Mauna Loa (NOAA/Scripps)
1982-09-18,1982.712,337.84,Mauna Loa (NOAA/Scripps)
1982-09-25,1982.731,336.92,Mauna Loa (NOAA/Scripps)
1982-10-02,1982.75,337.32,Mauna Loa (NOAA/Scripps)
1982-10-09,1982.769,338.09,Mauna Loa (NOAA/Scripps)
1982-10-16,1982.789,337.6,Mauna Loa (NOAA/Scripps)
1982-10-23,1982.808,337.94,Mauna Loa (NOAA/Scripps)
1982-10-30,1982.827,338.7,Mauna Loa (NOAA/Scripps)
1982-11-06,1982.846,338.49,Mauna Loa (NOAA/Scripps)
1982-11-13,1982.865,339.2,Mauna Loa (NOAA/Scripps)
1982-11-20,1982.884,339.72,Mauna Loa (NOAA/Scripps)
1982-11-27,1982.903,339.88,Mauna Loa (NOAA/Scripps)
1982-12-04,1982.923,339.86,Mauna Loa (NOAA/Scripps)
1982-12-11,1982.942,340.43,Mauna Loa (NOAA/Scripps)
1982-12-18,1982.961,340.71,Mauna Loa (NOAA/Scripps)
1982-12-25,1982.98,340.82,Mauna Loa (NOAA/Scripps)
1983-01-01,1983.0,340.94,Mauna Loa (NOAA/Scripps)
1983-01-08,1983.019,341.44,Mauna Loa (NOAA/Scripps)
1983-01-15,1983.038,341.57,Mauna Loa (NOAA/Scripps)
1983-01-22,1983.057,341.25,Mauna Loa (NOAA/Scripps)
1983-01-29,1983.077,341.72,Mauna Loa (NOAA/Scripps)
1983-02-05,1983.096,342.0,Mauna Loa (NOAA/Scripps)
1983-02-12,1983.115,342.77,Mauna Loa (NOAA/Scripps)
1983-02-19,1983.134,342.5,Mauna Loa (NOAA/Scripps)
1983-02-26,1983.153,342.84,Mauna Loa (NOAA/Scripps)
1983-03-05,1983.172,342.38,Mauna Loa (NOAA/Scripps)
1983-03-12,1983.192,342.58,Mauna Loa (NOAA/Scripps)
1983-03-19,1983.211,344.06,Mauna Loa (NOAA/Scripps)
1983-03-26,1983.23,343.81,Mauna Loa (NOAA/Scripps)
1983-04-02,1983.249,344.02,Mauna Loa (NOAA/Scripps)
1983-04-09,1983.268,344.89,Mauna Loa (NOAA/Scripps)
1983-04-16,1983.287,345.07,Mauna Loa (NOAA/Scripps)
1983-04-23,1983.307,345.32,Mauna Loa (NOAA/Scripps)
1983-04-30,1983.326,345.46,Mauna Loa (NOAA/Scripps)
1983-05-07,1983.345,345.43,Mauna Loa (NOAA/Scripps)
1983-05-14,1983.364,345.77,Mauna Loa (NOAA/Scripps)
1983-05-21,1983.383,345.85,Mauna Loa (NOAA/Scripps)
1983-05-28,1983.402,345.76,Mauna Loa (NOAA/Scripps)
1983-06-04,1983.422,345.68,Mauna Loa (NOAA/Scripps)
1983-06-11,1983.441,345.6,Mauna Loa (NOAA/Scripps)
1983-06-18,1983.46,345.04,Mauna Loa (NOAA/Scripps)
1983-06-25,1983.479,344.97,Mauna Loa (NOAA/Scripps)
1983-07-02,1983.498,344.74,Mauna Loa (NOAA/Scripps)
1983-07-09,1983.517,344.59,Mauna Loa (NOAA/Scripps)
1983-07-16,1983.537,343.73,Mauna Loa (NOAA/Scripps)
1983-07-23,1983.556,343.66,Mauna Loa (NOAA/Scripps)
1983-07-30,1983.575,342.6,Mauna Loa (NOAA/Scripps)
1983-08-06,1983.594,343.05,Mauna Loa (NOAA/Scripps)
1983-08-13,1983.613,341.7,Mauna Loa (NOAA/Scripps)
1983-08-20,1983.632,342.14,Mauna Loa (NOAA/Scripps)
1983-08-27,1983.652,341.8,Mauna Loa (NOAA/Scripps)
1983-09-03,1983.671,339.94,Mauna Loa (NOAA/Scripps)
1983-09-10,1983.69,339.99,Mauna Loa (NOAA/Scripps)
1983-09-17,1983.709,339.86,Mauna Loa (NOAA/Scripps)
1983-09-24,1983.728,339.98,Mauna Loa (NOAA/Scripps)
1983-10-01,1983.747,339.87,Mauna Loa (NOAA/Scripps)
1983-10-08,1983.767,339.76,Mauna Loa (NOAA/Scripps)
1983-10-15,1983.786,340.12,Mauna Loa (NOAA/Scripps)
1983-10-22,1983.805,340.25,Mauna Loa (NOAA/Scripps)
1983-10-29,1983.824,340.37,Mauna Loa (NOAA/Scripps)
1983-11-05,1983.843,340.8,Mauna Loa (NOAA/Scripps)
1983-11-12,1983.862,341.0,Mauna Loa (NOAA/Scripps)
1983-11-19,1983.882,341.18,Mauna Loa (NOAA/Scripps)
1983-11-26,1983.901,341.7,Mauna Loa (NOAA/Scripps)
1983-12-03,1983.92,341.87,Mauna Loa (NOAA/Scripps)
1983-12-10,1983.939,342.85,Mauna Loa (NOAA/Scripps)
1983-12-17,1983.958,343.39,Mauna Loa (NOAA/Scripps)
1983-12-24,1983.977,343.61,Mauna Loa (NOAA/Scripps)
1983-12-31,1983.997,343.47,Mauna Loa (NOAA/Scripps)
1984-01-07,1984.016,343.78,Mauna Loa (NOAA/Scripps)
1984-01-14,1984.036,343.47,Mauna Loa (NOAA/Scripps)
1984-01-21,1984.055,343.5,Mauna Loa (NOAA/Scripps)
1984-01-28,1984.074,344.16,Mauna Loa (NOAA/Scripps)
1984-02-04,1984.093,344.35,Mauna Loa (NOAA/Scripps)
1984-02-11,1984.112,344.57,Mauna Loa (NOAA/Scripps)
1984-02-18,1984.131,344.33,Mauna Loa (NOAA/Scripps)
1984-02-25,1984.151,344.69,Mauna Loa (NOAA/Scripps)
1984-03-03,1984.17,344.88,Mauna Loa (NOAA/Scripps)
1984-03-10,1984.189,344.95,Mauna Loa (NOAA/Scripps)
1984-03-17,1984.208,345.45,Mauna Loa (NOAA/Scripps)
1984-03-24,1984.227,345.69,Mauna Loa (NOAA/Scripps)
1984-04-28,1984.323,347.47,Mauna Loa (NOAA/Scripps)
1984-05-05,1984.342,347.49,Mauna Loa (NOAA/Scripps)
1984-05-12,1984.361,347.78,Mauna Loa (NOAA/Scripps)
1984-05-19,1984.381,347.36,Mauna Loa (NOAA/Scripps)
1984-05-26,1984.4,347.03,Mauna Loa (NOAA/Scripps)
1984-06-02,1984.419,347.09,Mauna Loa (NOAA/Scripps)
1984-06-09,1984.438,347.02,Mauna Loa (NOAA/Scripps)
1984-06-16,1984.457,346.89,Mauna Loa (NOAA/Scripps)
1984-06-23,1984.476,346.37,Mauna Loa (NOAA/Scripps)
1984-06-30,1984.496,346.24,Mauna Loa (NOAA/Scripps)
1984-07-07,1984.515,345.82,Mauna Loa (NOAA/Scripps)
1984-07-14,1984.534,345.48,Mauna Loa (NOAA/Scripps)
1984-07-21,1984.553,345.25,Mauna Loa (NOAA/Scripps)
1984-07-28,1984.572,344.48,Mauna Loa (NOAA/Scripps)
1984-08-04,1984.591,344.05,Mauna Loa (NOAA/Scripps)
1984-08-11,1984.611,344.12,Mauna Loa (NOAA/Scripps)
1984-08-18,1984.63,343.19,Mauna Loa (NOAA/Scripps)
1984-08-25,1984.649,342.05,Mauna Loa (NOAA/Scripps)
1984-09-01,1984.668,341.65,Mauna Loa (NOAA/Scripps)
1984-09-08,1984.687,340.65,Mauna Loa (NOAA/Scripps)
1984-09-15,1984.706,341.37,Mauna Loa (NOAA/Scripps)
1984-09-22,1984.726,341.31,Mauna Loa (NOAA/Scripps)
1984-09-29,1984.745,340.85,Mauna Loa (NOAA/Scripps)
1984-10-06,1984.764,341.19,Mauna Loa (NOAA/Scripps)
1984-10-13,1984.783,341.3,Mauna Loa (NOAA/Scripps)
1984-10-20,1984.802,341.91,Mauna Loa (NOAA/Scripps)
1984-10-27,1984.821,341.67,Mauna Loa (NOAA/Scripps)
1984-11-03,1984.841,342.01,Mauna Loa (NOAA/Scripps)
1984-11-10,1984.86,342.65,Mauna Loa (NOAA/Scripps)
1984-11-17,1984.879,343.14,Mauna Loa (NOAA/Scripps)
1984-11-24,1984.898,343.75,Mauna Loa (NOAA/Scripps)
1984-12-01,1984.917,343.6,Mauna Loa (NOAA/Scripps)
1984-12-08,1984.936,343.95,Mauna Loa (NOAA/Scripps)
1984-12-15,1984.956,344.23,Mauna Loa (NOAA/Scripps)
1984-12-22,1984.975,344.58,Mauna Loa (NOAA/Scripps)
1984-12-29,1984.994,344.57,Mauna Loa (NOAA/Scripps)
1985-01-05,1985.011,344.77,Mauna Loa (NOAA/Scripps)
1985-01-12,1985.03,345.01,Mauna Loa (NOAA/Scripps)
1985-01-19,1985.049,345.01,Mauna Loa (NOAA/Scripps)
1985-01-26,1985.068,345.08,Mauna Loa (NOAA/Scripps)
1985-02-02,1985.088,345.95,Mauna Loa (NOAA/Scripps)
1985-02-09,1985.107,345.54,Mauna Loa (NOAA/Scripps)
1985-02-16,1985.126,345.82,Mauna Loa (NOAA/Scripps)
1985-02-23,1985.145,346.37,Mauna Loa (NOAA/Scripps)
1985-03-02,1985.164,346.77,Mauna Loa (NOAA/Scripps)
1985-03-09,1985.183,347.11,Mauna Loa (NOAA/Scripps)
1985-03-16,1985.203,347.58,Mauna Loa (NOAA/Scripps)
1985-03-23,1985.222,347.7,Mauna Loa (NOAA/Scripps)
1985-03-30,1985.241,348.27,Mauna Loa (NOAA/Scripps)
1985-04-06,1985.26,348.04,Mauna Loa (NOAA/Scripps)
1985-04-13,1985.279,348.08,Mauna Loa (NOAA/Scripps)
1985-04-20,1985.298,348.52,Mauna Loa (NOAA/Scripps)
1985-04-27,1985.318,348.84,Mauna Loa (NOAA/Scripps)
1985-05-04,1985.337,348.89,Mauna Loa (NOAA/Scripps)
1985-05-11,1985.356,349.31,Mauna Loa (NOAA/Scripps)
1985-05-18,1985.375,349.18,Mauna Loa (NOAA/Scripps)
1985-05-25,1985.394,348.18,Mauna Loa (NOAA/Scripps)
1985-06-01,1985.413,349.05,Mauna Loa (NOAA/Scripps)
1985-06-08,1985.433,348.49,Mauna Loa (NOAA/Scripps)
1985-06-15,1985.452,348.24,Mauna Loa (NOAA/Scripps)
1985-06-22,1985.471,347.9,Mauna Loa (NOAA/Scripps)
1985-06-29,1985.49,347.47,Mauna Loa (NOAA/Scripps)
1985-07-06,1985.509,346.9,Mauna Loa (NOAA/Scripps)
1985-07-13,1985.528,346.8,Mauna Loa (NOAA/Scripps)
1985-07-20,1985.548,346.43,Mauna Loa (NOAA/Scripps)
1985-07-27,1985.567,345.79,Mauna Loa (NOAA/Scripps)
1985-08-10,1985.605,344.7,Mauna Loa (NOAA/Scripps)
1985-08-17,1985.624,344.5,Mauna Loa (NOAA/Scripps)
1985-08-24,1985.643,344.38,Mauna Loa (NOAA/Scripps)
1985-08-31,1985.663,343.76,Mauna Loa (NOAA/Scripps)
1985-09-07,1985.682,344.29,Mauna Loa (NOAA/Scripps)
1985-09-14,1985.701,343.37,Mauna Loa (NOAA/Scripps)
1985-09-21,1985.72,342.46,Mauna Loa (NOAA/Scripps)
1985-09-28,1985.739,342.13,Mauna Loa (NOAA/Scripps)
1985-10-05,1985.758,342.4,Mauna Loa (NOAA/Scripps)
1985-10-12,1985.778,342.5,Mauna Loa (NOAA/Scripps)
1985-10-19,1985.797,343.14,Mauna Loa (NOAA/Scripps)
1985-10-26,1985.816,343.22,Mauna Loa (NOAA/Scripps)
1985-11-02,1985.835,343.38,Mauna Loa (NOAA/Scripps)
1985-11-09,1985.854,343.77,Mauna Loa (NOAA/Scripps)
1985-11-16,1985.873,344.25,Mauna Loa (NOAA/Scripps)
1985-11-23,1985.893,344.64,Mauna Loa (NOAA/Scripps)
1985-11-30,1985.912,345.3,Mauna Loa (NOAA/Scripps)
1985-12-07,1985.931,345.37,Mauna Loa (NOAA/Scripps)
1985-12-14,1985.95,345.67,Mauna Loa (NOAA/Scripps)
1985-12-21,1985.969,345.17,Mauna Loa (NOAA/Scripps)
1985-12-28,1985.988,346.3,Mauna Loa (NOAA/Scripps)
1986-01-04,1986.008,346.44,Mauna Loa (NOAA/Scripps)
1986-01-11,1986.027,346.09,Mauna Loa (NOAA/Scripps)
1986-01-18,1986.047,346.25,Mauna Loa (NOAA/Scripps)
1986-01-25,1986.066,346.46,Mauna Loa (NOAA/Scripps)
1986-02-01,1986.085,346.22,Mauna Loa (NOAA/Scripps)
1986-02-08,1986.104,346.84,Mauna Loa (NOAA/Scripps)
1986-02-15,1986.123,347.18,Mauna Loa (NOAA/Scripps)
1986-02-22,1986.142,347.2,Mauna Loa (NOAA/Scripps)
1986-03-01,1986.162,347.07,Mauna Loa (NOAA/Scripps)
1986-03-08,1986.181,346.65,Mauna Loa (NOAA/Scripps)
1986-03-15,1986.2,347.22,Mauna Loa (NOAA/Scripps)
1986-03-22,1986.219,349.15,Mauna Loa (NOAA/Scripps)
1986-03-29,1986.238,348.87,Mauna Loa (NOAA/Scripps)
1986-04-05,1986.257,349.21,Mauna Loa (NOAA/Scripps)
1986-04-12,1986.277,349.45,Mauna Loa (NOAA/Scripps)
1986-04-19,1986.296,349.34,Mauna Loa (NOAA/Scripps)
1986-04-26,1986.315,350.2,Mauna Loa (NOAA/Scripps)
1986-05-03,1986.334,349.99,Mauna Loa (NOAA/Scripps)
1986-05-10,1986.353,350.14,Mauna Loa (NOAA/Scripps)
1986-05-17,1986.372,350.23,Mauna Loa (NOAA/Scripps)
1986-05-24,1986.392,350.13,Mauna Loa (NOAA/Scripps)
1986-05-31,1986.411,350.18,Mauna Loa (NOAA/Scripps)
1986-06-07,1986.43,349.73,Mauna Loa (NOAA/Scripps)
1986-06-14,1986.449,349.54,Mauna Loa (NOAA/Scripps)
1986-06-21,1986.468,349.48,Mauna Loa (NOAA/Scripps)
1986-06-28,1986.487,348.92,Mauna Loa (NOAA/Scripps)
1986-07-05,1986.507,348.69,Mauna Loa (NOAA/Scripps)
1986-07-12,1986.526,347.77,Mauna Loa (NOAA/Scripps)
1986-07-19,1986.545,347.61,Mauna Loa (NOAA/Scripps)
1986-07-26,1986.564,347.41,Mauna Loa (NOAA/Scripps)
1986-08-02,1986.583,346.65,Mauna Loa (NOAA/Scripps)
1986-08-09,1986.602,346.23,Mauna Loa (NOAA/Scripps)
1986-08-16,1986.621,345.59,Mauna Loa (NOAA/Scripps)
1986-08-23,1986.641,345.62,Mauna Loa (NOAA/Scripps)
1986-08-30,1986.66,345.27,Mauna Loa (NOAA/Scripps)
1986-09-06,1986.679,345.05,Mauna Loa (NOAA/Scripps)
1986-09-13,1986.698,345.32,Mauna Loa (NOAA/Scripps)
1986-09-20,1986.717,344.43,Mauna Loa (NOAA/Scripps)
1986-09-27,1986.736,344.51,Mauna Loa (NOAA/Scripps)
1986-10-04,1986.756,343.99,Mauna Loa (NOAA/Scripps)
1986-10-11,1986.775,344.11,Mauna Loa (NOAA/Scripps)
1986-10-18,1986.794,343.99,Mauna Loa (NOAA/Scripps)
1986-10-25,1986.813,344.57,Mauna Loa (NOAA/Scripps)
1986-11-01,1986.832,345.17,Mauna Loa (NOAA/Scripps)
1986-11-08,1986.851,345.35,Mauna Loa (NOAA/Scripps)
1986-11-15,1986.871,345.63,Mauna Loa (NOAA/Scripps)
1986-11-22,1986.89,345.72,Mauna Loa (NOAA/Scripps)
1986-11-29,1986.909,346.41,Mauna Loa (NOAA/Scripps)
1986-12-06,1986.928,346.92,Mauna Loa (NOAA/Scripps)
1986-12-13,1986.947,346.77,Mauna Loa (NOAA/Scripps)
1986-12-20,1986.966,346.97,Mauna Loa (NOAA/Scripps)
1986-12-27,1986.986,347.08,Mauna Loa (NOAA/Scripps)
1987-01-03,1987.005,347.62,Mauna Loa (NOAA/Scripps)
1987-01-10,1987.025,348.37,Mauna Loa (NOAA/Scripps)
1987-01-17,1987.044,348.27,Mauna Loa (NOAA/Scripps)
1987-01-24,1987.063,347.96,Mauna Loa (NOAA/Scripps)
1987-01-31,1987.082,348.03,Mauna Loa (NOAA/Scripps)
1987-02-07,1987.101,347.91,Mauna Loa (NOAA/Scripps)
1987-02-14,1987.12,348.25,Mauna Loa (NOAA/Scripps)
1987-02-21,1987.14,348.54,Mauna Loa (NOAA/Scripps)
1987-02-28,1987.159,349.47,Mauna Loa (NOAA/Scripps)
1987-03-07,1987.178,348.85,Mauna Loa (NOAA/Scripps)
1987-03-14,1987.197,349.27,Mauna Loa (NOAA/Scripps)
1987-03-21,1987.216,349.79,Mauna Loa (NOAA/Scripps)
1987-03-28,1987.235,350.2,Mauna Loa (NOAA/Scripps)
1987-04-04,1987.255,350.82,Mauna Loa (NOAA/Scripps)
1987-04-11,1987.274,350.27,Mauna Loa (NOAA/Scripps)
1987-04-18,1987.293,351.19,Mauna Loa (NOAA/Scripps)
1987-04-25,1987.312,351.39,Mauna Loa (NOAA/Scripps)
1987-05-02,1987.331,351.43,Mauna Loa (NOAA/Scripps)
1987-05-09,1987.35,352.0,Mauna Loa (NOAA/Scripps)
1987-05-16,1987.37,351.73,Mauna Loa (NOAA/Scripps)
1987-05-23,1987.389,351.91,Mauna Loa (NOAA/Scripps)
1987-05-30,1987.408,351.78,Mauna Loa (NOAA/Scripps)
1987-06-06,1987.427,351.65,Mauna Loa (NOAA/Scripps)
1987-06-13,1987.446,351.17,Mauna Loa (NOAA/Scripps)
1987-06-20,1987.465,351.0,Mauna Loa (NOAA/Scripps)
1987-06-27,1987.485,350.94,Mauna Loa (NOAA/Scripps)
1987-07-04,1987.504,349.76,Mauna Loa (NOAA/Scripps)
1987-07-11,1987.523,349.84,Mauna Loa (NOAA/Scripps)
1987-07-18,1987.542,348.87,Mauna Loa (NOAA/Scripps)
1987-07-25,1987.561,349.51,Mauna Loa (NOAA/Scripps)
1987-08-01,1987.58,349.04,Mauna Loa (NOAA/Scripps)
1987-08-08,1987.6,348.15,Mauna Loa (NOAA/Scripps)
1987-08-15,1987.619,348.62,Mauna Loa (NOAA/Scripps)
1987-08-22,1987.638,348.01,Mauna Loa (NOAA/Scripps)
1987-08-29,1987.657,346.71,Mauna Loa (NOAA/Scripps)
1987-09-05,1987.676,347.05,Mauna Loa (NOAA/Scripps)
1987-09-12,1987.695,346.65,Mauna Loa (NOAA/Scripps)
1987-09-19,1987.715,346.29,Mauna Loa (NOAA/Scripps)
1987-09-26,1987.734,345.85,Mauna Loa (NOAA/Scripps)
1987-10-03,1987.753,345.77,Mauna Loa (NOAA/Scripps)
1987-10-10,1987.772,346.34,Mauna Loa (NOAA/Scripps)
1987-10-17,1987.791,346.59,Mauna Loa (NOAA/Scripps)
1987-10-24,1987.81,346.8,Mauna Loa (NOAA/Scripps)
1987-10-31,1987.83,346.91,Mauna Loa (NOAA/Scripps)
1987-11-07,1987.849,347.34,Mauna Loa (NOAA/Scripps)
1987-11-14,1987.868,347.65,Mauna Loa (NOAA/Scripps)
1987-11-21,1987.887,348.16,Mauna Loa (NOAA/Scripps)
1987-11-28,1987.906,348.75,Mauna Loa (NOAA/Scripps)
1987-12-05,1987.925,348.66,Mauna Loa (NOAA/Scripps)
1987-12-12,1987.945,348.82,Mauna Loa (NOAA/Scripps)
1987-12-19,1987.964,349.12,Mauna Loa (NOAA/Scripps)
1987-12-26,1987.983,349.29,Mauna Loa (NOAA/Scripps)
1988-01-02,1988.003,349.78,Mauna Loa (NOAA/Scripps)
1988-01-09,1988.022,350.28,Mauna Loa (NOAA/Scripps)
1988-01-16,1988.041,350.21,Mauna Loa (NOAA/Scripps)
1988-01-23,1988.06,350.79,Mauna Loa (NOAA/Scripps)
1988-01-30,1988.079,351.22,Mauna Loa (NOAA/Scripps)
1988-02-06,1988.099,351.81,Mauna Loa (NOAA/Scripps)
1988-02-13,1988.118,351.31,Mauna Loa (NOAA/Scripps)
1988-02-20,1988.137,351.53,Mauna Loa (NOAA/Scripps)
1988-02-27,1988.156,352.55,Mauna Loa (NOAA/Scripps)
1988-03-05,1988.175,352.88,Mauna Loa (NOAA/Scripps)
1988-03-12,1988.194,351.88,Mauna Loa (NOAA/Scripps)
1988-03-19,1988.214,351.78,Mauna Loa (NOAA/Scripps)
1988-03-26,1988.233,352.23,Mauna Loa (NOAA/Scripps)
1988-04-02,1988.252,353.13,Mauna Loa (NOAA/Scripps)
1988-04-09,1988.271,353.57,Mauna Loa (NOAA/Scripps)
1988-04-16,1988.29,353.15,Mauna Loa (NOAA/Scripps)
1988-04-23,1988.309,354.0,Mauna Loa (NOAA/Scripps)
1988-04-30,1988.329,354.23,Mauna Loa (NOAA/Scripps)
1988-05-07,1988.348,353.76,Mauna Loa (NOAA/Scripps)
1988-05-14,1988.367,354.3,Mauna Loa (NOAA/Scripps)
1988-05-21,1988.386,354.52,Mauna Loa (NOAA/Scripps)
1988-05-28,1988.405,354.2,Mauna Loa (NOAA/Scripps)
1988-06-04,1988.424,354.18,Mauna Loa (NOAA/Scripps)
1988-06-11,1988.444,354.2,Mauna Loa (NOAA/Scripps)
1988-06-18,1988.463,353.61,Mauna Loa (NOAA/Scripps)
1988-06-25,1988.482,353.19,Mauna Loa (NOAA/Scripps)
1988-07-02,1988.501,353.08,Mauna Loa (NOAA/Scripps)
1988-07-09,1988.52,352.56,Mauna Loa (NOAA/Scripps)
1988-07-16,1988.539,352.65,Mauna Loa (NOAA/Scripps)
1988-07-23,1988.559,351.96,Mauna Loa (NOAA/Scripps)
1988-07-30,1988.578,351.13,Mauna Loa (NOAA/Scripps)
1988-08-06,1988.597,350.95,Mauna Loa (NOAA/Scripps)
1988-08-13,1988.616,350.3,Mauna Loa (NOAA/Scripps)
1988-08-20,1988.635,350.49,Mauna Loa (NOAA/Scripps)
1988-08-27,1988.654,349.61,Mauna Loa (NOAA/Scripps)
1988-09-03,1988.674,349.38,Mauna Loa (NOAA/Scripps)
1988-09-10,1988.693,348.73,Mauna Loa (NOAA/Scripps)
1988-09-17,1988.712,348.95,Mauna Loa (NOAA/Scripps)
1988-09-24,1988.731,348.19,Mauna Loa (NOAA/Scripps)
1988-10-01,1988.75,348.82,Mauna Loa (NOAA/Scripps)
1988-10-08,1988.769,348.88,Mauna Loa (NOAA/Scripps)
1988-10-15,1988.789,348.68,Mauna Loa (NOAA/Scripps)
1988-10-22,1988.808,349.42,Mauna Loa (NOAA/Scripps)
1988-10-29,1988.827,349.29,Mauna Loa (NOAA/Scripps)
1988-11-05,1988.846,349.78,Mauna Loa (NOAA/Scripps)
1988-11-12,1988.865,349.89,Mauna Loa (NOAA/Scripps)
1988-11-19,1988.884,350.18,Mauna Loa (NOAA/Scripps)
1988-11-26,1988.903,350.48,Mauna Loa (NOAA/Scripps)
1988-12-03,1988.923,350.5,Mauna Loa (NOAA/Scripps)
1988-12-10,1988.942,351.02,Mauna Loa (NOAA/Scripps)
1988-12-17,1988.961,351.6,Mauna Loa (NOAA/Scripps)
1988-12-24,1988.98,351.36,Mauna Loa (NOAA/Scripps)
1988-12-31,1988.999,352.4,Mauna Loa (NOAA/Scripps)
1989-01-07,1989.016,352.77,Mauna Loa (NOAA/Scripps)
1989-01-14,1989.036,352.97,Mauna Loa (NOAA/Scripps)
1989-01-21,1989.055,352.51,Mauna Loa (NOAA/Scripps)
1989-01-28,1989.074,353.06,Mauna Loa (NOAA/Scripps)
1989-02-04,1989.093,352.83,Mauna Loa (NOAA/Scripps)
1989-02-11,1989.112,352.64,Mauna Loa (NOAA/Scripps)
1989-02-18,1989.131,353.22,Mauna Loa (NOAA/Scripps)
1989-02-25,1989.151,353.48,Mauna Loa (NOAA/Scripps)
1989-03-04,1989.17,353.17,Mauna Loa (NOAA/Scripps)
1989-03-11,1989.189,353.46,Mauna Loa (NOAA/Scripps)
1989-03-18,1989.208,353.55,Mauna Loa (NOAA/Scripps)
1989-03-25,1989.227,354.48,Mauna Loa (NOAA/Scripps)
1989-04-01,1989.246,354.56,Mauna Loa (NOAA/Scripps)
1989-04-08,1989.266,355.05,Mauna Loa (NOAA/Scripps)
1989-04-15,1989.285,355.41,Mauna Loa (NOAA/Scripps)
1989-04-22,1989.304,356.01,Mauna Loa (NOAA/Scripps)
1989-04-29,1989.323,355.9,Mauna Loa (NOAA/Scripps)
1989-05-06,1989.342,355.36,Mauna Loa (NOAA/Scripps)
1989-05-13,1989.361,355.82,Mauna Loa (NOAA/Scripps)
1989-05-20,1989.381,355.64,Mauna Loa (NOAA/Scripps)
1989-05-27,1989.4,355.76,Mauna Loa (NOAA/Scripps)
1989-06-03,1989.419,355.8,Mauna Loa (NOAA/Scripps)
1989-06-10,1989.438,355.09,Mauna Loa (NOAA/Scripps)
1989-06-17,1989.457,354.87,Mauna Loa (NOAA/Scripps)
1989-06-24,1989.476,354.9,Mauna Loa (NOAA/Scripps)
1989-07-01,1989.496,354.5,Mauna Loa (NOAA/Scripps)
1989-07-08,1989.515,354.76,Mauna Loa (NOAA/Scripps)
1989-07-15,1989.534,353.85,Mauna Loa (NOAA/Scripps)
1989-07-22,1989.553,353.19,Mauna Loa (NOAA/Scripps)
1989-07-29,1989.572,353.21,Mauna Loa (NOAA/Scripps)
1989-08-05,1989.591,352.62,Mauna Loa (NOAA/Scripps)
1989-08-12,1989.611,352.24,Mauna Loa (NOAA/Scripps)
1989-08-19,1989.63,351.16,Mauna Loa (NOAA/Scripps)
1989-08-26,1989.649,350.43,Mauna Loa (NOAA/Scripps)
1989-09-02,1989.668,350.79,Mauna Loa (NOAA/Scripps)
1989-09-09,1989.687,350.28,Mauna Loa (NOAA/Scripps)
1989-09-16,1989.706,349.41,Mauna Loa (NOAA/Scripps)
1989-09-23,1989.726,349.31,Mauna Loa (NOAA/Scripps)
1989-09-30,1989.745,349.71,Mauna Loa (NOAA/Scripps)
1989-10-07,1989.764,349.97,Mauna Loa (NOAA/Scripps)
1989-10-14,1989.783,349.74,Mauna Loa (NOAA/Scripps)
1989-10-21,1989.802,350.24,Mauna Loa (NOAA/Scripps)
1989-10-28,1989.821,350.47,Mauna Loa (NOAA/Scripps)
1989-11-04,1989.841,350.66,Mauna Loa (NOAA/Scripps)
1989-11-11,1989.86,351.29,Mauna Loa (NOAA/Scripps)
1989-11-18,1989.879,351.6,Mauna Loa (NOAA/Scripps)
1989-11-25,1989.898,351.46,Mauna Loa (NOAA/Scripps)
1989-12-02,1989.917,352.09,Mauna Loa (NOAA/Scripps)
1989-12-09,1989.936,352.16,Mauna Loa (NOAA/Scripps)
1989-12-16,1989.956,352.48,Mauna Loa (NOAA/Scripps)
1989-12-23,1989.975,352.59,Mauna Loa (NOAA/Scripps)
1989-12-30,1989.994,353.44,Mauna Loa (NOAA/Scripps)
1990-01-06,1990.014,353.47,Mauna Loa (NOAA/Scripps)
1990-01-13,1990.033,353.55,Mauna Loa (NOAA/Scripps)
1990-01-20,1990.052,353.8,Mauna Loa (NOAA/Scripps)
1990-01-27,1990.071,353.96,Mauna Loa (NOAA/Scripps)
1990-02-03,1990.09,354.13,Mauna Loa (NOAA/Scripps)
1990-02-10,1990.11,355.02,Mauna Loa (NOAA/Scripps)
1990-02-17,1990.129,354.87,Mauna Loa (NOAA/Scripps)
1990-02-24,1990.148,354.78,Mauna Loa (NOAA/Scripps)
1990-03-03,1990.167,355.72,Mauna Loa (NOAA/Scripps)
1990-03-10,1990.186,354.99,Mauna Loa (NOAA/Scripps)
1990-03-17,1990.205,355.84,Mauna Loa (NOAA/Scripps)
1990-03-24,1990.225,355.17,Mauna Loa (NOAA/Scripps)
1990-03-31,1990.244,355.95,Mauna Loa (NOAA/Scripps)
1990-04-07,1990.263,356.17,Mauna Loa (NOAA/Scripps)
1990-04-14,1990.282,355.9,Mauna Loa (NOAA/Scripps)
1990-04-21,1990.301,356.68,Mauna Loa (NOAA/Scripps)
1990-04-28,1990.32,356.18,Mauna Loa (NOAA/Scripps)
1990-05-05,1990.339,357.3,Mauna Loa (NOAA/Scripps)
1990-05-12,1990.359,357.09,Mauna Loa (NOAA/Scripps)
1990-05-19,1990.378,356.99,Mauna Loa (NOAA/Scripps)
1990-05-26,1990.397,357.13,Mauna Loa (NOAA/Scripps)
1990-06-02,1990.416,357.01,Mauna Loa (NOAA/Scripps)
1990-06-09,1990.435,356.63,Mauna Loa (NOAA/Scripps)
1990-06-16,1990.454,355.68,Mauna Loa (NOAA/Scripps)
1990-06-23,1990.474,355.53,Mauna Loa (NOAA/Scripps)
1990-06-30,1990.493,355.79,Mauna Loa (NOAA/Scripps)
1990-07-07,1990.512,355.51,Mauna Loa (NOAA/Scripps)
1990-07-14,1990.531,354.0,Mauna Loa (NOAA/Scripps)
1990-07-21,1990.55,354.59,Mauna Loa (NOAA/Scripps)
1990-07-28,1990.569,354.72,Mauna Loa (NOAA/Scripps)
1990-08-04,1990.589,353.56,Mauna Loa (NOAA/Scripps)
1990-08-11,1990.608,353.23,Mauna Loa (NOAA/Scripps)
1990-08-18,1990.627,352.92,Mauna Loa (NOAA/Scripps)
1990-08-25,1990.646,352.01,Mauna Loa (NOAA/Scripps)
1990-09-01,1990.665,350.99,Mauna Loa (NOAA/Scripps)
1990-09-08,1990.684,350.75,Mauna Loa (NOAA/Scripps)
1990-09-15,1990.704,351.33,Mauna Loa (NOAA/Scripps)
1990-09-22,1990.723,350.97,Mauna Loa (NOAA/Scripps)
1990-09-29,1990.742,350.92,Mauna Loa (NOAA/Scripps)
1990-10-06,1990.761,351.1,Mauna Loa (NOAA/Scripps)
1990-10-13,1990.78,351.08,Mauna Loa (NOAA/Scripps)
1990-10-20,1990.799,351.48,Mauna Loa (NOAA/Scripps)
1990-10-27,1990.819,351.47,Mauna Loa (NOAA/Scripps)
1990-11-03,1990.838,352.12,Mauna Loa (NOAA/Scripps)
1990-11-10,1990.857,352.62,Mauna Loa (NOAA/Scripps)
1990-11-17,1990.876,353.05,Mauna Loa (NOAA/Scripps)
1990-11-24,1990.895,353.18,Mauna Loa (NOAA/Scripps)
1990-12-01,1990.914,353.61,Mauna Loa (NOAA/Scripps)
1990-12-08,1990.934,354.07,Mauna Loa (NOAA/Scripps)
1990-12-15,1990.953,353.87,Mauna Loa (NOAA/Scripps)
1990-12-22,1990.972,354.51,Mauna Loa (NOAA/Scripps)
1990-12-29,1990.991,354.89,Mauna Loa (NOAA/Scripps)
1991-01-05,1991.011,354.28,Mauna Loa (NOAA/Scripps)
1991-01-12,1991.03,354.73,Mauna Loa (NOAA/Scripps)
1991-01-19,1991.049,354.86,Mauna Loa (NOAA/Scripps)
1991-01-26,1991.068,355.05,Mauna Loa (NOAA/Scripps)
1991-02-02,1991.088,355.22,Mauna Loa (NOAA/Scripps)
1991-02-09,1991.107,355.23,Mauna Loa (NOAA/Scripps)
1991-02-16,1991.126,356.4,Mauna Loa (NOAA/Scripps)
1991-02-23,1991.145,355.83,Mauna Loa (NOAA/Scripps)
1991-03-02,1991.164,356.41,Mauna Loa (NOAA/Scripps)
1991-03-09,1991.183,357.21,Mauna Loa (NOAA/Scripps)
1991-03-16,1991.203,357.69,Mauna Loa (NOAA/Scripps)
1991-03-23,1991.222,356.96,Mauna Loa (NOAA/Scripps)
1991-03-30,1991.241,357.94,Mauna Loa (NOAA/Scripps)
1991-04-06,1991.26,358.32,Mauna Loa (NOAA/Scripps)
1991-04-13,1991.279,357.83,Mauna Loa (NOAA/Scripps)
1991-04-20,1991.298,359.19,Mauna Loa (NOAA/Scripps)
1991-04-27,1991.318,359.24,Mauna Loa (NOAA/Scripps)
1991-05-04,1991.337,359.11,Mauna Loa (NOAA/Scripps)
1991-05-11,1991.356,358.94,Mauna Loa (NOAA/Scripps)
1991-05-18,1991.375,360.03,Mauna Loa (NOAA/Scripps)
1991-05-25,1991.394,359.08,Mauna Loa (NOAA/Scripps)
1991-06-01,1991.413,358.52,Mauna Loa (NOAA/Scripps)
1991-06-08,1991.433,358.46,Mauna Loa (NOAA/Scripps)
1991-06-15,1991.452,358.22,Mauna Loa (NOAA/Scripps)
1991-06-22,1991.471,358.12,Mauna Loa (NOAA/Scripps)
1991-06-29,1991.49,357.74,Mauna Loa (NOAA/Scripps)
1991-07-06,1991.509,357.27,Mauna Loa (NOAA/Scripps)
1991-07-13,1991.528,356.54,Mauna Loa (NOAA/Scripps)
1991-07-20,1991.548,355.26,Mauna Loa (NOAA/Scripps)
1991-07-27,1991.567,355.3,Mauna Loa (NOAA/Scripps)
1991-08-03,1991.586,354.89,Mauna Loa (NOAA/Scripps)
1991-08-10,1991.605,354.6,Mauna Loa (NOAA/Scripps)
1991-08-17,1991.624,353.78,Mauna Loa (NOAA/Scripps)
1991-08-24,1991.643,353.07,Mauna Loa (NOAA/Scripps)
1991-08-31,1991.663,353.22,Mauna Loa (NOAA/Scripps)
1991-09-07,1991.682,353.06,Mauna Loa (NOAA/Scripps)
1991-09-14,1991.701,352.12,Mauna Loa (NOAA/Scripps)
1991-09-21,1991.72,351.84,Mauna Loa (NOAA/Scripps)
1991-09-28,1991.739,351.69,Mauna Loa (NOAA/Scripps)
1991-10-05,1991.758,351.7,Mauna Loa (NOAA/Scripps)
1991-10-12,1991.778,352.18,Mauna Loa (NOAA/Scripps)
1991-10-19,1991.797,352.53,Mauna Loa (NOAA/Scripps)
1991-10-26,1991.816,352.72,Mauna Loa (NOAA/Scripps)
1991-11-02,1991.835,353.47,Mauna Loa (NOAA/Scripps)
1991-11-09,1991.854,353.76,Mauna Loa (NOAA/Scripps)
1991-11-16,1991.873,353.56,Mauna Loa (NOAA/Scripps)
1991-11-23,1991.893,353.86,Mauna Loa (NOAA/Scripps)
1991-11-30,1991.912,354.35,Mauna Loa (NOAA/Scripps)
1991-12-07,1991.931,354.54,Mauna Loa (NOAA/Scripps)
1991-12-14,1991.95,354.97,Mauna Loa (NOAA/Scripps)
1991-12-21,1991.969,355.22,Mauna Loa (NOAA/Scripps)
1991-12-28,1991.988,355.5,Mauna Loa (NOAA/Scripps)
1992-01-04,1992.008,355.69,Mauna Loa (NOAA/Scripps)
1992-01-11,1992.027,356.07,Mauna Loa (NOAA/Scripps)
1992-01-18,1992.047,356.19,Mauna Loa (NOAA/Scripps)
1992-01-25,1992.066,355.96,Mauna Loa (NOAA/Scripps)
1992-02-01,1992.085,356.05,Mauna Loa (NOAA/Scripps)
1992-02-08,1992.104,356.73,Mauna Loa (NOAA/Scripps)
1992-02-15,1992.123,357.33,Mauna Loa (NOAA/Scripps)
1992-02-22,1992.142,356.99,Mauna Loa (NOAA/Scripps)
1992-02-29,1992.162,356.58,Mauna Loa (NOAA/Scripps)
1992-03-07,1992.181,357.3,Mauna Loa (NOAA/Scripps)
1992-03-14,1992.2,357.8,Mauna Loa (NOAA/Scripps)
1992-03-21,1992.219,358.18,Mauna Loa (NOAA/Scripps)
1992-03-28,1992.238,358.42,Mauna Loa (NOAA/Scripps)
1992-04-04,1992.257,358.57,Mauna Loa (NOAA/Scripps)
1992-04-11,1992.277,358.99,Mauna Loa (NOAA/Scripps)
1992-04-18,1992.296,359.75,Mauna Loa (NOAA/Scripps)
1992-04-25,1992.315,359.25,Mauna Loa (NOAA/Scripps)
1992-05-02,1992.334,359.69,Mauna Loa (NOAA/Scripps)
1992-05-09,1992.353,359.73,Mauna Loa (NOAA/Scripps)
1992-05-16,1992.372,358.6,Mauna Loa (NOAA/Scripps)
1992-05-23,1992.392,359.65,Mauna Loa (NOAA/Scripps)
1992-05-30,1992.411,360.25,Mauna Loa (NOAA/Scripps)
1992-06-06,1992.43,360.03,Mauna Loa (NOAA/Scripps)
1992-06-13,1992.449,359.48,Mauna Loa (NOAA/Scripps)
1992-06-20,1992.468,358.75,Mauna Loa (NOAA/Scripps)
1992-06-27,1992.487,358.45,Mauna Loa (NOAA/Scripps)
1992-07-04,1992.507,358.47,Mauna Loa (NOAA/Scripps)
1992-07-11,1992.526,357.2,Mauna Loa (NOAA/Scripps)
1992-07-18,1992.545,356.37,Mauna Loa (NOAA/Scripps)
1992-07-25,1992.564,356.1,Mauna Loa (NOAA/Scripps)
1992-08-01,1992.583,354.99,Mauna Loa (NOAA/Scripps)
1992-08-08,1992.602,355.33,Mauna Loa (NOAA/Scripps)
1992-08-15,1992.621,355.32,Mauna Loa (NOAA/Scripps)
1992-08-22,1992.641,354.59,Mauna Loa (NOAA/Scripps)
1992-08-29,1992.66,354.34,Mauna Loa (NOAA/Scripps)
1992-09-05,1992.679,353.53,Mauna Loa (NOAA/Scripps)
1992-09-12,1992.698,353.66,Mauna Loa (NOAA/Scripps)
1992-09-19,1992.717,352.37,Mauna Loa (NOAA/Scripps)
1992-09-26,1992.736,352.75,Mauna Loa (NOAA/Scripps)
1992-10-03,1992.756,353.6,Mauna Loa (NOAA/Scripps)
1992-10-10,1992.775,353.38,Mauna Loa (NOAA/Scripps)
1992-10-17,1992.794,353.24,Mauna Loa (NOAA/Scripps)
1992-10-24,1992.813,353.51,Mauna Loa (NOAA/Scripps)
1992-10-31,1992.832,353.56,Mauna Loa (NOAA/Scripps)
1992-11-07,1992.851,353.99,Mauna Loa (NOAA/Scripps)
1992-11-14,1992.871,353.86,Mauna Loa (NOAA/Scripps)
1992-11-21,1992.89,354.57,Mauna Loa (NOAA/Scripps)
1992-11-28,1992.909,354.64,Mauna Loa (NOAA/Scripps)
1992-12-05,1992.928,354.85,Mauna Loa (NOAA/Scripps)
1992-12-12,1992.947,355.37,Mauna Loa (NOAA/Scripps)
1992-12-19,1992.966,355.46,Mauna Loa (NOAA/Scripps)
1992-12-26,1992.986,355.97,Mauna Loa (NOAA/Scripps)
1993-01-02,1993.003,356.29,Mauna Loa (NOAA/Scripps)
1993-01-09,1993.022,356.96,Mauna Loa (NOAA/Scripps)
1993-01-16,1993.041,356.72,Mauna Loa (NOAA/Scripps)
1993-01-23,1993.06,356.66,Mauna Loa (NOAA/Scripps)
1993-01-30,1993.079,357.03,Mauna Loa (NOAA/Scripps)
1993-02-06,1993.099,356.62,Mauna Loa (NOAA/Scripps)
1993-02-13,1993.118,357.23,Mauna Loa (NOAA/Scripps)
1993-02-20,1993.137,357.36,Mauna Loa (NOAA/Scripps)
1993-02-27,1993.156,357.68,Mauna Loa (NOAA/Scripps)
1993-03-06,1993.175,358.39,Mauna Loa (NOAA/Scripps)
1993-03-13,1993.194,358.52,Mauna Loa (NOAA/Scripps)
1993-03-20,1993.214,358.13,Mauna Loa (NOAA/Scripps)
1993-03-27,1993.233,358.85,Mauna Loa (NOAA/Scripps)
1993-04-03,1993.252,359.17,Mauna Loa (NOAA/Scripps)
1993-04-10,1993.271,358.87,Mauna Loa (NOAA/Scripps)
1993-04-17,1993.29,359.42,Mauna Loa (NOAA/Scripps)
1993-04-24,1993.309,360.03,Mauna Loa (NOAA/Scripps)
1993-05-01,1993.329,359.62,Mauna Loa (NOAA/Scripps)
1993-05-08,1993.348,359.78,Mauna Loa (NOAA/Scripps)
1993-05-15,1993.367,360.7,Mauna Loa (NOAA/Scripps)
1993-05-22,1993.386,360.62,Mauna Loa (NOAA/Scripps)
1993-05-29,1993.405,360.35,Mauna Loa (NOAA/Scripps)
1993-06-05,1993.424,359.79,Mauna Loa (NOAA/Scripps)
1993-06-12,1993.444,359.92,Mauna Loa (NOAA/Scripps)
1993-06-19,1993.463,359.34,Mauna Loa (NOAA/Scripps)
1993-06-26,1993.482,359.15,Mauna Loa (NOAA/Scripps)
1993-07-03,1993.501,357.91,Mauna Loa (NOAA/Scripps)
1993-07-10,1993.52,358.02,Mauna Loa (NOAA/Scripps)
1993-07-17,1993.539,358.1,Mauna Loa (NOAA/Scripps)
1993-07-24,1993.559,356.69,Mauna Loa (NOAA/Scripps)
1993-07-31,1993.578,356.52,Mauna Loa (NOAA/Scripps)
1993-08-07,1993.597,355.88,Mauna Loa (NOAA/Scripps)
1993-08-14,1993.616,355.95,Mauna Loa (NOAA/Scripps)
1993-08-21,1993.635,354.9,Mauna Loa (NOAA/Scripps)
1993-08-28,1993.654,354.72,Mauna Loa (NOAA/Scripps)
1993-09-04,1993.674,354.3,Mauna Loa (NOAA/Scripps)
1993-09-11,1993.693,353.23,Mauna Loa (NOAA/Scripps)
1993-09-18,1993.712,353.81,Mauna Loa (NOAA/Scripps)
1993-09-25,1993.731,353.86,Mauna Loa (NOAA/Scripps)
1993-10-02,1993.75,353.8,Mauna Loa (NOAA/Scripps)
1993-10-09,1993.769,353.87,Mauna Loa (NOAA/Scripps)
1993-10-16,1993.789,354.0,Mauna Loa (NOAA/Scripps)
1993-10-23,1993.808,354.45,Mauna Loa (NOAA/Scripps)
1993-10-30,1993.827,354.38,Mauna Loa (NOAA/Scripps)
1993-11-06,1993.846,354.78,Mauna Loa (NOAA/Scripps)
1993-11-13,1993.865,355.16,Mauna Loa (NOAA/Scripps)
1993-11-20,1993.884,355.65,Mauna Loa (NOAA/Scripps)
1993-11-27,1993.903,356.03,Mauna Loa (NOAA/Scripps)
1993-12-04,1993.923,356.27,Mauna Loa (NOAA/Scripps)
1993-12-11,1993.942,356.52,Mauna Loa (NOAA/Scripps)
1993-12-18,1993.961,356.99,Mauna Loa (NOAA/Scripps)
1993-12-25,1993.98,357.5,Mauna Loa (NOAA/Scripps)
1994-01-01,1994.0,358.14,Mauna Loa (NOAA/Scripps)
1994-01-08,1994.019,358.12,Mauna Loa (NOAA/Scripps)
1994-01-15,1994.038,358.43,Mauna Loa (NOAA/Scripps)
1994-01-22,1994.057,358.33,Mauna Loa (NOAA/Scripps)
1994-01-29,1994.077,358.78,Mauna Loa (NOAA/Scripps)
1994-02-05,1994.096,358.49,Mauna Loa (NOAA/Scripps)
1994-02-12,1994.115,358.61,Mauna Loa (NOAA/Scripps)
1994-02-19,1994.134,359.02,Mauna Loa (NOAA/Scripps)
1994-02-26,1994.153,359.64,Mauna Loa (NOAA/Scripps)
1994-03-05,1994.172,358.77,Mauna Loa (NOAA/Scripps)
1994-03-12,1994.192,359.86,Mauna Loa (NOAA/Scripps)
1994-03-19,1994.211,360.49,Mauna Loa (NOAA/Scripps)
1994-03-26,1994.23,360.83,Mauna Loa (NOAA/Scripps)
1994-04-02,1994.249,360.68,Mauna Loa (NOAA/Scripps)
1994-04-09,1994.268,361.01,Mauna Loa (NOAA/Scripps)
1994-04-16,1994.287,361.07,Mauna Loa (NOAA/Scripps)
1994-04-23,1994.307,361.34,Mauna Loa (NOAA/Scripps)
1994-04-30,1994.326,362.25,Mauna Loa (NOAA/Scripps)
1994-05-07,1994.345,361.63,Mauna Loa (NOAA/Scripps)
1994-05-14,1994.364,361.42,Mauna Loa (NOAA/Scripps)
1994-05-21,1994.383,361.78,Mauna Loa (NOAA/Scripps)
1994-05-28,1994.402,361.91,Mauna Loa (NOAA/Scripps)
1994-06-04,1994.422,361.04,Mauna Loa (NOAA/Scripps)
1994-06-11,1994.441,361.07,Mauna Loa (NOAA/Scripps)
1994-06-18,1994.46,360.93,Mauna Loa (NOAA/Scripps)
1994-06-25,1994.479,360.7,Mauna Loa (NOAA/Scripps)
1994-07-02,1994.498,360.22,Mauna Loa (NOAA/Scripps)
1994-07-09,1994.517,359.9,Mauna Loa (NOAA/Scripps)
1994-07-16,1994.537,359.43,Mauna Loa (NOAA/Scripps)
1994-07-23,1994.556,359.0,Mauna Loa (NOAA/Scripps)
1994-07-30,1994.575,358.81,Mauna Loa (NOAA/Scripps)
1994-08-06,1994.594,358.1,Mauna Loa (NOAA/Scripps)
1994-08-13,1994.613,357.52,Mauna Loa (NOAA/Scripps)
1994-08-20,1994.632,357.63,Mauna Loa (NOAA/Scripps)
1994-08-27,1994.652,356.39,Mauna Loa (NOAA/Scripps)
1994-09-03,1994.671,356.44,Mauna Loa (NOAA/Scripps)
1994-09-10,1994.69,356.46,Mauna Loa (NOAA/Scripps)
1994-09-17,1994.709,355.46,Mauna Loa (NOAA/Scripps)
1994-09-24,1994.728,355.5,Mauna Loa (NOAA/Scripps)
1994-10-01,1994.747,355.46,Mauna Loa (NOAA/Scripps)
1994-10-08,1994.767,355.81,Mauna Loa (NOAA/Scripps)
1994-10-15,1994.786,356.09,Mauna Loa (NOAA/Scripps)
1994-10-22,1994.805,356.39,Mauna Loa (NOAA/Scripps)
1994-10-29,1994.824,356.61,Mauna Loa (NOAA/Scripps)
1994-11-05,1994.843,356.97,Mauna Loa (NOAA/Scripps)
1994-11-12,1994.862,357.4,Mauna Loa (NOAA/Scripps)
1994-11-19,1994.882,357.93,Mauna Loa (NOAA/Scripps)
1994-11-26,1994.901,358.11,Mauna Loa (NOAA/Scripps)
1994-12-03,1994.92,358.43,Mauna Loa (NOAA/Scripps)
1994-12-10,1994.939,359.13,Mauna Loa (NOAA/Scripps)
1994-12-17,1994.958,359.25,Mauna Loa (NOAA/Scripps)
1994-12-24,1994.977,359.15,Mauna Loa (NOAA/Scripps)
1994-12-31,1994.997,359.52,Mauna Loa (NOAA/Scripps)
1995-01-07,1995.016,359.68,Mauna Loa (NOAA/Scripps)
1995-01-14,1995.036,360.28,Mauna Loa (NOAA/Scripps)
1995-01-21,1995.055,360.12,Mauna Loa (NOAA/Scripps)
1995-01-28,1995.074,360.04,Mauna Loa (NOAA/Scripps)
1995-02-04,1995.093,360.67,Mauna Loa (NOAA/Scripps)
1995-02-11,1995.112,361.09,Mauna Loa (NOAA/Scripps)
1995-02-18,1995.131,360.88,Mauna Loa (NOAA/Scripps)
1995-02-25,1995.151,361.36,Mauna Loa (NOAA/Scripps)
1995-03-04,1995.17,362.2,Mauna Loa (NOAA/Scripps)
1995-03-11,1995.189,361.24,Mauna Loa (NOAA/Scripps)
1995-03-18,1995.208,360.99,Mauna Loa (NOAA/Scripps)
1995-03-25,1995.227,362.0,Mauna Loa (NOAA/Scripps)
1995-04-01,1995.246,363.8,Mauna Loa (NOAA/Scripps)
1995-04-08,1995.266,363.44,Mauna Loa (NOAA/Scripps)
1995-04-15,1995.285,363.34,Mauna Loa (NOAA/Scripps)
1995-04-22,1995.304,362.89,Mauna Loa (NOAA/Scripps)
1995-04-29,1995.323,363.58,Mauna Loa (NOAA/Scripps)
1995-05-06,1995.342,363.24,Mauna Loa (NOAA/Scripps)
1995-05-13,1995.361,364.11,Mauna Loa (NOAA/Scripps)
1995-05-20,1995.381,364.18,Mauna Loa (NOAA/Scripps)
1995-05-27,1995.4,363.47,Mauna Loa (NOAA/Scripps)
1995-06-03,1995.419,363.92,Mauna Loa (NOAA/Scripps)
1995-06-10,1995.438,363.47,Mauna Loa (NOAA/Scripps)
1995-06-17,1995.457,362.96,Mauna Loa (NOAA/Scripps)
1995-06-24,1995.476,362.81,Mauna Loa (NOAA/Scripps)
1995-07-01,1995.496,362.53,Mauna Loa (NOAA/Scripps)
1995-07-08,1995.515,362.27,Mauna Loa (NOAA/Scripps)
1995-07-15,1995.534,361.97,Mauna Loa (NOAA/Scripps)
1995-07-22,1995.553,361.58,Mauna Loa (NOAA/Scripps)
1995-07-29,1995.572,360.98,Mauna Loa (NOAA/Scripps)
1995-08-05,1995.591,360.45,Mauna Loa (NOAA/Scripps)
1995-08-12,1995.611,359.21,Mauna Loa (NOAA/Scripps)
1995-08-19,1995.63,358.72,Mauna Loa (NOAA/Scripps)
1995-08-26,1995.649,359.29,Mauna Loa (NOAA/Scripps)
1995-09-02,1995.668,357.37,Mauna Loa (NOAA/Scripps)
1995-09-09,1995.687,358.5,Mauna Loa (NOAA/Scripps)
1995-09-16,1995.706,358.58,Mauna Loa (NOAA/Scripps)
1995-09-23,1995.726,358.2,Mauna Loa (NOAA/Scripps)
1995-09-30,1995.745,357.56,Mauna Loa (NOAA/Scripps)
1995-10-07,1995.764,357.65,Mauna Loa (NOAA/Scripps)
1995-10-14,1995.783,357.6,Mauna Loa (NOAA/Scripps)
1995-10-21,1995.802,358.04,Mauna Loa (NOAA/Scripps)
1995-10-28,1995.821,358.23,Mauna Loa (NOAA/Scripps)
1995-11-04,1995.841,359.19,Mauna Loa (NOAA/Scripps)
1995-11-11,1995.86,359.43,Mauna Loa (NOAA/Scripps)
1995-11-18,1995.879,359.69,Mauna Loa (NOAA/Scripps)
1995-11-25,1995.898,359.87,Mauna Loa (NOAA/Scripps)
1995-12-02,1995.917,360.13,Mauna Loa (NOAA/Scripps)
1995-12-09,1995.936,360.43,Mauna Loa (NOAA/Scripps)
1995-12-16,1995.956,360.53,Mauna Loa (NOAA/Scripps)
1995-12-23,1995.975,360.89,Mauna Loa (NOAA/Scripps)
1995-12-30,1995.994,361.73,Mauna Loa (NOAA/Scripps)
1996-01-06,1996.014,361.81,Mauna Loa (NOAA/Scripps)
1996-01-13,1996.033,362.06,Mauna Loa (NOAA/Scripps)
1996-01-20,1996.052,362.17,Mauna Loa (NOAA/Scripps)
1996-01-27,1996.071,362.23,Mauna Loa (NOAA/Scripps)
1996-02-03,1996.09,362.68,Mauna Loa (NOAA/Scripps)
1996-02-10,1996.11,363.12,Mauna Loa (NOAA/Scripps)
1996-02-17,1996.129,363.01,Mauna Loa (NOAA/Scripps)
1996-02-24,1996.148,364.03,Mauna Loa (NOAA/Scripps)
1996-03-02,1996.167,363.84,Mauna Loa (NOAA/Scripps)
1996-03-09,1996.186,363.66,Mauna Loa (NOAA/Scripps)
1996-03-16,1996.205,364.1,Mauna Loa (NOAA/Scripps)
1996-03-23,1996.225,364.53,Mauna Loa (NOAA/Scripps)
1996-03-30,1996.244,364.35,Mauna Loa (NOAA/Scripps)
1996-04-06,1996.263,364.57,Mauna Loa (NOAA/Scripps)
1996-04-13,1996.282,364.89,Mauna Loa (NOAA/Scripps)
1996-04-20,1996.301,364.4,Mauna Loa (NOAA/Scripps)
1996-04-27,1996.32,365.13,Mauna Loa (NOAA/Scripps)
1996-05-04,1996.339,364.92,Mauna Loa (NOAA/Scripps)
1996-05-11,1996.359,365.37,Mauna Loa (NOAA/Scripps)
1996-05-18,1996.378,365.74,Mauna Loa (NOAA/Scripps)
1996-05-25,1996.397,365.43,Mauna Loa (NOAA/Scripps)
1996-06-01,1996.416,364.86,Mauna Loa (NOAA/Scripps)
1996-06-08,1996.435,365.19,Mauna Loa (NOAA/Scripps)
1996-06-15,1996.454,365.27,Mauna Loa (NOAA/Scripps)
1996-06-22,1996.474,365.0,Mauna Loa (NOAA/Scripps)
1996-06-29,1996.493,364.3,Mauna Loa (NOAA/Scripps)
1996-07-06,1996.512,364.19,Mauna Loa (NOAA/Scripps)
1996-07-13,1996.531,363.75,Mauna Loa (NOAA/Scripps)
1996-07-20,1996.55,363.38,Mauna Loa (NOAA/Scripps)
1996-07-27,1996.569,362.84,Mauna Loa (NOAA/Scripps)
1996-08-03,1996.589,361.78,Mauna Loa (NOAA/Scripps)
1996-08-10,1996.608,362.1,Mauna Loa (NOAA/Scripps)
1996-08-17,1996.627,361.29,Mauna Loa (NOAA/Scripps)
1996-08-24,1996.646,360.85,Mauna Loa (NOAA/Scripps)
1996-08-31,1996.665,360.82,Mauna Loa (NOAA/Scripps)
1996-09-07,1996.684,359.86,Mauna Loa (NOAA/Scripps)
1996-09-14,1996.704,359.82,Mauna Loa (NOAA/Scripps)
1996-09-21,1996.723,359.09,Mauna Loa (NOAA/Scripps)
1996-09-28,1996.742,359.04,Mauna Loa (NOAA/Scripps)
1996-10-05,1996.761,359.45,Mauna Loa (NOAA/Scripps)
1996-10-12,1996.78,359.52,Mauna Loa (NOAA/Scripps)
1996-10-19,1996.799,359.86,Mauna Loa (NOAA/Scripps)
1996-10-26,1996.819,359.87,Mauna Loa (NOAA/Scripps)
1996-11-02,1996.838,359.94,Mauna Loa (NOAA/Scripps)
1996-11-09,1996.857,360.52,Mauna Loa (NOAA/Scripps)
1996-11-16,1996.876,360.79,Mauna Loa (NOAA/Scripps)
1996-11-23,1996.895,361.24,Mauna Loa (NOAA/Scripps)
1996-11-30,1996.914,361.4,Mauna Loa (NOAA/Scripps)
1996-12-07,1996.934,361.97,Mauna Loa (NOAA/Scripps)
1996-12-14,1996.953,362.68,Mauna Loa (NOAA/Scripps)
1996-12-21,1996.972,362.47,Mauna Loa (NOAA/Scripps)
1996-12-28,1996.991,362.62,Mauna Loa (NOAA/Scripps)
1997-01-04,1997.008,362.95,Mauna Loa (NOAA/Scripps)
1997-01-11,1997.027,363.0,Mauna Loa (NOAA/Scripps)
1997-01-18,1997.047,363.16,Mauna Loa (NOAA/Scripps)
1997-01-25,1997.066,363.51,Mauna Loa (NOAA/Scripps)
1997-02-01,1997.085,363.28,Mauna Loa (NOAA/Scripps)
1997-02-08,1997.104,364.19,Mauna Loa (NOAA/Scripps)
1997-02-15,1997.123,364.02,Mauna Loa (NOAA/Scripps)
1997-02-22,1997.142,364.24,Mauna Loa (NOAA/Scripps)
1997-03-01,1997.162,364.5,Mauna Loa (NOAA/Scripps)
1997-03-08,1997.181,364.16,Mauna Loa (NOAA/Scripps)
1997-03-15,1997.2,364.19,Mauna Loa (NOAA/Scripps)
1997-03-22,1997.219,364.75,Mauna Loa (NOAA/Scripps)
1997-03-29,1997.238,365.43,Mauna Loa (NOAA/Scripps)
1997-04-05,1997.257,365.8,Mauna Loa (NOAA/Scripps)
1997-04-12,1997.277,366.25,Mauna Loa (NOAA/Scripps)
1997-04-19,1997.296,366.69,Mauna Loa (NOAA/Scripps)
1997-04-26,1997.315,366.79,Mauna Loa (NOAA/Scripps)
1997-05-03,1997.334,366.76,Mauna Loa (NOAA/Scripps)
1997-05-10,1997.353,366.8,Mauna Loa (NOAA/Scripps)
1997-05-17,1997.372,367.03,Mauna Loa (NOAA/Scripps)
1997-05-24,1997.392,366.61,Mauna Loa (NOAA/Scripps)
1997-05-31,1997.411,366.36,Mauna Loa (NOAA/Scripps)
1997-06-07,1997.43,365.71,Mauna Loa (NOAA/Scripps)
1997-06-14,1997.449,365.61,Mauna Loa (NOAA/Scripps)
1997-06-21,1997.468,365.53,Mauna Loa (NOAA/Scripps)
1997-06-28,1997.487,365.16,Mauna Loa (NOAA/Scripps)
1997-07-05,1997.507,365.09,Mauna Loa (NOAA/Scripps)
1997-07-12,1997.526,364.67,Mauna Loa (NOAA/Scripps)
1997-07-19,1997.545,364.11,Mauna Loa (NOAA/Scripps)
1997-07-26,1997.564,363.8,Mauna Loa (NOAA/Scripps)
1997-08-02,1997.583,363.39,Mauna Loa (NOAA/Scripps)
1997-08-09,1997.602,363.36,Mauna Loa (NOAA/Scripps)
1997-08-16,1997.621,362.63,Mauna Loa (NOAA/Scripps)
1997-08-23,1997.641,361.51,Mauna Loa (NOAA/Scripps)
1997-08-30,1997.66,361.66,Mauna Loa (NOAA/Scripps)
1997-09-06,1997.679,360.69,Mauna Loa (NOAA/Scripps)
1997-09-13,1997.698,360.26,Mauna Loa (NOAA/Scripps)
1997-09-20,1997.717,360.08,Mauna Loa (NOAA/Scripps)
1997-09-27,1997.736,359.81,Mauna Loa (NOAA/Scripps)
1997-10-04,1997.756,360.54,Mauna Loa (NOAA/Scripps)
1997-10-11,1997.775,360.49,Mauna Loa (NOAA/Scripps)
1997-10-18,1997.794,361.07,Mauna Loa (NOAA/Scripps)
1997-10-25,1997.813,361.13,Mauna Loa (NOAA/Scripps)
1997-11-01,1997.832,361.71,Mauna Loa (NOAA/Scripps)
1997-11-08,1997.851,362.19,Mauna Loa (NOAA/Scripps)
1997-11-15,1997.871,362.06,Mauna Loa (NOAA/Scripps)
1997-11-22,1997.89,362.65,Mauna Loa (NOAA/Scripps)
1997-11-29,1997.909,363.51,Mauna Loa (NOAA/Scripps)
1997-12-06,1997.928,363.97,Mauna Loa (NOAA/Scripps)
1997-12-13,1997.947,363.95,Mauna Loa (NOAA/Scripps)
1997-12-20,1997.966,364.27,Mauna Loa (NOAA/Scripps)
1997-12-27,1997.986,365.09,Mauna Loa (NOAA/Scripps)
1998-01-03,1998.005,365.24,Mauna Loa (NOAA/Scripps)
1998-01-10,1998.025,365.3,Mauna Loa (NOAA/Scripps)
1998-01-17,1998.044,365.35,Mauna Loa (NOAA/Scripps)
1998-01-24,1998.063,365.38,Mauna Loa (NOAA/Scripps)
1998-01-31,1998.082,365.69,Mauna Loa (NOAA/Scripps)
1998-02-07,1998.101,366.06,Mauna Loa (NOAA/Scripps)
1998-02-14,1998.12,365.52,Mauna Loa (NOAA/Scripps)
1998-02-21,1998.14,366.08,Mauna Loa (NOAA/Scripps)
1998-02-28,1998.159,367.36,Mauna Loa (NOAA/Scripps)
1998-03-07,1998.178,367.02,Mauna Loa (NOAA/Scripps)
1998-03-14,1998.197,366.66,Mauna Loa (NOAA/Scripps)
1998-03-21,1998.216,367.49,Mauna Loa (NOAA/Scripps)
1998-03-28,1998.235,368.57,Mauna Loa (NOAA/Scripps)
1998-04-04,1998.255,368.69,Mauna Loa (NOAA/Scripps)
1998-04-11,1998.274,368.68,Mauna Loa (NOAA/Scripps)
1998-04-18,1998.293,368.05,Mauna Loa (NOAA/Scripps)
1998-04-25,1998.312,368.9,Mauna Loa (NOAA/Scripps)
1998-05-02,1998.331,369.17,Mauna Loa (NOAA/Scripps)
1998-05-09,1998.35,368.83,Mauna Loa (NOAA/Scripps)
1998-05-16,1998.37,368.51,Mauna Loa (NOAA/Scripps)
1998-05-23,1998.389,369.66,Mauna Loa (NOAA/Scripps)
1998-05-30,1998.408,369.7,Mauna Loa (NOAA/Scripps)
1998-06-06,1998.427,369.41,Mauna Loa (NOAA/Scripps)
1998-06-13,1998.446,368.88,Mauna Loa (NOAA/Scripps)
1998-06-20,1998.465,368.54,Mauna Loa (NOAA/Scripps)
1998-06-27,1998.485,368.36,Mauna Loa (NOAA/Scripps)
1998-07-04,1998.504,368.05,Mauna Loa (NOAA/Scripps)
1998-07-11,1998.523,367.54,Mauna Loa (NOAA/Scripps)
1998-07-18,1998.542,367.67,Mauna Loa (NOAA/Scripps)
1998-07-25,1998.561,367.36,Mauna Loa (NOAA/Scripps)
1998-08-01,1998.58,366.88,Mauna Loa (NOAA/Scripps)
1998-08-08,1998.6,366.46,Mauna Loa (NOAA/Scripps)
1998-08-15,1998.619,365.64,Mauna Loa (NOAA/Scripps)
1998-08-22,1998.638,365.63,Mauna Loa (NOAA/Scripps)
1998-08-29,1998.657,364.25,Mauna Loa (NOAA/Scripps)
1998-09-05,1998.676,364.74,Mauna Loa (NOAA/Scripps)
1998-09-12,1998.695,363.96,Mauna Loa (NOAA/Scripps)
1998-09-19,1998.715,363.5,Mauna Loa (NOAA/Scripps)
1998-09-26,1998.734,363.6,Mauna Loa (NOAA/Scripps)
1998-10-03,1998.753,364.01,Mauna Loa (NOAA/Scripps)
1998-10-10,1998.772,364.17,Mauna Loa (NOAA/Scripps)
1998-10-17,1998.791,364.46,Mauna Loa (NOAA/Scripps)
1998-10-24,1998.81,364.49,Mauna Loa (NOAA/Scripps)
1998-10-31,1998.83,364.7,Mauna Loa (NOAA/Scripps)
1998-11-07,1998.849,365.05,Mauna Loa (NOAA/Scripps)
1998-11-14,1998.868,365.48,Mauna Loa (NOAA/Scripps)
1998-11-21,1998.887,365.8,Mauna Loa (NOAA/Scripps)
1998-11-28,1998.906,366.0,Mauna Loa (NOAA/Scripps)
1998-12-05,1998.925,366.46,Mauna Loa (NOAA/Scripps)
1998-12-12,1998.945,366.74,Mauna Loa (NOAA/Scripps)
1998-12-19,1998.964,367.3,Mauna Loa (NOAA/Scripps)
1998-12-26,1998.983,367.38,Mauna Loa (NOAA/Scripps)
1999-01-02,1999.003,367.58,Mauna Loa (NOAA/Scripps)
1999-01-09,1999.022,367.87,Mauna Loa (NOAA/Scripps)
1999-01-16,1999.041,367.8,Mauna Loa (NOAA/Scripps)
1999-01-23,1999.06,368.33,Mauna Loa (NOAA/Scripps)
1999-01-30,1999.079,369.25,Mauna Loa (NOAA/Scripps)
1999-02-06,1999.099,369.19,Mauna Loa (NOAA/Scripps)
1999-02-13,1999.118,368.9,Mauna Loa (NOAA/Scripps)
1999-02-20,1999.137,369.05,Mauna Loa (NOAA/Scripps)
1999-02-27,1999.156,368.52,Mauna Loa (NOAA/Scripps)
1999-03-06,1999.175,368.13,Mauna Loa (NOAA/Scripps)
1999-03-13,1999.194,369.58,Mauna Loa (NOAA/Scripps)
1999-03-20,1999.214,370.27,Mauna Loa (NOAA/Scripps)
1999-03-27,1999.233,370.65,Mauna Loa (NOAA/Scripps)
1999-04-03,1999.252,371.11,Mauna Loa (NOAA/Scripps)
1999-04-10,1999.271,371.59,Mauna Loa (NOAA/Scripps)
1999-04-17,1999.29,371.07,Mauna Loa (NOAA/Scripps)
1999-04-24,1999.309,370.32,Mauna Loa (NOAA/Scripps)
1999-05-01,1999.329,370.82,Mauna Loa (NOAA/Scripps)
1999-05-08,1999.348,371.33,Mauna Loa (NOAA/Scripps)
1999-05-15,1999.367,371.09,Mauna Loa (NOAA/Scripps)
1999-05-22,1999.386,370.89,Mauna Loa (NOAA/Scripps)
1999-05-29,1999.405,370.41,Mauna Loa (NOAA/Scripps)
1999-06-05,1999.424,370.98,Mauna Loa (NOAA/Scripps)
1999-06-12,1999.444,370.33,Mauna Loa (NOAA/Scripps)
1999-06-19,1999.463,369.97,Mauna Loa (NOAA/Scripps)
1999-06-26,1999.482,369.97,Mauna Loa (NOAA/Scripps)
1999-07-03,1999.501,369.49,Mauna Loa (NOAA/Scripps)
1999-07-10,1999.52,370.15,Mauna Loa (NOAA/Scripps)
1999-07-17,1999.539,369.54,Mauna Loa (NOAA/Scripps)
1999-07-24,1999.559,368.66,Mauna Loa (NOAA/Scripps)
1999-07-31,1999.578,367.48,Mauna Loa (NOAA/Scripps)
1999-08-07,1999.597,367.65,Mauna Loa (NOAA/Scripps)
1999-08-14,1999.616,366.77,Mauna Loa (NOAA/Scripps)
1999-08-21,1999.635,366.44,Mauna Loa (NOAA/Scripps)
1999-08-28,1999.654,366.16,Mauna Loa (NOAA/Scripps)
1999-09-04,1999.674,364.22,Mauna Loa (NOAA/Scripps)
1999-09-11,1999.693,364.75,Mauna Loa (NOAA/Scripps)
1999-09-18,1999.712,365.25,Mauna Loa (NOAA/Scripps)
1999-09-25,1999.731,364.74,Mauna Loa (NOAA/Scripps)
1999-10-02,1999.75,364.62,Mauna Loa (NOAA/Scripps)
1999-10-09,1999.769,365.11,Mauna Loa (NOAA/Scripps)
1999-10-16,1999.789,364.94,Mauna Loa (NOAA/Scripps)
1999-10-23,1999.808,365.7,Mauna Loa (NOAA/Scripps)
1999-10-30,1999.827,365.81,Mauna Loa (NOAA/Scripps)
1999-11-06,1999.846,366.24,Mauna Loa (NOAA/Scripps)
1999-11-13,1999.865,366.75,Mauna Loa (NOAA/Scripps)
1999-11-20,1999.884,366.74,Mauna Loa (NOAA/Scripps)
1999-11-27,1999.903,367.2,Mauna Loa (NOAA/Scripps)
1999-12-04,1999.923,367.47,Mauna Loa (NOAA/Scripps)
1999-12-11,1999.942,368.1,Mauna Loa (NOAA/Scripps)
1999-12-18,1999.961,368.05,Mauna Loa (NOAA/Scripps)
1999-12-25,1999.98,368.27,Mauna Loa (NOAA/Scripps)
2000-01-01,2000.0,368.74,Mauna Loa (NOAA/Scripps)
2000-01-08,2000.019,368.63,Mauna Loa (NOAA/Scripps)
2000-01-15,2000.038,369.12,Mauna Loa (NOAA/Scripps)
2000-01-22,2000.057,369.93,Mauna Loa (NOAA/Scripps)
2000-01-29,2000.077,369.35,Mauna Loa (NOAA/Scripps)
2000-02-05,2000.096,369.18,Mauna Loa (NOAA/Scripps)
2000-02-12,2000.115,369.66,Mauna Loa (NOAA/Scripps)
2000-02-19,2000.134,369.45,Mauna Loa (NOAA/Scripps)
2000-02-26,2000.153,369.61,Mauna Loa (NOAA/Scripps)
2000-03-04,2000.172,370.11,Mauna Loa (NOAA/Scripps)
2000-03-11,2000.192,370.09,Mauna Loa (NOAA/Scripps)
2000-03-18,2000.211,370.98,Mauna Loa (NOAA/Scripps)
2000-03-25,2000.23,370.86,Mauna Loa (NOAA/Scripps)
2000-04-01,2000.249,371.04,Mauna Loa (NOAA/Scripps)
2000-04-08,2000.268,371.81,Mauna Loa (NOAA/Scripps)
2000-04-15,2000.287,371.91,Mauna Loa (NOAA/Scripps)
2000-04-22,2000.307,372.1,Mauna Loa (NOAA/Scripps)
2000-04-29,2000.326,371.37,Mauna Loa (NOAA/Scripps)
2000-05-06,2000.345,371.36,Mauna Loa (NOAA/Scripps)
2000-05-13,2000.364,371.83,Mauna Loa (NOAA/Scripps)
2000-05-20,2000.383,372.01,Mauna Loa (NOAA/Scripps)
2000-05-27,2000.402,371.91,Mauna Loa (NOAA/Scripps)
2000-06-03,2000.422,371.98,Mauna Loa (NOAA/Scripps)
2000-06-10,2000.441,371.71,Mauna Loa (NOAA/Scripps)
2000-06-17,2000.46,371.82,Mauna Loa (NOAA/Scripps)
2000-06-24,2000.479,371.41,Mauna Loa (NOAA/Scripps)
2000-07-01,2000.498,370.96,Mauna Loa (NOAA/Scripps)
2000-07-08,2000.517,370.17,Mauna Loa (NOAA/Scripps)
2000-07-15,2000.537,370.29,Mauna Loa (NOAA/Scripps)
2000-07-22,2000.556,369.85,Mauna Loa (NOAA/Scripps)
2000-07-29,2000.575,369.1,Mauna Loa (NOAA/Scripps)
2000-08-05,2000.594,368.86,Mauna Loa (NOAA/Scripps)
2000-08-12,2000.613,368.46,Mauna Loa (NOAA/Scripps)
2000-08-19,2000.632,367.78,Mauna Loa (NOAA/Scripps)
2000-08-26,2000.652,367.25,Mauna Loa (NOAA/Scripps)
2000-09-02,2000.671,367.28,Mauna Loa (NOAA/Scripps)
2000-09-09,2000.69,366.84,Mauna Loa (NOAA/Scripps)
2000-09-16,2000.709,366.35,Mauna Loa (NOAA/Scripps)
2000-09-23,2000.728,366.34,Mauna Loa (NOAA/Scripps)
2000-09-30,2000.747,366.54,Mauna Loa (NOAA/Scripps)
2000-10-07,2000.767,366.42,Mauna Loa (NOAA/Scripps)
2000-10-14,2000.786,366.75,Mauna Loa (NOAA/Scripps)
2000-10-21,2000.805,366.79,Mauna Loa (NOAA/Scripps)
2000-10-28,2000.824,367.46,Mauna Loa (NOAA/Scripps)
2000-11-04,2000.843,367.78,Mauna Loa (NOAA/Scripps)
2000-11-11,2000.862,368.1,Mauna Loa (NOAA/Scripps)
2000-11-18,2000.882,368.76,Mauna Loa (NOAA/Scripps)
2000-11-25,2000.901,368.42,Mauna Loa (NOAA/Scripps)
2000-12-02,2000.92,369.1,Mauna Loa (NOAA/Scripps)
2000-12-09,2000.939,369.74,Mauna Loa (NOAA/Scripps)
2000-12-16,2000.958,369.41,Mauna Loa (NOAA/Scripps)
2000-12-23,2000.977,369.64,Mauna Loa (NOAA/Scripps)
2000-12-30,2000.997,369.91,Mauna Loa (NOAA/Scripps)
2001-01-06,2001.014,369.95,Mauna Loa (NOAA/Scripps)
2001-01-13,2001.033,370.35,Mauna Loa (NOAA/Scripps)
2001-01-20,2001.052,370.1,Mauna Loa (NOAA/Scripps)
2001-01-27,2001.071,370.91,Mauna Loa (NOAA/Scripps)
2001-02-03,2001.09,371.45,Mauna Loa (NOAA/Scripps)
2001-02-10,2001.11,371.29,Mauna Loa (NOAA/Scripps)
2001-02-17,2001.129,371.82,Mauna Loa (NOAA/Scripps)
2001-02-24,2001.148,371.33,Mauna Loa (NOAA/Scripps)
2001-03-03,2001.167,372.34,Mauna Loa (NOAA/Scripps)
2001-03-10,2001.186,372.32,Mauna Loa (NOAA/Scripps)
2001-03-17,2001.205,372.23,Mauna Loa (NOAA/Scripps)
2001-03-24,2001.225,371.97,Mauna Loa (NOAA/Scripps)
2001-03-31,2001.244,372.18,Mauna Loa (NOAA/Scripps)
2001-04-07,2001.263,372.82,Mauna Loa (NOAA/Scripps)
2001-04-14,2001.282,372.84,Mauna Loa (NOAA/Scripps)
2001-04-21,2001.301,373.17,Mauna Loa (NOAA/Scripps)
2001-04-28,2001.32,372.91,Mauna Loa (NOAA/Scripps)
2001-05-05,2001.339,373.83,Mauna Loa (NOAA/Scripps)
2001-05-12,2001.359,374.08,Mauna Loa (NOAA/Scripps)
2001-05-19,2001.378,373.85,Mauna Loa (NOAA/Scripps)
2001-05-26,2001.397,374.05,Mauna Loa (NOAA/Scripps)
2001-06-02,2001.416,374.0,Mauna Loa (NOAA/Scripps)
2001-06-09,2001.435,373.27,Mauna Loa (NOAA/Scripps)
2001-06-16,2001.454,372.98,Mauna Loa (NOAA/Scripps)
2001-06-23,2001.474,373.04,Mauna Loa (NOAA/Scripps)
2001-06-30,2001.493,372.9,Mauna Loa (NOAA/Scripps)
2001-07-07,2001.512,372.29,Mauna Loa (NOAA/Scripps)
2001-07-14,2001.531,371.51,Mauna Loa (NOAA/Scripps)
2001-07-21,2001.55,371.36,Mauna Loa (NOAA/Scripps)
2001-07-28,2001.569,370.76,Mauna Loa (NOAA/Scripps)
2001-08-04,2001.589,370.07,Mauna Loa (NOAA/Scripps)
2001-08-11,2001.608,369.7,Mauna Loa (NOAA/Scripps)
2001-08-18,2001.627,369.43,Mauna Loa (NOAA/Scripps)
2001-08-25,2001.646,369.15,Mauna Loa (NOAA/Scripps)
2001-09-01,2001.665,368.61,Mauna Loa (NOAA/Scripps)
2001-09-08,2001.684,368.34,Mauna Loa (NOAA/Scripps)
2001-09-15,2001.704,368.18,Mauna Loa (NOAA/Scripps)
2001-09-22,2001.723,367.61,Mauna Loa (NOAA/Scripps)
2001-09-29,2001.742,367.56,Mauna Loa (NOAA/Scripps)
2001-10-06,2001.761,367.93,Mauna Loa (NOAA/Scripps)
2001-10-13,2001.78,367.73,Mauna Loa (NOAA/Scripps)
2001-10-20,2001.799,368.23,Mauna Loa (NOAA/Scripps)
2001-10-27,2001.819,368.92,Mauna Loa (NOAA/Scripps)
2001-11-03,2001.838,368.87,Mauna Loa (NOAA/Scripps)
2001-11-10,2001.857,369.03,Mauna Loa (NOAA/Scripps)
2001-11-17,2001.876,369.84,Mauna Loa (NOAA/Scripps)
2001-11-24,2001.895,370.44,Mauna Loa (NOAA/Scripps)
2001-12-01,2001.914,370.51,Mauna Loa (NOAA/Scripps)
2001-12-08,2001.934,371.03,Mauna Loa (NOAA/Scripps)
2001-12-15,2001.953,371.34,Mauna Loa (NOAA/Scripps)
2001-12-22,2001.972,371.51,Mauna Loa (NOAA/Scripps)
2001-12-29,2001.991,371.67,Mauna Loa (NOAA/Scripps)
2002-01-05,2002.011,371.94,Mauna Loa (NOAA/Scripps)
2002-01-12,2002.03,372.26,Mauna Loa (NOAA/Scripps)
2002-01-19,2002.049,373.04,Mauna Loa (NOAA/Scripps)
2002-01-26,2002.068,372.46,Mauna Loa (NOAA/Scripps)
2002-02-02,2002.088,372.85,Mauna Loa (NOAA/Scripps)
2002-02-09,2002.107,372.93,Mauna Loa (NOAA/Scripps)
2002-02-16,2002.126,372.84,Mauna Loa (NOAA/Scripps)
2002-02-23,2002.145,373.4,Mauna Loa (NOAA/Scripps)
2002-03-02,2002.164,373.29,Mauna Loa (NOAA/Scripps)
2002-03-09,2002.183,373.47,Mauna Loa (NOAA/Scripps)
2002-03-16,2002.203,373.37,Mauna Loa (NOAA/Scripps)
2002-03-23,2002.222,373.51,Mauna Loa (NOAA/Scripps)
2002-03-30,2002.241,374.29,Mauna Loa (NOAA/Scripps)
2002-04-06,2002.26,374.5,Mauna Loa (NOAA/Scripps)
2002-04-13,2002.279,374.55,Mauna Loa (NOAA/Scripps)
2002-04-20,2002.298,375.06,Mauna Loa (NOAA/Scripps)
2002-04-27,2002.318,375.47,Mauna Loa (NOAA/Scripps)
2002-05-04,2002.337,375.78,Mauna Loa (NOAA/Scripps)
2002-05-11,2002.356,374.95,Mauna Loa (NOAA/Scripps)
2002-05-18,2002.375,375.24,Mauna Loa (NOAA/Scripps)
2002-05-25,2002.394,375.92,Mauna Loa (NOAA/Scripps)
2002-06-01,2002.413,375.78,Mauna Loa (NOAA/Scripps)
2002-06-08,2002.433,375.66,Mauna Loa (NOAA/Scripps)
2002-06-15,2002.452,375.12,Mauna Loa (NOAA/Scripps)
2002-06-22,2002.471,375.5,Mauna Loa (NOAA/Scripps)
2002-06-29,2002.49,374.47,Mauna Loa (NOAA/Scripps)
2002-07-06,2002.509,374.62,Mauna Loa (NOAA/Scripps)
2002-07-13,2002.528,374.13,Mauna Loa (NOAA/Scripps)
2002-07-20,2002.548,373.68,Mauna Loa (NOAA/Scripps)
2002-07-27,2002.567,373.16,Mauna Loa (NOAA/Scripps)
2002-08-03,2002.586,372.93,Mauna Loa (NOAA/Scripps)
2002-08-10,2002.605,371.73,Mauna Loa (NOAA/Scripps)
2002-08-17,2002.624,371.03,Mauna Loa (NOAA/Scripps)
2002-08-24,2002.643,370.87,Mauna Loa (NOAA/Scripps)
2002-08-31,2002.663,370.12,Mauna Loa (NOAA/Scripps)
2002-09-07,2002.682,371.39,Mauna Loa (NOAA/Scripps)
2002-09-14,2002.701,371.16,Mauna Loa (NOAA/Scripps)
2002-09-21,2002.72,370.45,Mauna Loa (NOAA/Scripps)
2002-09-28,2002.739,369.97,Mauna Loa (NOAA/Scripps)
2002-10-05,2002.758,369.68,Mauna Loa (NOAA/Scripps)
2002-10-12,2002.778,370.04,Mauna Loa (NOAA/Scripps)
2002-10-19,2002.797,371.06,Mauna Loa (NOAA/Scripps)
2002-10-26,2002.816,370.44,Mauna Loa (NOAA/Scripps)
2002-11-02,2002.835,371.67,Mauna Loa (NOAA/Scripps)
2002-11-09,2002.854,371.55,Mauna Loa (NOAA/Scripps)
2002-11-16,2002.873,372.08,Mauna Loa (NOAA/Scripps)
2002-11-23,2002.893,372.69,Mauna Loa (NOAA/Scripps)
2002-11-30,2002.912,372.65,Mauna Loa (NOAA/Scripps)
2002-12-07,2002.931,373.32,Mauna Loa (NOAA/Scripps)
2002-12-14,2002.95,373.44,Mauna Loa (NOAA/Scripps)
2002-12-21,2002.969,374.16,Mauna Loa (NOAA/Scripps)
2002-12-28,2002.988,374.6,Mauna Loa (NOAA/Scripps)
2003-01-04,2003.008,374.49,Mauna Loa (NOAA/Scripps)
2003-01-11,2003.027,374.46,Mauna Loa (NOAA/Scripps)
2003-01-18,2003.047,374.82,Mauna Loa (NOAA/Scripps)
2003-01-25,2003.066,374.89,Mauna Loa (NOAA/Scripps)
2003-02-01,2003.085,375.23,Mauna Loa (NOAA/Scripps)
2003-02-08,2003.104,374.81,Mauna Loa (NOAA/Scripps)
2003-02-15,2003.123,375.7,Mauna Loa (NOAA/Scripps)
2003-02-22,2003.142,376.36,Mauna Loa (NOAA/Scripps)
2003-03-01,2003.162,375.82,Mauna Loa (NOAA/Scripps)
2003-03-08,2003.181,375.89,Mauna Loa (NOAA/Scripps)
2003-03-15,2003.2,375.76,Mauna Loa (NOAA/Scripps)
2003-03-22,2003.219,376.44,Mauna Loa (NOAA/Scripps)
2003-03-29,2003.238,376.82,Mauna Loa (NOAA/Scripps)
2003-04-05,2003.257,376.81,Mauna Loa (NOAA/Scripps)
2003-04-12,2003.277,377.3,Mauna Loa (NOAA/Scripps)
2003-04-19,2003.296,378.11,Mauna Loa (NOAA/Scripps)
2003-04-26,2003.315,378.46,Mauna Loa (NOAA/Scripps)
2003-05-03,2003.334,378.11,Mauna Loa (NOAA/Scripps)
2003-05-10,2003.353,377.49,Mauna Loa (NOAA/Scripps)
2003-05-17,2003.372,378.79,Mauna Loa (NOAA/Scripps)
2003-05-24,2003.392,378.71,Mauna Loa (NOAA/Scripps)
2003-05-31,2003.411,378.29,Mauna Loa (NOAA/Scripps)
2003-06-07,2003.43,378.39,Mauna Loa (NOAA/Scripps)
2003-06-21,2003.468,377.34,Mauna Loa (NOAA/Scripps)
2003-06-28,2003.487,377.85,Mauna Loa (NOAA/Scripps)
2003-07-05,2003.507,376.43,Mauna Loa (NOAA/Scripps)
2003-07-12,2003.526,377.05,Mauna Loa (NOAA/Scripps)
2003-07-19,2003.545,376.7,Mauna Loa (NOAA/Scripps)
2003-07-26,2003.564,375.98,Mauna Loa (NOAA/Scripps)
2003-08-02,2003.583,375.48,Mauna Loa (NOAA/Scripps)
2003-08-09,2003.602,374.67,Mauna Loa (NOAA/Scripps)
2003-08-16,2003.621,374.06,Mauna Loa (NOAA/Scripps)
2003-08-23,2003.641,374.47,Mauna Loa (NOAA/Scripps)
2003-08-30,2003.66,373.48,Mauna Loa (NOAA/Scripps)
2003-09-06,2003.679,373.09,Mauna Loa (NOAA/Scripps)
2003-09-13,2003.698,372.76,Mauna Loa (NOAA/Scripps)
2003-09-20,2003.717,373.08,Mauna Loa (NOAA/Scripps)
2003-09-27,2003.736,373.03,Mauna Loa (NOAA/Scripps)
2003-10-04,2003.756,372.87,Mauna Loa (NOAA/Scripps)
2003-10-25,2003.813,373.33,Mauna Loa (NOAA/Scripps)
2003-11-01,2003.832,373.5,Mauna Loa (NOAA/Scripps)
2003-11-08,2003.851,373.76,Mauna Loa (NOAA/Scripps)
2003-11-15,2003.871,374.45,Mauna Loa (NOAA/Scripps)
2003-11-22,2003.89,375.21,Mauna Loa (NOAA/Scripps)
2003-11-29,2003.909,374.72,Mauna Loa (NOAA/Scripps)
2003-12-06,2003.928,374.47,Mauna Loa (NOAA/Scripps)
2003-12-13,2003.947,376.15,Mauna Loa (NOAA/Scripps)
2003-12-20,2003.966,376.05,Mauna Loa (NOAA/Scripps)
2003-12-27,2003.986,376.43,Mauna Loa (NOAA/Scripps)
2004-01-03,2004.005,376.17,Mauna Loa (NOAA/Scripps)
2004-01-10,2004.025,376.17,Mauna Loa (NOAA/Scripps)
2004-01-17,2004.044,377.01,Mauna Loa (NOAA/Scripps)
2004-01-24,2004.063,377.29,Mauna Loa (NOAA/Scripps)
2004-01-31,2004.082,377.49,Mauna Loa (NOAA/Scripps)
2004-02-07,2004.101,377.47,Mauna Loa (NOAA/Scripps)
2004-02-14,2004.12,377.0,Mauna Loa (NOAA/Scripps)
2004-02-21,2004.14,377.35,Mauna Loa (NOAA/Scripps)
2004-02-28,2004.159,377.67,Mauna Loa (NOAA/Scripps)
2004-03-06,2004.178,378.05,Mauna Loa (NOAA/Scripps)
2004-03-13,2004.197,379.4,Mauna Loa (NOAA/Scripps)
2004-03-20,2004.216,378.47,Mauna Loa (NOAA/Scripps)
2004-03-27,2004.235,378.5,Mauna Loa (NOAA/Scripps)
2004-04-03,2004.255,380.09,Mauna Loa (NOAA/Scripps)
2004-04-10,2004.274,380.41,Mauna Loa (NOAA/Scripps)
2004-04-17,2004.293,380.56,Mauna Loa (NOAA/Scripps)
2004-04-24,2004.312,380.71,Mauna Loa (NOAA/Scripps)
2004-05-01,2004.331,380.28,Mauna Loa (NOAA/Scripps)
2004-05-08,2004.35,381.04,Mauna Loa (NOAA/Scripps)
2004-05-15,2004.37,380.51,Mauna Loa (NOAA/Scripps)
2004-05-22,2004.389,380.33,Mauna Loa (NOAA/Scripps)
2004-05-29,2004.408,380.66,Mauna Loa (NOAA/Scripps)
2004-06-05,2004.427,379.62,Mauna Loa (NOAA/Scripps)
2004-06-12,2004.446,380.0,Mauna Loa (NOAA/Scripps)
2004-06-19,2004.465,379.3,Mauna Loa (NOAA/Scripps)
2004-06-26,2004.485,379.07,Mauna Loa (NOAA/Scripps)
2004-07-03,2004.504,378.44,Mauna Loa (NOAA/Scripps)
2004-07-10,2004.523,378.04,Mauna Loa (NOAA/Scripps)
2004-07-17,2004.542,377.33,Mauna Loa (NOAA/Scripps)
2004-07-24,2004.561,376.99,Mauna Loa (NOAA/Scripps)
2004-07-31,2004.58,377.35,Mauna Loa (NOAA/Scripps)
2004-08-07,2004.6,376.56,Mauna Loa (NOAA/Scripps)
2004-08-14,2004.619,375.84,Mauna Loa (NOAA/Scripps)
2004-08-21,2004.638,375.7,Mauna Loa (NOAA/Scripps)
2004-08-28,2004.657,374.62,Mauna Loa (NOAA/Scripps)
2004-09-04,2004.676,373.82,Mauna Loa (NOAA/Scripps)
2004-09-11,2004.695,374.57,Mauna Loa (NOAA/Scripps)
2004-09-18,2004.715,374.14,Mauna Loa (NOAA/Scripps)
2004-09-25,2004.734,373.8,Mauna Loa (NOAA/Scripps)
2004-10-02,2004.753,374.01,Mauna Loa (NOAA/Scripps)
2004-10-09,2004.772,373.95,Mauna Loa (NOAA/Scripps)
2004-10-16,2004.791,374.05,Mauna Loa (NOAA/Scripps)
2004-10-23,2004.81,374.58,Mauna Loa (NOAA/Scripps)
2004-10-30,2004.83,375.02,Mauna Loa (NOAA/Scripps)
2004-11-06,2004.849,375.06,Mauna Loa (NOAA/Scripps)
2004-11-13,2004.868,376.13,Mauna Loa (NOAA/Scripps)
2004-11-20,2004.887,376.46,Mauna Loa (NOAA/Scripps)
2004-11-27,2004.906,376.13,Mauna Loa (NOAA/Scripps)
2004-12-04,2004.925,377.09,Mauna Loa (NOAA/Scripps)
2004-12-11,2004.945,377.37,Mauna Loa (NOAA/Scripps)
2004-12-18,2004.964,377.5,Mauna Loa (NOAA/Scripps)
2004-12-25,2004.983,377.68,Mauna Loa (NOAA/Scripps)
2005-01-01,2005.0,378.06,Mauna Loa (NOAA/Scripps)
2005-01-08,2005.019,378.21,Mauna Loa (NOAA/Scripps)
2005-01-15,2005.038,378.36,Mauna Loa (NOAA/Scripps)
2005-01-22,2005.057,378.34,Mauna Loa (NOAA/Scripps)
2005-01-29,2005.077,378.66,Mauna Loa (NOAA/Scripps)
2005-02-05,2005.096,379.02,Mauna Loa (NOAA/Scripps)
2005-02-12,2005.115,379.31,Mauna Loa (NOAA/Scripps)
2005-02-19,2005.134,380.25,Mauna Loa (NOAA/Scripps)
2005-03-26,2005.23,380.57,Mauna Loa (NOAA/Scripps)
2005-04-02,2005.249,382.07,Mauna Loa (NOAA/Scripps)
2005-04-09,2005.268,382.25,Mauna Loa (NOAA/Scripps)
2005-04-16,2005.287,381.35,Mauna Loa (NOAA/Scripps)
2005-04-23,2005.307,382.08,Mauna Loa (NOAA/Scripps)
2005-04-30,2005.326,382.38,Mauna Loa (NOAA/Scripps)
2005-05-07,2005.345,381.51,Mauna Loa (NOAA/Scripps)
2005-05-14,2005.364,382.53,Mauna Loa (NOAA/Scripps)
2005-05-21,2005.383,382.14,Mauna Loa (NOAA/Scripps)
2005-05-28,2005.402,382.58,Mauna Loa (NOAA/Scripps)
2005-06-04,2005.422,382.36,Mauna Loa (NOAA/Scripps)
2005-06-11,2005.441,382.31,Mauna Loa (NOAA/Scripps)
2005-06-18,2005.46,382.12,Mauna Loa (NOAA/Scripps)
2005-06-25,2005.479,381.48,Mauna Loa (NOAA/Scripps)
2005-07-02,2005.498,381.15,Mauna Loa (NOAA/Scripps)
2005-07-09,2005.517,380.9,Mauna Loa (NOAA/Scripps)
2005-07-16,2005.537,380.63,Mauna Loa (NOAA/Scripps)
2005-07-23,2005.556,380.36,Mauna Loa (NOAA/Scripps)
2005-07-30,2005.575,379.86,Mauna Loa (NOAA/Scripps)
2005-08-06,2005.594,379.21,Mauna Loa (NOAA/Scripps)
2005-08-13,2005.613,378.97,Mauna Loa (NOAA/Scripps)
2005-08-20,2005.632,378.4,Mauna Loa (NOAA/Scripps)
2005-08-27,2005.652,377.69,Mauna Loa (NOAA/Scripps)
2005-09-03,2005.671,377.82,Mauna Loa (NOAA/Scripps)
2005-09-10,2005.69,376.33,Mauna Loa (NOAA/Scripps)
2005-09-17,2005.709,376.14,Mauna Loa (NOAA/Scripps)
2005-09-24,2005.728,375.95,Mauna Loa (NOAA/Scripps)
2005-10-01,2005.747,376.33,Mauna Loa (NOAA/Scripps)
2005-10-08,2005.767,376.44,Mauna Loa (NOAA/Scripps)
2005-10-15,2005.786,377.12,Mauna Loa (NOAA/Scripps)
2005-10-22,2005.805,377.31,Mauna Loa (NOAA/Scripps)
2005-10-29,2005.824,377.24,Mauna Loa (NOAA/Scripps)
2005-11-05,2005.843,377.76,Mauna Loa (NOAA/Scripps)
2005-11-12,2005.862,378.07,Mauna Loa (NOAA/Scripps)
2005-11-19,2005.882,378.75,Mauna Loa (NOAA/Scripps)
2005-11-26,2005.901,378.77,Mauna Loa (NOAA/Scripps)
2005-12-03,2005.92,379.41,Mauna Loa (NOAA/Scripps)
2005-12-10,2005.939,380.09,Mauna Loa (NOAA/Scripps)
2005-12-17,2005.958,380.09,Mauna Loa (NOAA/Scripps)
2005-12-24,2005.977,380.14,Mauna Loa (NOAA/Scripps)
2005-12-31,2005.997,380.43,Mauna Loa (NOAA/Scripps)
2006-01-07,2006.016,381.28,Mauna Loa (NOAA/Scripps)
2006-01-14,2006.036,381.41,Mauna Loa (NOAA/Scripps)
2006-01-21,2006.055,381.57,Mauna Loa (NOAA/Scripps)
2006-01-28,2006.074,381.47,Mauna Loa (NOAA/Scripps)
2006-02-04,2006.093,382.04,Mauna Loa (NOAA/Scripps)
2006-02-25,2006.151,381.86,Mauna Loa (NOAA/Scripps)
2006-03-04,2006.17,382.39,Mauna Loa (NOAA/Scripps)
2006-03-11,2006.189,382.55,Mauna Loa (NOAA/Scripps)
2006-03-18,2006.208,382.74,Mauna Loa (NOAA/Scripps)
2006-03-25,2006.227,382.55,Mauna Loa (NOAA/Scripps)
2006-04-01,2006.246,382.97,Mauna Loa (NOAA/Scripps)
2006-04-08,2006.266,384.65,Mauna Loa (NOAA/Scripps)
2006-04-15,2006.285,384.67,Mauna Loa (NOAA/Scripps)
2006-04-22,2006.304,384.71,Mauna Loa (NOAA/Scripps)
2006-04-29,2006.323,384.62,Mauna Loa (NOAA/Scripps)
2006-05-06,2006.342,384.91,Mauna Loa (NOAA/Scripps)
2006-05-13,2006.361,384.87,Mauna Loa (NOAA/Scripps)
2006-05-20,2006.381,385.34,Mauna Loa (NOAA/Scripps)
2006-05-27,2006.4,384.3,Mauna Loa (NOAA/Scripps)
2006-06-03,2006.419,384.29,Mauna Loa (NOAA/Scripps)
2006-06-10,2006.438,384.31,Mauna Loa (NOAA/Scripps)
2006-06-17,2006.457,384.07,Mauna Loa (NOAA/Scripps)
2006-06-24,2006.476,383.55,Mauna Loa (NOAA/Scripps)
2006-07-01,2006.496,383.0,Mauna Loa (NOAA/Scripps)
2006-07-08,2006.515,382.78,Mauna Loa (NOAA/Scripps)
2006-07-15,2006.534,381.28,Mauna Loa (NOAA/Scripps)
2006-07-22,2006.553,381.81,Mauna Loa (NOAA/Scripps)
2006-07-29,2006.572,381.55,Mauna Loa (NOAA/Scripps)
2006-08-05,2006.591,381.22,Mauna Loa (NOAA/Scripps)
2006-08-12,2006.611,380.63,Mauna Loa (NOAA/Scripps)
2006-08-19,2006.63,380.2,Mauna Loa (NOAA/Scripps)
2006-08-26,2006.649,379.77,Mauna Loa (NOAA/Scripps)
2006-09-02,2006.668,379.52,Mauna Loa (NOAA/Scripps)
2006-09-09,2006.687,378.66,Mauna Loa (NOAA/Scripps)
2006-09-16,2006.706,378.8,Mauna Loa (NOAA/Scripps)
2006-09-23,2006.726,378.49,Mauna Loa (NOAA/Scripps)
2006-09-30,2006.745,379.0,Mauna Loa (NOAA/Scripps)
2006-10-07,2006.764,378.78,Mauna Loa (NOAA/Scripps)
2006-10-14,2006.783,379.14,Mauna Loa (NOAA/Scripps)
2006-10-21,2006.802,379.22,Mauna Loa (NOAA/Scripps)
2006-10-28,2006.821,379.57,Mauna Loa (NOAA/Scripps)
2006-11-04,2006.841,379.67,Mauna Loa (NOAA/Scripps)
2006-11-11,2006.86,379.81,Mauna Loa (NOAA/Scripps)
2006-11-18,2006.879,379.98,Mauna Loa (NOAA/Scripps)
2006-11-25,2006.898,381.42,Mauna Loa (NOAA/Scripps)
2006-12-02,2006.917,381.31,Mauna Loa (NOAA/Scripps)
2006-12-09,2006.936,381.6,Mauna Loa (NOAA/Scripps)
2006-12-16,2006.956,381.81,Mauna Loa (NOAA/Scripps)
2006-12-23,2006.975,381.96,Mauna Loa (NOAA/Scripps)
2006-12-30,2006.994,381.76,Mauna Loa (NOAA/Scripps)
2007-01-06,2007.014,382.64,Mauna Loa (NOAA/Scripps)
2007-01-13,2007.033,382.36,Mauna Loa (NOAA/Scripps)
2007-01-20,2007.052,381.84,Mauna Loa (NOAA/Scripps)
2007-02-03,2007.09,383.09,Mauna Loa (NOAA/Scripps)
2007-02-10,2007.11,383.6,Mauna Loa (NOAA/Scripps)
2007-02-17,2007.129,384.22,Mauna Loa (NOAA/Scripps)
2007-02-24,2007.148,383.76,Mauna Loa (NOAA/Scripps)
2007-03-03,2007.167,383.71,Mauna Loa (NOAA/Scripps)
2007-03-10,2007.186,383.64,Mauna Loa (NOAA/Scripps)
2007-03-17,2007.205,384.28,Mauna Loa (NOAA/Scripps)
2007-03-24,2007.225,384.96,Mauna Loa (NOAA/Scripps)
2007-03-31,2007.244,385.93,Mauna Loa (NOAA/Scripps)
2007-04-07,2007.263,385.46,Mauna Loa (NOAA/Scripps)
2007-04-14,2007.282,386.3,Mauna Loa (NOAA/Scripps)
2007-04-21,2007.301,387.0,Mauna Loa (NOAA/Scripps)
2007-04-28,2007.32,386.42,Mauna Loa (NOAA/Scripps)
2007-05-05,2007.339,385.85,Mauna Loa (NOAA/Scripps)
2007-05-12,2007.359,386.54,Mauna Loa (NOAA/Scripps)
2007-05-19,2007.378,386.03,Mauna Loa (NOAA/Scripps)
2007-05-26,2007.397,386.93,Mauna Loa (NOAA/Scripps)
2007-06-02,2007.416,386.6,Mauna Loa (NOAA/Scripps)
2007-06-09,2007.435,386.23,Mauna Loa (NOAA/Scripps)
2007-06-16,2007.454,386.29,Mauna Loa (NOAA/Scripps)
2007-06-23,2007.474,384.95,Mauna Loa (NOAA/Scripps)
2007-06-30,2007.493,384.85,Mauna Loa (NOAA/Scripps)
2007-07-07,2007.512,384.92,Mauna Loa (NOAA/Scripps)
2007-07-14,2007.531,384.75,Mauna Loa (NOAA/Scripps)
2007-07-21,2007.55,383.97,Mauna Loa (NOAA/Scripps)
2007-07-28,2007.569,383.41,Mauna Loa (NOAA/Scripps)
2007-08-04,2007.589,382.51,Mauna Loa (NOAA/Scripps)
2007-08-11,2007.608,381.72,Mauna Loa (NOAA/Scripps)
2007-08-18,2007.627,381.6,Mauna Loa (NOAA/Scripps)
2007-08-25,2007.646,381.67,Mauna Loa (NOAA/Scripps)
2007-09-01,2007.665,381.69,Mauna Loa (NOAA/Scripps)
2007-09-08,2007.684,380.74,Mauna Loa (NOAA/Scripps)
2007-09-15,2007.704,380.75,Mauna Loa (NOAA/Scripps)
2007-09-22,2007.723,380.94,Mauna Loa (NOAA/Scripps)
2007-09-29,2007.742,380.8,Mauna Loa (NOAA/Scripps)
2007-10-06,2007.761,380.68,Mauna Loa (NOAA/Scripps)
2007-10-13,2007.78,380.68,Mauna Loa (NOAA/Scripps)
2007-10-20,2007.799,381.1,Mauna Loa (NOAA/Scripps)
2007-10-27,2007.819,381.36,Mauna Loa (NOAA/Scripps)
2007-11-03,2007.838,381.76,Mauna Loa (NOAA/Scripps)
2007-11-10,2007.857,381.92,Mauna Loa (NOAA/Scripps)
2007-11-17,2007.876,382.43,Mauna Loa (NOAA/Scripps)
2007-11-24,2007.895,382.91,Mauna Loa (NOAA/Scripps)
2007-12-01,2007.914,382.9,Mauna Loa (NOAA/Scripps)
2007-12-08,2007.934,383.31,Mauna Loa (NOAA/Scripps)
2007-12-15,2007.953,383.79,Mauna Loa (NOAA/Scripps)
2007-12-22,2007.972,383.9,Mauna Loa (NOAA/Scripps)
2007-12-29,2007.991,384.04,Mauna Loa (NOAA/Scripps)
2008-01-05,2008.011,384.36,Mauna Loa (NOAA/Scripps)
2008-01-12,2008.03,384.41,Mauna Loa (NOAA/Scripps)
2008-01-19,2008.049,385.47,Mauna Loa (NOAA/Scripps)
2008-01-26,2008.068,386.06,Mauna Loa (NOAA/Scripps)
2008-02-02,2008.088,386.19,Mauna Loa (NOAA/Scripps)
2008-02-09,2008.107,385.72,Mauna Loa (NOAA/Scripps)
2008-02-16,2008.126,385.58,Mauna Loa (NOAA/Scripps)
2008-02-23,2008.145,385.24,Mauna Loa (NOAA/Scripps)
2008-03-01,2008.164,384.88,Mauna Loa (NOAA/Scripps)
2008-03-08,2008.183,385.88,Mauna Loa (NOAA/Scripps)
2008-03-15,2008.203,385.64,Mauna Loa (NOAA/Scripps)
2008-03-22,2008.222,386.17,Mauna Loa (NOAA/Scripps)
2008-03-29,2008.241,386.7,Mauna Loa (NOAA/Scripps)
2008-04-05,2008.26,388.0,Mauna Loa (NOAA/Scripps)
2008-04-12,2008.279,385.9,Mauna Loa (NOAA/Scripps)
2008-04-19,2008.298,386.38,Mauna Loa (NOAA/Scripps)
2008-04-26,2008.318,387.19,Mauna Loa (NOAA/Scripps)
2008-05-03,2008.337,386.94,Mauna Loa (NOAA/Scripps)
2008-05-10,2008.356,388.9,Mauna Loa (NOAA/Scripps)
2008-05-17,2008.375,388.84,Mauna Loa (NOAA/Scripps)
2008-05-24,2008.394,388.53,Mauna Loa (NOAA/Scripps)
2008-05-31,2008.413,388.48,Mauna Loa (NOAA/Scripps)
2008-06-07,2008.433,388.16,Mauna Loa (NOAA/Scripps)
2008-06-14,2008.452,387.79,Mauna Loa (NOAA/Scripps)
2008-06-21,2008.471,387.54,Mauna Loa (NOAA/Scripps)
2008-06-28,2008.49,388.11,Mauna Loa (NOAA/Scripps)
2008-07-05,2008.509,387.08,Mauna Loa (NOAA/Scripps)
2008-07-12,2008.528,386.11,Mauna Loa (NOAA/Scripps)
2008-07-19,2008.548,385.73,Mauna Loa (NOAA/Scripps)
2008-07-26,2008.567,385.96,Mauna Loa (NOAA/Scripps)
2008-08-02,2008.586,384.91,Mauna Loa (NOAA/Scripps)
2008-08-09,2008.605,384.68,Mauna Loa (NOAA/Scripps)
2008-08-16,2008.624,383.89,Mauna Loa (NOAA/Scripps)
2008-08-23,2008.643,383.55,Mauna Loa (NOAA/Scripps)
2008-08-30,2008.663,383.16,Mauna Loa (NOAA/Scripps)
2008-09-06,2008.682,383.18,Mauna Loa (NOAA/Scripps)
2008-09-13,2008.701,383.37,Mauna Loa (NOAA/Scripps)
2008-09-20,2008.72,382.98,Mauna Loa (NOAA/Scripps)
2008-09-27,2008.739,382.92,Mauna Loa (NOAA/Scripps)
2008-10-04,2008.758,382.66,Mauna Loa (NOAA/Scripps)
2008-10-11,2008.778,382.72,Mauna Loa (NOAA/Scripps)
2008-10-18,2008.797,382.96,Mauna Loa (NOAA/Scripps)
2008-10-25,2008.816,382.94,Mauna Loa (NOAA/Scripps)
2008-11-01,2008.835,383.61,Mauna Loa (NOAA/Scripps)
2008-11-08,2008.854,383.6,Mauna Loa (NOAA/Scripps)
2008-11-15,2008.873,384.03,Mauna Loa (NOAA/Scripps)
2008-11-22,2008.893,384.32,Mauna Loa (NOAA/Scripps)
2008-11-29,2008.912,384.46,Mauna Loa (NOAA/Scripps)
2008-12-06,2008.931,384.77,Mauna Loa (NOAA/Scripps)
2008-12-13,2008.95,384.89,Mauna Loa (NOAA/Scripps)
2008-12-20,2008.969,385.15,Mauna Loa (NOAA/Scripps)
2008-12-27,2008.988,385.8,Mauna Loa (NOAA/Scripps)
2009-01-03,2009.005,386.01,Mauna Loa (NOAA/Scripps)
2009-01-10,2009.025,386.53,Mauna Loa (NOAA/Scripps)
2009-01-17,2009.044,386.64,Mauna Loa (NOAA/Scripps)
2009-01-24,2009.063,387.05,Mauna Loa (NOAA/Scripps)
2009-01-31,2009.082,387.26,Mauna Loa (NOAA/Scripps)
2009-02-07,2009.101,386.51,Mauna Loa (NOAA/Scripps)
2009-02-14,2009.12,387.44,Mauna Loa (NOAA/Scripps)
2009-02-21,2009.14,387.4,Mauna Loa (NOAA/Scripps)
2009-02-28,2009.159,387.48,Mauna Loa (NOAA/Scripps)
2009-03-07,2009.178,388.54,Mauna Loa (NOAA/Scripps)
2009-03-14,2009.197,388.64,Mauna Loa (NOAA/Scripps)
2009-03-21,2009.216,388.44,Mauna Loa (NOAA/Scripps)
2009-03-28,2009.235,389.17,Mauna Loa (NOAA/Scripps)
2009-04-04,2009.255,389.39,Mauna Loa (NOAA/Scripps)
2009-04-11,2009.274,389.74,Mauna Loa (NOAA/Scripps)
2009-04-18,2009.293,388.67,Mauna Loa (NOAA/Scripps)
2009-04-25,2009.312,390.37,Mauna Loa (NOAA/Scripps)
2009-05-02,2009.331,390.16,Mauna Loa (NOAA/Scripps)
2009-05-09,2009.35,389.87,Mauna Loa (NOAA/Scripps)
2009-05-16,2009.37,390.3,Mauna Loa (NOAA/Scripps)
2009-05-23,2009.389,390.76,Mauna Loa (NOAA/Scripps)
2009-05-30,2009.408,389.35,Mauna Loa (NOAA/Scripps)
2009-06-06,2009.427,390.46,Mauna Loa (NOAA/Scripps)
2009-06-13,2009.446,390.01,Mauna Loa (NOAA/Scripps)
2009-06-20,2009.465,388.88,Mauna Loa (NOAA/Scripps)
2009-06-27,2009.485,388.72,Mauna Loa (NOAA/Scripps)
2009-07-04,2009.504,388.3,Mauna Loa (NOAA/Scripps)
2009-07-11,2009.523,388.68,Mauna Loa (NOAA/Scripps)
2009-07-18,2009.542,388.03,Mauna Loa (NOAA/Scripps)
2009-07-25,2009.561,387.48,Mauna Loa (NOAA/Scripps)
2009-08-01,2009.58,387.16,Mauna Loa (NOAA/Scripps)
2009-08-08,2009.6,386.67,Mauna Loa (NOAA/Scripps)
2009-08-15,2009.619,385.27,Mauna Loa (NOAA/Scripps)
2009-08-22,2009.638,386.05,Mauna Loa (NOAA/Scripps)
2009-08-29,2009.657,385.65,Mauna Loa (NOAA/Scripps)
2009-09-05,2009.676,385.3,Mauna Loa (NOAA/Scripps)
2009-09-12,2009.695,384.48,Mauna Loa (NOAA/Scripps)
2009-09-19,2009.715,384.61,Mauna Loa (NOAA/Scripps)
2009-09-26,2009.734,384.51,Mauna Loa (NOAA/Scripps)
2009-10-03,2009.753,383.43,Mauna Loa (NOAA/Scripps)
2009-10-10,2009.772,384.28,Mauna Loa (NOAA/Scripps)
2009-10-17,2009.791,384.55,Mauna Loa (NOAA/Scripps)
2009-10-24,2009.81,384.79,Mauna Loa (NOAA/Scripps)
2009-10-31,2009.83,385.18,Mauna Loa (NOAA/Scripps)
2009-11-07,2009.849,385.6,Mauna Loa (NOAA/Scripps)
2009-11-14,2009.868,386.09,Mauna Loa (NOAA/Scripps)
2009-11-21,2009.887,386.31,Mauna Loa (NOAA/Scripps)
2009-11-28,2009.906,386.73,Mauna Loa (NOAA/Scripps)
2009-12-05,2009.925,386.91,Mauna Loa (NOAA/Scripps)
2009-12-12,2009.945,386.81,Mauna Loa (NOAA/Scripps)
2009-12-19,2009.964,388.04,Mauna Loa (NOAA/Scripps)
2009-12-26,2009.983,388.19,Mauna Loa (NOAA/Scripps)
2010-01-02,2010.003,388.41,Mauna Loa (NOAA/Scripps)
2010-01-09,2010.022,388.17,Mauna Loa (NOAA/Scripps)
2010-01-16,2010.041,388.69,Mauna Loa (NOAA/Scripps)
2010-01-23,2010.06,388.59,Mauna Loa (NOAA/Scripps)
2010-01-30,2010.079,389.04,Mauna Loa (NOAA/Scripps)
2010-02-06,2010.099,390.91,Mauna Loa (NOAA/Scripps)
2010-02-13,2010.118,389.78,Mauna Loa (NOAA/Scripps)
2010-02-20,2010.137,390.84,Mauna Loa (NOAA/Scripps)
2010-02-27,2010.156,389.38,Mauna Loa (NOAA/Scripps)
2010-03-06,2010.175,391.07,Mauna Loa (NOAA/Scripps)
2010-03-13,2010.194,391.37,Mauna Loa (NOAA/Scripps)
2010-03-20,2010.214,391.55,Mauna Loa (NOAA/Scripps)
2010-03-27,2010.233,390.08,Mauna Loa (NOAA/Scripps)
2010-04-03,2010.252,391.15,Mauna Loa (NOAA/Scripps)
2010-04-10,2010.271,391.6,Mauna Loa (NOAA/Scripps)
2010-04-17,2010.29,393.27,Mauna Loa (NOAA/Scripps)
2010-04-24,2010.309,393.27,Mauna Loa (NOAA/Scripps)
2010-05-01,2010.329,392.99,Mauna Loa (NOAA/Scripps)
2010-05-08,2010.348,392.97,Mauna Loa (NOAA/Scripps)
2010-05-15,2010.367,393.13,Mauna Loa (NOAA/Scripps)
2010-05-22,2010.386,393.55,Mauna Loa (NOAA/Scripps)
2010-05-29,2010.405,393.02,Mauna Loa (NOAA/Scripps)
2010-06-05,2010.424,393.08,Mauna Loa (NOAA/Scripps)
2010-06-12,2010.444,392.35,Mauna Loa (NOAA/Scripps)
2010-06-19,2010.463,391.73,Mauna Loa (NOAA/Scripps)
2010-06-26,2010.482,391.46,Mauna Loa (NOAA/Scripps)
2010-07-03,2010.501,391.01,Mauna Loa (NOAA/Scripps)
2010-07-10,2010.52,390.2,Mauna Loa (NOAA/Scripps)
2010-07-17,2010.539,389.91,Mauna Loa (NOAA/Scripps)
2010-07-24,2010.559,390.12,Mauna Loa (NOAA/Scripps)
2010-07-31,2010.578,389.49,Mauna Loa (NOAA/Scripps)
2010-08-07,2010.597,389.06,Mauna Loa (NOAA/Scripps)
2010-08-14,2010.616,388.76,Mauna Loa (NOAA/Scripps)
2010-08-21,2010.635,388.12,Mauna Loa (NOAA/Scripps)
2010-08-28,2010.654,387.42,Mauna Loa (NOAA/Scripps)
2010-09-04,2010.674,386.91,Mauna Loa (NOAA/Scripps)
2010-09-11,2010.693,386.85,Mauna Loa (NOAA/Scripps)
2010-09-18,2010.712,386.97,Mauna Loa (NOAA/Scripps)
2010-09-25,2010.731,386.87,Mauna Loa (NOAA/Scripps)
2010-10-02,2010.75,386.75,Mauna Loa (NOAA/Scripps)
2010-10-09,2010.769,386.98,Mauna Loa (NOAA/Scripps)
2010-10-16,2010.789,387.03,Mauna Loa (NOAA/Scripps)
2010-10-23,2010.808,387.8,Mauna Loa (NOAA/Scripps)
2010-10-30,2010.827,387.78,Mauna Loa (NOAA/Scripps)
2010-11-06,2010.846,387.95,Mauna Loa (NOAA/Scripps)
2010-11-13,2010.865,388.27,Mauna Loa (NOAA/Scripps)
2010-11-20,2010.884,389.11,Mauna Loa (NOAA/Scripps)
2010-11-27,2010.903,389.59,Mauna Loa (NOAA/Scripps)
2010-12-04,2010.923,389.88,Mauna Loa (NOAA/Scripps)
2010-12-11,2010.942,389.75,Mauna Loa (NOAA/Scripps)
2010-12-18,2010.961,389.58,Mauna Loa (NOAA/Scripps)
2010-12-25,2010.98,389.96,Mauna Loa (NOAA/Scripps)
2011-01-01,2011.0,390.5,Mauna Loa (NOAA/Scripps)
2011-01-08,2011.019,391.61,Mauna Loa (NOAA/Scripps)
2011-01-15,2011.038,391.06,Mauna Loa (NOAA/Scripps)
2011-01-22,2011.057,391.25,Mauna Loa (NOAA/Scripps)
2011-01-29,2011.077,392.0,Mauna Loa (NOAA/Scripps)
2011-02-05,2011.096,391.89,Mauna Loa (NOAA/Scripps)
2011-02-12,2011.115,391.52,Mauna Loa (NOAA/Scripps)
2011-02-19,2011.134,391.82,Mauna Loa (NOAA/Scripps)
2011-02-26,2011.153,392.5,Mauna Loa (NOAA/Scripps)
2011-03-05,2011.172,391.59,Mauna Loa (NOAA/Scripps)
2011-03-12,2011.192,391.94,Mauna Loa (NOAA/Scripps)
2011-03-19,2011.211,392.43,Mauna Loa (NOAA/Scripps)
2011-03-26,2011.23,394.11,Mauna Loa (NOAA/Scripps)
2011-04-02,2011.249,393.4,Mauna Loa (NOAA/Scripps)
2011-04-09,2011.268,392.71,Mauna Loa (NOAA/Scripps)
2011-04-16,2011.287,393.73,Mauna Loa (NOAA/Scripps)
2011-04-23,2011.307,393.22,Mauna Loa (NOAA/Scripps)
2011-04-30,2011.326,393.59,Mauna Loa (NOAA/Scripps)
2011-05-07,2011.345,393.36,Mauna Loa (NOAA/Scripps)
2011-05-14,2011.364,393.84,Mauna Loa (NOAA/Scripps)
2011-05-21,2011.383,395.12,Mauna Loa (NOAA/Scripps)
2011-05-28,2011.402,394.49,Mauna Loa (NOAA/Scripps)
2011-06-04,2011.422,394.08,Mauna Loa (NOAA/Scripps)
2011-06-11,2011.441,393.42,Mauna Loa (NOAA/Scripps)
2011-06-18,2011.46,393.92,Mauna Loa (NOAA/Scripps)
2011-06-25,2011.479,393.37,Mauna Loa (NOAA/Scripps)
2011-07-02,2011.498,393.31,Mauna Loa (NOAA/Scripps)
2011-07-09,2011.517,393.61,Mauna Loa (NOAA/Scripps)
2011-07-16,2011.537,392.64,Mauna Loa (NOAA/Scripps)
2011-07-23,2011.556,391.13,Mauna Loa (NOAA/Scripps)
2011-07-30,2011.575,391.77,Mauna Loa (NOAA/Scripps)
2011-08-06,2011.594,390.76,Mauna Loa (NOAA/Scripps)
2011-08-13,2011.613,390.53,Mauna Loa (NOAA/Scripps)
2011-08-20,2011.632,389.82,Mauna Loa (NOAA/Scripps)
2011-08-27,2011.652,389.41,Mauna Loa (NOAA/Scripps)
2011-09-03,2011.671,389.23,Mauna Loa (NOAA/Scripps)
2011-09-10,2011.69,389.17,Mauna Loa (NOAA/Scripps)
2011-09-17,2011.709,389.15,Mauna Loa (NOAA/Scripps)
2011-09-24,2011.728,388.86,Mauna Loa (NOAA/Scripps)
2011-10-01,2011.747,388.91,Mauna Loa (NOAA/Scripps)
2011-10-08,2011.767,388.74,Mauna Loa (NOAA/Scripps)
2011-10-15,2011.786,388.91,Mauna Loa (NOAA/Scripps)
2011-10-22,2011.805,389.09,Mauna Loa (NOAA/Scripps)
2011-10-29,2011.824,389.45,Mauna Loa (NOAA/Scripps)
2011-11-05,2011.843,389.64,Mauna Loa (NOAA/Scripps)
2011-11-12,2011.862,390.24,Mauna Loa (NOAA/Scripps)
2011-11-19,2011.882,390.44,Mauna Loa (NOAA/Scripps)
2011-11-26,2011.901,390.77,Mauna Loa (NOAA/Scripps)
2011-12-03,2011.92,391.08,Mauna Loa (NOAA/Scripps)
2011-12-10,2011.939,391.7,Mauna Loa (NOAA/Scripps)
2011-12-17,2011.958,392.24,Mauna Loa (NOAA/Scripps)
2011-12-24,2011.977,392.09,Mauna Loa (NOAA/Scripps)
2011-12-31,2011.997,392.26,Mauna Loa (NOAA/Scripps)
2012-01-07,2012.016,392.92,Mauna Loa (NOAA/Scripps)
2012-01-14,2012.036,393.61,Mauna Loa (NOAA/Scripps)
2012-01-21,2012.055,393.04,Mauna Loa (NOAA/Scripps)
2012-01-28,2012.074,393.03,Mauna Loa (NOAA/Scripps)
2012-02-04,2012.093,392.43,Mauna Loa (NOAA/Scripps)
2012-02-11,2012.112,393.45,Mauna Loa (NOAA/Scripps)
2012-02-18,2012.131,393.97,Mauna Loa (NOAA/Scripps)
2012-02-25,2012.151,393.62,Mauna Loa (NOAA/Scripps)
2012-03-03,2012.17,394.17,Mauna Loa (NOAA/Scripps)
2012-03-10,2012.189,393.38,Mauna Loa (NOAA/Scripps)
2012-03-17,2012.208,394.79,Mauna Loa (NOAA/Scripps)
2012-03-24,2012.227,395.15,Mauna Loa (NOAA/Scripps)
2012-03-31,2012.246,394.91,Mauna Loa (NOAA/Scripps)
2012-04-07,2012.266,396.45,Mauna Loa (NOAA/Scripps)
2012-04-14,2012.285,396.38,Mauna Loa (NOAA/Scripps)
2012-04-21,2012.304,396.56,Mauna Loa (NOAA/Scripps)
2012-04-28,2012.323,396.7,Mauna Loa (NOAA/Scripps)
2012-05-05,2012.342,397.08,Mauna Loa (NOAA/Scripps)
2012-05-12,2012.361,397.28,Mauna Loa (NOAA/Scripps)
2012-05-19,2012.381,396.56,Mauna Loa (NOAA/Scripps)
2012-05-26,2012.4,396.28,Mauna Loa (NOAA/Scripps)
2012-06-02,2012.419,396.03,Mauna Loa (NOAA/Scripps)
2012-06-09,2012.438,396.02,Mauna Loa (NOAA/Scripps)
2012-06-16,2012.457,395.86,Mauna Loa (NOAA/Scripps)
2012-06-23,2012.476,395.73,Mauna Loa (NOAA/Scripps)
2012-06-30,2012.496,395.41,Mauna Loa (NOAA/Scripps)
2012-07-07,2012.515,394.86,Mauna Loa (NOAA/Scripps)
2012-07-14,2012.534,394.59,Mauna Loa (NOAA/Scripps)
2012-07-21,2012.553,394.35,Mauna Loa (NOAA/Scripps)
2012-07-28,2012.572,393.6,Mauna Loa (NOAA/Scripps)
2012-08-04,2012.591,393.39,Mauna Loa (NOAA/Scripps)
2012-08-11,2012.611,392.93,Mauna Loa (NOAA/Scripps)
2012-08-18,2012.63,392.31,Mauna Loa (NOAA/Scripps)
2012-08-25,2012.649,391.7,Mauna Loa (NOAA/Scripps)
2012-09-01,2012.668,391.98,Mauna Loa (NOAA/Scripps)
2012-09-08,2012.687,391.0,Mauna Loa (NOAA/Scripps)
2012-09-15,2012.706,391.03,Mauna Loa (NOAA/Scripps)
2012-09-22,2012.726,391.02,Mauna Loa (NOAA/Scripps)
2012-09-29,2012.745,390.99,Mauna Loa (NOAA/Scripps)
2012-10-20,2012.802,391.29,Mauna Loa (NOAA/Scripps)
2012-10-27,2012.821,391.46,Mauna Loa (NOAA/Scripps)
2012-11-03,2012.841,391.76,Mauna Loa (NOAA/Scripps)
2012-11-10,2012.86,392.77,Mauna Loa (NOAA/Scripps)
2012-11-17,2012.879,393.42,Mauna Loa (NOAA/Scripps)
2012-11-24,2012.898,393.36,Mauna Loa (NOAA/Scripps)
2012-12-01,2012.917,393.61,Mauna Loa (NOAA/Scripps)
2012-12-08,2012.936,394.05,Mauna Loa (NOAA/Scripps)
2012-12-15,2012.956,394.46,Mauna Loa (NOAA/Scripps)
2012-12-22,2012.975,394.83,Mauna Loa (NOAA/Scripps)
2012-12-29,2012.994,394.62,Mauna Loa (NOAA/Scripps)
2013-01-05,2013.011,394.99,Mauna Loa (NOAA/Scripps)
2013-01-12,2013.03,395.57,Mauna Loa (NOAA/Scripps)
2013-01-19,2013.049,396.21,Mauna Loa (NOAA/Scripps)
2013-01-26,2013.068,395.64,Mauna Loa (NOAA/Scripps)
2013-02-02,2013.088,396.39,Mauna Loa (NOAA/Scripps)
2013-02-09,2013.107,396.46,Mauna Loa (NOAA/Scripps)
2013-02-16,2013.126,397.31,Mauna Loa (NOAA/Scripps)
2013-02-23,2013.145,396.88,Mauna Loa (NOAA/Scripps)
2013-03-02,2013.164,397.13,Mauna Loa (NOAA/Scripps)
2013-03-09,2013.183,396.64,Mauna Loa (NOAA/Scripps)
2013-03-16,2013.203,397.25,Mauna Loa (NOAA/Scripps)
2013-03-23,2013.222,397.21,Mauna Loa (NOAA/Scripps)
2013-03-30,2013.241,398.39,Mauna Loa (NOAA/Scripps)
2013-04-06,2013.26,398.05,Mauna Loa (NOAA/Scripps)
2013-04-13,2013.279,397.43,Mauna Loa (NOAA/Scripps)
2013-04-20,2013.298,398.76,Mauna Loa (NOAA/Scripps)
2013-04-27,2013.318,399.33,Mauna Loa (NOAA/Scripps)
2013-05-04,2013.337,399.64,Mauna Loa (NOAA/Scripps)
2013-05-11,2013.356,399.78,Mauna Loa (NOAA/Scripps)
2013-05-18,2013.375,400.04,Mauna Loa (NOAA/Scripps)
2013-05-25,2013.394,400.22,Mauna Loa (NOAA/Scripps)
2013-06-01,2013.413,399.43,Mauna Loa (NOAA/Scripps)
2013-06-08,2013.433,398.91,Mauna Loa (NOAA/Scripps)
2013-06-15,2013.452,398.58,Mauna Loa (NOAA/Scripps)
2013-06-22,2013.471,398.5,Mauna Loa (NOAA/Scripps)
2013-06-29,2013.49,398.65,Mauna Loa (NOAA/Scripps)
2013-07-06,2013.509,397.56,Mauna Loa (NOAA/Scripps)
2013-07-13,2013.528,397.48,Mauna Loa (NOAA/Scripps)
2013-07-20,2013.548,396.83,Mauna Loa (NOAA/Scripps)
2013-07-27,2013.567,396.98,Mauna Loa (NOAA/Scripps)
2013-08-03,2013.586,396.61,Mauna Loa (NOAA/Scripps)
2013-08-10,2013.605,395.55,Mauna Loa (NOAA/Scripps)
2013-08-17,2013.624,395.24,Mauna Loa (NOAA/Scripps)
2013-08-24,2013.643,394.73,Mauna Loa (NOAA/Scripps)
2013-08-31,2013.663,394.33,Mauna Loa (NOAA/Scripps)
2013-09-07,2013.682,393.52,Mauna Loa (NOAA/Scripps)
2013-09-14,2013.701,393.25,Mauna Loa (NOAA/Scripps)
2013-09-21,2013.72,393.53,Mauna Loa (NOAA/Scripps)
2013-09-28,2013.739,393.22,Mauna Loa (NOAA/Scripps)
2013-10-05,2013.758,393.47,Mauna Loa (NOAA/Scripps)
2013-10-12,2013.778,393.52,Mauna Loa (NOAA/Scripps)
2013-10-19,2013.797,393.93,Mauna Loa (NOAA/Scripps)
2013-10-26,2013.816,394.13,Mauna Loa (NOAA/Scripps)
2013-11-02,2013.835,394.39,Mauna Loa (NOAA/Scripps)
2013-11-09,2013.854,395.25,Mauna Loa (NOAA/Scripps)
2013-11-16,2013.873,394.85,Mauna Loa (NOAA/Scripps)
2013-11-23,2013.893,395.66,Mauna Loa (NOAA/Scripps)
2013-11-30,2013.912,396.06,Mauna Loa (NOAA/Scripps)
2013-12-07,2013.931,396.27,Mauna Loa (NOAA/Scripps)
2013-12-14,2013.95,396.52,Mauna Loa (NOAA/Scripps)
2013-12-21,2013.969,397.3,Mauna Loa (NOAA/Scripps)
2013-12-28,2013.988,397.59,Mauna Loa (NOAA/Scripps)
2014-01-04,2014.008,397.9,Mauna Loa (NOAA/Scripps)
2014-01-11,2014.027,397.82,Mauna Loa (NOAA/Scripps)
2014-01-18,2014.047,398.13,Mauna Loa (NOAA/Scripps)
2014-01-25,2014.066,397.75,Mauna Loa (NOAA/Scripps)
2014-02-01,2014.085,398.02,Mauna Loa (NOAA/Scripps)
2014-02-08,2014.104,397.98,Mauna Loa (NOAA/Scripps)
2014-02-15,2014.123,397.79,Mauna Loa (NOAA/Scripps)
2014-02-22,2014.142,398.24,Mauna Loa (NOAA/Scripps)
2014-03-01,2014.162,397.92,Mauna Loa (NOAA/Scripps)
2014-03-08,2014.181,398.88,Mauna Loa (NOAA/Scripps)
2014-03-15,2014.2,400.68,Mauna Loa (NOAA/Scripps)
2014-03-22,2014.219,399.62,Mauna Loa (NOAA/Scripps)
2014-03-29,2014.238,400.34,Mauna Loa (NOAA/Scripps)
2014-04-05,2014.257,401.32,Mauna Loa (NOAA/Scripps)
2014-04-12,2014.277,401.22,Mauna Loa (NOAA/Scripps)
2014-04-19,2014.296,401.29,Mauna Loa (NOAA/Scripps)
2014-04-26,2014.315,401.42,Mauna Loa (NOAA/Scripps)
2014-05-03,2014.334,401.74,Mauna Loa (NOAA/Scripps)
2014-05-10,2014.353,401.51,Mauna Loa (NOAA/Scripps)
2014-05-17,2014.372,402.18,Mauna Loa (NOAA/Scripps)
2014-05-24,2014.392,401.44,Mauna Loa (NOAA/Scripps)
2014-05-31,2014.411,402.12,Mauna Loa (NOAA/Scripps)
2014-06-07,2014.43,401.55,Mauna Loa (NOAA/Scripps)
2014-06-14,2014.449,401.31,Mauna Loa (NOAA/Scripps)
2014-06-21,2014.468,401.21,Mauna Loa (NOAA/Scripps)
2014-06-28,2014.487,400.57,Mauna Loa (NOAA/Scripps)
2014-07-05,2014.507,400.06,Mauna Loa (NOAA/Scripps)
2014-07-12,2014.526,399.58,Mauna Loa (NOAA/Scripps)
2014-07-19,2014.545,398.54,Mauna Loa (NOAA/Scripps)
2014-07-26,2014.564,397.86,Mauna Loa (NOAA/Scripps)
2014-08-02,2014.583,397.86,Mauna Loa (NOAA/Scripps)
2014-08-09,2014.602,397.45,Mauna Loa (NOAA/Scripps)
2014-08-16,2014.621,397.23,Mauna Loa (NOAA/Scripps)
2014-08-23,2014.641,396.75,Mauna Loa (NOAA/Scripps)
2014-08-30,2014.66,396.37,Mauna Loa (NOAA/Scripps)
2014-09-06,2014.679,396.35,Mauna Loa (NOAA/Scripps)
2014-09-13,2014.698,394.8,Mauna Loa (NOAA/Scripps)
2014-09-20,2014.717,395.32,Mauna Loa (NOAA/Scripps)
2014-09-27,2014.736,395.55,Mauna Loa (NOAA/Scripps)
2014-10-04,2014.756,395.57,Mauna Loa (NOAA/Scripps)
2014-10-11,2014.775,395.49,Mauna Loa (NOAA/Scripps)
2014-10-18,2014.794,395.72,Mauna Loa (NOAA/Scripps)
2014-10-25,2014.813,395.91,Mauna Loa (NOAA/Scripps)
2014-11-01,2014.832,396.52,Mauna Loa (NOAA/Scripps)
2014-11-08,2014.851,396.9,Mauna Loa (NOAA/Scripps)
2014-11-15,2014.871,397.34,Mauna Loa (NOAA/Scripps)
2014-11-22,2014.89,397.24,Mauna Loa (NOAA/Scripps)
2014-11-29,2014.909,398.1,Mauna Loa (NOAA/Scripps)
2014-12-06,2014.928,398.26,Mauna Loa (NOAA/Scripps)
2014-12-13,2014.947,398.92,Mauna Loa (NOAA/Scripps)
2014-12-20,2014.966,399.09,Mauna Loa (NOAA/Scripps)
2014-12-27,2014.986,399.01,Mauna Loa (NOAA/Scripps)
2015-01-03,2015.005,399.92,Mauna Loa (NOAA/Scripps)
2015-01-10,2015.025,399.86,Mauna Loa (NOAA/Scripps)
2015-01-17,2015.044,399.72,Mauna Loa (NOAA/Scripps)
2015-01-24,2015.063,399.98,Mauna Loa (NOAA/Scripps)
2015-01-31,2015.082,400.2,Mauna Loa (NOAA/Scripps)
2015-02-07,2015.101,400.02,Mauna Loa (NOAA/Scripps)
2015-02-14,2015.12,400.15,Mauna Loa (NOAA/Scripps)
2015-02-21,2015.14,400.36,Mauna Loa (NOAA/Scripps)
2015-02-28,2015.159,401.03,Mauna Loa (NOAA/Scripps)
2015-03-07,2015.178,401.63,Mauna Loa (NOAA/Scripps)
2015-03-14,2015.197,401.8,Mauna Loa (NOAA/Scripps)
2015-03-21,2015.216,400.79,Mauna Loa (NOAA/Scripps)
2015-03-28,2015.235,402.5,Mauna Loa (NOAA/Scripps)
2015-04-04,2015.255,402.74,Mauna Loa (NOAA/Scripps)
2015-04-11,2015.274,403.88,Mauna Loa (NOAA/Scripps)
2015-04-18,2015.293,403.8,Mauna Loa (NOAA/Scripps)
2015-04-25,2015.312,403.22,Mauna Loa (NOAA/Scripps)
2015-05-02,2015.331,404.08,Mauna Loa (NOAA/Scripps)
2015-05-09,2015.35,404.09,Mauna Loa (NOAA/Scripps)
2015-05-16,2015.37,404.31,Mauna Loa (NOAA/Scripps)
2015-05-23,2015.389,403.86,Mauna Loa (NOAA/Scripps)
2015-05-30,2015.408,403.81,Mauna Loa (NOAA/Scripps)
2015-06-06,2015.427,403.45,Mauna Loa (NOAA/Scripps)
2015-06-13,2015.446,402.72,Mauna Loa (NOAA/Scripps)
2015-06-20,2015.465,402.63,Mauna Loa (NOAA/Scripps)
2015-06-27,2015.485,402.36,Mauna Loa (NOAA/Scripps)
2015-07-04,2015.504,402.24,Mauna Loa (NOAA/Scripps)
2015-07-11,2015.523,401.7,Mauna Loa (NOAA/Scripps)
2015-07-18,2015.542,401.01,Mauna Loa (NOAA/Scripps)
2015-07-25,2015.561,401.29,Mauna Loa (NOAA/Scripps)
2015-08-01,2015.58,398.74,Mauna Loa (NOAA/Scripps)
2015-08-08,2015.6,399.21,Mauna Loa (NOAA/Scripps)
2015-08-15,2015.619,399.12,Mauna Loa (NOAA/Scripps)
2015-08-22,2015.638,399.03,Mauna Loa (NOAA/Scripps)
2015-08-29,2015.657,398.8,Mauna Loa (NOAA/Scripps)
2015-09-05,2015.676,398.16,Mauna Loa (NOAA/Scripps)
2015-09-12,2015.695,397.1,Mauna Loa (NOAA/Scripps)
2015-09-19,2015.715,397.57,Mauna Loa (NOAA/Scripps)
2015-09-26,2015.734,397.42,Mauna Loa (NOAA/Scripps)
2015-10-03,2015.753,397.74,Mauna Loa (NOAA/Scripps)
2015-10-10,2015.772,398.51,Mauna Loa (NOAA/Scripps)
2015-10-17,2015.791,398.6,Mauna Loa (NOAA/Scripps)
2015-10-24,2015.81,398.43,Mauna Loa (NOAA/Scripps)
2015-10-31,2015.83,398.87,Mauna Loa (NOAA/Scripps)
2015-11-07,2015.849,399.54,Mauna Loa (NOAA/Scripps)
2015-11-14,2015.868,400.75,Mauna Loa (NOAA/Scripps)
2015-11-21,2015.887,400.42,Mauna Loa (NOAA/Scripps)
2015-11-28,2015.906,400.82,Mauna Loa (NOAA/Scripps)
2015-12-05,2015.925,400.91,Mauna Loa (NOAA/Scripps)
2015-12-12,2015.945,402.4,Mauna Loa (NOAA/Scripps)
2015-12-19,2015.964,402.32,Mauna Loa (NOAA/Scripps)
2015-12-26,2015.983,402.01,Mauna Loa (NOAA/Scripps)
2016-01-02,2016.003,402.25,Mauna Loa (NOAA/Scripps)
2016-01-09,2016.022,402.23,Mauna Loa (NOAA/Scripps)
2016-01-16,2016.041,402.68,Mauna Loa (NOAA/Scripps)
2016-01-23,2016.06,403.26,Mauna Loa (NOAA/Scripps)
2016-01-30,2016.079,402.78,Mauna Loa (NOAA/Scripps)
2016-02-06,2016.099,404.98,Mauna Loa (NOAA/Scripps)
2016-02-13,2016.118,403.22,Mauna Loa (NOAA/Scripps)
2016-02-20,2016.137,404.59,Mauna Loa (NOAA/Scripps)
2016-02-27,2016.156,403.98,Mauna Loa (NOAA/Scripps)
2016-03-05,2016.175,403.99,Mauna Loa (NOAA/Scripps)
2016-03-12,2016.194,404.52,Mauna Loa (NOAA/Scripps)
2016-03-19,2016.214,405.01,Mauna Loa (NOAA/Scripps)
2016-03-26,2016.233,406.16,Mauna Loa (NOAA/Scripps)
2016-04-02,2016.252,405.71,Mauna Loa (NOAA/Scripps)
2016-04-09,2016.271,408.56,Mauna Loa (NOAA/Scripps)
2016-04-16,2016.29,408.16,Mauna Loa (NOAA/Scripps)
2016-04-23,2016.309,407.7,Mauna Loa (NOAA/Scripps)
2016-04-30,2016.329,407.84,Mauna Loa (NOAA/Scripps)
2016-05-07,2016.348,407.51,Mauna Loa (NOAA/Scripps)
2016-05-14,2016.367,407.54,Mauna Loa (NOAA/Scripps)
2016-05-21,2016.386,407.41,Mauna Loa (NOAA/Scripps)
2016-05-28,2016.405,407.91,Mauna Loa (NOAA/Scripps)
2016-06-04,2016.424,407.52,Mauna Loa (NOAA/Scripps)
2016-06-11,2016.444,406.99,Mauna Loa (NOAA/Scripps)
2016-06-12,2016.446,407.26,Mauna Loa (NOAA/Scripps)
2016-06-13,2016.449,407.36,Mauna Loa (NOAA/Scripps)
2016-06-15,2016.454,407.31,Mauna Loa (NOAA/Scripps)
2016-06-16,2016.457,407.65,Mauna Loa (NOAA/Scripps)
2016-06-17,2016.46,406.68,Mauna Loa (NOAA/Scripps)
2016-06-18,2016.463,407.02,Mauna Loa (NOAA/Scripps)
2016-06-19,2016.465,406.94,Mauna Loa (NOAA/Scripps)
2016-06-20,2016.468,406.82,Mauna Loa (NOAA/Scripps)
2016-06-21,2016.471,406.53,Mauna Loa (NOAA/Scripps)
2016-06-22,2016.474,406.36,Mauna Loa (NOAA/Scripps)
2016-06-23,2016.476,407.14,Mauna Loa (NOAA/Scripps)
2016-06-25,2016.482,406.04,Mauna Loa (NOAA/Scripps)
2016-06-26,2016.485,406.21,Mauna Loa (NOAA/Scripps)
2016-06-27,2016.487,405.29,Mauna Loa (NOAA/Scripps)
2016-06-29,2016.493,406.07,Mauna Loa (NOAA/Scripps)
2016-06-30,2016.496,406.13,Mauna Loa (NOAA/Scripps)
2016-07-02,2016.501,406.15,Mauna Loa (NOAA/Scripps)
2016-07-03,2016.504,405.71,Mauna Loa (NOAA/Scripps)
2016-07-04,2016.507,406.03,Mauna Loa (NOAA/Scripps)
2016-07-05,2016.509,405.4,Mauna Loa (NOAA/Scripps)
2016-07-06,2016.512,405.23,Mauna Loa (NOAA/Scripps)
2016-07-07,2016.515,405.4,Mauna Loa (NOAA/Scripps)
2016-07-08,2016.517,405.64,Mauna Loa (NOAA/Scripps)
2016-07-10,2016.523,405.59,Mauna Loa (NOAA/Scripps)
2016-07-12,2016.528,404.4,Mauna Loa (NOAA/Scripps)
2016-07-13,2016.531,404.44,Mauna Loa (NOAA/Scripps)
2016-07-14,2016.534,404.12,Mauna Loa (NOAA/Scripps)
2016-07-15,2016.537,404.0,Mauna Loa (NOAA/Scripps)
2016-07-16,2016.539,404.34,Mauna Loa (NOAA/Scripps)
2016-07-17,2016.542,404.78,Mauna Loa (NOAA/Scripps)
2016-07-18,2016.545,400.8,Mauna Loa (NOAA/Scripps)
2016-07-19,2016.548,403.18,Mauna Loa (NOAA/Scripps)
2016-07-20,2016.55,403.21,Mauna Loa (NOAA/Scripps)
2016-07-21,2016.553,404.92,Mauna Loa (NOAA/Scripps)
2016-07-22,2016.556,404.38,Mauna Loa (NOAA/Scripps)
2016-07-23,2016.559,402.49,Mauna Loa (NOAA/Scripps)
2016-07-24,2016.561,403.07,Mauna Loa (NOAA/Scripps)
2016-07-25,2016.564,404.02,Mauna Loa (NOAA/Scripps)
2016-07-26,2016.567,403.95,Mauna Loa (NOAA/Scripps)
2016-07-27,2016.569,403.87,Mauna Loa (NOAA/Scripps)
2016-07-28,2016.572,404.01,Mauna Loa (NOAA/Scripps)
2016-07-29,2016.575,403.94,Mauna Loa (NOAA/Scripps)
2016-07-30,2016.578,403.98,Mauna Loa (NOAA/Scripps)
2016-07-31,2016.58,403.95,Mauna Loa (NOAA/Scripps)
2016-08-01,2016.583,403.27,Mauna Loa (NOAA/Scripps)
2016-08-02,2016.586,403.26,Mauna Loa (NOAA/Scripps)
2016-08-03,2016.589,403.2,Mauna Loa (NOAA/Scripps)
2016-08-04,2016.591,403.56,Mauna Loa (NOAA/Scripps)
2016-08-05,2016.594,403.56,Mauna Loa (NOAA/Scripps)
2016-08-08,2016.602,403.29,Mauna Loa (NOAA/Scripps)
2016-08-09,2016.605,403.1,Mauna Loa (NOAA/Scripps)
2016-08-10,2016.608,402.94,Mauna Loa (NOAA/Scripps)
2016-08-11,2016.611,402.96,Mauna Loa (NOAA/Scripps)
2016-08-13,2016.616,402.09,Mauna Loa (NOAA/Scripps)
2016-08-15,2016.621,401.25,Mauna Loa (NOAA/Scripps)
2016-08-16,2016.624,401.41,Mauna Loa (NOAA/Scripps)
2016-08-18,2016.63,402.53,Mauna Loa (NOAA/Scripps)
2016-08-19,2016.632,402.21,Mauna Loa (NOAA/Scripps)
2016-08-21,2016.638,402.15,Mauna Loa (NOAA/Scripps)
2016-08-22,2016.641,401.66,Mauna Loa (NOAA/Scripps)
2016-08-23,2016.643,402.14,Mauna Loa (NOAA/Scripps)
2016-08-24,2016.646,401.96,Mauna Loa (NOAA/Scripps)
2016-08-25,2016.649,401.86,Mauna Loa (NOAA/Scripps)
2016-08-26,2016.652,402.05,Mauna Loa (NOAA/Scripps)
2016-08-28,2016.657,401.37,Mauna Loa (NOAA/Scripps)
2016-08-29,2016.66,399.46,Mauna Loa (NOAA/Scripps)
2016-08-30,2016.663,400.98,Mauna Loa (NOAA/Scripps)
2016-09-02,2016.671,402.01,Mauna Loa (NOAA/Scripps)
2016-09-03,2016.674,401.07,Mauna Loa (NOAA/Scripps)
2016-09-04,2016.676,401.17,Mauna Loa (NOAA/Scripps)
2016-09-05,2016.679,401.57,Mauna Loa (NOAA/Scripps)
2016-09-06,2016.682,401.14,Mauna Loa (NOAA/Scripps)
2016-09-07,2016.684,400.33,Mauna Loa (NOAA/Scripps)
2016-09-08,2016.687,400.29,Mauna Loa (NOAA/Scripps)
2016-09-09,2016.69,401.31,Mauna Loa (NOAA/Scripps)
2016-09-12,2016.698,401.65,Mauna Loa (NOAA/Scripps)
2016-09-13,2016.701,400.97,Mauna Loa (NOAA/Scripps)
2016-09-15,2016.706,400.88,Mauna Loa (NOAA/Scripps)
2016-09-16,2016.709,401.2,Mauna Loa (NOAA/Scripps)
2016-09-17,2016.712,401.93,Mauna Loa (NOAA/Scripps)
2016-09-18,2016.715,401.7,Mauna Loa (NOAA/Scripps)
2016-09-19,2016.717,400.83,Mauna Loa (NOAA/Scripps)
2016-09-20,2016.72,400.62,Mauna Loa (NOAA/Scripps)
2016-09-21,2016.723,400.76,Mauna Loa (NOAA/Scripps)
2016-09-22,2016.726,401.0,Mauna Loa (NOAA/Scripps)
2016-09-23,2016.728,400.69,Mauna Loa (NOAA/Scripps)
2016-09-24,2016.731,400.52,Mauna Loa (NOAA/Scripps)
2016-09-25,2016.734,400.72,Mauna Loa (NOAA/Scripps)
2016-09-26,2016.736,400.91,Mauna Loa (NOAA/Scripps)
2016-09-28,2016.742,400.44,Mauna Loa (NOAA/Scripps)
2016-09-30,2016.747,400.92,Mauna Loa (NOAA/Scripps)
2016-10-01,2016.75,400.62,Mauna Loa (NOAA/Scripps)
2016-10-02,2016.753,400.74,Mauna Loa (NOAA/Scripps)
2016-10-03,2016.756,401.01,Mauna Loa (NOAA/Scripps)
2016-10-04,2016.758,400.71,Mauna Loa (NOAA/Scripps)
2016-10-05,2016.761,401.04,Mauna Loa (NOAA/Scripps)
2016-10-06,2016.764,400.81,Mauna Loa (NOAA/Scripps)
2016-10-07,2016.767,400.86,Mauna Loa (NOAA/Scripps)
2016-10-08,2016.769,401.19,Mauna Loa (NOAA/Scripps)
2016-10-10,2016.775,401.55,Mauna Loa (NOAA/Scripps)
2016-10-11,2016.778,401.36,Mauna Loa (NOAA/Scripps)
2016-10-12,2016.78,401.63,Mauna Loa (NOAA/Scripps)
2016-10-13,2016.783,401.32,Mauna Loa (NOAA/Scripps)
2016-10-14,2016.786,401.81,Mauna Loa (NOAA/Scripps)
2016-10-15,2016.789,401.73,Mauna Loa (NOAA/Scripps)
2016-10-16,2016.791,401.7,Mauna Loa (NOAA/Scripps)
2016-10-17,2016.794,401.83,Mauna Loa (NOAA/Scripps)
2016-10-18,2016.797,401.76,Mauna Loa (NOAA/Scripps)
2016-10-19,2016.799,401.21,Mauna Loa (NOAA/Scripps)
2016-10-20,2016.802,401.46,Mauna Loa (NOAA/Scripps)
2016-10-21,2016.805,401.87,Mauna Loa (NOAA/Scripps)
2016-10-22,2016.808,401.72,Mauna Loa (NOAA/Scripps)
2016-10-23,2016.81,401.65,Mauna Loa (NOAA/Scripps)
2016-10-24,2016.813,402.27,Mauna Loa (NOAA/Scripps)
2016-10-25,2016.816,401.81,Mauna Loa (NOAA/Scripps)
2016-10-26,2016.819,401.55,Mauna Loa (NOAA/Scripps)
2016-10-28,2016.824,401.99,Mauna Loa (NOAA/Scripps)
2016-10-29,2016.827,403.15,Mauna Loa (NOAA/Scripps)
2016-10-30,2016.83,402.38,Mauna Loa (NOAA/Scripps)
2016-10-31,2016.832,402.68,Mauna Loa (NOAA/Scripps)
2016-11-01,2016.835,402.16,Mauna Loa (NOAA/Scripps)
2016-11-02,2016.838,402.58,Mauna Loa (NOAA/Scripps)
2016-11-03,2016.841,403.2,Mauna Loa (NOAA/Scripps)
2016-11-04,2016.843,403.76,Mauna Loa (NOAA/Scripps)
2016-11-05,2016.846,402.89,Mauna Loa (NOAA/Scripps)
2016-11-08,2016.854,402.77,Mauna Loa (NOAA/Scripps)
2016-11-09,2016.857,402.94,Mauna Loa (NOAA/Scripps)
2016-11-10,2016.86,403.34,Mauna Loa (NOAA/Scripps)
2016-11-11,2016.862,402.55,Mauna Loa (NOAA/Scripps)
2016-11-12,2016.865,402.21,Mauna Loa (NOAA/Scripps)
2016-11-13,2016.868,402.47,Mauna Loa (NOAA/Scripps)
2016-11-14,2016.871,402.61,Mauna Loa (NOAA/Scripps)
2016-11-15,2016.873,404.7,Mauna Loa (NOAA/Scripps)
2016-11-16,2016.876,404.7,Mauna Loa (NOAA/Scripps)
2016-11-17,2016.879,404.23,Mauna Loa (NOAA/Scripps)
2016-11-18,2016.882,403.18,Mauna Loa (NOAA/Scripps)
2016-11-19,2016.884,404.29,Mauna Loa (NOAA/Scripps)
2016-11-20,2016.887,403.4,Mauna Loa (NOAA/Scripps)
2016-11-21,2016.89,403.54,Mauna Loa (NOAA/Scripps)
2016-11-22,2016.893,403.55,Mauna Loa (NOAA/Scripps)
2016-11-23,2016.895,403.47,Mauna Loa (NOAA/Scripps)
2016-11-24,2016.898,403.08,Mauna Loa (NOAA/Scripps)
2016-11-25,2016.901,405.42,Mauna Loa (NOAA/Scripps)
2016-11-26,2016.903,405.4,Mauna Loa (NOAA/Scripps)
2016-11-27,2016.906,404.93,Mauna Loa (NOAA/Scripps)
2016-11-28,2016.909,404.38,Mauna Loa (NOAA/Scripps)
2016-11-29,2016.912,403.84,Mauna Loa (NOAA/Scripps)
2016-12-02,2016.92,404.32,Mauna Loa (NOAA/Scripps)
2016-12-03,2016.923,404.42,Mauna Loa (NOAA/Scripps)
2016-12-04,2016.925,404.36,Mauna Loa (NOAA/Scripps)
2016-12-05,2016.928,403.62,Mauna Loa (NOAA/Scripps)
2016-12-06,2016.931,403.65,Mauna Loa (NOAA/Scripps)
2016-12-07,2016.934,403.36,Mauna Loa (NOAA/Scripps)
2016-12-08,2016.936,404.02,Mauna Loa (NOAA/Scripps)
2016-12-09,2016.939,403.99,Mauna Loa (NOAA/Scripps)
2016-12-10,2016.942,404.12,Mauna Loa (NOAA/Scripps)
2016-12-11,2016.945,404.36,Mauna Loa (NOAA/Scripps)
2016-12-12,2016.947,404.44,Mauna Loa (NOAA/Scripps)
2016-12-14,2016.953,404.49,Mauna Loa (NOAA/Scripps)
2016-12-15,2016.956,405.68,Mauna Loa (NOAA/Scripps)
2016-12-16,2016.958,405.04,Mauna Loa (NOAA/Scripps)
2016-12-17,2016.961,405.54,Mauna Loa (NOAA/Scripps)
2016-12-18,2016.964,404.52,Mauna Loa (NOAA/Scripps)
2016-12-19,2016.966,403.78,Mauna Loa (NOAA/Scripps)
2016-12-20,2016.969,404.22,Mauna Loa (NOAA/Scripps)
2016-12-21,2016.972,404.61,Mauna Loa (NOAA/Scripps)
2016-12-22,2016.975,404.79,Mauna Loa (NOAA/Scripps)
2016-12-23,2016.977,405.06,Mauna Loa (NOAA/Scripps)
2016-12-24,2016.98,404.63,Mauna Loa (NOAA/Scripps)
2016-12-25,2016.983,404.7,Mauna Loa (NOAA/Scripps)
2016-12-26,2016.986,404.56,Mauna Loa (NOAA/Scripps)
2016-12-27,2016.988,404.53,Mauna Loa (NOAA/Scripps)
2016-12-28,2016.991,404.42,Mauna Loa (NOAA/Scripps)
2016-12-29,2016.994,404.42,Mauna Loa (NOAA/Scripps)
2016-12-30,2016.997,404.9,Mauna Loa (NOAA/Scripps)
2016-12-31,2016.999,405.08,Mauna Loa (NOAA/Scripps)
2017-01-01,2017.0,406.35,Mauna Loa (NOAA/Scripps)
2017-01-02,2017.003,406.84,Mauna Loa (NOAA/Scripps)
2017-01-03,2017.005,405.46,Mauna Loa (NOAA/Scripps)
2017-01-04,2017.008,405.2,Mauna Loa (NOAA/Scripps)
2017-01-05,2017.011,405.43,Mauna Loa (NOAA/Scripps)
2017-01-06,2017.014,405.98,Mauna Loa (NOAA/Scripps)
2017-01-07,2017.016,406.09,Mauna Loa (NOAA/Scripps)
2017-01-08,2017.019,406.37,Mauna Loa (NOAA/Scripps)
2017-01-09,2017.022,406.2,Mauna Loa (NOAA/Scripps)
2017-01-10,2017.025,405.95,Mauna Loa (NOAA/Scripps)
2017-01-11,2017.027,406.38,Mauna Loa (NOAA/Scripps)
2017-01-12,2017.03,404.7,Mauna Loa (NOAA/Scripps)
2017-01-13,2017.033,406.47,Mauna Loa (NOAA/Scripps)
2017-01-14,2017.036,405.79,Mauna Loa (NOAA/Scripps)
2017-01-15,2017.038,404.98,Mauna Loa (NOAA/Scripps)
2017-01-16,2017.041,406.41,Mauna Loa (NOAA/Scripps)
2017-01-17,2017.044,406.4,Mauna Loa (NOAA/Scripps)
2017-01-18,2017.047,406.0,Mauna Loa (NOAA/Scripps)
2017-01-19,2017.049,406.88,Mauna Loa (NOAA/Scripps)
2017-01-20,2017.052,406.17,Mauna Loa (NOAA/Scripps)
2017-01-24,2017.063,407.69,Mauna Loa (NOAA/Scripps)
2017-01-25,2017.066,407.29,Mauna Loa (NOAA/Scripps)
2017-01-27,2017.071,405.55,Mauna Loa (NOAA/Scripps)
2017-01-28,2017.074,405.39,Mauna Loa (NOAA/Scripps)
2017-01-29,2017.077,405.76,Mauna Loa (NOAA/Scripps)
2017-01-31,2017.082,406.66,Mauna Loa (NOAA/Scripps)
2017-02-01,2017.085,405.69,Mauna Loa (NOAA/Scripps)
2017-02-02,2017.088,406.4,Mauna Loa (NOAA/Scripps)
2017-02-03,2017.09,406.22,Mauna Loa (NOAA/Scripps)
2017-02-04,2017.093,406.47,Mauna Loa (NOAA/Scripps)
2017-02-05,2017.096,406.42,Mauna Loa (NOAA/Scripps)
2017-02-06,2017.099,406.12,Mauna Loa (NOAA/Scripps)
2017-02-07,2017.101,406.07,Mauna Loa (NOAA/Scripps)
2017-02-08,2017.104,406.11,Mauna Loa (NOAA/Scripps)
2017-02-09,2017.107,405.88,Mauna Loa (NOAA/Scripps)
2017-02-10,2017.11,405.61,Mauna Loa (NOAA/Scripps)
2017-02-11,2017.112,405.97,Mauna Loa (NOAA/Scripps)
2017-02-12,2017.115,406.46,Mauna Loa (NOAA/Scripps)
2017-02-13,2017.118,405.45,Mauna Loa (NOAA/Scripps)
2017-02-14,2017.12,406.37,Mauna Loa (NOAA/Scripps)
2017-02-15,2017.123,405.74,Mauna Loa (NOAA/Scripps)
2017-02-16,2017.126,405.77,Mauna Loa (NOAA/Scripps)
2017-02-17,2017.129,405.73,Mauna Loa (NOAA/Scripps)
2017-02-18,2017.131,405.84,Mauna Loa (NOAA/Scripps)
2017-02-19,2017.134,405.61,Mauna Loa (NOAA/Scripps)
2017-02-20,2017.137,406.67,Mauna Loa (NOAA/Scripps)
2017-02-21,2017.14,406.71,Mauna Loa (NOAA/Scripps)
2017-02-23,2017.145,407.28,Mauna Loa (NOAA/Scripps)
2017-02-24,2017.148,408.28,Mauna Loa (NOAA/Scripps)
2017-02-26,2017.153,408.58,Mauna Loa (NOAA/Scripps)
2017-02-27,2017.156,407.51,Mauna Loa (NOAA/Scripps)
2017-02-28,2017.159,407.61,Mauna Loa (NOAA/Scripps)
2017-03-01,2017.162,406.76,Mauna Loa (NOAA/Scripps)
2017-03-02,2017.164,406.12,Mauna Loa (NOAA/Scripps)
2017-03-03,2017.167,407.52,Mauna Loa (NOAA/Scripps)
2017-03-04,2017.17,407.46,Mauna Loa (NOAA/Scripps)
2017-03-08,2017.181,406.56,Mauna Loa (NOAA/Scripps)
2017-03-09,2017.183,405.65,Mauna Loa (NOAA/Scripps)
2017-03-12,2017.192,406.82,Mauna Loa (NOAA/Scripps)
2017-03-13,2017.194,407.11,Mauna Loa (NOAA/Scripps)
2017-03-14,2017.197,407.29,Mauna Loa (NOAA/Scripps)
2017-03-15,2017.2,407.62,Mauna Loa (NOAA/Scripps)
2017-03-16,2017.203,406.46,Mauna Loa (NOAA/Scripps)
2017-03-19,2017.211,406.74,Mauna Loa (NOAA/Scripps)
2017-03-20,2017.214,406.3,Mauna Loa (NOAA/Scripps)
2017-03-21,2017.216,406.63,Mauna Loa (NOAA/Scripps)
2017-03-22,2017.219,406.56,Mauna Loa (NOAA/Scripps)
2017-03-23,2017.222,406.66,Mauna Loa (NOAA/Scripps)
2017-03-25,2017.227,407.74,Mauna Loa (NOAA/Scripps)
2017-03-26,2017.23,406.88,Mauna Loa (NOAA/Scripps)
2017-03-27,2017.233,406.57,Mauna Loa (NOAA/Scripps)
2017-03-28,2017.235,409.47,Mauna Loa (NOAA/Scripps)
2017-03-29,2017.238,409.28,Mauna Loa (NOAA/Scripps)
2017-03-30,2017.241,408.86,Mauna Loa (NOAA/Scripps)
2017-03-31,2017.244,409.08,Mauna Loa (NOAA/Scripps)
2017-04-01,2017.246,408.48,Mauna Loa (NOAA/Scripps)
2017-04-02,2017.249,408.07,Mauna Loa (NOAA/Scripps)
2017-04-03,2017.252,407.82,Mauna Loa (NOAA/Scripps)
2017-04-04,2017.255,408.07,Mauna Loa (NOAA/Scripps)
2017-04-06,2017.26,406.92,Mauna Loa (NOAA/Scripps)
2017-04-07,2017.263,406.95,Mauna Loa (NOAA/Scripps)
2017-04-08,2017.266,407.78,Mauna Loa (NOAA/Scripps)
2017-04-11,2017.274,409.14,Mauna Loa (NOAA/Scripps)
2017-04-12,2017.277,409.17,Mauna Loa (NOAA/Scripps)
2017-04-13,2017.279,407.8,Mauna Loa (NOAA/Scripps)
2017-04-14,2017.282,409.11,Mauna Loa (NOAA/Scripps)
2017-04-15,2017.285,409.05,Mauna Loa (NOAA/Scripps)
2017-04-16,2017.287,409.52,Mauna Loa (NOAA/Scripps)
2017-04-17,2017.29,409.19,Mauna Loa (NOAA/Scripps)
2017-04-19,2017.296,409.95,Mauna Loa (NOAA/Scripps)
2017-04-20,2017.298,409.82,Mauna Loa (NOAA/Scripps)
2017-04-21,2017.301,409.66,Mauna Loa (NOAA/Scripps)
2017-04-22,2017.304,409.52,Mauna Loa (NOAA/Scripps)
2017-04-23,2017.307,409.65,Mauna Loa (NOAA/Scripps)
2017-04-25,2017.312,409.65,Mauna Loa (NOAA/Scripps)
2017-04-26,2017.315,412.63,Mauna Loa (NOAA/Scripps)
2017-04-27,2017.318,408.64,Mauna Loa (NOAA/Scripps)
2017-04-28,2017.32,409.48,Mauna Loa (NOAA/Scripps)
2017-04-29,2017.323,409.46,Mauna Loa (NOAA/Scripps)
2017-04-30,2017.326,409.98,Mauna Loa (NOAA/Scripps)
2017-05-01,2017.329,408.57,Mauna Loa (NOAA/Scripps)
2017-05-02,2017.331,409.0,Mauna Loa (NOAA/Scripps)
2017-05-03,2017.334,408.09,Mauna Loa (NOAA/Scripps)
2017-05-06,2017.342,410.01,Mauna Loa (NOAA/Scripps)
2017-05-07,2017.345,409.17,Mauna Loa (NOAA/Scripps)
2017-05-08,2017.348,409.45,Mauna Loa (NOAA/Scripps)
2017-05-09,2017.35,409.43,Mauna Loa (NOAA/Scripps)
2017-05-10,2017.353,408.84,Mauna Loa (NOAA/Scripps)
2017-05-11,2017.356,409.79,Mauna Loa (NOAA/Scripps)
2017-05-12,2017.359,409.41,Mauna Loa (NOAA/Scripps)
2017-05-13,2017.361,408.84,Mauna Loa (NOAA/Scripps)
2017-05-15,2017.367,411.27,Mauna Loa (NOAA/Scripps)
2017-05-17,2017.372,410.03,Mauna Loa (NOAA/Scripps)
2017-05-18,2017.375,410.21,Mauna Loa (NOAA/Scripps)
2017-05-19,2017.378,410.29,Mauna Loa (NOAA/Scripps)
2017-05-20,2017.381,409.98,Mauna Loa (NOAA/Scripps)
2017-05-21,2017.383,409.91,Mauna Loa (NOAA/Scripps)
2017-05-22,2017.386,410.03,Mauna Loa (NOAA/Scripps)
2017-05-23,2017.389,409.98,Mauna Loa (NOAA/Scripps)
2017-05-24,2017.392,410.07,Mauna Loa (NOAA/Scripps)
2017-05-25,2017.394,410.07,Mauna Loa (NOAA/Scripps)
2017-05-26,2017.397,409.89,Mauna Loa (NOAA/Scripps)
2017-05-27,2017.4,409.78,Mauna Loa (NOAA/Scripps)
2017-05-28,2017.402,409.77,Mauna Loa (NOAA/Scripps)
2017-05-29,2017.405,409.91,Mauna Loa (NOAA/Scripps)
2017-05-30,2017.408,409.25,Mauna Loa (NOAA/Scripps)
2017-05-31,2017.411,409.3,Mauna Loa (NOAA/Scripps)
2017-06-01,2017.413,409.2,Mauna Loa (NOAA/Scripps)
2017-06-02,2017.416,409.62,Mauna Loa (NOAA/Scripps)
2017-06-03,2017.419,409.61,Mauna Loa (NOAA/Scripps)
2017-06-04,2017.422,409.68,Mauna Loa (NOAA/Scripps)
2017-06-05,2017.424,409.8,Mauna Loa (NOAA/Scripps)
2017-06-06,2017.427,409.87,Mauna Loa (NOAA/Scripps)
2017-06-07,2017.43,409.86,Mauna Loa (NOAA/Scripps)
2017-06-08,2017.433,409.49,Mauna Loa (NOAA/Scripps)
2017-06-09,2017.435,409.69,Mauna Loa (NOAA/Scripps)
2017-06-10,2017.438,409.15,Mauna Loa (NOAA/Scripps)
2017-06-12,2017.444,409.75,Mauna Loa (NOAA/Scripps)
2017-06-13,2017.446,409.62,Mauna Loa (NOAA/Scripps)
2017-06-14,2017.449,409.44,Mauna Loa (NOAA/Scripps)
2017-06-17,2017.457,408.74,Mauna Loa (NOAA/Scripps)
2017-06-18,2017.46,408.67,Mauna Loa (NOAA/Scripps)
2017-06-19,2017.463,407.73,Mauna Loa (NOAA/Scripps)
2017-06-20,2017.465,408.31,Mauna Loa (NOAA/Scripps)
2017-06-22,2017.471,408.15,Mauna Loa (NOAA/Scripps)
2017-06-23,2017.474,408.35,Mauna Loa (NOAA/Scripps)
2017-06-24,2017.476,408.36,Mauna Loa (NOAA/Scripps)
2017-06-25,2017.479,408.64,Mauna Loa (NOAA/Scripps)
2017-06-26,2017.482,408.76,Mauna Loa (NOAA/Scripps)
2017-06-27,2017.485,408.09,Mauna Loa (NOAA/Scripps)
2017-06-28,2017.487,408.24,Mauna Loa (NOAA/Scripps)
2017-06-29,2017.49,406.2,Mauna Loa (NOAA/Scripps)
2017-06-30,2017.493,406.78,Mauna Loa (NOAA/Scripps)
2017-07-01,2017.496,407.24,Mauna Loa (NOAA/Scripps)
2017-07-02,2017.498,406.77,Mauna Loa (NOAA/Scripps)
2017-07-03,2017.501,407.14,Mauna Loa (NOAA/Scripps)
2017-07-04,2017.504,409.3,Mauna Loa (NOAA/Scripps)
2017-07-05,2017.507,409.05,Mauna Loa (NOAA/Scripps)
2017-07-06,2017.509,407.69,Mauna Loa (NOAA/Scripps)
2017-07-09,2017.517,407.35,Mauna Loa (NOAA/Scripps)
2017-07-10,2017.52,407.21,Mauna Loa (NOAA/Scripps)
2017-07-11,2017.523,407.18,Mauna Loa (NOAA/Scripps)
2017-07-12,2017.526,406.68,Mauna Loa (NOAA/Scripps)
2017-07-13,2017.528,406.62,Mauna Loa (NOAA/Scripps)
2017-07-14,2017.531,406.86,Mauna Loa (NOAA/Scripps)
2017-07-15,2017.534,407.14,Mauna Loa (NOAA/Scripps)
2017-07-16,2017.537,406.43,Mauna Loa (NOAA/Scripps)
2017-07-17,2017.539,407.47,Mauna Loa (NOAA/Scripps)
2017-07-18,2017.542,407.26,Mauna Loa (NOAA/Scripps)
2017-07-19,2017.545,406.03,Mauna Loa (NOAA/Scripps)
2017-07-20,2017.548,406.87,Mauna Loa (NOAA/Scripps)
2017-07-21,2017.55,406.73,Mauna Loa (NOAA/Scripps)
2017-07-22,2017.553,406.38,Mauna Loa (NOAA/Scripps)
2017-07-23,2017.556,407.22,Mauna Loa (NOAA/Scripps)
2017-07-25,2017.561,406.32,Mauna Loa (NOAA/Scripps)
2017-07-26,2017.564,406.6,Mauna Loa (NOAA/Scripps)
2017-07-27,2017.567,406.83,Mauna Loa (NOAA/Scripps)
2017-07-28,2017.569,407.02,Mauna Loa (NOAA/Scripps)
2017-07-29,2017.572,406.04,Mauna Loa (NOAA/Scripps)
2017-07-30,2017.575,407.04,Mauna Loa (NOAA/Scripps)
2017-07-31,2017.578,406.85,Mauna Loa (NOAA/Scripps)
2017-08-01,2017.58,406.31,Mauna Loa (NOAA/Scripps)
2017-08-03,2017.586,406.32,Mauna Loa (NOAA/Scripps)
2017-08-04,2017.589,406.05,Mauna Loa (NOAA/Scripps)
2017-08-05,2017.591,405.88,Mauna Loa (NOAA/Scripps)
2017-08-06,2017.594,406.21,Mauna Loa (NOAA/Scripps)
2017-08-07,2017.597,405.34,Mauna Loa (NOAA/Scripps)
2017-08-08,2017.6,404.83,Mauna Loa (NOAA/Scripps)
2017-08-09,2017.602,405.83,Mauna Loa (NOAA/Scripps)
2017-08-10,2017.605,405.33,Mauna Loa (NOAA/Scripps)
2017-08-11,2017.608,405.06,Mauna Loa (NOAA/Scripps)
2017-08-12,2017.611,405.74,Mauna Loa (NOAA/Scripps)
2017-08-13,2017.613,405.43,Mauna Loa (NOAA/Scripps)
2017-08-14,2017.616,405.61,Mauna Loa (NOAA/Scripps)
2017-08-15,2017.619,405.13,Mauna Loa (NOAA/Scripps)
2017-08-17,2017.624,405.59,Mauna Loa (NOAA/Scripps)
2017-08-18,2017.627,404.47,Mauna Loa (NOAA/Scripps)
2017-08-19,2017.63,404.59,Mauna Loa (NOAA/Scripps)
2017-08-20,2017.632,404.65,Mauna Loa (NOAA/Scripps)
2017-08-21,2017.635,404.38,Mauna Loa (NOAA/Scripps)
2017-08-22,2017.638,404.3,Mauna Loa (NOAA/Scripps)
2017-08-23,2017.641,404.27,Mauna Loa (NOAA/Scripps)
2017-08-24,2017.643,404.69,Mauna Loa (NOAA/Scripps)
2017-08-25,2017.646,404.4,Mauna Loa (NOAA/Scripps)
2017-08-26,2017.649,404.65,Mauna Loa (NOAA/Scripps)
2017-08-27,2017.652,404.82,Mauna Loa (NOAA/Scripps)
2017-08-28,2017.654,403.99,Mauna Loa (NOAA/Scripps)
2017-08-29,2017.657,403.97,Mauna Loa (NOAA/Scripps)
2017-08-30,2017.66,403.93,Mauna Loa (NOAA/Scripps)
2017-08-31,2017.663,404.11,Mauna Loa (NOAA/Scripps)
2017-09-01,2017.665,404.28,Mauna Loa (NOAA/Scripps)
2017-09-02,2017.668,404.21,Mauna Loa (NOAA/Scripps)
2017-09-03,2017.671,404.03,Mauna Loa (NOAA/Scripps)
2017-09-04,2017.674,404.01,Mauna Loa (NOAA/Scripps)
2017-09-05,2017.676,403.47,Mauna Loa (NOAA/Scripps)
2017-09-06,2017.679,404.16,Mauna Loa (NOAA/Scripps)
2017-09-08,2017.684,403.71,Mauna Loa (NOAA/Scripps)
2017-09-09,2017.687,402.88,Mauna Loa (NOAA/Scripps)
2017-09-10,2017.69,403.52,Mauna Loa (NOAA/Scripps)
2017-09-11,2017.693,403.82,Mauna Loa (NOAA/Scripps)
2017-09-12,2017.695,403.47,Mauna Loa (NOAA/Scripps)
2017-09-13,2017.698,403.82,Mauna Loa (NOAA/Scripps)
2017-09-14,2017.701,403.76,Mauna Loa (NOAA/Scripps)
2017-09-15,2017.704,403.88,Mauna Loa (NOAA/Scripps)
2017-09-16,2017.706,403.6,Mauna Loa (NOAA/Scripps)
2017-09-17,2017.709,402.84,Mauna Loa (NOAA/Scripps)
2017-09-18,2017.712,403.57,Mauna Loa (NOAA/Scripps)
2017-09-19,2017.715,402.8,Mauna Loa (NOAA/Scripps)
2017-09-20,2017.717,403.04,Mauna Loa (NOAA/Scripps)
2017-09-23,2017.726,403.05,Mauna Loa (NOAA/Scripps)
2017-09-24,2017.728,402.94,Mauna Loa (NOAA/Scripps)
2017-09-25,2017.731,402.97,Mauna Loa (NOAA/Scripps)
2017-09-26,2017.734,402.5,Mauna Loa (NOAA/Scripps)
2017-09-27,2017.736,402.26,Mauna Loa (NOAA/Scripps)
2017-09-28,2017.739,402.69,Mauna Loa (NOAA/Scripps)
2017-09-29,2017.742,403.25,Mauna Loa (NOAA/Scripps)
2017-10-01,2017.747,402.94,Mauna Loa (NOAA/Scripps)
2017-10-03,2017.753,402.73,Mauna Loa (NOAA/Scripps)
2017-10-04,2017.756,402.92,Mauna Loa (NOAA/Scripps)
2017-10-05,2017.758,402.98,Mauna Loa (NOAA/Scripps)
2017-10-06,2017.761,403.05,Mauna Loa (NOAA/Scripps)
2017-10-07,2017.764,403.18,Mauna Loa (NOAA/Scripps)
2017-10-08,2017.767,403.43,Mauna Loa (NOAA/Scripps)
2017-10-09,2017.769,403.23,Mauna Loa (NOAA/Scripps)
2017-10-10,2017.772,403.3,Mauna Loa (NOAA/Scripps)
2017-10-11,2017.775,403.46,Mauna Loa (NOAA/Scripps)
2017-10-12,2017.778,403.58,Mauna Loa (NOAA/Scripps)
2017-10-13,2017.78,403.58,Mauna Loa (NOAA/Scripps)
2017-10-14,2017.783,403.39,Mauna Loa (NOAA/Scripps)
2017-10-15,2017.786,404.33,Mauna Loa (NOAA/Scripps)
2017-10-16,2017.789,403.87,Mauna Loa (NOAA/Scripps)
2017-10-18,2017.794,403.16,Mauna Loa (NOAA/Scripps)
2017-10-19,2017.797,403.8,Mauna Loa (NOAA/Scripps)
2017-10-20,2017.799,404.41,Mauna Loa (NOAA/Scripps)
2017-10-21,2017.802,404.23,Mauna Loa (NOAA/Scripps)
2017-10-22,2017.805,404.08,Mauna Loa (NOAA/Scripps)
2017-10-23,2017.808,403.84,Mauna Loa (NOAA/Scripps)
2017-10-24,2017.81,403.96,Mauna Loa (NOAA/Scripps)
2017-10-25,2017.813,403.97,Mauna Loa (NOAA/Scripps)
2017-10-27,2017.819,404.24,Mauna Loa (NOAA/Scripps)
2017-10-28,2017.821,404.0,Mauna Loa (NOAA/Scripps)
2017-10-30,2017.827,404.11,Mauna Loa (NOAA/Scripps)
2017-10-31,2017.83,404.3,Mauna Loa (NOAA/Scripps)
2017-11-01,2017.832,403.94,Mauna Loa (NOAA/Scripps)
2017-11-02,2017.835,404.04,Mauna Loa (NOAA/Scripps)
2017-11-03,2017.838,404.17,Mauna Loa (NOAA/Scripps)
2017-11-04,2017.841,404.47,Mauna Loa (NOAA/Scripps)
2017-11-05,2017.843,404.52,Mauna Loa (NOAA/Scripps)
2017-11-06,2017.846,404.37,Mauna Loa (NOAA/Scripps)
2017-11-07,2017.849,403.86,Mauna Loa (NOAA/Scripps)
2017-11-08,2017.851,404.2,Mauna Loa (NOAA/Scripps)
2017-11-09,2017.854,404.66,Mauna Loa (NOAA/Scripps)
2017-11-10,2017.857,403.88,Mauna Loa (NOAA/Scripps)
2017-11-11,2017.86,404.37,Mauna Loa (NOAA/Scripps)
2017-11-12,2017.862,404.72,Mauna Loa (NOAA/Scripps)
2017-11-13,2017.865,404.51,Mauna Loa (NOAA/Scripps)
2017-11-14,2017.868,404.95,Mauna Loa (NOAA/Scripps)
2017-11-15,2017.871,404.96,Mauna Loa (NOAA/Scripps)
2017-11-16,2017.873,405.71,Mauna Loa (NOAA/Scripps)
2017-11-17,2017.876,405.14,Mauna Loa (NOAA/Scripps)
2017-11-18,2017.879,405.65,Mauna Loa (NOAA/Scripps)
2017-11-19,2017.882,405.62,Mauna Loa (NOAA/Scripps)
2017-11-21,2017.887,405.88,Mauna Loa (NOAA/Scripps)
2017-11-22,2017.89,406.49,Mauna Loa (NOAA/Scripps)
2017-11-23,2017.893,406.05,Mauna Loa (NOAA/Scripps)
2017-11-24,2017.895,406.65,Mauna Loa (NOAA/Scripps)
2017-11-26,2017.901,405.95,Mauna Loa (NOAA/Scripps)
2017-11-27,2017.903,406.29,Mauna Loa (NOAA/Scripps)
2017-11-30,2017.912,406.65,Mauna Loa (NOAA/Scripps)
2017-12-01,2017.914,406.27,Mauna Loa (NOAA/Scripps)
2017-12-02,2017.917,406.62,Mauna Loa (NOAA/Scripps)
2017-12-03,2017.92,407.06,Mauna Loa (NOAA/Scripps)
2017-12-04,2017.923,407.23,Mauna Loa (NOAA/Scripps)
2017-12-05,2017.925,407.43,Mauna Loa (NOAA/Scripps)
2017-12-06,2017.928,407.0,Mauna Loa (NOAA/Scripps)
2017-12-07,2017.931,406.63,Mauna Loa (NOAA/Scripps)
2017-12-08,2017.934,405.95,Mauna Loa (NOAA/Scripps)
2017-12-09,2017.936,406.03,Mauna Loa (NOAA/Scripps)
2017-12-10,2017.939,405.86,Mauna Loa (NOAA/Scripps)
2017-12-11,2017.942,406.81,Mauna Loa (NOAA/Scripps)
2017-12-12,2017.945,406.53,Mauna Loa (NOAA/Scripps)
2017-12-13,2017.947,405.94,Mauna Loa (NOAA/Scripps)
2017-12-14,2017.95,406.18,Mauna Loa (NOAA/Scripps)
2017-12-15,2017.953,406.81,Mauna Loa (NOAA/Scripps)
2017-12-16,2017.956,407.72,Mauna Loa (NOAA/Scripps)
2017-12-17,2017.958,406.66,Mauna Loa (NOAA/Scripps)
2017-12-18,2017.961,406.38,Mauna Loa (NOAA/Scripps)
2017-12-19,2017.964,406.16,Mauna Loa (NOAA/Scripps)
2017-12-20,2017.966,406.5,Mauna Loa (NOAA/Scripps)
2017-12-21,2017.969,406.78,Mauna Loa (NOAA/Scripps)
2017-12-22,2017.972,408.19,Mauna Loa (NOAA/Scripps)
2017-12-23,2017.975,407.09,Mauna Loa (NOAA/Scripps)
2017-12-24,2017.977,406.94,Mauna Loa (NOAA/Scripps)
2017-12-25,2017.98,406.88,Mauna Loa (NOAA/Scripps)
2017-12-26,2017.983,406.77,Mauna Loa (NOAA/Scripps)
2017-12-27,2017.986,406.9,Mauna Loa (NOAA/Scripps)
2017-12-28,2017.988,408.28,Mauna Loa (NOAA/Scripps)
2017-12-29,2017.991,407.56,Mauna Loa (NOAA/Scripps)
2017-12-30,2017.994,407.32,Mauna Loa (NOAA/Scripps)
2017-12-31,2017.997,407.03,Mauna Loa (NOAA/Scripps)
2018-01-01,2018.0,406.96,Mauna Loa (NOAA/Scripps)
2018-01-02,2018.003,406.64,Mauna Loa (NOAA/Scripps)
2018-01-03,2018.005,406.66,Mauna Loa (NOAA/Scripps)
2018-01-04,2018.008,408.56,Mauna Loa (NOAA/Scripps)
2018-01-05,2018.011,408.71,Mauna Loa (NOAA/Scripps)
2018-01-06,2018.014,407.21,Mauna Loa (NOAA/Scripps)
2018-01-07,2018.016,407.45,Mauna Loa (NOAA/Scripps)
2018-01-08,2018.019,407.7,Mauna Loa (NOAA/Scripps)
2018-01-10,2018.025,408.13,Mauna Loa (NOAA/Scripps)
2018-01-11,2018.027,408.74,Mauna Loa (NOAA/Scripps)
2018-01-12,2018.03,408.0,Mauna Loa (NOAA/Scripps)
2018-01-13,2018.033,408.92,Mauna Loa (NOAA/Scripps)
2018-01-14,2018.036,407.88,Mauna Loa (NOAA/Scripps)
2018-01-15,2018.038,407.72,Mauna Loa (NOAA/Scripps)
2018-01-16,2018.041,407.95,Mauna Loa (NOAA/Scripps)
2018-01-17,2018.044,407.65,Mauna Loa (NOAA/Scripps)
2018-01-18,2018.047,407.64,Mauna Loa (NOAA/Scripps)
2018-01-19,2018.049,408.45,Mauna Loa (NOAA/Scripps)
2018-01-20,2018.052,408.12,Mauna Loa (NOAA/Scripps)
2018-01-22,2018.057,408.97,Mauna Loa (NOAA/Scripps)
2018-01-23,2018.06,408.87,Mauna Loa (NOAA/Scripps)
2018-01-24,2018.063,407.96,Mauna Loa (NOAA/Scripps)
2018-01-25,2018.066,408.1,Mauna Loa (NOAA/Scripps)
2018-01-26,2018.068,407.98,Mauna Loa (NOAA/Scripps)
2018-01-27,2018.071,407.89,Mauna Loa (NOAA/Scripps)
2018-01-28,2018.074,407.82,Mauna Loa (NOAA/Scripps)
2018-01-29,2018.077,408.26,Mauna Loa (NOAA/Scripps)
2018-01-30,2018.079,408.64,Mauna Loa (NOAA/Scripps)
2018-01-31,2018.082,407.94,Mauna Loa (NOAA/Scripps)
2018-02-01,2018.085,407.86,Mauna Loa (NOAA/Scripps)
2018-02-02,2018.088,407.42,Mauna Loa (NOAA/Scripps)
2018-02-03,2018.09,407.36,Mauna Loa (NOAA/Scripps)
2018-02-04,2018.093,407.35,Mauna Loa (NOAA/Scripps)
2018-02-05,2018.096,407.56,Mauna Loa (NOAA/Scripps)
2018-02-06,2018.099,407.97,Mauna Loa (NOAA/Scripps)
2018-02-07,2018.101,408.2,Mauna Loa (NOAA/Scripps)
2018-02-08,2018.104,407.35,Mauna Loa (NOAA/Scripps)
2018-02-09,2018.107,409.01,Mauna Loa (NOAA/Scripps)
2018-02-10,2018.11,410.05,Mauna Loa (NOAA/Scripps)
2018-02-11,2018.112,408.51,Mauna Loa (NOAA/Scripps)
2018-02-12,2018.115,408.63,Mauna Loa (NOAA/Scripps)
2018-02-13,2018.118,408.0,Mauna Loa (NOAA/Scripps)
2018-02-14,2018.12,407.92,Mauna Loa (NOAA/Scripps)
2018-02-15,2018.123,408.53,Mauna Loa (NOAA/Scripps)
2018-02-16,2018.126,408.4,Mauna Loa (NOAA/Scripps)
2018-02-17,2018.129,408.76,Mauna Loa (NOAA/Scripps)
2018-02-18,2018.131,408.46,Mauna Loa (NOAA/Scripps)
2018-02-19,2018.134,408.44,Mauna Loa (NOAA/Scripps)
2018-02-20,2018.137,408.36,Mauna Loa (NOAA/Scripps)
2018-02-21,2018.14,408.47,Mauna Loa (NOAA/Scripps)
2018-02-22,2018.142,408.29,Mauna Loa (NOAA/Scripps)
2018-02-23,2018.145,408.57,Mauna Loa (NOAA/Scripps)
2018-02-24,2018.148,408.77,Mauna Loa (NOAA/Scripps)
2018-02-25,2018.151,408.9,Mauna Loa (NOAA/Scripps)
2018-02-26,2018.153,409.02,Mauna Loa (NOAA/Scripps)
2018-02-27,2018.156,408.93,Mauna Loa (NOAA/Scripps)
2018-02-28,2018.159,408.61,Mauna Loa (NOAA/Scripps)
2018-03-01,2018.162,408.68,Mauna Loa (NOAA/Scripps)
2018-03-02,2018.164,408.72,Mauna Loa (NOAA/Scripps)
2018-03-03,2018.167,409.61,Mauna Loa (NOAA/Scripps)
2018-03-04,2018.17,409.97,Mauna Loa (NOAA/Scripps)
2018-03-05,2018.172,409.62,Mauna Loa (NOAA/Scripps)
2018-03-06,2018.175,409.03,Mauna Loa (NOAA/Scripps)
2018-03-07,2018.178,410.18,Mauna Loa (NOAA/Scripps)
2018-03-08,2018.181,410.17,Mauna Loa (NOAA/Scripps)
2018-03-09,2018.183,409.97,Mauna Loa (NOAA/Scripps)
2018-03-10,2018.186,409.96,Mauna Loa (NOAA/Scripps)
2018-03-12,2018.192,408.61,Mauna Loa (NOAA/Scripps)
2018-03-13,2018.194,408.61,Mauna Loa (NOAA/Scripps)
2018-03-14,2018.197,408.49,Mauna Loa (NOAA/Scripps)
2018-03-15,2018.2,409.02,Mauna Loa (NOAA/Scripps)
2018-03-16,2018.203,409.02,Mauna Loa (NOAA/Scripps)
2018-03-17,2018.205,408.56,Mauna Loa (NOAA/Scripps)
2018-03-18,2018.208,408.25,Mauna Loa (NOAA/Scripps)
2018-03-20,2018.214,409.05,Mauna Loa (NOAA/Scripps)
2018-03-21,2018.216,410.16,Mauna Loa (NOAA/Scripps)
2018-03-22,2018.219,409.57,Mauna Loa (NOAA/Scripps)
2018-03-23,2018.222,409.6,Mauna Loa (NOAA/Scripps)
2018-03-24,2018.225,409.16,Mauna Loa (NOAA/Scripps)
2018-03-25,2018.227,410.16,Mauna Loa (NOAA/Scripps)
2018-03-26,2018.23,409.82,Mauna Loa (NOAA/Scripps)
2018-03-27,2018.233,410.11,Mauna Loa (NOAA/Scripps)
2018-03-28,2018.235,410.07,Mauna Loa (NOAA/Scripps)
2018-03-29,2018.238,410.39,Mauna Loa (NOAA/Scripps)
2018-03-30,2018.241,409.79,Mauna Loa (NOAA/Scripps)
2018-04-01,2018.246,409.28,Mauna Loa (NOAA/Scripps)
2018-04-02,2018.249,409.5,Mauna Loa (NOAA/Scripps)
2018-04-03,2018.252,409.64,Mauna Loa (NOAA/Scripps)
2018-04-04,2018.255,408.71,Mauna Loa (NOAA/Scripps)
2018-04-05,2018.257,408.86,Mauna Loa (NOAA/Scripps)
2018-04-06,2018.26,409.03,Mauna Loa (NOAA/Scripps)
2018-04-07,2018.263,409.52,Mauna Loa (NOAA/Scripps)
2018-04-08,2018.266,409.39,Mauna Loa (NOAA/Scripps)
2018-04-09,2018.268,409.38,Mauna Loa (NOAA/Scripps)
2018-04-10,2018.271,409.56,Mauna Loa (NOAA/Scripps)
2018-04-12,2018.277,409.55,Mauna Loa (NOAA/Scripps)
2018-04-20,2018.298,411.0,Mauna Loa (NOAA/Scripps)
2018-04-21,2018.301,411.14,Mauna Loa (NOAA/Scripps)
2018-04-22,2018.304,411.62,Mauna Loa (NOAA/Scripps)
2018-04-23,2018.307,412.37,Mauna Loa (NOAA/Scripps)
2018-04-24,2018.309,411.93,Mauna Loa (NOAA/Scripps)
2018-04-25,2018.312,411.92,Mauna Loa (NOAA/Scripps)
2018-04-26,2018.315,411.32,Mauna Loa (NOAA/Scripps)
2018-04-28,2018.32,410.94,Mauna Loa (NOAA/Scripps)
2018-04-29,2018.323,411.2,Mauna Loa (NOAA/Scripps)
2018-04-30,2018.326,409.27,Mauna Loa (NOAA/Scripps)
2018-05-01,2018.329,409.15,Mauna Loa (NOAA/Scripps)
2018-05-03,2018.334,409.23,Mauna Loa (NOAA/Scripps)
2018-05-04,2018.337,409.32,Mauna Loa (NOAA/Scripps)
2018-05-08,2018.348,418.74,Mauna Loa (NOAA/Scripps)
2018-05-09,2018.35,410.1,Mauna Loa (NOAA/Scripps)
2018-05-10,2018.353,410.52,Mauna Loa (NOAA/Scripps)
2018-05-11,2018.356,411.71,Mauna Loa (NOAA/Scripps)
2018-05-12,2018.359,411.93,Mauna Loa (NOAA/Scripps)
2018-05-13,2018.361,411.05,Mauna Loa (NOAA/Scripps)
2018-05-14,2018.364,412.45,Mauna Loa (NOAA/Scripps)
2018-05-15,2018.367,411.97,Mauna Loa (NOAA/Scripps)
2018-05-16,2018.37,412.09,Mauna Loa (NOAA/Scripps)
2018-05-17,2018.372,412.03,Mauna Loa (NOAA/Scripps)
2018-05-18,2018.375,411.48,Mauna Loa (NOAA/Scripps)
2018-05-19,2018.378,411.97,Mauna Loa (NOAA/Scripps)
2018-05-20,2018.381,411.84,Mauna Loa (NOAA/Scripps)
2018-05-22,2018.386,410.05,Mauna Loa (NOAA/Scripps)
2018-05-24,2018.392,411.45,Mauna Loa (NOAA/Scripps)
2018-05-25,2018.394,411.95,Mauna Loa (NOAA/Scripps)
2018-05-26,2018.397,411.98,Mauna Loa (NOAA/Scripps)
2018-05-27,2018.4,410.99,Mauna Loa (NOAA/Scripps)
2018-05-28,2018.402,411.54,Mauna Loa (NOAA/Scripps)
2018-05-29,2018.405,411.8,Mauna Loa (NOAA/Scripps)
2018-05-30,2018.408,411.47,Mauna Loa (NOAA/Scripps)
2018-05-31,2018.411,411.61,Mauna Loa (NOAA/Scripps)
2018-06-01,2018.413,411.68,Mauna Loa (NOAA/Scripps)
2018-06-02,2018.416,410.66,Mauna Loa (NOAA/Scripps)
2018-06-03,2018.419,410.61,Mauna Loa (NOAA/Scripps)
2018-06-04,2018.422,410.46,Mauna Loa (NOAA/Scripps)
2018-06-05,2018.424,410.82,Mauna Loa (NOAA/Scripps)
2018-06-06,2018.427,410.99,Mauna Loa (NOAA/Scripps)
2018-06-07,2018.43,410.88,Mauna Loa (NOAA/Scripps)
2018-06-08,2018.433,411.61,Mauna Loa (NOAA/Scripps)
2018-06-09,2018.435,411.22,Mauna Loa (NOAA/Scripps)
2018-06-10,2018.438,411.58,Mauna Loa (NOAA/Scripps)
2018-06-11,2018.441,411.03,Mauna Loa (NOAA/Scripps)
2018-06-12,2018.444,411.82,Mauna Loa (NOAA/Scripps)
2018-06-13,2018.446,410.8,Mauna Loa (NOAA/Scripps)
2018-06-14,2018.449,411.09,Mauna Loa (NOAA/Scripps)
2018-06-15,2018.452,410.97,Mauna Loa (NOAA/Scripps)
2018-06-16,2018.454,410.85,Mauna Loa (NOAA/Scripps)
2018-06-17,2018.457,410.73,Mauna Loa (NOAA/Scripps)
2018-06-18,2018.46,410.35,Mauna Loa (NOAA/Scripps)
2018-06-19,2018.463,409.32,Mauna Loa (NOAA/Scripps)
2018-06-20,2018.465,409.83,Mauna Loa (NOAA/Scripps)
2018-06-21,2018.468,411.17,Mauna Loa (NOAA/Scripps)
2018-06-23,2018.474,410.76,Mauna Loa (NOAA/Scripps)
2018-06-24,2018.476,410.97,Mauna Loa (NOAA/Scripps)
2018-06-25,2018.479,410.39,Mauna Loa (NOAA/Scripps)
2018-06-26,2018.482,410.39,Mauna Loa (NOAA/Scripps)
2018-06-27,2018.485,409.84,Mauna Loa (NOAA/Scripps)
2018-06-28,2018.487,411.17,Mauna Loa (NOAA/Scripps)
2018-06-29,2018.49,411.57,Mauna Loa (NOAA/Scripps)
2018-06-30,2018.493,409.64,Mauna Loa (NOAA/Scripps)
2018-07-02,2018.498,409.2,Mauna Loa (NOAA/Scripps)
2018-07-03,2018.501,409.72,Mauna Loa (NOAA/Scripps)
2018-07-04,2018.504,409.79,Mauna Loa (NOAA/Scripps)
2018-07-06,2018.509,409.48,Mauna Loa (NOAA/Scripps)
2018-07-07,2018.512,408.7,Mauna Loa (NOAA/Scripps)
2018-07-08,2018.515,409.53,Mauna Loa (NOAA/Scripps)
2018-07-09,2018.517,408.18,Mauna Loa (NOAA/Scripps)
2018-07-11,2018.523,409.36,Mauna Loa (NOAA/Scripps)
2018-07-12,2018.526,409.17,Mauna Loa (NOAA/Scripps)
2018-07-13,2018.528,409.48,Mauna Loa (NOAA/Scripps)
2018-07-14,2018.531,409.25,Mauna Loa (NOAA/Scripps)
2018-07-15,2018.534,408.5,Mauna Loa (NOAA/Scripps)
2018-07-16,2018.537,408.85,Mauna Loa (NOAA/Scripps)
2018-07-17,2018.539,408.54,Mauna Loa (NOAA/Scripps)
2018-07-18,2018.542,408.18,Mauna Loa (NOAA/Scripps)
2018-07-19,2018.545,408.52,Mauna Loa (NOAA/Scripps)
2018-07-20,2018.548,408.19,Mauna Loa (NOAA/Scripps)
2018-07-21,2018.55,409.02,Mauna Loa (NOAA/Scripps)
2018-07-22,2018.553,408.34,Mauna Loa (NOAA/Scripps)
2018-07-23,2018.556,408.6,Mauna Loa (NOAA/Scripps)
2018-07-24,2018.559,408.69,Mauna Loa (NOAA/Scripps)
2018-07-25,2018.561,408.29,Mauna Loa (NOAA/Scripps)
2018-07-26,2018.564,407.84,Mauna Loa (NOAA/Scripps)
2018-07-27,2018.567,407.76,Mauna Loa (NOAA/Scripps)
2018-07-28,2018.569,408.47,Mauna Loa (NOAA/Scripps)
2018-07-30,2018.575,406.79,Mauna Loa (NOAA/Scripps)
2018-07-31,2018.578,407.31,Mauna Loa (NOAA/Scripps)
2018-08-01,2018.58,407.53,Mauna Loa (NOAA/Scripps)
2018-08-02,2018.583,407.55,Mauna Loa (NOAA/Scripps)
2018-08-03,2018.586,407.67,Mauna Loa (NOAA/Scripps)
2018-08-04,2018.589,407.9,Mauna Loa (NOAA/Scripps)
2018-08-05,2018.591,407.49,Mauna Loa (NOAA/Scripps)
2018-08-06,2018.594,406.8,Mauna Loa (NOAA/Scripps)
2018-08-07,2018.597,407.33,Mauna Loa (NOAA/Scripps)
2018-08-08,2018.6,407.3,Mauna Loa (NOAA/Scripps)
2018-08-09,2018.602,407.26,Mauna Loa (NOAA/Scripps)
2018-08-10,2018.605,407.26,Mauna Loa (NOAA/Scripps)
2018-08-11,2018.608,407.14,Mauna Loa (NOAA/Scripps)
2018-08-12,2018.611,407.31,Mauna Loa (NOAA/Scripps)
2018-08-13,2018.613,406.89,Mauna Loa (NOAA/Scripps)
2018-08-14,2018.616,407.17,Mauna Loa (NOAA/Scripps)
2018-08-15,2018.619,407.01,Mauna Loa (NOAA/Scripps)
2018-08-16,2018.621,406.85,Mauna Loa (NOAA/Scripps)
2018-08-17,2018.624,407.09,Mauna Loa (NOAA/Scripps)
2018-08-18,2018.627,407.16,Mauna Loa (NOAA/Scripps)
2018-08-19,2018.63,407.01,Mauna Loa (NOAA/Scripps)
2018-08-20,2018.632,407.05,Mauna Loa (NOAA/Scripps)
2018-08-21,2018.635,407.09,Mauna Loa (NOAA/Scripps)
2018-08-22,2018.638,406.85,Mauna Loa (NOAA/Scripps)
2018-08-23,2018.641,406.48,Mauna Loa (NOAA/Scripps)
2018-08-24,2018.643,406.65,Mauna Loa (NOAA/Scripps)
2018-08-25,2018.646,406.76,Mauna Loa (NOAA/Scripps)
2018-08-26,2018.649,406.54,Mauna Loa (NOAA/Scripps)
2018-08-27,2018.652,406.53,Mauna Loa (NOAA/Scripps)
2018-08-28,2018.654,406.42,Mauna Loa (NOAA/Scripps)
2018-08-29,2018.657,406.27,Mauna Loa (NOAA/Scripps)
2018-08-30,2018.66,406.36,Mauna Loa (NOAA/Scripps)
2018-09-01,2018.665,405.42,Mauna Loa (NOAA/Scripps)
2018-09-02,2018.668,405.39,Mauna Loa (NOAA/Scripps)
2018-09-03,2018.671,405.77,Mauna Loa (NOAA/Scripps)
2018-09-04,2018.674,406.18,Mauna Loa (NOAA/Scripps)
2018-09-05,2018.676,405.96,Mauna Loa (NOAA/Scripps)
2018-09-06,2018.679,405.83,Mauna Loa (NOAA/Scripps)
2018-09-07,2018.682,403.97,Mauna Loa (NOAA/Scripps)
2018-09-08,2018.684,405.19,Mauna Loa (NOAA/Scripps)
2018-09-09,2018.687,405.0,Mauna Loa (NOAA/Scripps)
2018-09-10,2018.69,405.52,Mauna Loa (NOAA/Scripps)
2018-09-11,2018.693,405.65,Mauna Loa (NOAA/Scripps)
2018-09-12,2018.695,405.02,Mauna Loa (NOAA/Scripps)
2018-09-13,2018.698,405.37,Mauna Loa (NOAA/Scripps)
2018-09-14,2018.701,405.4,Mauna Loa (NOAA/Scripps)
2018-09-15,2018.704,405.78,Mauna Loa (NOAA/Scripps)
2018-09-16,2018.706,405.18,Mauna Loa (NOAA/Scripps)
2018-09-17,2018.709,405.81,Mauna Loa (NOAA/Scripps)
2018-09-18,2018.712,405.85,Mauna Loa (NOAA/Scripps)
2018-09-19,2018.715,405.79,Mauna Loa (NOAA/Scripps)
2018-09-20,2018.717,405.64,Mauna Loa (NOAA/Scripps)
2018-09-21,2018.72,405.65,Mauna Loa (NOAA/Scripps)
2018-09-22,2018.723,405.9,Mauna Loa (NOAA/Scripps)
2018-09-23,2018.726,405.45,Mauna Loa (NOAA/Scripps)
2018-09-24,2018.728,405.41,Mauna Loa (NOAA/Scripps)
2018-09-25,2018.731,405.35,Mauna Loa (NOAA/Scripps)
2018-09-26,2018.734,405.8,Mauna Loa (NOAA/Scripps)
2018-09-27,2018.736,405.86,Mauna Loa (NOAA/Scripps)
2018-09-29,2018.742,405.35,Mauna Loa (NOAA/Scripps)
2018-09-30,2018.745,405.65,Mauna Loa (NOAA/Scripps)
2018-10-01,2018.747,405.29,Mauna Loa (NOAA/Scripps)
2018-10-02,2018.75,405.33,Mauna Loa (NOAA/Scripps)
2018-10-03,2018.753,405.62,Mauna Loa (NOAA/Scripps)
2018-10-04,2018.756,405.44,Mauna Loa (NOAA/Scripps)
2018-10-05,2018.758,405.75,Mauna Loa (NOAA/Scripps)
2018-10-06,2018.761,405.42,Mauna Loa (NOAA/Scripps)
2018-10-07,2018.764,405.55,Mauna Loa (NOAA/Scripps)
2018-10-08,2018.767,405.34,Mauna Loa (NOAA/Scripps)
2018-10-09,2018.769,405.33,Mauna Loa (NOAA/Scripps)
2018-10-10,2018.772,405.65,Mauna Loa (NOAA/Scripps)
2018-10-11,2018.775,405.52,Mauna Loa (NOAA/Scripps)
2018-10-12,2018.778,405.66,Mauna Loa (NOAA/Scripps)
2018-10-13,2018.78,406.03,Mauna Loa (NOAA/Scripps)
2018-10-14,2018.783,406.03,Mauna Loa (NOAA/Scripps)
2018-10-15,2018.786,405.83,Mauna Loa (NOAA/Scripps)
2018-10-16,2018.789,405.87,Mauna Loa (NOAA/Scripps)
2018-10-18,2018.794,406.03,Mauna Loa (NOAA/Scripps)
2018-10-19,2018.797,406.14,Mauna Loa (NOAA/Scripps)
2018-10-20,2018.799,406.12,Mauna Loa (NOAA/Scripps)
2018-10-21,2018.802,406.56,Mauna Loa (NOAA/Scripps)
2018-10-22,2018.805,406.87,Mauna Loa (NOAA/Scripps)
2018-10-23,2018.808,406.8,Mauna Loa (NOAA/Scripps)
2018-10-24,2018.81,407.08,Mauna Loa (NOAA/Scripps)
2018-10-25,2018.813,406.47,Mauna Loa (NOAA/Scripps)
2018-10-26,2018.816,406.35,Mauna Loa (NOAA/Scripps)
2018-10-27,2018.819,406.19,Mauna Loa (NOAA/Scripps)
2018-10-28,2018.821,406.65,Mauna Loa (NOAA/Scripps)
2018-10-29,2018.824,405.89,Mauna Loa (NOAA/Scripps)
2018-10-30,2018.827,406.79,Mauna Loa (NOAA/Scripps)
2018-10-31,2018.83,406.32,Mauna Loa (NOAA/Scripps)
2018-11-01,2018.832,406.59,Mauna Loa (NOAA/Scripps)
2018-11-02,2018.835,406.61,Mauna Loa (NOAA/Scripps)
2018-11-04,2018.841,407.16,Mauna Loa (NOAA/Scripps)
2018-11-05,2018.843,406.95,Mauna Loa (NOAA/Scripps)
2018-11-07,2018.849,406.67,Mauna Loa (NOAA/Scripps)
2018-11-08,2018.851,407.06,Mauna Loa (NOAA/Scripps)
2018-11-09,2018.854,407.13,Mauna Loa (NOAA/Scripps)
2018-11-11,2018.86,407.79,Mauna Loa (NOAA/Scripps)
2018-11-14,2018.868,409.18,Mauna Loa (NOAA/Scripps)
2018-11-15,2018.871,409.14,Mauna Loa (NOAA/Scripps)
2018-11-16,2018.873,409.52,Mauna Loa (NOAA/Scripps)
2018-11-17,2018.876,407.98,Mauna Loa (NOAA/Scripps)
2018-11-18,2018.879,408.54,Mauna Loa (NOAA/Scripps)
2018-11-20,2018.884,408.96,Mauna Loa (NOAA/Scripps)
2018-11-21,2018.887,408.42,Mauna Loa (NOAA/Scripps)
2018-11-22,2018.89,408.8,Mauna Loa (NOAA/Scripps)
2018-11-23,2018.893,408.44,Mauna Loa (NOAA/Scripps)
2018-11-24,2018.895,408.43,Mauna Loa (NOAA/Scripps)
2018-11-25,2018.898,408.42,Mauna Loa (NOAA/Scripps)
2018-11-26,2018.901,408.42,Mauna Loa (NOAA/Scripps)
2018-11-27,2018.903,408.41,Mauna Loa (NOAA/Scripps)
2018-11-28,2018.906,408.49,Mauna Loa (NOAA/Scripps)
2018-11-29,2018.909,408.33,Mauna Loa (NOAA/Scripps)
2018-11-30,2018.912,408.44,Mauna Loa (NOAA/Scripps)
2018-12-01,2018.914,408.17,Mauna Loa (NOAA/Scripps)
2018-12-02,2018.917,408.64,Mauna Loa (NOAA/Scripps)
2018-12-03,2018.92,409.18,Mauna Loa (NOAA/Scripps)
2018-12-04,2018.923,408.44,Mauna Loa (NOAA/Scripps)
2018-12-06,2018.928,408.21,Mauna Loa (NOAA/Scripps)
2018-12-07,2018.931,408.16,Mauna Loa (NOAA/Scripps)
2018-12-08,2018.934,408.32,Mauna Loa (NOAA/Scripps)
2018-12-09,2018.936,409.83,Mauna Loa (NOAA/Scripps)
2018-12-10,2018.939,409.36,Mauna Loa (NOAA/Scripps)
2018-12-11,2018.942,409.17,Mauna Loa (NOAA/Scripps)
2018-12-12,2018.945,409.73,Mauna Loa (NOAA/Scripps)
2018-12-13,2018.947,409.34,Mauna Loa (NOAA/Scripps)
2018-12-14,2018.95,408.8,Mauna Loa (NOAA/Scripps)
2018-12-15,2018.953,409.59,Mauna Loa (NOAA/Scripps)
2018-12-16,2018.956,409.59,Mauna Loa (NOAA/Scripps)
2018-12-17,2018.958,408.64,Mauna Loa (NOAA/Scripps)
2018-12-18,2018.961,408.74,Mauna Loa (NOAA/Scripps)
2018-12-19,2018.964,409.54,Mauna Loa (NOAA/Scripps)
2018-12-20,2018.966,409.53,Mauna Loa (NOAA/Scripps)
2018-12-21,2018.969,409.59,Mauna Loa (NOAA/Scripps)
2018-12-22,2018.972,409.5,Mauna Loa (NOAA/Scripps)
2018-12-23,2018.975,409.56,Mauna Loa (NOAA/Scripps)
2018-12-24,2018.977,409.39,Mauna Loa (NOAA/Scripps)
2018-12-25,2018.98,409.2,Mauna Loa (NOAA/Scripps)
2018-12-26,2018.983,409.17,Mauna Loa (NOAA/Scripps)
2018-12-27,2018.986,408.83,Mauna Loa (NOAA/Scripps)
2018-12-28,2018.988,409.05,Mauna Loa (NOAA/Scripps)
2018-12-29,2018.991,408.7,Mauna Loa (NOAA/Scripps)
2018-12-30,2018.994,409.14,Mauna Loa (NOAA/Scripps)
2018-12-31,2018.997,409.45,Mauna Loa (NOAA/Scripps)
2019-01-01,2019.0,409.73,Mauna Loa (NOAA/Scripps)
2019-01-02,2019.003,409.82,Mauna Loa (NOAA/Scripps)
2019-01-03,2019.005,409.99,Mauna Loa (NOAA/Scripps)
2019-01-04,2019.008,410.03,Mauna Loa (NOAA/Scripps)
2019-01-05,2019.011,409.05,Mauna Loa (NOAA/Scripps)
2019-01-07,2019.016,410.99,Mauna Loa (NOAA/Scripps)
2019-01-08,2019.019,410.73,Mauna Loa (NOAA/Scripps)
2019-01-09,2019.022,410.62,Mauna Loa (NOAA/Scripps)
2019-01-10,2019.025,408.96,Mauna Loa (NOAA/Scripps)
2019-01-11,2019.027,409.3,Mauna Loa (NOAA/Scripps)
2019-01-12,2019.03,413.45,Mauna Loa (NOAA/Scripps)
2019-01-15,2019.038,409.09,Mauna Loa (NOAA/Scripps)
2019-01-16,2019.041,410.59,Mauna Loa (NOAA/Scripps)
2019-01-17,2019.044,409.9,Mauna Loa (NOAA/Scripps)
2019-01-18,2019.047,410.26,Mauna Loa (NOAA/Scripps)
2019-01-19,2019.049,412.14,Mauna Loa (NOAA/Scripps)
2019-01-20,2019.052,413.21,Mauna Loa (NOAA/Scripps)
2019-01-22,2019.057,413.86,Mauna Loa (NOAA/Scripps)
2019-01-23,2019.06,413.36,Mauna Loa (NOAA/Scripps)
2019-01-24,2019.063,410.56,Mauna Loa (NOAA/Scripps)
2019-01-25,2019.066,410.0,Mauna Loa (NOAA/Scripps)
2019-01-26,2019.068,410.96,Mauna Loa (NOAA/Scripps)
2019-01-27,2019.071,410.96,Mauna Loa (NOAA/Scripps)
2019-01-28,2019.074,411.6,Mauna Loa (NOAA/Scripps)
2019-01-29,2019.077,411.24,Mauna Loa (NOAA/Scripps)
2019-01-30,2019.079,411.42,Mauna Loa (NOAA/Scripps)
2019-01-31,2019.082,410.73,Mauna Loa (NOAA/Scripps)
2019-02-01,2019.085,410.52,Mauna Loa (NOAA/Scripps)
2019-02-02,2019.088,410.66,Mauna Loa (NOAA/Scripps)
2019-02-03,2019.09,410.6,Mauna Loa (NOAA/Scripps)
2019-02-04,2019.093,412.55,Mauna Loa (NOAA/Scripps)
2019-02-05,2019.096,410.47,Mauna Loa (NOAA/Scripps)
2019-02-06,2019.099,411.37,Mauna Loa (NOAA/Scripps)
2019-02-07,2019.101,410.77,Mauna Loa (NOAA/Scripps)
2019-02-08,2019.104,411.37,Mauna Loa (NOAA/Scripps)
2019-02-09,2019.107,414.27,Mauna Loa (NOAA/Scripps)
2019-02-10,2019.11,411.97,Mauna Loa (NOAA/Scripps)
2019-02-11,2019.112,413.52,Mauna Loa (NOAA/Scripps)
2019-02-12,2019.115,411.8,Mauna Loa (NOAA/Scripps)
2019-02-13,2019.118,412.1,Mauna Loa (NOAA/Scripps)
2019-02-15,2019.123,412.54,Mauna Loa (NOAA/Scripps)
2019-02-16,2019.126,412.53,Mauna Loa (NOAA/Scripps)
2019-02-17,2019.129,411.51,Mauna Loa (NOAA/Scripps)
2019-02-18,2019.131,411.86,Mauna Loa (NOAA/Scripps)
2019-02-19,2019.134,410.46,Mauna Loa (NOAA/Scripps)
2019-02-20,2019.137,410.65,Mauna Loa (NOAA/Scripps)
2019-02-21,2019.14,411.03,Mauna Loa (NOAA/Scripps)
2019-02-22,2019.142,410.53,Mauna Loa (NOAA/Scripps)
2019-02-23,2019.145,410.81,Mauna Loa (NOAA/Scripps)
2019-02-24,2019.148,411.81,Mauna Loa (NOAA/Scripps)
2019-02-25,2019.151,411.52,Mauna Loa (NOAA/Scripps)
2019-02-26,2019.153,414.03,Mauna Loa (NOAA/Scripps)
2019-02-27,2019.156,411.87,Mauna Loa (NOAA/Scripps)
2019-02-28,2019.159,414.12,Mauna Loa (NOAA/Scripps)
2019-03-01,2019.162,411.56,Mauna Loa (NOAA/Scripps)
2019-03-02,2019.164,411.92,Mauna Loa (NOAA/Scripps)
2019-03-03,2019.167,412.74,Mauna Loa (NOAA/Scripps)
2019-03-04,2019.17,413.37,Mauna Loa (NOAA/Scripps)
2019-03-05,2019.172,410.91,Mauna Loa (NOAA/Scripps)
2019-03-06,2019.175,411.2,Mauna Loa (NOAA/Scripps)
2019-03-07,2019.178,411.19,Mauna Loa (NOAA/Scripps)
2019-03-08,2019.181,412.05,Mauna Loa (NOAA/Scripps)
2019-03-09,2019.183,413.55,Mauna Loa (NOAA/Scripps)
2019-03-10,2019.186,412.79,Mauna Loa (NOAA/Scripps)
2019-03-11,2019.189,411.91,Mauna Loa (NOAA/Scripps)
2019-03-12,2019.192,412.14,Mauna Loa (NOAA/Scripps)
2019-03-13,2019.194,412.04,Mauna Loa (NOAA/Scripps)
2019-03-14,2019.197,412.19,Mauna Loa (NOAA/Scripps)
2019-03-15,2019.2,413.4,Mauna Loa (NOAA/Scripps)
2019-03-16,2019.203,410.62,Mauna Loa (NOAA/Scripps)
2019-03-17,2019.205,411.64,Mauna Loa (NOAA/Scripps)
2019-03-18,2019.208,414.84,Mauna Loa (NOAA/Scripps)
2019-03-19,2019.211,412.97,Mauna Loa (NOAA/Scripps)
2019-03-20,2019.214,412.22,Mauna Loa (NOAA/Scripps)
2019-03-21,2019.216,410.18,Mauna Loa (NOAA/Scripps)
2019-03-22,2019.219,409.93,Mauna Loa (NOAA/Scripps)
2019-03-23,2019.222,410.95,Mauna Loa (NOAA/Scripps)
2019-03-25,2019.227,410.85,Mauna Loa (NOAA/Scripps)
2019-03-26,2019.23,410.44,Mauna Loa (NOAA/Scripps)
2019-03-28,2019.235,411.94,Mauna Loa (NOAA/Scripps)
2019-03-29,2019.238,412.03,Mauna Loa (NOAA/Scripps)
2019-03-31,2019.244,412.37,Mauna Loa (NOAA/Scripps)
2019-04-01,2019.246,411.69,Mauna Loa (NOAA/Scripps)
2019-04-03,2019.252,412.96,Mauna Loa (NOAA/Scripps)
2019-04-04,2019.255,412.79,Mauna Loa (NOAA/Scripps)
2019-04-05,2019.257,412.15,Mauna Loa (NOAA/Scripps)
2019-04-06,2019.26,411.33,Mauna Loa (NOAA/Scripps)
2019-04-07,2019.263,412.14,Mauna Loa (NOAA/Scripps)
2019-04-08,2019.266,412.31,Mauna Loa (NOAA/Scripps)
2019-04-09,2019.268,412.53,Mauna Loa (NOAA/Scripps)
2019-04-10,2019.271,413.85,Mauna Loa (NOAA/Scripps)
2019-04-12,2019.277,413.87,Mauna Loa (NOAA/Scripps)
2019-04-13,2019.279,414.1,Mauna Loa (NOAA/Scripps)
2019-04-14,2019.282,414.56,Mauna Loa (NOAA/Scripps)
2019-04-15,2019.285,412.67,Mauna Loa (NOAA/Scripps)
2019-04-16,2019.287,413.09,Mauna Loa (NOAA/Scripps)
2019-04-17,2019.29,413.63,Mauna Loa (NOAA/Scripps)
2019-04-18,2019.293,413.43,Mauna Loa (NOAA/Scripps)
2019-04-19,2019.296,413.86,Mauna Loa (NOAA/Scripps)
2019-04-20,2019.298,413.88,Mauna Loa (NOAA/Scripps)
2019-04-21,2019.301,413.63,Mauna Loa (NOAA/Scripps)
2019-04-22,2019.304,414.14,Mauna Loa (NOAA/Scripps)
2019-04-24,2019.309,413.39,Mauna Loa (NOAA/Scripps)
2019-04-25,2019.312,413.68,Mauna Loa (NOAA/Scripps)
2019-04-26,2019.315,413.54,Mauna Loa (NOAA/Scripps)
2019-04-27,2019.318,414.24,Mauna Loa (NOAA/Scripps)
2019-04-28,2019.32,414.14,Mauna Loa (NOAA/Scripps)
2019-04-30,2019.326,414.52,Mauna Loa (NOAA/Scripps)
2019-05-01,2019.329,414.88,Mauna Loa (NOAA/Scripps)
2019-05-03,2019.334,414.81,Mauna Loa (NOAA/Scripps)
2019-05-04,2019.337,413.27,Mauna Loa (NOAA/Scripps)
2019-05-05,2019.339,414.1,Mauna Loa (NOAA/Scripps)
2019-05-06,2019.342,414.49,Mauna Loa (NOAA/Scripps)
2019-05-07,2019.345,414.24,Mauna Loa (NOAA/Scripps)
2019-05-08,2019.348,414.5,Mauna Loa (NOAA/Scripps)
2019-05-09,2019.35,414.23,Mauna Loa (NOAA/Scripps)
2019-05-10,2019.353,414.26,Mauna Loa (NOAA/Scripps)
2019-05-11,2019.356,414.75,Mauna Loa (NOAA/Scripps)
2019-05-12,2019.359,415.27,Mauna Loa (NOAA/Scripps)
2019-05-13,2019.361,415.4,Mauna Loa (NOAA/Scripps)
2019-05-14,2019.364,415.26,Mauna Loa (NOAA/Scripps)
2019-05-15,2019.367,415.64,Mauna Loa (NOAA/Scripps)
2019-05-16,2019.37,415.58,Mauna Loa (NOAA/Scripps)
2019-05-17,2019.372,415.22,Mauna Loa (NOAA/Scripps)
2019-05-19,2019.378,414.75,Mauna Loa (NOAA/Scripps)
2019-05-20,2019.381,414.73,Mauna Loa (NOAA/Scripps)
2019-05-22,2019.386,414.48,Mauna Loa (NOAA/Scripps)
2019-05-23,2019.389,414.88,Mauna Loa (NOAA/Scripps)
2019-05-24,2019.392,414.78,Mauna Loa (NOAA/Scripps)
2019-05-25,2019.394,414.85,Mauna Loa (NOAA/Scripps)
2019-05-26,2019.397,414.06,Mauna Loa (NOAA/Scripps)
2019-05-27,2019.4,414.82,Mauna Loa (NOAA/Scripps)
2019-05-28,2019.402,414.17,Mauna Loa (NOAA/Scripps)
2019-05-29,2019.405,414.14,Mauna Loa (NOAA/Scripps)
2019-05-30,2019.408,414.4,Mauna Loa (NOAA/Scripps)
2019-05-31,2019.411,414.36,Mauna Loa (NOAA/Scripps)
2019-06-01,2019.413,413.96,Mauna Loa (NOAA/Scripps)
2019-06-02,2019.416,414.28,Mauna Loa (NOAA/Scripps)
2019-06-03,2019.419,414.34,Mauna Loa (NOAA/Scripps)
2019-06-05,2019.424,414.19,Mauna Loa (NOAA/Scripps)
2019-06-07,2019.43,414.42,Mauna Loa (NOAA/Scripps)
2019-06-08,2019.433,414.79,Mauna Loa (NOAA/Scripps)
2019-06-09,2019.435,414.31,Mauna Loa (NOAA/Scripps)
2019-06-10,2019.438,414.25,Mauna Loa (NOAA/Scripps)
2019-06-12,2019.444,413.91,Mauna Loa (NOAA/Scripps)
2019-06-13,2019.446,414.72,Mauna Loa (NOAA/Scripps)
2019-06-14,2019.449,414.33,Mauna Loa (NOAA/Scripps)
2019-06-15,2019.452,412.96,Mauna Loa (NOAA/Scripps)
2019-06-16,2019.454,414.15,Mauna Loa (NOAA/Scripps)
2019-06-17,2019.457,413.62,Mauna Loa (NOAA/Scripps)
2019-06-18,2019.46,414.14,Mauna Loa (NOAA/Scripps)
2019-06-19,2019.463,414.29,Mauna Loa (NOAA/Scripps)
2019-06-20,2019.465,413.94,Mauna Loa (NOAA/Scripps)
2019-06-21,2019.468,413.26,Mauna Loa (NOAA/Scripps)
2019-06-22,2019.471,413.54,Mauna Loa (NOAA/Scripps)
2019-06-23,2019.474,413.31,Mauna Loa (NOAA/Scripps)
2019-06-24,2019.476,413.78,Mauna Loa (NOAA/Scripps)
2019-06-25,2019.479,413.8,Mauna Loa (NOAA/Scripps)
2019-06-26,2019.482,413.5,Mauna Loa (NOAA/Scripps)
2019-06-27,2019.485,412.98,Mauna Loa (NOAA/Scripps)
2019-06-28,2019.487,413.05,Mauna Loa (NOAA/Scripps)
2019-06-29,2019.49,413.01,Mauna Loa (NOAA/Scripps)
2019-06-30,2019.493,413.52,Mauna Loa (NOAA/Scripps)
2019-07-01,2019.496,413.52,Mauna Loa (NOAA/Scripps)
2019-07-03,2019.501,413.43,Mauna Loa (NOAA/Scripps)
2019-07-04,2019.504,413.44,Mauna Loa (NOAA/Scripps)
2019-07-05,2019.507,413.1,Mauna Loa (NOAA/Scripps)
2019-07-06,2019.509,413.25,Mauna Loa (NOAA/Scripps)
2019-07-07,2019.512,413.15,Mauna Loa (NOAA/Scripps)
2019-07-08,2019.515,410.76,Mauna Loa (NOAA/Scripps)
2019-07-09,2019.517,411.58,Mauna Loa (NOAA/Scripps)
2019-07-10,2019.52,411.38,Mauna Loa (NOAA/Scripps)
2019-07-11,2019.523,412.01,Mauna Loa (NOAA/Scripps)
2019-07-12,2019.526,412.54,Mauna Loa (NOAA/Scripps)
2019-07-13,2019.528,412.93,Mauna Loa (NOAA/Scripps)
2019-07-15,2019.534,410.8,Mauna Loa (NOAA/Scripps)
2019-07-18,2019.542,412.15,Mauna Loa (NOAA/Scripps)
2019-07-19,2019.545,412.08,Mauna Loa (NOAA/Scripps)
2019-07-20,2019.548,412.2,Mauna Loa (NOAA/Scripps)
2019-07-21,2019.55,410.65,Mauna Loa (NOAA/Scripps)
2019-07-22,2019.553,411.41,Mauna Loa (NOAA/Scripps)
2019-07-23,2019.556,411.4,Mauna Loa (NOAA/Scripps)
2019-07-24,2019.559,411.07,Mauna Loa (NOAA/Scripps)
2019-07-27,2019.567,409.83,Mauna Loa (NOAA/Scripps)
2019-07-29,2019.572,408.96,Mauna Loa (NOAA/Scripps)
2019-07-30,2019.575,410.1,Mauna Loa (NOAA/Scripps)
2019-07-31,2019.578,410.76,Mauna Loa (NOAA/Scripps)
2019-08-01,2019.58,410.51,Mauna Loa (NOAA/Scripps)
2019-08-02,2019.583,410.41,Mauna Loa (NOAA/Scripps)
2019-08-03,2019.586,410.45,Mauna Loa (NOAA/Scripps)
2019-08-04,2019.589,410.16,Mauna Loa (NOAA/Scripps)
2019-08-05,2019.591,410.86,Mauna Loa (NOAA/Scripps)
2019-08-06,2019.594,410.05,Mauna Loa (NOAA/Scripps)
2019-08-07,2019.597,410.25,Mauna Loa (NOAA/Scripps)
2019-08-08,2019.6,410.22,Mauna Loa (NOAA/Scripps)
2019-08-09,2019.602,410.49,Mauna Loa (NOAA/Scripps)
2019-08-10,2019.605,410.38,Mauna Loa (NOAA/Scripps)
2019-08-11,2019.608,410.43,Mauna Loa (NOAA/Scripps)
2019-08-12,2019.611,410.65,Mauna Loa (NOAA/Scripps)
2019-08-13,2019.613,410.43,Mauna Loa (NOAA/Scripps)
2019-08-14,2019.616,409.78,Mauna Loa (NOAA/Scripps)
2019-08-15,2019.619,410.08,Mauna Loa (NOAA/Scripps)
2019-08-16,2019.621,410.25,Mauna Loa (NOAA/Scripps)
2019-08-17,2019.624,410.06,Mauna Loa (NOAA/Scripps)
2019-08-19,2019.63,410.28,Mauna Loa (NOAA/Scripps)
2019-08-20,2019.632,409.04,Mauna Loa (NOAA/Scripps)
2019-08-21,2019.635,409.59,Mauna Loa (NOAA/Scripps)
2019-08-22,2019.638,409.94,Mauna Loa (NOAA/Scripps)
2019-08-23,2019.641,409.47,Mauna Loa (NOAA/Scripps)
2019-08-24,2019.643,409.1,Mauna Loa (NOAA/Scripps)
2019-08-25,2019.646,409.12,Mauna Loa (NOAA/Scripps)
2019-08-26,2019.649,409.44,Mauna Loa (NOAA/Scripps)
2019-08-27,2019.652,409.67,Mauna Loa (NOAA/Scripps)
2019-08-28,2019.654,408.52,Mauna Loa (NOAA/Scripps)
2019-08-29,2019.657,408.23,Mauna Loa (NOAA/Scripps)
2019-08-31,2019.663,409.26,Mauna Loa (NOAA/Scripps)
2019-09-01,2019.665,408.24,Mauna Loa (NOAA/Scripps)
2019-09-02,2019.668,409.15,Mauna Loa (NOAA/Scripps)
2019-09-03,2019.671,408.63,Mauna Loa (NOAA/Scripps)
2019-09-04,2019.674,409.42,Mauna Loa (NOAA/Scripps)
2019-09-05,2019.676,408.54,Mauna Loa (NOAA/Scripps)
2019-09-06,2019.679,408.44,Mauna Loa (NOAA/Scripps)
2019-09-07,2019.682,409.2,Mauna Loa (NOAA/Scripps)
2019-09-08,2019.684,409.13,Mauna Loa (NOAA/Scripps)
2019-09-09,2019.687,409.06,Mauna Loa (NOAA/Scripps)
2019-09-10,2019.69,408.77,Mauna Loa (NOAA/Scripps)
2019-09-11,2019.693,408.71,Mauna Loa (NOAA/Scripps)
2019-09-12,2019.695,408.03,Mauna Loa (NOAA/Scripps)
2019-09-13,2019.698,408.33,Mauna Loa (NOAA/Scripps)
2019-09-14,2019.701,408.12,Mauna Loa (NOAA/Scripps)
2019-09-16,2019.706,408.63,Mauna Loa (NOAA/Scripps)
2019-09-17,2019.709,408.66,Mauna Loa (NOAA/Scripps)
2019-09-18,2019.712,408.59,Mauna Loa (NOAA/Scripps)
2019-09-19,2019.715,408.77,Mauna Loa (NOAA/Scripps)
2019-09-20,2019.717,408.08,Mauna Loa (NOAA/Scripps)
2019-09-21,2019.72,408.26,Mauna Loa (NOAA/Scripps)
2019-09-22,2019.723,408.47,Mauna Loa (NOAA/Scripps)
2019-09-23,2019.726,408.85,Mauna Loa (NOAA/Scripps)
2019-09-24,2019.728,408.32,Mauna Loa (NOAA/Scripps)
2019-09-25,2019.731,408.5,Mauna Loa (NOAA/Scripps)
2019-09-26,2019.734,408.05,Mauna Loa (NOAA/Scripps)
2019-09-27,2019.736,407.96,Mauna Loa (NOAA/Scripps)
2019-09-28,2019.739,408.09,Mauna Loa (NOAA/Scripps)
2019-09-29,2019.742,408.22,Mauna Loa (NOAA/Scripps)
2019-09-30,2019.745,408.41,Mauna Loa (NOAA/Scripps)
2019-10-01,2019.747,408.21,Mauna Loa (NOAA/Scripps)
2019-10-02,2019.75,407.84,Mauna Loa (NOAA/Scripps)
2019-10-03,2019.753,407.53,Mauna Loa (NOAA/Scripps)
2019-10-04,2019.756,407.51,Mauna Loa (NOAA/Scripps)
2019-10-05,2019.758,408.0,Mauna Loa (NOAA/Scripps)
2019-10-06,2019.761,407.92,Mauna Loa (NOAA/Scripps)
2019-10-07,2019.764,408.2,Mauna Loa (NOAA/Scripps)
2019-10-08,2019.767,408.25,Mauna Loa (NOAA/Scripps)
2019-10-09,2019.769,408.33,Mauna Loa (NOAA/Scripps)
2019-10-10,2019.772,408.78,Mauna Loa (NOAA/Scripps)
2019-10-11,2019.775,408.86,Mauna Loa (NOAA/Scripps)
2019-10-12,2019.778,408.37,Mauna Loa (NOAA/Scripps)
2019-10-13,2019.78,408.41,Mauna Loa (NOAA/Scripps)
2019-10-14,2019.783,408.46,Mauna Loa (NOAA/Scripps)
2019-10-15,2019.786,408.44,Mauna Loa (NOAA/Scripps)
2019-10-16,2019.789,408.64,Mauna Loa (NOAA/Scripps)
2019-10-17,2019.791,408.78,Mauna Loa (NOAA/Scripps)
2019-10-18,2019.794,408.9,Mauna Loa (NOAA/Scripps)
2019-10-19,2019.797,408.72,Mauna Loa (NOAA/Scripps)
2019-10-20,2019.799,408.58,Mauna Loa (NOAA/Scripps)
2019-10-21,2019.802,408.68,Mauna Loa (NOAA/Scripps)
2019-10-22,2019.805,409.09,Mauna Loa (NOAA/Scripps)
2019-10-23,2019.808,408.64,Mauna Loa (NOAA/Scripps)
2019-10-24,2019.81,408.97,Mauna Loa (NOAA/Scripps)
2019-10-26,2019.816,408.71,Mauna Loa (NOAA/Scripps)
2019-10-27,2019.819,408.66,Mauna Loa (NOAA/Scripps)
2019-10-28,2019.821,408.58,Mauna Loa (NOAA/Scripps)
2019-10-29,2019.824,408.85,Mauna Loa (NOAA/Scripps)
2019-10-30,2019.827,409.15,Mauna Loa (NOAA/Scripps)
2019-10-31,2019.83,409.64,Mauna Loa (NOAA/Scripps)
2019-11-01,2019.832,411.02,Mauna Loa (NOAA/Scripps)
2019-11-03,2019.838,409.29,Mauna Loa (NOAA/Scripps)
2019-11-04,2019.841,409.42,Mauna Loa (NOAA/Scripps)
2019-11-06,2019.846,410.07,Mauna Loa (NOAA/Scripps)
2019-11-07,2019.849,410.25,Mauna Loa (NOAA/Scripps)
2019-11-08,2019.851,410.28,Mauna Loa (NOAA/Scripps)
2019-11-09,2019.854,410.08,Mauna Loa (NOAA/Scripps)
2019-11-10,2019.857,410.07,Mauna Loa (NOAA/Scripps)
2019-11-11,2019.86,409.68,Mauna Loa (NOAA/Scripps)
2019-11-12,2019.862,410.46,Mauna Loa (NOAA/Scripps)
2019-11-13,2019.865,411.19,Mauna Loa (NOAA/Scripps)
2019-11-14,2019.868,410.68,Mauna Loa (NOAA/Scripps)
2019-11-17,2019.876,409.81,Mauna Loa (NOAA/Scripps)
2019-11-19,2019.882,410.17,Mauna Loa (NOAA/Scripps)
2019-11-20,2019.884,410.05,Mauna Loa (NOAA/Scripps)
2019-11-21,2019.887,410.49,Mauna Loa (NOAA/Scripps)
2019-11-22,2019.89,410.48,Mauna Loa (NOAA/Scripps)
2019-11-23,2019.893,410.15,Mauna Loa (NOAA/Scripps)
2019-11-24,2019.895,411.13,Mauna Loa (NOAA/Scripps)
2019-11-25,2019.898,410.46,Mauna Loa (NOAA/Scripps)
2019-11-26,2019.901,410.67,Mauna Loa (NOAA/Scripps)
2019-11-27,2019.903,410.58,Mauna Loa (NOAA/Scripps)
2019-11-28,2019.906,410.86,Mauna Loa (NOAA/Scripps)
2019-11-29,2019.909,410.67,Mauna Loa (NOAA/Scripps)
2019-11-30,2019.912,410.57,Mauna Loa (NOAA/Scripps)
2019-12-01,2019.914,410.92,Mauna Loa (NOAA/Scripps)
2019-12-02,2019.917,410.9,Mauna Loa (NOAA/Scripps)
2019-12-03,2019.92,411.13,Mauna Loa (NOAA/Scripps)
2019-12-04,2019.923,411.23,Mauna Loa (NOAA/Scripps)
2019-12-05,2019.925,410.45,Mauna Loa (NOAA/Scripps)
2019-12-06,2019.928,411.48,Mauna Loa (NOAA/Scripps)
2019-12-07,2019.931,411.4,Mauna Loa (NOAA/Scripps)
2019-12-08,2019.934,411.37,Mauna Loa (NOAA/Scripps)
2019-12-09,2019.936,411.07,Mauna Loa (NOAA/Scripps)
2019-12-10,2019.939,410.88,Mauna Loa (NOAA/Scripps)
2019-12-11,2019.942,411.2,Mauna Loa (NOAA/Scripps)
2019-12-12,2019.945,411.37,Mauna Loa (NOAA/Scripps)
2019-12-13,2019.947,411.69,Mauna Loa (NOAA/Scripps)
2019-12-14,2019.95,411.66,Mauna Loa (NOAA/Scripps)
2019-12-15,2019.953,411.67,Mauna Loa (NOAA/Scripps)
2019-12-16,2019.956,411.75,Mauna Loa (NOAA/Scripps)
2019-12-17,2019.958,411.8,Mauna Loa (NOAA/Scripps)
2019-12-18,2019.961,411.83,Mauna Loa (NOAA/Scripps)
2019-12-19,2019.964,411.79,Mauna Loa (NOAA/Scripps)
2019-12-20,2019.966,411.69,Mauna Loa (NOAA/Scripps)
2019-12-21,2019.969,412.73,Mauna Loa (NOAA/Scripps)
2019-12-22,2019.972,413.05,Mauna Loa (NOAA/Scripps)
2019-12-23,2019.975,411.99,Mauna Loa (NOAA/Scripps)
2019-12-24,2019.977,412.28,Mauna Loa (NOAA/Scripps)
2019-12-25,2019.98,411.05,Mauna Loa (NOAA/Scripps)
2019-12-26,2019.983,412.36,Mauna Loa (NOAA/Scripps)
2019-12-27,2019.986,412.6,Mauna Loa (NOAA/Scripps)
2019-12-28,2019.988,412.11,Mauna Loa (NOAA/Scripps)
2019-12-29,2019.991,412.75,Mauna Loa (NOAA/Scripps)
2019-12-30,2019.994,413.08,Mauna Loa (NOAA/Scripps)
2019-12-31,2019.997,413.2,Mauna Loa (NOAA/Scripps)
2020-01-01,2020.0,412.64,Mauna Loa (NOAA/Scripps)
2020-01-03,2020.005,413.22,Mauna Loa (NOAA/Scripps)
2020-01-04,2020.008,413.65,Mauna Loa (NOAA/Scripps)
2020-01-05,2020.011,413.99,Mauna Loa (NOAA/Scripps)
2020-01-06,2020.014,413.7,Mauna Loa (NOAA/Scripps)
2020-01-07,2020.016,413.18,Mauna Loa (NOAA/Scripps)
2020-01-08,2020.019,413.56,Mauna Loa (NOAA/Scripps)
2020-01-09,2020.022,413.31,Mauna Loa (NOAA/Scripps)
2020-01-10,2020.025,413.54,Mauna Loa (NOAA/Scripps)
2020-01-11,2020.027,413.15,Mauna Loa (NOAA/Scripps)
2020-01-12,2020.03,413.13,Mauna Loa (NOAA/Scripps)
2020-01-14,2020.036,412.38,Mauna Loa (NOAA/Scripps)
2020-01-15,2020.038,412.48,Mauna Loa (NOAA/Scripps)
2020-01-16,2020.041,412.63,Mauna Loa (NOAA/Scripps)
2020-01-17,2020.044,412.92,Mauna Loa (NOAA/Scripps)
2020-01-18,2020.047,413.39,Mauna Loa (NOAA/Scripps)
2020-01-19,2020.049,413.37,Mauna Loa (NOAA/Scripps)
2020-01-20,2020.052,413.25,Mauna Loa (NOAA/Scripps)
2020-01-21,2020.055,415.79,Mauna Loa (NOAA/Scripps)
2020-01-22,2020.057,414.07,Mauna Loa (NOAA/Scripps)
2020-01-23,2020.06,413.91,Mauna Loa (NOAA/Scripps)
2020-01-24,2020.063,412.73,Mauna Loa (NOAA/Scripps)
2020-01-25,2020.066,412.4,Mauna Loa (NOAA/Scripps)
2020-01-26,2020.068,412.96,Mauna Loa (NOAA/Scripps)
2020-01-27,2020.071,413.51,Mauna Loa (NOAA/Scripps)
2020-01-28,2020.074,414.67,Mauna Loa (NOAA/Scripps)
2020-01-29,2020.077,414.15,Mauna Loa (NOAA/Scripps)
2020-01-30,2020.079,413.95,Mauna Loa (NOAA/Scripps)
2020-01-31,2020.082,414.89,Mauna Loa (NOAA/Scripps)
2020-02-01,2020.085,414.49,Mauna Loa (NOAA/Scripps)
2020-02-02,2020.088,414.32,Mauna Loa (NOAA/Scripps)
2020-02-03,2020.09,415.03,Mauna Loa (NOAA/Scripps)
2020-02-04,2020.093,413.9,Mauna Loa (NOAA/Scripps)
2020-02-05,2020.096,413.85,Mauna Loa (NOAA/Scripps)
2020-02-06,2020.099,414.4,Mauna Loa (NOAA/Scripps)
2020-02-07,2020.101,414.11,Mauna Loa (NOAA/Scripps)
2020-02-08,2020.104,414.73,Mauna Loa (NOAA/Scripps)
2020-02-10,2020.11,416.08,Mauna Loa (NOAA/Scripps)
2020-02-11,2020.112,415.4,Mauna Loa (NOAA/Scripps)
2020-02-12,2020.115,415.1,Mauna Loa (NOAA/Scripps)
2020-02-13,2020.118,413.81,Mauna Loa (NOAA/Scripps)
2020-02-14,2020.12,412.98,Mauna Loa (NOAA/Scripps)
2020-02-15,2020.123,413.05,Mauna Loa (NOAA/Scripps)
2020-02-16,2020.126,413.81,Mauna Loa (NOAA/Scripps)
2020-02-17,2020.129,413.85,Mauna Loa (NOAA/Scripps)
2020-02-18,2020.131,413.56,Mauna Loa (NOAA/Scripps)
2020-02-19,2020.134,413.53,Mauna Loa (NOAA/Scripps)
2020-02-20,2020.137,414.8,Mauna Loa (NOAA/Scripps)
2020-02-21,2020.14,414.36,Mauna Loa (NOAA/Scripps)
2020-02-22,2020.142,414.18,Mauna Loa (NOAA/Scripps)
2020-02-23,2020.145,414.13,Mauna Loa (NOAA/Scripps)
2020-02-24,2020.148,414.09,Mauna Loa (NOAA/Scripps)
2020-02-25,2020.151,413.5,Mauna Loa (NOAA/Scripps)
2020-02-26,2020.153,413.02,Mauna Loa (NOAA/Scripps)
2020-02-27,2020.156,413.47,Mauna Loa (NOAA/Scripps)
2020-02-28,2020.159,413.69,Mauna Loa (NOAA/Scripps)
2020-02-29,2020.162,414.12,Mauna Loa (NOAA/Scripps)
2020-03-01,2020.164,414.25,Mauna Loa (NOAA/Scripps)
2020-03-02,2020.167,413.72,Mauna Loa (NOAA/Scripps)
2020-03-03,2020.17,414.01,Mauna Loa (NOAA/Scripps)
2020-03-04,2020.172,413.05,Mauna Loa (NOAA/Scripps)
2020-03-05,2020.175,413.5,Mauna Loa (NOAA/Scripps)
2020-03-06,2020.178,414.23,Mauna Loa (NOAA/Scripps)
2020-03-07,2020.181,414.3,Mauna Loa (NOAA/Scripps)
2020-03-09,2020.186,413.95,Mauna Loa (NOAA/Scripps)
2020-03-10,2020.189,413.78,Mauna Loa (NOAA/Scripps)
2020-03-11,2020.192,414.37,Mauna Loa (NOAA/Scripps)
2020-03-12,2020.194,414.11,Mauna Loa (NOAA/Scripps)
2020-03-13,2020.197,414.11,Mauna Loa (NOAA/Scripps)
2020-03-14,2020.2,414.33,Mauna Loa (NOAA/Scripps)
2020-03-15,2020.203,414.24,Mauna Loa (NOAA/Scripps)
2020-03-16,2020.205,414.35,Mauna Loa (NOAA/Scripps)
2020-03-17,2020.208,414.15,Mauna Loa (NOAA/Scripps)
2020-03-18,2020.211,414.58,Mauna Loa (NOAA/Scripps)
2020-03-19,2020.214,413.99,Mauna Loa (NOAA/Scripps)
2020-03-20,2020.216,414.34,Mauna Loa (NOAA/Scripps)
2020-03-25,2020.23,415.23,Mauna Loa (NOAA/Scripps)
2020-03-26,2020.233,415.43,Mauna Loa (NOAA/Scripps)
2020-03-27,2020.235,415.43,Mauna Loa (NOAA/Scripps)
2020-03-28,2020.238,415.89,Mauna Loa (NOAA/Scripps)
2020-03-29,2020.241,415.68,Mauna Loa (NOAA/Scripps)
2020-03-30,2020.244,415.65,Mauna Loa (NOAA/Scripps)
2020-03-31,2020.246,415.68,Mauna Loa (NOAA/Scripps)
2020-04-01,2020.249,415.81,Mauna Loa (NOAA/Scripps)
2020-04-02,2020.252,415.6,Mauna Loa (NOAA/Scripps)
2020-04-04,2020.257,416.03,Mauna Loa (NOAA/Scripps)
2020-04-05,2020.26,416.03,Mauna Loa (NOAA/Scripps)
2020-04-06,2020.263,415.72,Mauna Loa (NOAA/Scripps)
2020-04-07,2020.266,415.6,Mauna Loa (NOAA/Scripps)
2020-04-08,2020.268,416.96,Mauna Loa (NOAA/Scripps)
2020-04-09,2020.271,417.85,Mauna Loa (NOAA/Scripps)
2020-04-10,2020.274,416.67,Mauna Loa (NOAA/Scripps)
2020-04-11,2020.277,416.33,Mauna Loa (NOAA/Scripps)
2020-04-12,2020.279,415.46,Mauna Loa (NOAA/Scripps)
2020-04-13,2020.282,415.81,Mauna Loa (NOAA/Scripps)
2020-04-14,2020.285,416.09,Mauna Loa (NOAA/Scripps)
2020-04-15,2020.287,415.91,Mauna Loa (NOAA/Scripps)
2020-04-16,2020.29,417.08,Mauna Loa (NOAA/Scripps)
2020-04-17,2020.293,416.8,Mauna Loa (NOAA/Scripps)
2020-04-18,2020.296,416.76,Mauna Loa (NOAA/Scripps)
2020-04-19,2020.298,416.05,Mauna Loa (NOAA/Scripps)
2020-04-20,2020.301,416.29,Mauna Loa (NOAA/Scripps)
2020-04-21,2020.304,416.28,Mauna Loa (NOAA/Scripps)
2020-04-22,2020.307,415.6,Mauna Loa (NOAA/Scripps)
2020-04-23,2020.309,415.62,Mauna Loa (NOAA/Scripps)
2020-04-24,2020.312,415.46,Mauna Loa (NOAA/Scripps)
2020-04-26,2020.318,416.12,Mauna Loa (NOAA/Scripps)
2020-04-27,2020.32,416.12,Mauna Loa (NOAA/Scripps)
2020-04-28,2020.323,415.5,Mauna Loa (NOAA/Scripps)
2020-04-29,2020.326,417.21,Mauna Loa (NOAA/Scripps)
2020-04-30,2020.329,417.31,Mauna Loa (NOAA/Scripps)
2020-05-01,2020.331,418.03,Mauna Loa (NOAA/Scripps)
2020-05-02,2020.334,417.42,Mauna Loa (NOAA/Scripps)
2020-05-03,2020.337,418.12,Mauna Loa (NOAA/Scripps)
2020-05-05,2020.342,416.57,Mauna Loa (NOAA/Scripps)
2020-05-06,2020.345,415.67,Mauna Loa (NOAA/Scripps)
2020-05-07,2020.348,416.41,Mauna Loa (NOAA/Scripps)
2020-05-08,2020.35,416.97,Mauna Loa (NOAA/Scripps)
2020-05-09,2020.353,417.23,Mauna Loa (NOAA/Scripps)
2020-05-10,2020.356,417.04,Mauna Loa (NOAA/Scripps)
2020-05-11,2020.359,417.16,Mauna Loa (NOAA/Scripps)
2020-05-12,2020.361,416.71,Mauna Loa (NOAA/Scripps)
2020-05-13,2020.364,416.98,Mauna Loa (NOAA/Scripps)
2020-05-14,2020.367,416.86,Mauna Loa (NOAA/Scripps)
2020-05-15,2020.37,416.0,Mauna Loa (NOAA/Scripps)
2020-05-18,2020.378,417.0,Mauna Loa (NOAA/Scripps)
2020-05-19,2020.381,416.85,Mauna Loa (NOAA/Scripps)
2020-05-20,2020.383,417.06,Mauna Loa (NOAA/Scripps)
2020-05-21,2020.386,417.13,Mauna Loa (NOAA/Scripps)
2020-05-22,2020.389,416.82,Mauna Loa (NOAA/Scripps)
2020-05-24,2020.394,417.69,Mauna Loa (NOAA/Scripps)
2020-05-25,2020.397,418.12,Mauna Loa (NOAA/Scripps)
2020-05-26,2020.4,417.7,Mauna Loa (NOAA/Scripps)
2020-05-27,2020.402,417.88,Mauna Loa (NOAA/Scripps)
2020-05-28,2020.405,417.33,Mauna Loa (NOAA/Scripps)
2020-05-29,2020.408,416.83,Mauna Loa (NOAA/Scripps)
2020-05-30,2020.411,416.47,Mauna Loa (NOAA/Scripps)
2020-05-31,2020.413,416.94,Mauna Loa (NOAA/Scripps)
2020-06-01,2020.416,418.32,Mauna Loa (NOAA/Scripps)
2020-06-02,2020.419,417.7,Mauna Loa (NOAA/Scripps)
2020-06-03,2020.422,417.37,Mauna Loa (NOAA/Scripps)
2020-06-04,2020.424,416.54,Mauna Loa (NOAA/Scripps)
2020-06-06,2020.43,416.35,Mauna Loa (NOAA/Scripps)
2020-06-08,2020.435,416.3,Mauna Loa (NOAA/Scripps)
2020-06-10,2020.441,415.77,Mauna Loa (NOAA/Scripps)
2020-06-11,2020.444,416.41,Mauna Loa (NOAA/Scripps)
2020-06-12,2020.446,416.69,Mauna Loa (NOAA/Scripps)
2020-06-13,2020.449,416.55,Mauna Loa (NOAA/Scripps)
2020-06-14,2020.452,416.81,Mauna Loa (NOAA/Scripps)
2020-06-15,2020.454,416.81,Mauna Loa (NOAA/Scripps)
2020-06-16,2020.457,416.27,Mauna Loa (NOAA/Scripps)
2020-06-17,2020.46,415.92,Mauna Loa (NOAA/Scripps)
2020-06-18,2020.463,416.28,Mauna Loa (NOAA/Scripps)
2020-06-19,2020.465,415.71,Mauna Loa (NOAA/Scripps)
2020-06-20,2020.468,416.12,Mauna Loa (NOAA/Scripps)
2020-06-21,2020.471,416.31,Mauna Loa (NOAA/Scripps)
2020-06-22,2020.474,416.21,Mauna Loa (NOAA/Scripps)
2020-06-23,2020.476,416.13,Mauna Loa (NOAA/Scripps)
2020-06-24,2020.479,416.4,Mauna Loa (NOAA/Scripps)
2020-06-25,2020.482,415.5,Mauna Loa (NOAA/Scripps)
2020-06-26,2020.485,415.82,Mauna Loa (NOAA/Scripps)
2020-06-27,2020.487,415.98,Mauna Loa (NOAA/Scripps)
2020-06-28,2020.49,415.57,Mauna Loa (NOAA/Scripps)
2020-06-29,2020.493,415.9,Mauna Loa (NOAA/Scripps)
2020-06-30,2020.496,415.49,Mauna Loa (NOAA/Scripps)
2020-07-01,2020.498,415.29,Mauna Loa (NOAA/Scripps)
2020-07-02,2020.501,415.25,Mauna Loa (NOAA/Scripps)
2020-07-03,2020.504,415.23,Mauna Loa (NOAA/Scripps)
2020-07-04,2020.507,415.29,Mauna Loa (NOAA/Scripps)
2020-07-05,2020.509,415.13,Mauna Loa (NOAA/Scripps)
2020-07-06,2020.512,415.22,Mauna Loa (NOAA/Scripps)
2020-07-07,2020.515,415.28,Mauna Loa (NOAA/Scripps)
2020-07-08,2020.517,415.47,Mauna Loa (NOAA/Scripps)
2020-07-09,2020.52,414.72,Mauna Loa (NOAA/Scripps)
2020-07-10,2020.523,415.27,Mauna Loa (NOAA/Scripps)
2020-07-11,2020.526,415.56,Mauna Loa (NOAA/Scripps)
2020-07-12,2020.528,415.13,Mauna Loa (NOAA/Scripps)
2020-07-13,2020.531,413.31,Mauna Loa (NOAA/Scripps)
2020-07-14,2020.534,414.62,Mauna Loa (NOAA/Scripps)
2020-07-15,2020.537,415.19,Mauna Loa (NOAA/Scripps)
2020-07-16,2020.539,415.2,Mauna Loa (NOAA/Scripps)
2020-07-17,2020.542,414.2,Mauna Loa (NOAA/Scripps)
2020-07-18,2020.545,414.04,Mauna Loa (NOAA/Scripps)
2020-07-19,2020.548,413.87,Mauna Loa (NOAA/Scripps)
2020-07-20,2020.55,414.0,Mauna Loa (NOAA/Scripps)
2020-07-21,2020.553,414.06,Mauna Loa (NOAA/Scripps)
2020-07-22,2020.556,414.22,Mauna Loa (NOAA/Scripps)
2020-07-23,2020.559,413.32,Mauna Loa (NOAA/Scripps)
2020-07-24,2020.561,414.0,Mauna Loa (NOAA/Scripps)
2020-07-25,2020.564,413.82,Mauna Loa (NOAA/Scripps)
2020-07-26,2020.567,413.11,Mauna Loa (NOAA/Scripps)
2020-07-27,2020.569,413.36,Mauna Loa (NOAA/Scripps)
2020-07-28,2020.572,413.73,Mauna Loa (NOAA/Scripps)
2020-07-29,2020.575,413.72,Mauna Loa (NOAA/Scripps)
2020-07-30,2020.578,413.93,Mauna Loa (NOAA/Scripps)
2020-07-31,2020.58,411.39,Mauna Loa (NOAA/Scripps)
2020-08-01,2020.583,413.33,Mauna Loa (NOAA/Scripps)
2020-08-02,2020.586,413.37,Mauna Loa (NOAA/Scripps)
2020-08-03,2020.589,413.65,Mauna Loa (NOAA/Scripps)
2020-08-07,2020.6,412.81,Mauna Loa (NOAA/Scripps)
2020-08-08,2020.602,412.86,Mauna Loa (NOAA/Scripps)
2020-08-09,2020.605,413.27,Mauna Loa (NOAA/Scripps)
2020-08-10,2020.608,412.55,Mauna Loa (NOAA/Scripps)
2020-08-11,2020.611,412.4,Mauna Loa (NOAA/Scripps)
2020-08-12,2020.613,412.89,Mauna Loa (NOAA/Scripps)
2020-08-13,2020.616,412.82,Mauna Loa (NOAA/Scripps)
2020-08-15,2020.621,412.54,Mauna Loa (NOAA/Scripps)
2020-08-17,2020.627,412.58,Mauna Loa (NOAA/Scripps)
2020-08-18,2020.63,412.19,Mauna Loa (NOAA/Scripps)
2020-08-19,2020.632,412.15,Mauna Loa (NOAA/Scripps)
2020-08-21,2020.638,412.45,Mauna Loa (NOAA/Scripps)
2020-08-22,2020.641,412.58,Mauna Loa (NOAA/Scripps)
2020-08-23,2020.643,412.21,Mauna Loa (NOAA/Scripps)
2020-08-24,2020.646,411.96,Mauna Loa (NOAA/Scripps)
2020-08-25,2020.649,412.47,Mauna Loa (NOAA/Scripps)
2020-08-26,2020.652,411.99,Mauna Loa (NOAA/Scripps)
2020-08-27,2020.654,411.6,Mauna Loa (NOAA/Scripps)
2020-08-28,2020.657,411.58,Mauna Loa (NOAA/Scripps)
2020-08-29,2020.66,411.94,Mauna Loa (NOAA/Scripps)
2020-08-30,2020.663,411.9,Mauna Loa (NOAA/Scripps)
2020-08-31,2020.665,411.44,Mauna Loa (NOAA/Scripps)
2020-09-01,2020.668,411.93,Mauna Loa (NOAA/Scripps)
2020-09-02,2020.671,411.85,Mauna Loa (NOAA/Scripps)
2020-09-03,2020.674,411.69,Mauna Loa (NOAA/Scripps)
2020-09-04,2020.676,410.96,Mauna Loa (NOAA/Scripps)
2020-09-05,2020.679,411.36,Mauna Loa (NOAA/Scripps)
2020-09-06,2020.682,411.89,Mauna Loa (NOAA/Scripps)
2020-09-07,2020.684,411.37,Mauna Loa (NOAA/Scripps)
2020-09-08,2020.687,411.75,Mauna Loa (NOAA/Scripps)
2020-09-09,2020.69,411.16,Mauna Loa (NOAA/Scripps)
2020-09-10,2020.693,410.99,Mauna Loa (NOAA/Scripps)
2020-09-11,2020.695,411.64,Mauna Loa (NOAA/Scripps)
2020-09-12,2020.698,410.8,Mauna Loa (NOAA/Scripps)
2020-09-13,2020.701,411.84,Mauna Loa (NOAA/Scripps)
2020-09-14,2020.704,411.48,Mauna Loa (NOAA/Scripps)
2020-09-15,2020.706,411.84,Mauna Loa (NOAA/Scripps)
2020-09-16,2020.709,411.66,Mauna Loa (NOAA/Scripps)
2020-09-17,2020.712,411.17,Mauna Loa (NOAA/Scripps)
2020-09-18,2020.715,411.15,Mauna Loa (NOAA/Scripps)
2020-09-19,2020.717,411.16,Mauna Loa (NOAA/Scripps)
2020-09-20,2020.72,411.12,Mauna Loa (NOAA/Scripps)
2020-09-21,2020.723,410.57,Mauna Loa (NOAA/Scripps)
2020-09-23,2020.728,411.27,Mauna Loa (NOAA/Scripps)
2020-09-24,2020.731,411.25,Mauna Loa (NOAA/Scripps)
2020-09-25,2020.734,410.9,Mauna Loa (NOAA/Scripps)
2020-09-26,2020.736,410.88,Mauna Loa (NOAA/Scripps)
2020-09-27,2020.739,410.82,Mauna Loa (NOAA/Scripps)
2020-09-28,2020.742,411.04,Mauna Loa (NOAA/Scripps)
2020-09-29,2020.745,411.16,Mauna Loa (NOAA/Scripps)
2020-09-30,2020.747,410.94,Mauna Loa (NOAA/Scripps)
2020-10-01,2020.75,411.12,Mauna Loa (NOAA/Scripps)
2020-10-02,2020.753,411.25,Mauna Loa (NOAA/Scripps)
2020-10-03,2020.756,411.11,Mauna Loa (NOAA/Scripps)
2020-10-04,2020.758,411.01,Mauna Loa (NOAA/Scripps)
2020-10-05,2020.761,411.04,Mauna Loa (NOAA/Scripps)
2020-10-06,2020.764,411.18,Mauna Loa (NOAA/Scripps)
2020-10-07,2020.767,411.08,Mauna Loa (NOAA/Scripps)
2020-10-08,2020.769,411.12,Mauna Loa (NOAA/Scripps)
2020-10-09,2020.772,410.88,Mauna Loa (NOAA/Scripps)
2020-10-10,2020.775,411.07,Mauna Loa (NOAA/Scripps)
2020-10-11,2020.778,411.2,Mauna Loa (NOAA/Scripps)
2020-10-12,2020.78,410.89,Mauna Loa (NOAA/Scripps)
2020-10-13,2020.783,411.22,Mauna Loa (NOAA/Scripps)
2020-10-14,2020.786,411.16,Mauna Loa (NOAA/Scripps)
2020-10-15,2020.789,411.05,Mauna Loa (NOAA/Scripps)
2020-10-16,2020.791,411.17,Mauna Loa (NOAA/Scripps)
2020-10-17,2020.794,411.16,Mauna Loa (NOAA/Scripps)
2020-10-18,2020.797,411.24,Mauna Loa (NOAA/Scripps)
2020-10-19,2020.799,411.15,Mauna Loa (NOAA/Scripps)
2020-10-20,2020.802,411.22,Mauna Loa (NOAA/Scripps)
2020-10-21,2020.805,411.85,Mauna Loa (NOAA/Scripps)
2020-10-22,2020.808,411.88,Mauna Loa (NOAA/Scripps)
2020-10-23,2020.81,411.79,Mauna Loa (NOAA/Scripps)
2020-10-25,2020.816,411.28,Mauna Loa (NOAA/Scripps)
2020-10-26,2020.819,411.25,Mauna Loa (NOAA/Scripps)
2020-10-27,2020.821,411.0,Mauna Loa (NOAA/Scripps)
2020-10-28,2020.824,411.53,Mauna Loa (NOAA/Scripps)
2020-10-29,2020.827,411.72,Mauna Loa (NOAA/Scripps)
2020-10-30,2020.83,411.65,Mauna Loa (NOAA/Scripps)
2020-10-31,2020.832,411.94,Mauna Loa (NOAA/Scripps)
2020-11-01,2020.835,412.16,Mauna Loa (NOAA/Scripps)
2020-11-02,2020.838,412.11,Mauna Loa (NOAA/Scripps)
2020-11-03,2020.841,410.76,Mauna Loa (NOAA/Scripps)
2020-11-04,2020.843,410.92,Mauna Loa (NOAA/Scripps)
2020-11-06,2020.849,412.29,Mauna Loa (NOAA/Scripps)
2020-11-07,2020.851,412.32,Mauna Loa (NOAA/Scripps)
2020-11-08,2020.854,412.14,Mauna Loa (NOAA/Scripps)
2020-11-09,2020.857,412.06,Mauna Loa (NOAA/Scripps)
2020-11-10,2020.86,413.16,Mauna Loa (NOAA/Scripps)
2020-11-11,2020.862,413.82,Mauna Loa (NOAA/Scripps)
2020-11-12,2020.865,412.87,Mauna Loa (NOAA/Scripps)
2020-11-13,2020.868,412.63,Mauna Loa (NOAA/Scripps)
2020-11-14,2020.871,412.58,Mauna Loa (NOAA/Scripps)
2020-11-15,2020.873,412.44,Mauna Loa (NOAA/Scripps)
2020-11-16,2020.876,412.58,Mauna Loa (NOAA/Scripps)
2020-11-17,2020.879,412.24,Mauna Loa (NOAA/Scripps)
2020-11-18,2020.882,412.14,Mauna Loa (NOAA/Scripps)
2020-11-19,2020.884,413.47,Mauna Loa (NOAA/Scripps)
2020-11-21,2020.89,412.33,Mauna Loa (NOAA/Scripps)
2020-11-22,2020.893,413.59,Mauna Loa (NOAA/Scripps)
2020-11-24,2020.898,413.4,Mauna Loa (NOAA/Scripps)
2020-11-25,2020.901,413.12,Mauna Loa (NOAA/Scripps)
2020-11-26,2020.903,413.25,Mauna Loa (NOAA/Scripps)
2020-11-27,2020.906,414.19,Mauna Loa (NOAA/Scripps)
2020-11-28,2020.909,415.49,Mauna Loa (NOAA/Scripps)
2020-11-29,2020.912,415.5,Mauna Loa (NOAA/Scripps)
2020-11-30,2020.914,414.36,Mauna Loa (NOAA/Scripps)
2020-12-01,2020.917,413.69,Mauna Loa (NOAA/Scripps)
2020-12-02,2020.92,413.59,Mauna Loa (NOAA/Scripps)
2020-12-03,2020.923,413.54,Mauna Loa (NOAA/Scripps)
2020-12-04,2020.925,412.85,Mauna Loa (NOAA/Scripps)
2020-12-05,2020.928,412.8,Mauna Loa (NOAA/Scripps)
2020-12-06,2020.931,412.88,Mauna Loa (NOAA/Scripps)
2020-12-07,2020.934,413.03,Mauna Loa (NOAA/Scripps)
2020-12-08,2020.936,412.87,Mauna Loa (NOAA/Scripps)
2020-12-09,2020.939,413.98,Mauna Loa (NOAA/Scripps)
2020-12-10,2020.942,413.71,Mauna Loa (NOAA/Scripps)
2020-12-11,2020.945,413.62,Mauna Loa (NOAA/Scripps)
2020-12-12,2020.947,413.66,Mauna Loa (NOAA/Scripps)
2020-12-13,2020.95,413.54,Mauna Loa (NOAA/Scripps)
2020-12-14,2020.953,413.35,Mauna Loa (NOAA/Scripps)
2020-12-15,2020.956,413.49,Mauna Loa (NOAA/Scripps)
2020-12-16,2020.958,413.99,Mauna Loa (NOAA/Scripps)
2020-12-17,2020.961,414.22,Mauna Loa (NOAA/Scripps)
2020-12-18,2020.964,414.09,Mauna Loa (NOAA/Scripps)
2020-12-19,2020.966,414.76,Mauna Loa (NOAA/Scripps)
2020-12-20,2020.969,414.68,Mauna Loa (NOAA/Scripps)
2020-12-21,2020.972,414.77,Mauna Loa (NOAA/Scripps)
2020-12-22,2020.975,414.11,Mauna Loa (NOAA/Scripps)
2020-12-23,2020.977,414.83,Mauna Loa (NOAA/Scripps)
2020-12-24,2020.98,414.66,Mauna Loa (NOAA/Scripps)
2020-12-25,2020.983,414.57,Mauna Loa (NOAA/Scripps)
2020-12-27,2020.988,414.99,Mauna Loa (NOAA/Scripps)
2020-12-28,2020.991,414.93,Mauna Loa (NOAA/Scripps)
2020-12-29,2020.994,414.63,Mauna Loa (NOAA/Scripps)
2020-12-30,2020.997,415.23,Mauna Loa (NOAA/Scripps)
2020-12-31,2020.999,415.15,Mauna Loa (NOAA/Scripps)
2021-01-01,2021.0,415.54,Mauna Loa (NOAA/Scripps)
2021-01-02,2021.003,415.14,Mauna Loa (NOAA/Scripps)
2021-01-03,2021.005,415.46,Mauna Loa (NOAA/Scripps)
2021-01-04,2021.008,415.34,Mauna Loa (NOAA/Scripps)
2021-01-05,2021.011,414.94,Mauna Loa (NOAA/Scripps)
2021-01-06,2021.014,415.24,Mauna Loa (NOAA/Scripps)
2021-01-07,2021.016,415.25,Mauna Loa (NOAA/Scripps)
2021-01-08,2021.019,414.98,Mauna Loa (NOAA/Scripps)
2021-01-09,2021.022,415.53,Mauna Loa (NOAA/Scripps)
2021-01-10,2021.025,415.61,Mauna Loa (NOAA/Scripps)
2021-01-11,2021.027,415.7,Mauna Loa (NOAA/Scripps)
2021-01-12,2021.03,414.81,Mauna Loa (NOAA/Scripps)
2021-01-13,2021.033,414.75,Mauna Loa (NOAA/Scripps)
2021-01-14,2021.036,414.83,Mauna Loa (NOAA/Scripps)
2021-01-17,2021.044,414.47,Mauna Loa (NOAA/Scripps)
2021-01-18,2021.047,415.1,Mauna Loa (NOAA/Scripps)
2021-01-19,2021.049,415.1,Mauna Loa (NOAA/Scripps)
2021-01-20,2021.052,414.81,Mauna Loa (NOAA/Scripps)
2021-01-21,2021.055,415.27,Mauna Loa (NOAA/Scripps)
2021-01-22,2021.057,415.36,Mauna Loa (NOAA/Scripps)
2021-01-23,2021.06,416.16,Mauna Loa (NOAA/Scripps)
2021-01-24,2021.063,416.53,Mauna Loa (NOAA/Scripps)
2021-01-25,2021.066,415.71,Mauna Loa (NOAA/Scripps)
2021-01-26,2021.068,415.46,Mauna Loa (NOAA/Scripps)
2021-01-27,2021.071,415.25,Mauna Loa (NOAA/Scripps)
2021-01-28,2021.074,415.67,Mauna Loa (NOAA/Scripps)
2021-01-29,2021.077,415.83,Mauna Loa (NOAA/Scripps)
2021-01-30,2021.079,415.95,Mauna Loa (NOAA/Scripps)
2021-01-31,2021.082,415.51,Mauna Loa (NOAA/Scripps)
2021-02-01,2021.085,415.44,Mauna Loa (NOAA/Scripps)
2021-02-02,2021.088,415.55,Mauna Loa (NOAA/Scripps)
2021-02-03,2021.09,415.73,Mauna Loa (NOAA/Scripps)
2021-02-04,2021.093,419.12,Mauna Loa (NOAA/Scripps)
2021-02-05,2021.096,419.45,Mauna Loa (NOAA/Scripps)
2021-02-06,2021.099,417.83,Mauna Loa (NOAA/Scripps)
2021-02-07,2021.101,416.48,Mauna Loa (NOAA/Scripps)
2021-02-08,2021.104,416.02,Mauna Loa (NOAA/Scripps)
2021-02-09,2021.107,416.5,Mauna Loa (NOAA/Scripps)
2021-02-10,2021.11,417.79,Mauna Loa (NOAA/Scripps)
2021-02-11,2021.112,417.33,Mauna Loa (NOAA/Scripps)
2021-02-12,2021.115,417.31,Mauna Loa (NOAA/Scripps)
2021-02-13,2021.118,417.02,Mauna Loa (NOAA/Scripps)
2021-02-14,2021.12,416.22,Mauna Loa (NOAA/Scripps)
2021-02-15,2021.123,416.22,Mauna Loa (NOAA/Scripps)
2021-02-16,2021.126,416.1,Mauna Loa (NOAA/Scripps)
2021-02-17,2021.129,416.09,Mauna Loa (NOAA/Scripps)
2021-02-18,2021.131,417.54,Mauna Loa (NOAA/Scripps)
2021-02-19,2021.134,416.94,Mauna Loa (NOAA/Scripps)
2021-02-20,2021.137,416.46,Mauna Loa (NOAA/Scripps)
2021-02-21,2021.14,416.16,Mauna Loa (NOAA/Scripps)
2021-02-22,2021.142,416.4,Mauna Loa (NOAA/Scripps)
2021-02-23,2021.145,416.33,Mauna Loa (NOAA/Scripps)
2021-02-24,2021.148,416.3,Mauna Loa (NOAA/Scripps)
2021-02-25,2021.151,416.14,Mauna Loa (NOAA/Scripps)
2021-02-26,2021.153,416.33,Mauna Loa (NOAA/Scripps)
2021-02-27,2021.156,416.51,Mauna Loa (NOAA/Scripps)
2021-02-28,2021.159,416.67,Mauna Loa (NOAA/Scripps)
2021-03-01,2021.162,417.86,Mauna Loa (NOAA/Scripps)
2021-03-02,2021.164,417.98,Mauna Loa (NOAA/Scripps)
2021-03-03,2021.167,418.3,Mauna Loa (NOAA/Scripps)
2021-03-04,2021.17,418.23,Mauna Loa (NOAA/Scripps)
2021-03-05,2021.172,418.21,Mauna Loa (NOAA/Scripps)
2021-03-06,2021.175,418.53,Mauna Loa (NOAA/Scripps)
2021-03-07,2021.178,418.17,Mauna Loa (NOAA/Scripps)
2021-03-08,2021.181,417.83,Mauna Loa (NOAA/Scripps)
2021-03-09,2021.183,416.43,Mauna Loa (NOAA/Scripps)
2021-03-10,2021.186,416.53,Mauna Loa (NOAA/Scripps)
2021-03-11,2021.189,416.67,Mauna Loa (NOAA/Scripps)
2021-03-12,2021.192,416.27,Mauna Loa (NOAA/Scripps)
2021-03-13,2021.194,416.7,Mauna Loa (NOAA/Scripps)
2021-03-14,2021.197,416.99,Mauna Loa (NOAA/Scripps)
2021-03-15,2021.2,417.69,Mauna Loa (NOAA/Scripps)
2021-03-16,2021.203,417.31,Mauna Loa (NOAA/Scripps)
2021-03-17,2021.205,417.25,Mauna Loa (NOAA/Scripps)
2021-03-18,2021.208,418.18,Mauna Loa (NOAA/Scripps)
2021-03-19,2021.211,418.22,Mauna Loa (NOAA/Scripps)
2021-03-20,2021.214,418.46,Mauna Loa (NOAA/Scripps)
2021-03-21,2021.216,417.85,Mauna Loa (NOAA/Scripps)
2021-03-22,2021.219,417.19,Mauna Loa (NOAA/Scripps)
2021-03-23,2021.222,418.74,Mauna Loa (NOAA/Scripps)
2021-03-25,2021.227,416.26,Mauna Loa (NOAA/Scripps)
2021-03-26,2021.23,417.46,Mauna Loa (NOAA/Scripps)
2021-03-27,2021.233,418.05,Mauna Loa (NOAA/Scripps)
2021-03-30,2021.241,416.95,Mauna Loa (NOAA/Scripps)
2021-03-31,2021.244,417.41,Mauna Loa (NOAA/Scripps)
2021-04-01,2021.246,417.6,Mauna Loa (NOAA/Scripps)
2021-04-02,2021.249,416.97,Mauna Loa (NOAA/Scripps)
2021-04-03,2021.252,421.21,Mauna Loa (NOAA/Scripps)
2021-04-05,2021.257,418.71,Mauna Loa (NOAA/Scripps)
2021-04-06,2021.26,418.64,Mauna Loa (NOAA/Scripps)
2021-04-07,2021.263,418.46,Mauna Loa (NOAA/Scripps)
2021-04-08,2021.266,421.36,Mauna Loa (NOAA/Scripps)
2021-04-09,2021.268,419.32,Mauna Loa (NOAA/Scripps)
2021-04-10,2021.271,419.17,Mauna Loa (NOAA/Scripps)
2021-04-11,2021.274,419.9,Mauna Loa (NOAA/Scripps)
2021-04-12,2021.277,419.51,Mauna Loa (NOAA/Scripps)
2021-04-14,2021.282,418.74,Mauna Loa (NOAA/Scripps)
2021-04-15,2021.285,418.3,Mauna Loa (NOAA/Scripps)
2021-04-16,2021.287,418.37,Mauna Loa (NOAA/Scripps)
2021-04-18,2021.293,418.11,Mauna Loa (NOAA/Scripps)
2021-04-20,2021.298,417.12,Mauna Loa (NOAA/Scripps)
2021-04-22,2021.304,418.57,Mauna Loa (NOAA/Scripps)
2021-04-23,2021.307,418.78,Mauna Loa (NOAA/Scripps)
2021-04-24,2021.309,418.41,Mauna Loa (NOAA/Scripps)
2021-04-26,2021.315,420.01,Mauna Loa (NOAA/Scripps)
2021-04-27,2021.318,419.49,Mauna Loa (NOAA/Scripps)
2021-04-28,2021.32,419.75,Mauna Loa (NOAA/Scripps)
2021-04-29,2021.323,419.85,Mauna Loa (NOAA/Scripps)
2021-04-30,2021.326,420.54,Mauna Loa (NOAA/Scripps)
2021-05-01,2021.329,420.42,Mauna Loa (NOAA/Scripps)
2021-05-02,2021.331,419.95,Mauna Loa (NOAA/Scripps)
2021-05-03,2021.334,419.75,Mauna Loa (NOAA/Scripps)
2021-05-04,2021.337,420.12,Mauna Loa (NOAA/Scripps)
2021-05-05,2021.339,420.14,Mauna Loa (NOAA/Scripps)
2021-05-07,2021.345,418.48,Mauna Loa (NOAA/Scripps)
2021-05-08,2021.348,418.72,Mauna Loa (NOAA/Scripps)
2021-05-09,2021.35,417.79,Mauna Loa (NOAA/Scripps)
2021-05-10,2021.353,418.39,Mauna Loa (NOAA/Scripps)
2021-05-11,2021.356,418.51,Mauna Loa (NOAA/Scripps)
2021-05-13,2021.361,418.03,Mauna Loa (NOAA/Scripps)
2021-05-14,2021.364,418.6,Mauna Loa (NOAA/Scripps)
2021-05-15,2021.367,419.58,Mauna Loa (NOAA/Scripps)
2021-05-16,2021.37,419.42,Mauna Loa (NOAA/Scripps)
2021-05-17,2021.372,419.85,Mauna Loa (NOAA/Scripps)
2021-05-18,2021.375,419.92,Mauna Loa (NOAA/Scripps)
2021-05-19,2021.378,419.83,Mauna Loa (NOAA/Scripps)
2021-05-20,2021.381,418.87,Mauna Loa (NOAA/Scripps)
2021-05-21,2021.383,417.95,Mauna Loa (NOAA/Scripps)
2021-05-22,2021.386,417.76,Mauna Loa (NOAA/Scripps)
2021-05-23,2021.389,417.88,Mauna Loa (NOAA/Scripps)
2021-05-24,2021.392,417.82,Mauna Loa (NOAA/Scripps)
2021-05-25,2021.394,418.91,Mauna Loa (NOAA/Scripps)
2021-05-26,2021.397,418.76,Mauna Loa (NOAA/Scripps)
2021-05-27,2021.4,419.53,Mauna Loa (NOAA/Scripps)
2021-05-28,2021.402,420.65,Mauna Loa (NOAA/Scripps)
2021-05-30,2021.408,419.97,Mauna Loa (NOAA/Scripps)
2021-05-31,2021.411,419.9,Mauna Loa (NOAA/Scripps)
2021-06-01,2021.413,417.04,Mauna Loa (NOAA/Scripps)
2021-06-02,2021.416,420.44,Mauna Loa (NOAA/Scripps)
2021-06-03,2021.419,420.12,Mauna Loa (NOAA/Scripps)
2021-06-04,2021.422,419.73,Mauna Loa (NOAA/Scripps)
2021-06-05,2021.424,419.64,Mauna Loa (NOAA/Scripps)
2021-06-06,2021.427,419.76,Mauna Loa (NOAA/Scripps)
2021-06-07,2021.43,419.8,Mauna Loa (NOAA/Scripps)
2021-06-08,2021.433,419.66,Mauna Loa (NOAA/Scripps)
2021-06-09,2021.435,419.47,Mauna Loa (NOAA/Scripps)
2021-06-10,2021.438,419.53,Mauna Loa (NOAA/Scripps)
2021-06-11,2021.441,419.38,Mauna Loa (NOAA/Scripps)
2021-06-12,2021.444,418.67,Mauna Loa (NOAA/Scripps)
2021-06-13,2021.446,418.95,Mauna Loa (NOAA/Scripps)
2021-06-14,2021.449,418.97,Mauna Loa (NOAA/Scripps)
2021-06-15,2021.452,419.48,Mauna Loa (NOAA/Scripps)
2021-06-16,2021.454,419.21,Mauna Loa (NOAA/Scripps)
2021-06-17,2021.457,418.68,Mauna Loa (NOAA/Scripps)
2021-06-18,2021.46,419.06,Mauna Loa (NOAA/Scripps)
2021-06-19,2021.463,419.09,Mauna Loa (NOAA/Scripps)
2021-06-20,2021.465,419.18,Mauna Loa (NOAA/Scripps)
2021-06-22,2021.471,418.18,Mauna Loa (NOAA/Scripps)
2021-06-23,2021.474,419.02,Mauna Loa (NOAA/Scripps)
2021-06-25,2021.479,417.62,Mauna Loa (NOAA/Scripps)
2021-06-26,2021.482,417.66,Mauna Loa (NOAA/Scripps)
2021-06-27,2021.485,418.29,Mauna Loa (NOAA/Scripps)
2021-06-28,2021.487,418.08,Mauna Loa (NOAA/Scripps)
2021-06-29,2021.49,417.81,Mauna Loa (NOAA/Scripps)
2021-06-30,2021.493,418.56,Mauna Loa (NOAA/Scripps)
2021-07-01,2021.496,418.33,Mauna Loa (NOAA/Scripps)
2021-07-02,2021.498,418.25,Mauna Loa (NOAA/Scripps)
2021-07-03,2021.501,417.21,Mauna Loa (NOAA/Scripps)
2021-07-04,2021.504,417.64,Mauna Loa (NOAA/Scripps)
2021-07-05,2021.507,418.45,Mauna Loa (NOAA/Scripps)
2021-07-06,2021.509,417.68,Mauna Loa (NOAA/Scripps)
2021-07-07,2021.512,417.66,Mauna Loa (NOAA/Scripps)
2021-07-08,2021.515,417.9,Mauna Loa (NOAA/Scripps)
2021-07-09,2021.517,415.86,Mauna Loa (NOAA/Scripps)
2021-07-10,2021.52,417.07,Mauna Loa (NOAA/Scripps)
2021-07-11,2021.523,416.95,Mauna Loa (NOAA/Scripps)
2021-07-12,2021.526,416.72,Mauna Loa (NOAA/Scripps)
2021-07-13,2021.528,417.61,Mauna Loa (NOAA/Scripps)
2021-07-14,2021.531,417.55,Mauna Loa (NOAA/Scripps)
2021-07-15,2021.534,417.39,Mauna Loa (NOAA/Scripps)
2021-07-16,2021.537,417.49,Mauna Loa (NOAA/Scripps)
2021-07-17,2021.539,418.87,Mauna Loa (NOAA/Scripps)
2021-07-18,2021.542,417.54,Mauna Loa (NOAA/Scripps)
2021-07-19,2021.545,417.16,Mauna Loa (NOAA/Scripps)
2021-07-20,2021.548,417.07,Mauna Loa (NOAA/Scripps)
2021-07-21,2021.55,417.08,Mauna Loa (NOAA/Scripps)
2021-07-22,2021.553,416.17,Mauna Loa (NOAA/Scripps)
2021-07-23,2021.556,416.08,Mauna Loa (NOAA/Scripps)
2021-07-24,2021.559,416.08,Mauna Loa (NOAA/Scripps)
2021-07-25,2021.561,416.35,Mauna Loa (NOAA/Scripps)
2021-07-27,2021.567,416.28,Mauna Loa (NOAA/Scripps)
2021-07-28,2021.569,414.14,Mauna Loa (NOAA/Scripps)
2021-07-29,2021.572,415.38,Mauna Loa (NOAA/Scripps)
2021-07-30,2021.575,415.87,Mauna Loa (NOAA/Scripps)
2021-07-31,2021.578,415.73,Mauna Loa (NOAA/Scripps)
2021-08-01,2021.58,415.41,Mauna Loa (NOAA/Scripps)
2021-08-02,2021.583,413.59,Mauna Loa (NOAA/Scripps)
2021-08-03,2021.586,415.05,Mauna Loa (NOAA/Scripps)
2021-08-04,2021.589,415.16,Mauna Loa (NOAA/Scripps)
2021-08-05,2021.591,415.54,Mauna Loa (NOAA/Scripps)
2021-08-06,2021.594,415.19,Mauna Loa (NOAA/Scripps)
2021-08-07,2021.597,415.03,Mauna Loa (NOAA/Scripps)
2021-08-08,2021.6,414.36,Mauna Loa (NOAA/Scripps)
2021-08-10,2021.605,414.39,Mauna Loa (NOAA/Scripps)
2021-08-12,2021.611,414.77,Mauna Loa (NOAA/Scripps)
2021-08-13,2021.613,414.31,Mauna Loa (NOAA/Scripps)
2021-08-14,2021.616,414.54,Mauna Loa (NOAA/Scripps)
2021-08-15,2021.619,414.73,Mauna Loa (NOAA/Scripps)
2021-08-16,2021.621,414.77,Mauna Loa (NOAA/Scripps)
2021-08-17,2021.624,414.89,Mauna Loa (NOAA/Scripps)
2021-08-18,2021.627,414.97,Mauna Loa (NOAA/Scripps)
2021-08-19,2021.63,415.05,Mauna Loa (NOAA/Scripps)
2021-08-20,2021.632,414.75,Mauna Loa (NOAA/Scripps)
2021-08-21,2021.635,414.68,Mauna Loa (NOAA/Scripps)
2021-08-22,2021.638,414.82,Mauna Loa (NOAA/Scripps)
2021-08-23,2021.641,414.47,Mauna Loa (NOAA/Scripps)
2021-08-24,2021.643,414.0,Mauna Loa (NOAA/Scripps)
2021-08-25,2021.646,413.98,Mauna Loa (NOAA/Scripps)
2021-08-27,2021.652,414.29,Mauna Loa (NOAA/Scripps)
2021-08-28,2021.654,411.84,Mauna Loa (NOAA/Scripps)
2021-08-31,2021.663,412.6,Mauna Loa (NOAA/Scripps)
2021-09-01,2021.665,412.97,Mauna Loa (NOAA/Scripps)
2021-09-03,2021.671,413.9,Mauna Loa (NOAA/Scripps)
2021-09-04,2021.674,413.43,Mauna Loa (NOAA/Scripps)
2021-09-05,2021.676,413.16,Mauna Loa (NOAA/Scripps)
2021-09-06,2021.679,413.23,Mauna Loa (NOAA/Scripps)
2021-09-07,2021.682,413.58,Mauna Loa (NOAA/Scripps)
2021-09-08,2021.684,413.45,Mauna Loa (NOAA/Scripps)
2021-09-09,2021.687,413.82,Mauna Loa (NOAA/Scripps)
2021-09-10,2021.69,413.22,Mauna Loa (NOAA/Scripps)
2021-09-11,2021.693,413.08,Mauna Loa (NOAA/Scripps)
2021-09-13,2021.698,413.66,Mauna Loa (NOAA/Scripps)
2021-09-14,2021.701,413.17,Mauna Loa (NOAA/Scripps)
2021-09-15,2021.704,412.55,Mauna Loa (NOAA/Scripps)
2021-09-16,2021.706,412.93,Mauna Loa (NOAA/Scripps)
2021-09-17,2021.709,413.05,Mauna Loa (NOAA/Scripps)
2021-09-18,2021.712,413.2,Mauna Loa (NOAA/Scripps)
2021-09-19,2021.715,413.32,Mauna Loa (NOAA/Scripps)
2021-09-20,2021.717,413.43,Mauna Loa (NOAA/Scripps)
2021-09-21,2021.72,413.43,Mauna Loa (NOAA/Scripps)
2021-09-22,2021.723,413.42,Mauna Loa (NOAA/Scripps)
2021-09-23,2021.726,413.35,Mauna Loa (NOAA/Scripps)
2021-09-24,2021.728,413.08,Mauna Loa (NOAA/Scripps)
2021-09-25,2021.731,413.08,Mauna Loa (NOAA/Scripps)
2021-09-26,2021.734,413.08,Mauna Loa (NOAA/Scripps)
2021-09-27,2021.736,413.15,Mauna Loa (NOAA/Scripps)
2021-09-28,2021.739,413.56,Mauna Loa (NOAA/Scripps)
2021-09-29,2021.742,413.63,Mauna Loa (NOAA/Scripps)
2021-10-01,2021.747,413.41,Mauna Loa (NOAA/Scripps)
2021-10-03,2021.753,413.42,Mauna Loa (NOAA/Scripps)
2021-10-05,2021.758,413.41,Mauna Loa (NOAA/Scripps)
2021-10-07,2021.764,413.59,Mauna Loa (NOAA/Scripps)
2021-10-08,2021.767,413.55,Mauna Loa (NOAA/Scripps)
2021-10-09,2021.769,414.19,Mauna Loa (NOAA/Scripps)
2021-10-10,2021.772,413.87,Mauna Loa (NOAA/Scripps)
2021-10-11,2021.775,413.78,Mauna Loa (NOAA/Scripps)
2021-10-12,2021.778,413.57,Mauna Loa (NOAA/Scripps)
2021-10-13,2021.78,413.9,Mauna Loa (NOAA/Scripps)
2021-10-14,2021.783,413.79,Mauna Loa (NOAA/Scripps)
2021-10-15,2021.786,413.79,Mauna Loa (NOAA/Scripps)
2021-10-16,2021.789,414.51,Mauna Loa (NOAA/Scripps)
2021-10-17,2021.791,414.59,Mauna Loa (NOAA/Scripps)
2021-10-18,2021.794,414.34,Mauna Loa (NOAA/Scripps)
2021-10-19,2021.797,414.23,Mauna Loa (NOAA/Scripps)
2021-10-20,2021.799,414.32,Mauna Loa (NOAA/Scripps)
2021-10-21,2021.802,413.67,Mauna Loa (NOAA/Scripps)
2021-10-22,2021.805,415.06,Mauna Loa (NOAA/Scripps)
2021-10-23,2021.808,414.3,Mauna Loa (NOAA/Scripps)
2021-10-25,2021.813,414.19,Mauna Loa (NOAA/Scripps)
2021-10-26,2021.816,413.88,Mauna Loa (NOAA/Scripps)
2021-10-27,2021.819,413.79,Mauna Loa (NOAA/Scripps)
2021-10-28,2021.821,413.75,Mauna Loa (NOAA/Scripps)
2021-10-29,2021.824,413.88,Mauna Loa (NOAA/Scripps)
2021-10-30,2021.827,413.89,Mauna Loa (NOAA/Scripps)
2021-11-01,2021.832,413.77,Mauna Loa (NOAA/Scripps)
2021-11-02,2021.835,413.96,Mauna Loa (NOAA/Scripps)
2021-11-03,2021.838,414.36,Mauna Loa (NOAA/Scripps)
2021-11-04,2021.841,414.26,Mauna Loa (NOAA/Scripps)
2021-11-05,2021.843,414.31,Mauna Loa (NOAA/Scripps)
2021-11-06,2021.846,414.35,Mauna Loa (NOAA/Scripps)
2021-11-07,2021.849,414.76,Mauna Loa (NOAA/Scripps)
2021-11-08,2021.851,414.96,Mauna Loa (NOAA/Scripps)
2021-11-09,2021.854,414.49,Mauna Loa (NOAA/Scripps)
2021-11-10,2021.857,414.92,Mauna Loa (NOAA/Scripps)
2021-11-11,2021.86,415.26,Mauna Loa (NOAA/Scripps)
2021-11-12,2021.862,415.72,Mauna Loa (NOAA/Scripps)
2021-11-13,2021.865,414.67,Mauna Loa (NOAA/Scripps)
2021-11-14,2021.868,414.67,Mauna Loa (NOAA/Scripps)
2021-11-15,2021.871,414.57,Mauna Loa (NOAA/Scripps)
2021-11-16,2021.873,414.78,Mauna Loa (NOAA/Scripps)
2021-11-17,2021.876,415.02,Mauna Loa (NOAA/Scripps)
2021-11-18,2021.879,414.79,Mauna Loa (NOAA/Scripps)
2021-11-19,2021.882,415.08,Mauna Loa (NOAA/Scripps)
2021-11-20,2021.884,415.27,Mauna Loa (NOAA/Scripps)
2021-11-21,2021.887,415.3,Mauna Loa (NOAA/Scripps)
2021-11-22,2021.89,415.14,Mauna Loa (NOAA/Scripps)
2021-11-23,2021.893,415.26,Mauna Loa (NOAA/Scripps)
2021-11-24,2021.895,415.39,Mauna Loa (NOAA/Scripps)
2021-11-25,2021.898,415.52,Mauna Loa (NOAA/Scripps)
2021-11-26,2021.901,415.41,Mauna Loa (NOAA/Scripps)
2021-11-27,2021.903,415.49,Mauna Loa (NOAA/Scripps)
2021-11-28,2021.906,415.66,Mauna Loa (NOAA/Scripps)
2021-11-29,2021.909,416.58,Mauna Loa (NOAA/Scripps)
2021-11-30,2021.912,416.54,Mauna Loa (NOAA/Scripps)
2021-12-01,2021.914,416.0,Mauna Loa (NOAA/Scripps)
2021-12-02,2021.917,416.12,Mauna Loa (NOAA/Scripps)
2021-12-03,2021.92,415.77,Mauna Loa (NOAA/Scripps)
2021-12-04,2021.923,416.44,Mauna Loa (NOAA/Scripps)
2021-12-05,2021.925,416.15,Mauna Loa (NOAA/Scripps)
2021-12-06,2021.928,416.41,Mauna Loa (NOAA/Scripps)
2021-12-09,2021.936,416.09,Mauna Loa (NOAA/Scripps)
2021-12-10,2021.939,415.95,Mauna Loa (NOAA/Scripps)
2021-12-11,2021.942,415.67,Mauna Loa (NOAA/Scripps)
2021-12-12,2021.945,416.14,Mauna Loa (NOAA/Scripps)
2021-12-13,2021.947,415.86,Mauna Loa (NOAA/Scripps)
2021-12-14,2021.95,416.89,Mauna Loa (NOAA/Scripps)
2021-12-15,2021.953,416.86,Mauna Loa (NOAA/Scripps)
2021-12-16,2021.956,416.67,Mauna Loa (NOAA/Scripps)
2021-12-17,2021.958,416.31,Mauna Loa (NOAA/Scripps)
2021-12-18,2021.961,416.41,Mauna Loa (NOAA/Scripps)
2021-12-19,2021.964,416.87,Mauna Loa (NOAA/Scripps)
2021-12-20,2021.966,417.21,Mauna Loa (NOAA/Scripps)
2021-12-21,2021.969,417.0,Mauna Loa (NOAA/Scripps)
2021-12-23,2021.975,417.96,Mauna Loa (NOAA/Scripps)
2021-12-24,2021.977,418.44,Mauna Loa (NOAA/Scripps)
2021-12-25,2021.98,417.44,Mauna Loa (NOAA/Scripps)
2021-12-26,2021.983,416.98,Mauna Loa (NOAA/Scripps)
2021-12-27,2021.986,417.24,Mauna Loa (NOAA/Scripps)
2021-12-28,2021.988,417.96,Mauna Loa (NOAA/Scripps)
2021-12-29,2021.991,418.03,Mauna Loa (NOAA/Scripps)
2021-12-30,2021.994,417.11,Mauna Loa (NOAA/Scripps)
2021-12-31,2021.997,417.16,Mauna Loa (NOAA/Scripps)
2022-01-01,2022.0,417.73,Mauna Loa (NOAA/Scripps)
2022-01-02,2022.003,417.78,Mauna Loa (NOAA/Scripps)
2022-01-04,2022.008,417.29,Mauna Loa (NOAA/Scripps)
2022-01-05,2022.011,417.98,Mauna Loa (NOAA/Scripps)
2022-01-06,2022.014,417.61,Mauna Loa (NOAA/Scripps)
2022-01-07,2022.016,416.89,Mauna Loa (NOAA/Scripps)
2022-01-08,2022.019,417.0,Mauna Loa (NOAA/Scripps)
2022-01-09,2022.022,417.81,Mauna Loa (NOAA/Scripps)
2022-01-10,2022.025,417.91,Mauna Loa (NOAA/Scripps)
2022-01-11,2022.027,417.61,Mauna Loa (NOAA/Scripps)
2022-01-12,2022.03,418.18,Mauna Loa (NOAA/Scripps)
2022-01-13,2022.033,418.93,Mauna Loa (NOAA/Scripps)
2022-01-14,2022.036,419.08,Mauna Loa (NOAA/Scripps)
2022-01-15,2022.038,418.76,Mauna Loa (NOAA/Scripps)
2022-01-16,2022.041,418.23,Mauna Loa (NOAA/Scripps)
2022-01-17,2022.044,417.8,Mauna Loa (NOAA/Scripps)
2022-01-18,2022.047,417.3,Mauna Loa (NOAA/Scripps)
2022-01-19,2022.049,417.33,Mauna Loa (NOAA/Scripps)
2022-01-20,2022.052,417.46,Mauna Loa (NOAA/Scripps)
2022-01-21,2022.055,417.73,Mauna Loa (NOAA/Scripps)
2022-01-22,2022.057,417.51,Mauna Loa (NOAA/Scripps)
2022-01-23,2022.06,418.96,Mauna Loa (NOAA/Scripps)
2022-01-24,2022.063,419.8,Mauna Loa (NOAA/Scripps)
2022-01-25,2022.066,419.19,Mauna Loa (NOAA/Scripps)
2022-01-26,2022.068,420.52,Mauna Loa (NOAA/Scripps)
2022-01-27,2022.071,418.09,Mauna Loa (NOAA/Scripps)
2022-01-28,2022.074,418.23,Mauna Loa (NOAA/Scripps)
2022-01-30,2022.079,419.41,Mauna Loa (NOAA/Scripps)
2022-01-31,2022.082,419.28,Mauna Loa (NOAA/Scripps)
2022-02-01,2022.085,419.14,Mauna Loa (NOAA/Scripps)
2022-02-02,2022.088,419.33,Mauna Loa (NOAA/Scripps)
2022-02-03,2022.09,419.39,Mauna Loa (NOAA/Scripps)
2022-02-04,2022.093,419.03,Mauna Loa (NOAA/Scripps)
2022-02-05,2022.096,418.78,Mauna Loa (NOAA/Scripps)
2022-02-06,2022.099,418.5,Mauna Loa (NOAA/Scripps)
2022-02-07,2022.101,418.49,Mauna Loa (NOAA/Scripps)
2022-02-08,2022.104,419.33,Mauna Loa (NOAA/Scripps)
2022-02-09,2022.107,418.7,Mauna Loa (NOAA/Scripps)
2022-02-11,2022.112,417.63,Mauna Loa (NOAA/Scripps)
2022-02-12,2022.115,417.64,Mauna Loa (NOAA/Scripps)
2022-02-13,2022.118,420.83,Mauna Loa (NOAA/Scripps)
2022-02-14,2022.12,421.59,Mauna Loa (NOAA/Scripps)
2022-02-15,2022.123,419.88,Mauna Loa (NOAA/Scripps)
2022-02-16,2022.126,419.18,Mauna Loa (NOAA/Scripps)
2022-02-17,2022.129,419.06,Mauna Loa (NOAA/Scripps)
2022-02-18,2022.131,419.19,Mauna Loa (NOAA/Scripps)
2022-02-19,2022.134,418.6,Mauna Loa (NOAA/Scripps)
2022-02-20,2022.137,418.76,Mauna Loa (NOAA/Scripps)
2022-02-21,2022.14,418.57,Mauna Loa (NOAA/Scripps)
2022-02-22,2022.142,419.26,Mauna Loa (NOAA/Scripps)
2022-02-23,2022.145,420.31,Mauna Loa (NOAA/Scripps)
2022-02-24,2022.148,420.85,Mauna Loa (NOAA/Scripps)
2022-02-25,2022.151,420.36,Mauna Loa (NOAA/Scripps)
2022-02-26,2022.153,419.23,Mauna Loa (NOAA/Scripps)
2022-02-27,2022.156,419.63,Mauna Loa (NOAA/Scripps)
2022-02-28,2022.159,419.28,Mauna Loa (NOAA/Scripps)
2022-03-01,2022.162,419.52,Mauna Loa (NOAA/Scripps)
2022-03-02,2022.164,419.03,Mauna Loa (NOAA/Scripps)
2022-03-03,2022.167,419.06,Mauna Loa (NOAA/Scripps)
2022-03-04,2022.17,418.74,Mauna Loa (NOAA/Scripps)
2022-03-05,2022.172,419.17,Mauna Loa (NOAA/Scripps)
2022-03-06,2022.175,417.97,Mauna Loa (NOAA/Scripps)
2022-03-07,2022.178,417.88,Mauna Loa (NOAA/Scripps)
2022-03-08,2022.181,418.12,Mauna Loa (NOAA/Scripps)
2022-03-09,2022.183,418.04,Mauna Loa (NOAA/Scripps)
2022-03-10,2022.186,418.94,Mauna Loa (NOAA/Scripps)
2022-03-11,2022.189,419.5,Mauna Loa (NOAA/Scripps)
2022-03-12,2022.192,419.14,Mauna Loa (NOAA/Scripps)
2022-03-13,2022.194,418.69,Mauna Loa (NOAA/Scripps)
2022-03-14,2022.197,418.34,Mauna Loa (NOAA/Scripps)
2022-03-15,2022.2,418.08,Mauna Loa (NOAA/Scripps)
2022-03-17,2022.205,418.96,Mauna Loa (NOAA/Scripps)
2022-03-18,2022.208,417.91,Mauna Loa (NOAA/Scripps)
2022-03-19,2022.211,418.11,Mauna Loa (NOAA/Scripps)
2022-03-20,2022.214,417.95,Mauna Loa (NOAA/Scripps)
2022-03-21,2022.216,417.84,Mauna Loa (NOAA/Scripps)
2022-03-22,2022.219,417.83,Mauna Loa (NOAA/Scripps)
2022-03-23,2022.222,418.03,Mauna Loa (NOAA/Scripps)
2022-03-24,2022.225,417.98,Mauna Loa (NOAA/Scripps)
2022-03-25,2022.227,417.99,Mauna Loa (NOAA/Scripps)
2022-03-26,2022.23,419.64,Mauna Loa (NOAA/Scripps)
2022-03-27,2022.233,421.0,Mauna Loa (NOAA/Scripps)
2022-03-28,2022.235,419.89,Mauna Loa (NOAA/Scripps)
2022-03-29,2022.238,420.49,Mauna Loa (NOAA/Scripps)
2022-03-30,2022.241,420.13,Mauna Loa (NOAA/Scripps)
2022-03-31,2022.244,420.19,Mauna Loa (NOAA/Scripps)
2022-04-01,2022.246,420.01,Mauna Loa (NOAA/Scripps)
2022-04-02,2022.249,420.86,Mauna Loa (NOAA/Scripps)
2022-04-03,2022.252,420.63,Mauna Loa (NOAA/Scripps)
2022-04-04,2022.255,420.14,Mauna Loa (NOAA/Scripps)
2022-04-05,2022.257,419.72,Mauna Loa (NOAA/Scripps)
2022-04-06,2022.26,419.17,Mauna Loa (NOAA/Scripps)
2022-04-07,2022.263,420.85,Mauna Loa (NOAA/Scripps)
2022-04-08,2022.266,420.66,Mauna Loa (NOAA/Scripps)
2022-04-11,2022.274,418.82,Mauna Loa (NOAA/Scripps)
2022-04-12,2022.277,418.99,Mauna Loa (NOAA/Scripps)
2022-04-13,2022.279,420.71,Mauna Loa (NOAA/Scripps)
2022-04-14,2022.282,420.43,Mauna Loa (NOAA/Scripps)
2022-04-15,2022.285,420.57,Mauna Loa (NOAA/Scripps)
2022-04-16,2022.287,421.45,Mauna Loa (NOAA/Scripps)
2022-04-17,2022.29,420.87,Mauna Loa (NOAA/Scripps)
2022-04-18,2022.293,420.97,Mauna Loa (NOAA/Scripps)
2022-04-19,2022.296,420.97,Mauna Loa (NOAA/Scripps)
2022-04-20,2022.298,420.66,Mauna Loa (NOAA/Scripps)
2022-04-21,2022.301,420.47,Mauna Loa (NOAA/Scripps)
2022-04-22,2022.304,419.13,Mauna Loa (NOAA/Scripps)
2022-04-23,2022.307,419.41,Mauna Loa (NOAA/Scripps)
2022-04-24,2022.309,420.51,Mauna Loa (NOAA/Scripps)
2022-04-25,2022.312,420.79,Mauna Loa (NOAA/Scripps)
2022-04-26,2022.315,422.06,Mauna Loa (NOAA/Scripps)
2022-04-27,2022.318,419.56,Mauna Loa (NOAA/Scripps)
2022-04-28,2022.32,419.16,Mauna Loa (NOAA/Scripps)
2022-04-29,2022.323,419.86,Mauna Loa (NOAA/Scripps)
2022-04-30,2022.326,419.4,Mauna Loa (NOAA/Scripps)
2022-05-01,2022.329,419.8,Mauna Loa (NOAA/Scripps)
2022-05-02,2022.331,420.99,Mauna Loa (NOAA/Scripps)
2022-05-03,2022.334,420.48,Mauna Loa (NOAA/Scripps)
2022-05-04,2022.337,421.33,Mauna Loa (NOAA/Scripps)
2022-05-05,2022.339,419.68,Mauna Loa (NOAA/Scripps)
2022-05-06,2022.342,419.61,Mauna Loa (NOAA/Scripps)
2022-05-07,2022.345,419.38,Mauna Loa (NOAA/Scripps)
2022-05-08,2022.348,419.82,Mauna Loa (NOAA/Scripps)
2022-05-09,2022.35,419.36,Mauna Loa (NOAA/Scripps)
2022-05-10,2022.353,421.13,Mauna Loa (NOAA/Scripps)
2022-05-11,2022.356,421.71,Mauna Loa (NOAA/Scripps)
2022-05-12,2022.359,421.87,Mauna Loa (NOAA/Scripps)
2022-05-13,2022.361,421.95,Mauna Loa (NOAA/Scripps)
2022-05-14,2022.364,422.04,Mauna Loa (NOAA/Scripps)
2022-05-15,2022.367,421.84,Mauna Loa (NOAA/Scripps)
2022-05-16,2022.37,421.72,Mauna Loa (NOAA/Scripps)
2022-05-17,2022.372,421.64,Mauna Loa (NOAA/Scripps)
2022-05-18,2022.375,420.16,Mauna Loa (NOAA/Scripps)
2022-05-19,2022.378,420.29,Mauna Loa (NOAA/Scripps)
2022-05-20,2022.381,420.69,Mauna Loa (NOAA/Scripps)
2022-05-21,2022.383,420.42,Mauna Loa (NOAA/Scripps)
2022-05-22,2022.386,420.82,Mauna Loa (NOAA/Scripps)
2022-05-23,2022.389,421.72,Mauna Loa (NOAA/Scripps)
2022-05-24,2022.392,421.27,Mauna Loa (NOAA/Scripps)
2022-05-25,2022.394,421.56,Mauna Loa (NOAA/Scripps)
2022-05-26,2022.397,421.37,Mauna Loa (NOAA/Scripps)
2022-05-27,2022.4,421.99,Mauna Loa (NOAA/Scripps)
2022-05-29,2022.405,421.74,Mauna Loa (NOAA/Scripps)
2022-05-30,2022.408,421.57,Mauna Loa (NOAA/Scripps)
2022-05-31,2022.411,421.83,Mauna Loa (NOAA/Scripps)
2022-06-01,2022.413,421.94,Mauna Loa (NOAA/Scripps)
2022-06-02,2022.416,421.64,Mauna Loa (NOAA/Scripps)
2022-06-03,2022.419,421.57,Mauna Loa (NOAA/Scripps)
2022-06-04,2022.422,421.13,Mauna Loa (NOAA/Scripps)
2022-06-06,2022.427,421.54,Mauna Loa (NOAA/Scripps)
2022-06-07,2022.43,421.42,Mauna Loa (NOAA/Scripps)
2022-06-08,2022.433,421.4,Mauna Loa (NOAA/Scripps)
2022-06-09,2022.435,421.33,Mauna Loa (NOAA/Scripps)
2022-06-10,2022.438,420.92,Mauna Loa (NOAA/Scripps)
2022-06-11,2022.441,421.18,Mauna Loa (NOAA/Scripps)
2022-06-12,2022.444,421.0,Mauna Loa (NOAA/Scripps)
2022-06-13,2022.446,421.1,Mauna Loa (NOAA/Scripps)
2022-06-14,2022.449,421.71,Mauna Loa (NOAA/Scripps)
2022-06-15,2022.452,420.58,Mauna Loa (NOAA/Scripps)
2022-06-16,2022.454,420.73,Mauna Loa (NOAA/Scripps)
2022-06-18,2022.46,421.06,Mauna Loa (NOAA/Scripps)
2022-06-19,2022.463,421.15,Mauna Loa (NOAA/Scripps)
2022-06-20,2022.465,420.63,Mauna Loa (NOAA/Scripps)
2022-06-21,2022.468,420.91,Mauna Loa (NOAA/Scripps)
2022-06-22,2022.471,420.72,Mauna Loa (NOAA/Scripps)
2022-06-23,2022.474,420.86,Mauna Loa (NOAA/Scripps)
2022-06-24,2022.476,420.81,Mauna Loa (NOAA/Scripps)
2022-06-25,2022.479,420.99,Mauna Loa (NOAA/Scripps)
2022-06-26,2022.482,420.1,Mauna Loa (NOAA/Scripps)
2022-06-27,2022.485,420.15,Mauna Loa (NOAA/Scripps)
2022-06-28,2022.487,420.56,Mauna Loa (NOAA/Scripps)
2022-06-29,2022.49,419.72,Mauna Loa (NOAA/Scripps)
2022-06-30,2022.493,420.51,Mauna Loa (NOAA/Scripps)
2022-07-01,2022.496,420.57,Mauna Loa (NOAA/Scripps)
2022-07-02,2022.498,420.56,Mauna Loa (NOAA/Scripps)
2022-07-03,2022.501,420.21,Mauna Loa (NOAA/Scripps)
2022-07-04,2022.504,419.99,Mauna Loa (NOAA/Scripps)
2022-07-05,2022.507,420.1,Mauna Loa (NOAA/Scripps)
2022-07-07,2022.512,419.75,Mauna Loa (NOAA/Scripps)
2022-07-08,2022.515,419.16,Mauna Loa (NOAA/Scripps)
2022-07-09,2022.517,419.19,Mauna Loa (NOAA/Scripps)
2022-07-10,2022.52,419.35,Mauna Loa (NOAA/Scripps)
2022-07-11,2022.523,419.08,Mauna Loa (NOAA/Scripps)
2022-07-13,2022.528,419.32,Mauna Loa (NOAA/Scripps)
2022-07-14,2022.531,419.17,Mauna Loa (NOAA/Scripps)
2022-07-15,2022.534,419.26,Mauna Loa (NOAA/Scripps)
2022-07-16,2022.537,418.29,Mauna Loa (NOAA/Scripps)
2022-07-17,2022.539,418.82,Mauna Loa (NOAA/Scripps)
2022-07-18,2022.542,419.04,Mauna Loa (NOAA/Scripps)
2022-07-19,2022.545,418.07,Mauna Loa (NOAA/Scripps)
2022-07-20,2022.548,419.13,Mauna Loa (NOAA/Scripps)
2022-07-22,2022.553,417.1,Mauna Loa (NOAA/Scripps)
2022-07-23,2022.556,418.43,Mauna Loa (NOAA/Scripps)
2022-07-25,2022.561,418.67,Mauna Loa (NOAA/Scripps)
2022-07-26,2022.564,418.66,Mauna Loa (NOAA/Scripps)
2022-07-27,2022.567,418.37,Mauna Loa (NOAA/Scripps)
2022-07-28,2022.569,416.49,Mauna Loa (NOAA/Scripps)
2022-07-29,2022.572,417.83,Mauna Loa (NOAA/Scripps)
2022-07-30,2022.575,417.04,Mauna Loa (NOAA/Scripps)
2022-07-31,2022.578,418.56,Mauna Loa (NOAA/Scripps)
2022-08-01,2022.58,418.51,Mauna Loa (NOAA/Scripps)
2022-08-02,2022.583,418.45,Mauna Loa (NOAA/Scripps)
2022-08-03,2022.586,417.76,Mauna Loa (NOAA/Scripps)
2022-08-04,2022.589,418.24,Mauna Loa (NOAA/Scripps)
2022-08-05,2022.591,418.44,Mauna Loa (NOAA/Scripps)
2022-08-06,2022.594,417.38,Mauna Loa (NOAA/Scripps)
2022-08-07,2022.597,417.92,Mauna Loa (NOAA/Scripps)
2022-08-09,2022.602,417.32,Mauna Loa (NOAA/Scripps)
2022-08-10,2022.605,417.45,Mauna Loa (NOAA/Scripps)
2022-08-11,2022.608,417.24,Mauna Loa (NOAA/Scripps)
2022-08-12,2022.611,417.14,Mauna Loa (NOAA/Scripps)
2022-08-13,2022.613,416.97,Mauna Loa (NOAA/Scripps)
2022-08-14,2022.616,417.39,Mauna Loa (NOAA/Scripps)
2022-08-15,2022.619,417.61,Mauna Loa (NOAA/Scripps)
2022-08-16,2022.621,417.59,Mauna Loa (NOAA/Scripps)
2022-08-18,2022.627,417.05,Mauna Loa (NOAA/Scripps)
2022-08-19,2022.63,417.13,Mauna Loa (NOAA/Scripps)
2022-08-20,2022.632,416.8,Mauna Loa (NOAA/Scripps)
2022-08-21,2022.635,416.35,Mauna Loa (NOAA/Scripps)
2022-08-23,2022.641,416.85,Mauna Loa (NOAA/Scripps)
2022-08-24,2022.643,416.54,Mauna Loa (NOAA/Scripps)
2022-08-25,2022.646,416.85,Mauna Loa (NOAA/Scripps)
2022-08-26,2022.649,416.73,Mauna Loa (NOAA/Scripps)
2022-08-27,2022.652,416.06,Mauna Loa (NOAA/Scripps)
2022-08-29,2022.657,416.31,Mauna Loa (NOAA/Scripps)
2022-08-30,2022.66,416.28,Mauna Loa (NOAA/Scripps)
2022-08-31,2022.663,416.66,Mauna Loa (NOAA/Scripps)
2022-09-01,2022.665,416.84,Mauna Loa (NOAA/Scripps)
2022-09-02,2022.668,416.61,Mauna Loa (NOAA/Scripps)
2022-09-04,2022.674,416.68,Mauna Loa (NOAA/Scripps)
2022-09-05,2022.676,416.45,Mauna Loa (NOAA/Scripps)
2022-09-06,2022.679,416.23,Mauna Loa (NOAA/Scripps)
2022-09-07,2022.682,416.03,Mauna Loa (NOAA/Scripps)
2022-09-08,2022.684,416.2,Mauna Loa (NOAA/Scripps)
2022-09-09,2022.687,416.27,Mauna Loa (NOAA/Scripps)
2022-09-10,2022.69,416.45,Mauna Loa (NOAA/Scripps)
2022-09-12,2022.695,416.0,Mauna Loa (NOAA/Scripps)
2022-09-13,2022.698,416.18,Mauna Loa (NOAA/Scripps)
2022-09-14,2022.701,416.13,Mauna Loa (NOAA/Scripps)
2022-09-15,2022.704,416.3,Mauna Loa (NOAA/Scripps)
2022-09-16,2022.706,416.15,Mauna Loa (NOAA/Scripps)
2022-09-17,2022.709,415.54,Mauna Loa (NOAA/Scripps)
2022-09-18,2022.712,416.0,Mauna Loa (NOAA/Scripps)
2022-09-19,2022.715,416.19,Mauna Loa (NOAA/Scripps)
2022-09-20,2022.717,416.32,Mauna Loa (NOAA/Scripps)
2022-09-21,2022.72,416.31,Mauna Loa (NOAA/Scripps)
2022-09-22,2022.723,414.73,Mauna Loa (NOAA/Scripps)
2022-09-23,2022.726,414.81,Mauna Loa (NOAA/Scripps)
2022-09-24,2022.728,414.6,Mauna Loa (NOAA/Scripps)
2022-09-25,2022.731,415.7,Mauna Loa (NOAA/Scripps)
2022-09-26,2022.734,415.36,Mauna Loa (NOAA/Scripps)
2022-09-27,2022.736,415.22,Mauna Loa (NOAA/Scripps)
2022-09-28,2022.739,415.38,Mauna Loa (NOAA/Scripps)
2022-09-29,2022.742,415.79,Mauna Loa (NOAA/Scripps)
2022-09-30,2022.745,415.67,Mauna Loa (NOAA/Scripps)
2022-10-01,2022.747,415.9,Mauna Loa (NOAA/Scripps)
2022-10-02,2022.75,415.6,Mauna Loa (NOAA/Scripps)
2022-10-03,2022.753,415.24,Mauna Loa (NOAA/Scripps)
2022-10-04,2022.756,415.16,Mauna Loa (NOAA/Scripps)
2022-10-05,2022.758,414.89,Mauna Loa (NOAA/Scripps)
2022-10-06,2022.761,415.2,Mauna Loa (NOAA/Scripps)
2022-10-07,2022.764,415.43,Mauna Loa (NOAA/Scripps)
2022-10-08,2022.767,415.33,Mauna Loa (NOAA/Scripps)
2022-10-09,2022.769,415.31,Mauna Loa (NOAA/Scripps)
2022-10-10,2022.772,415.47,Mauna Loa (NOAA/Scripps)
2022-10-11,2022.775,415.31,Mauna Loa (NOAA/Scripps)
2022-10-12,2022.778,415.33,Mauna Loa (NOAA/Scripps)
2022-10-13,2022.78,415.52,Mauna Loa (NOAA/Scripps)
2022-10-14,2022.783,415.76,Mauna Loa (NOAA/Scripps)
2022-10-15,2022.786,415.85,Mauna Loa (NOAA/Scripps)
2022-10-16,2022.789,416.1,Mauna Loa (NOAA/Scripps)
2022-10-17,2022.791,415.62,Mauna Loa (NOAA/Scripps)
2022-10-18,2022.794,415.65,Mauna Loa (NOAA/Scripps)
2022-10-19,2022.797,415.73,Mauna Loa (NOAA/Scripps)
2022-10-20,2022.799,416.0,Mauna Loa (NOAA/Scripps)
2022-10-21,2022.802,416.06,Mauna Loa (NOAA/Scripps)
2022-10-22,2022.805,416.01,Mauna Loa (NOAA/Scripps)
2022-10-23,2022.808,416.06,Mauna Loa (NOAA/Scripps)
2022-10-24,2022.81,416.37,Mauna Loa (NOAA/Scripps)
2022-10-25,2022.813,415.67,Mauna Loa (NOAA/Scripps)
2022-10-26,2022.816,416.14,Mauna Loa (NOAA/Scripps)
2022-10-27,2022.819,417.02,Mauna Loa (NOAA/Scripps)
2022-10-28,2022.821,416.33,Mauna Loa (NOAA/Scripps)
2022-10-29,2022.824,416.52,Mauna Loa (NOAA/Scripps)
2022-10-31,2022.83,416.36,Mauna Loa (NOAA/Scripps)
2022-11-01,2022.832,416.13,Mauna Loa (NOAA/Scripps)
2022-11-02,2022.835,416.42,Mauna Loa (NOAA/Scripps)
2022-11-03,2022.838,416.67,Mauna Loa (NOAA/Scripps)
2022-11-04,2022.841,416.55,Mauna Loa (NOAA/Scripps)
2022-11-08,2022.851,416.64,Mauna Loa (NOAA/Scripps)
2022-11-09,2022.854,416.66,Mauna Loa (NOAA/Scripps)
2022-11-10,2022.857,416.92,Mauna Loa (NOAA/Scripps)
2022-11-11,2022.86,417.95,Mauna Loa (NOAA/Scripps)
2022-11-12,2022.862,417.73,Mauna Loa (NOAA/Scripps)
2022-11-13,2022.865,416.83,Mauna Loa (NOAA/Scripps)
2022-11-14,2022.868,417.94,Mauna Loa (NOAA/Scripps)
2022-11-15,2022.871,417.02,Mauna Loa (NOAA/Scripps)
2022-11-16,2022.873,416.95,Mauna Loa (NOAA/Scripps)
2022-11-17,2022.876,417.37,Mauna Loa (NOAA/Scripps)
2022-11-18,2022.879,417.55,Mauna Loa (NOAA/Scripps)
2022-11-19,2022.882,417.37,Mauna Loa (NOAA/Scripps)
2022-11-20,2022.884,418.08,Mauna Loa (NOAA/Scripps)
2022-11-21,2022.887,418.47,Mauna Loa (NOAA/Scripps)
2022-11-22,2022.89,418.51,Mauna Loa (NOAA/Scripps)
2022-11-23,2022.893,418.83,Mauna Loa (NOAA/Scripps)
2022-11-24,2022.895,418.93,Mauna Loa (NOAA/Scripps)
2022-11-25,2022.898,418.77,Mauna Loa (NOAA/Scripps)
2022-11-26,2022.901,418.1,Mauna Loa (NOAA/Scripps)
2022-11-27,2022.903,418.16,Mauna Loa (NOAA/Scripps)
2022-11-28,2022.906,417.31,Mauna Loa (NOAA/Scripps)
2022-12-08,2022.934,418.93,Mauna Loa (NOAA/Scripps)
2022-12-09,2022.936,419.52,Mauna Loa (NOAA/Scripps)
2022-12-10,2022.939,418.68,Mauna Loa (NOAA/Scripps)
2022-12-11,2022.942,418.47,Mauna Loa (NOAA/Scripps)
2022-12-12,2022.945,418.96,Mauna Loa (NOAA/Scripps)
2022-12-13,2022.947,419.24,Mauna Loa (NOAA/Scripps)
2022-12-14,2022.95,418.62,Mauna Loa (NOAA/Scripps)
2022-12-15,2022.953,418.75,Mauna Loa (NOAA/Scripps)
2022-12-16,2022.956,418.78,Mauna Loa (NOAA/Scripps)
2022-12-17,2022.958,418.43,Mauna Loa (NOAA/Scripps)
2022-12-18,2022.961,417.98,Mauna Loa (NOAA/Scripps)
2022-12-19,2022.964,417.98,Mauna Loa (NOAA/Scripps)
2022-12-20,2022.966,420.35,Mauna Loa (NOAA/Scripps)
2022-12-21,2022.969,419.23,Mauna Loa (NOAA/Scripps)
2022-12-22,2022.972,419.42,Mauna Loa (NOAA/Scripps)
2022-12-23,2022.975,419.43,Mauna Loa (NOAA/Scripps)
2022-12-24,2022.977,419.4,Mauna Loa (NOAA/Scripps)
2022-12-25,2022.98,419.55,Mauna Loa (NOAA/Scripps)
2022-12-26,2022.983,419.53,Mauna Loa (NOAA/Scripps)
2022-12-27,2022.986,419.44,Mauna Loa (NOAA/Scripps)
2022-12-28,2022.988,419.37,Mauna Loa (NOAA/Scripps)
2022-12-29,2022.991,419.32,Mauna Loa (NOAA/Scripps)
2022-12-30,2022.994,419.1,Mauna Loa (NOAA/Scripps)
2022-12-31,2022.997,419.5,Mauna Loa (NOAA/Scripps)
2023-01-01,2023.0,419.32,Mauna Loa (NOAA/Scripps)
2023-01-02,2023.003,419.27,Mauna Loa (NOAA/Scripps)
2023-01-03,2023.005,419.62,Mauna Loa (NOAA/Scripps)
2023-01-04,2023.008,419.14,Mauna Loa (NOAA/Scripps)
2023-01-05,2023.011,419.31,Mauna Loa (NOAA/Scripps)
2023-01-06,2023.014,419.28,Mauna Loa (NOAA/Scripps)
2023-01-07,2023.016,419.25,Mauna Loa (NOAA/Scripps)
2023-01-08,2023.019,419.32,Mauna Loa (NOAA/Scripps)
2023-01-09,2023.022,419.17,Mauna Loa (NOAA/Scripps)
2023-01-10,2023.025,419.15,Mauna Loa (NOAA/Scripps)
2023-01-11,2023.027,418.9,Mauna Loa (NOAA/Scripps)
2023-01-12,2023.03,419.7,Mauna Loa (NOAA/Scripps)
2023-01-13,2023.033,420.73,Mauna Loa (NOAA/Scripps)
2023-01-14,2023.036,420.07,Mauna Loa (NOAA/Scripps)
2023-01-15,2023.038,419.29,Mauna Loa (NOAA/Scripps)
2023-01-16,2023.041,419.28,Mauna Loa (NOAA/Scripps)
2023-01-17,2023.044,419.07,Mauna Loa (NOAA/Scripps)
2023-01-18,2023.047,419.16,Mauna Loa (NOAA/Scripps)
2023-01-19,2023.049,419.08,Mauna Loa (NOAA/Scripps)
2023-01-20,2023.052,419.15,Mauna Loa (NOAA/Scripps)
2023-01-21,2023.055,419.0,Mauna Loa (NOAA/Scripps)
2023-01-22,2023.057,419.03,Mauna Loa (NOAA/Scripps)
2023-01-23,2023.06,419.71,Mauna Loa (NOAA/Scripps)
2023-01-24,2023.063,419.94,Mauna Loa (NOAA/Scripps)
2023-01-25,2023.066,419.69,Mauna Loa (NOAA/Scripps)
2023-01-26,2023.068,419.69,Mauna Loa (NOAA/Scripps)
2023-01-27,2023.071,420.36,Mauna Loa (NOAA/Scripps)
2023-01-28,2023.074,419.71,Mauna Loa (NOAA/Scripps)
2023-01-29,2023.077,420.14,Mauna Loa (NOAA/Scripps)
2023-01-30,2023.079,419.69,Mauna Loa (NOAA/Scripps)
2023-01-31,2023.082,419.39,Mauna Loa (NOAA/Scripps)
2023-02-01,2023.085,419.43,Mauna Loa (NOAA/Scripps)
2023-02-02,2023.088,419.81,Mauna Loa (NOAA/Scripps)
2023-02-03,2023.09,420.03,Mauna Loa (NOAA/Scripps)
2023-02-04,2023.093,420.38,Mauna Loa (NOAA/Scripps)
2023-02-05,2023.096,420.47,Mauna Loa (NOAA/Scripps)
2023-02-06,2023.099,419.98,Mauna Loa (NOAA/Scripps)
2023-02-07,2023.101,419.46,Mauna Loa (NOAA/Scripps)
2023-02-08,2023.104,420.12,Mauna Loa (NOAA/Scripps)
2023-02-09,2023.107,420.24,Mauna Loa (NOAA/Scripps)
2023-02-10,2023.11,420.33,Mauna Loa (NOAA/Scripps)
2023-02-11,2023.112,421.15,Mauna Loa (NOAA/Scripps)
2023-02-12,2023.115,421.2,Mauna Loa (NOAA/Scripps)
2023-02-13,2023.118,421.18,Mauna Loa (NOAA/Scripps)
2023-02-14,2023.12,421.32,Mauna Loa (NOAA/Scripps)
2023-02-15,2023.123,421.2,Mauna Loa (NOAA/Scripps)
2023-02-16,2023.126,420.26,Mauna Loa (NOAA/Scripps)
2023-02-17,2023.129,420.0,Mauna Loa (NOAA/Scripps)
2023-02-18,2023.131,420.57,Mauna Loa (NOAA/Scripps)
2023-02-19,2023.134,420.58,Mauna Loa (NOAA/Scripps)
2023-02-20,2023.137,419.84,Mauna Loa (NOAA/Scripps)
2023-02-22,2023.142,419.42,Mauna Loa (NOAA/Scripps)
2023-02-23,2023.145,419.39,Mauna Loa (NOAA/Scripps)
2023-02-24,2023.148,419.99,Mauna Loa (NOAA/Scripps)
2023-02-25,2023.151,420.27,Mauna Loa (NOAA/Scripps)
2023-02-26,2023.153,421.23,Mauna Loa (NOAA/Scripps)
2023-02-27,2023.156,421.62,Mauna Loa (NOAA/Scripps)
2023-02-28,2023.159,422.88,Mauna Loa (NOAA/Scripps)
2023-03-01,2023.162,422.48,Mauna Loa (NOAA/Scripps)
2023-03-02,2023.164,422.49,Mauna Loa (NOAA/Scripps)
2023-03-03,2023.167,421.35,Mauna Loa (NOAA/Scripps)
2023-03-04,2023.17,421.33,Mauna Loa (NOAA/Scripps)
2023-03-05,2023.172,421.44,Mauna Loa (NOAA/Scripps)
2023-03-06,2023.175,421.36,Mauna Loa (NOAA/Scripps)
2023-03-07,2023.178,420.85,Mauna Loa (NOAA/Scripps)
2023-03-08,2023.181,420.74,Mauna Loa (NOAA/Scripps)
2023-03-09,2023.183,421.95,Mauna Loa (NOAA/Scripps)
2023-03-10,2023.186,421.83,Mauna Loa (NOAA/Scripps)
2023-03-11,2023.189,419.69,Mauna Loa (NOAA/Scripps)
2023-03-12,2023.192,419.64,Mauna Loa (NOAA/Scripps)
2023-03-13,2023.194,420.01,Mauna Loa (NOAA/Scripps)
2023-03-14,2023.197,420.3,Mauna Loa (NOAA/Scripps)
2023-03-15,2023.2,420.24,Mauna Loa (NOAA/Scripps)
2023-03-16,2023.203,420.06,Mauna Loa (NOAA/Scripps)
2023-03-17,2023.205,420.32,Mauna Loa (NOAA/Scripps)
2023-03-18,2023.208,420.55,Mauna Loa (NOAA/Scripps)
2023-03-19,2023.211,420.62,Mauna Loa (NOAA/Scripps)
2023-03-20,2023.214,420.96,Mauna Loa (NOAA/Scripps)
2023-03-21,2023.216,420.78,Mauna Loa (NOAA/Scripps)
2023-03-22,2023.219,420.64,Mauna Loa (NOAA/Scripps)
2023-03-23,2023.222,420.75,Mauna Loa (NOAA/Scripps)
2023-03-24,2023.225,420.82,Mauna Loa (NOAA/Scripps)
2023-03-25,2023.227,420.73,Mauna Loa (NOAA/Scripps)
2023-03-26,2023.23,420.95,Mauna Loa (NOAA/Scripps)
2023-03-27,2023.233,420.91,Mauna Loa (NOAA/Scripps)
2023-03-28,2023.235,421.4,Mauna Loa (NOAA/Scripps)
2023-03-29,2023.238,421.6,Mauna Loa (NOAA/Scripps)
2023-03-30,2023.241,421.85,Mauna Loa (NOAA/Scripps)
2023-03-31,2023.244,422.4,Mauna Loa (NOAA/Scripps)
2023-04-01,2023.246,421.91,Mauna Loa (NOAA/Scripps)
2023-04-02,2023.249,422.54,Mauna Loa (NOAA/Scripps)
2023-04-03,2023.252,422.74,Mauna Loa (NOAA/Scripps)
2023-04-04,2023.255,422.74,Mauna Loa (NOAA/Scripps)
2023-04-05,2023.257,422.69,Mauna Loa (NOAA/Scripps)
2023-04-06,2023.26,423.01,Mauna Loa (NOAA/Scripps)
2023-04-07,2023.263,422.37,Mauna Loa (NOAA/Scripps)
2023-04-08,2023.266,422.04,Mauna Loa (NOAA/Scripps)
2023-04-09,2023.268,421.7,Mauna Loa (NOAA/Scripps)
2023-04-10,2023.271,422.29,Mauna Loa (NOAA/Scripps)
2023-04-11,2023.274,423.06,Mauna Loa (NOAA/Scripps)
2023-04-12,2023.277,423.23,Mauna Loa (NOAA/Scripps)
2023-04-13,2023.279,422.62,Mauna Loa (NOAA/Scripps)
2023-04-14,2023.282,422.97,Mauna Loa (NOAA/Scripps)
2023-04-15,2023.285,424.3,Mauna Loa (NOAA/Scripps)
2023-04-16,2023.287,424.61,Mauna Loa (NOAA/Scripps)
2023-04-17,2023.29,424.83,Mauna Loa (NOAA/Scripps)
2023-04-18,2023.293,424.09,Mauna Loa (NOAA/Scripps)
2023-04-19,2023.296,422.89,Mauna Loa (NOAA/Scripps)
2023-04-20,2023.298,423.25,Mauna Loa (NOAA/Scripps)
2023-04-21,2023.301,422.68,Mauna Loa (NOAA/Scripps)
2023-04-22,2023.304,423.23,Mauna Loa (NOAA/Scripps)
2023-04-23,2023.307,423.64,Mauna Loa (NOAA/Scripps)
2023-04-24,2023.309,423.96,Mauna Loa (NOAA/Scripps)
2023-04-25,2023.312,424.78,Mauna Loa (NOAA/Scripps)
2023-04-26,2023.315,424.34,Mauna Loa (NOAA/Scripps)
2023-04-27,2023.318,424.6,Mauna Loa (NOAA/Scripps)
2023-04-28,2023.32,425.01,Mauna Loa (NOAA/Scripps)
2023-04-29,2023.323,424.47,Mauna Loa (NOAA/Scripps)
2023-04-30,2023.326,424.49,Mauna Loa (NOAA/Scripps)
2023-05-01,2023.329,424.45,Mauna Loa (NOAA/Scripps)
2023-05-02,2023.331,423.56,Mauna Loa (NOAA/Scripps)
2023-05-03,2023.334,423.84,Mauna Loa (NOAA/Scripps)
2023-05-04,2023.337,423.92,Mauna Loa (NOAA/Scripps)
2023-05-05,2023.339,424.76,Mauna Loa (NOAA/Scripps)
2023-05-06,2023.342,424.72,Mauna Loa (NOAA/Scripps)
2023-05-07,2023.345,424.71,Mauna Loa (NOAA/Scripps)
2023-05-08,2023.348,424.26,Mauna Loa (NOAA/Scripps)
2023-05-09,2023.35,424.17,Mauna Loa (NOAA/Scripps)
2023-05-10,2023.353,424.32,Mauna Loa (NOAA/Scripps)
2023-05-11,2023.356,423.9,Mauna Loa (NOAA/Scripps)
2023-05-12,2023.359,424.16,Mauna Loa (NOAA/Scripps)
2023-05-13,2023.361,424.48,Mauna Loa (NOAA/Scripps)
2023-05-14,2023.364,424.31,Mauna Loa (NOAA/Scripps)
2023-05-15,2023.367,424.27,Mauna Loa (NOAA/Scripps)
2023-05-16,2023.37,424.49,Mauna Loa (NOAA/Scripps)
2023-05-17,2023.372,423.31,Mauna Loa (NOAA/Scripps)
2023-05-18,2023.375,422.07,Mauna Loa (NOAA/Scripps)
2023-05-19,2023.378,422.39,Mauna Loa (NOAA/Scripps)
2023-05-20,2023.381,423.68,Mauna Loa (NOAA/Scripps)
2023-05-21,2023.383,423.75,Mauna Loa (NOAA/Scripps)
2023-05-22,2023.386,424.02,Mauna Loa (NOAA/Scripps)
2023-05-23,2023.389,423.66,Mauna Loa (NOAA/Scripps)
2023-05-24,2023.392,423.7,Mauna Loa (NOAA/Scripps)
2023-05-25,2023.394,424.03,Mauna Loa (NOAA/Scripps)
2023-05-26,2023.397,423.24,Mauna Loa (NOAA/Scripps)
2023-05-27,2023.4,424.56,Mauna Loa (NOAA/Scripps)
2023-05-28,2023.402,424.71,Mauna Loa (NOAA/Scripps)
2023-05-29,2023.405,424.76,Mauna Loa (NOAA/Scripps)
2023-05-30,2023.408,424.66,Mauna Loa (NOAA/Scripps)
2023-05-31,2023.411,424.65,Mauna Loa (NOAA/Scripps)
2023-06-01,2023.413,424.43,Mauna Loa (NOAA/Scripps)
2023-06-02,2023.416,424.58,Mauna Loa (NOAA/Scripps)
2023-06-03,2023.419,424.72,Mauna Loa (NOAA/Scripps)
2023-06-04,2023.422,424.87,Mauna Loa (NOAA/Scripps)
2023-06-05,2023.424,424.72,Mauna Loa (NOAA/Scripps)
2023-06-06,2023.427,424.43,Mauna Loa (NOAA/Scripps)
2023-06-07,2023.43,424.44,Mauna Loa (NOAA/Scripps)
2023-06-08,2023.433,423.62,Mauna Loa (NOAA/Scripps)
2023-06-09,2023.435,424.46,Mauna Loa (NOAA/Scripps)
2023-06-10,2023.438,424.1,Mauna Loa (NOAA/Scripps)
2023-06-11,2023.441,424.81,Mauna Loa (NOAA/Scripps)
2023-06-13,2023.446,424.19,Mauna Loa (NOAA/Scripps)
2023-06-14,2023.449,423.33,Mauna Loa (NOAA/Scripps)
2023-06-15,2023.452,424.55,Mauna Loa (NOAA/Scripps)
2023-06-16,2023.454,424.46,Mauna Loa (NOAA/Scripps)
2023-06-17,2023.457,423.46,Mauna Loa (NOAA/Scripps)
2023-06-18,2023.46,423.16,Mauna Loa (NOAA/Scripps)
2023-06-19,2023.463,423.75,Mauna Loa (NOAA/Scripps)
2023-06-20,2023.465,423.45,Mauna Loa (NOAA/Scripps)
2023-06-21,2023.468,423.64,Mauna Loa (NOAA/Scripps)
2023-06-22,2023.471,423.52,Mauna Loa (NOAA/Scripps)
2023-06-23,2023.474,423.58,Mauna Loa (NOAA/Scripps)
2023-06-24,2023.476,423.35,Mauna Loa (NOAA/Scripps)
2023-06-25,2023.479,422.2,Mauna Loa (NOAA/Scripps)
2023-06-26,2023.482,421.95,Mauna Loa (NOAA/Scripps)
2023-06-27,2023.485,421.85,Mauna Loa (NOAA/Scripps)
2023-06-28,2023.487,422.0,Mauna Loa (NOAA/Scripps)
2023-06-29,2023.49,422.36,Mauna Loa (NOAA/Scripps)
2023-06-30,2023.493,422.61,Mauna Loa (NOAA/Scripps)
2023-07-01,2023.496,422.34,Mauna Loa (NOAA/Scripps)
2023-07-02,2023.498,422.78,Mauna Loa (NOAA/Scripps)
2023-07-03,2023.501,422.79,Mauna Loa (NOAA/Scripps)
2023-07-04,2023.504,422.78,Mauna Loa (NOAA/Scripps)
2023-07-05,2023.507,422.31,Mauna Loa (NOAA/Scripps)
2023-07-06,2023.509,422.47,Mauna Loa (NOAA/Scripps)
2023-07-07,2023.512,422.52,Mauna Loa (NOAA/Scripps)
2023-07-08,2023.515,422.09,Mauna Loa (NOAA/Scripps)
2023-07-09,2023.517,422.58,Mauna Loa (NOAA/Scripps)
2023-07-10,2023.52,422.47,Mauna Loa (NOAA/Scripps)
2023-07-11,2023.523,421.88,Mauna Loa (NOAA/Scripps)
2023-07-12,2023.526,421.9,Mauna Loa (NOAA/Scripps)
2023-07-13,2023.528,422.11,Mauna Loa (NOAA/Scripps)
2023-07-14,2023.531,421.72,Mauna Loa (NOAA/Scripps)
2023-07-15,2023.534,421.49,Mauna Loa (NOAA/Scripps)
2023-07-16,2023.537,421.99,Mauna Loa (NOAA/Scripps)
2023-07-17,2023.539,420.92,Mauna Loa (NOAA/Scripps)
2023-07-18,2023.542,422.14,Mauna Loa (NOAA/Scripps)
2023-07-19,2023.545,421.41,Mauna Loa (NOAA/Scripps)
2023-07-20,2023.548,420.79,Mauna Loa (NOAA/Scripps)
2023-07-21,2023.55,422.45,Mauna Loa (NOAA/Scripps)
2023-07-22,2023.553,422.64,Mauna Loa (NOAA/Scripps)
2023-07-23,2023.556,422.44,Mauna Loa (NOAA/Scripps)
2023-07-24,2023.559,422.17,Mauna Loa (NOAA/Scripps)
2023-07-25,2023.561,422.04,Mauna Loa (NOAA/Scripps)
2023-07-26,2023.564,422.66,Mauna Loa (NOAA/Scripps)
2023-07-27,2023.567,422.84,Mauna Loa (NOAA/Scripps)
2023-07-28,2023.569,422.53,Mauna Loa (NOAA/Scripps)
2023-07-29,2023.572,423.17,Mauna Loa (NOAA/Scripps)
2023-07-30,2023.575,421.43,Mauna Loa (NOAA/Scripps)
2023-07-31,2023.578,421.95,Mauna Loa (NOAA/Scripps)
2023-08-01,2023.58,421.42,Mauna Loa (NOAA/Scripps)
2023-08-02,2023.583,421.52,Mauna Loa (NOAA/Scripps)
2023-08-03,2023.586,421.92,Mauna Loa (NOAA/Scripps)
2023-08-04,2023.589,421.23,Mauna Loa (NOAA/Scripps)
2023-08-06,2023.594,419.77,Mauna Loa (NOAA/Scripps)
2023-08-07,2023.597,420.07,Mauna Loa (NOAA/Scripps)
2023-08-08,2023.6,419.89,Mauna Loa (NOAA/Scripps)
2023-08-09,2023.602,421.09,Mauna Loa (NOAA/Scripps)
2023-08-10,2023.605,421.3,Mauna Loa (NOAA/Scripps)
2023-08-11,2023.608,421.24,Mauna Loa (NOAA/Scripps)
2023-08-12,2023.611,419.33,Mauna Loa (NOAA/Scripps)
2023-08-13,2023.613,418.7,Mauna Loa (NOAA/Scripps)
2023-08-14,2023.616,418.65,Mauna Loa (NOAA/Scripps)
2023-08-15,2023.619,418.47,Mauna Loa (NOAA/Scripps)
2023-08-17,2023.624,419.19,Mauna Loa (NOAA/Scripps)
2023-08-18,2023.627,419.1,Mauna Loa (NOAA/Scripps)
2023-08-19,2023.63,419.13,Mauna Loa (NOAA/Scripps)
2023-08-20,2023.632,419.76,Mauna Loa (NOAA/Scripps)
2023-08-24,2023.643,418.85,Mauna Loa (NOAA/Scripps)
2023-08-27,2023.652,419.38,Mauna Loa (NOAA/Scripps)
2023-08-28,2023.654,419.55,Mauna Loa (NOAA/Scripps)
2023-08-29,2023.657,419.38,Mauna Loa (NOAA/Scripps)
2023-08-30,2023.66,418.88,Mauna Loa (NOAA/Scripps)
2023-08-31,2023.663,419.18,Mauna Loa (NOAA/Scripps)
2023-09-05,2023.676,418.84,Mauna Loa (NOAA/Scripps)
2023-09-06,2023.679,418.65,Mauna Loa (NOAA/Scripps)
2023-09-07,2023.682,418.49,Mauna Loa (NOAA/Scripps)
2023-09-08,2023.684,418.58,Mauna Loa (NOAA/Scripps)
2023-09-12,2023.695,418.36,Mauna Loa (NOAA/Scripps)
2023-09-13,2023.698,418.69,Mauna Loa (NOAA/Scripps)
2023-09-17,2023.709,418.72,Mauna Loa (NOAA/Scripps)
2023-09-19,2023.715,418.86,Mauna Loa (NOAA/Scripps)
2023-09-20,2023.717,418.58,Mauna Loa (NOAA/Scripps)
2023-09-21,2023.72,417.6,Mauna Loa (NOAA/Scripps)
2023-09-22,2023.723,417.88,Mauna Loa (NOAA/Scripps)
2023-09-24,2023.728,418.01,Mauna Loa (NOAA/Scripps)
2023-09-25,2023.731,418.21,Mauna Loa (NOAA/Scripps)
2023-09-26,2023.734,418.65,Mauna Loa (NOAA/Scripps)
2023-09-27,2023.736,418.3,Mauna Loa (NOAA/Scripps)
2023-09-28,2023.739,418.2,Mauna Loa (NOAA/Scripps)
2023-09-29,2023.742,418.3,Mauna Loa (NOAA/Scripps)
2023-09-30,2023.745,418.38,Mauna Loa (NOAA/Scripps)
2023-10-01,2023.747,418.15,Mauna Loa (NOAA/Scripps)
2023-10-02,2023.75,418.37,Mauna Loa (NOAA/Scripps)
2023-10-04,2023.756,418.56,Mauna Loa (NOAA/Scripps)
2023-10-05,2023.758,418.25,Mauna Loa (NOAA/Scripps)
2023-10-06,2023.761,418.36,Mauna Loa (NOAA/Scripps)
2023-10-07,2023.764,418.19,Mauna Loa (NOAA/Scripps)
2023-10-08,2023.767,418.53,Mauna Loa (NOAA/Scripps)
2023-10-09,2023.769,418.33,Mauna Loa (NOAA/Scripps)
2023-10-10,2023.772,418.21,Mauna Loa (NOAA/Scripps)
2023-10-12,2023.778,418.93,Mauna Loa (NOAA/Scripps)
2023-10-13,2023.78,418.66,Mauna Loa (NOAA/Scripps)
2023-10-15,2023.786,419.81,Mauna Loa (NOAA/Scripps)
2023-10-16,2023.789,419.53,Mauna Loa (NOAA/Scripps)
2023-10-17,2023.791,419.66,Mauna Loa (NOAA/Scripps)
2023-10-18,2023.794,419.37,Mauna Loa (NOAA/Scripps)
2023-10-19,2023.797,419.44,Mauna Loa (NOAA/Scripps)
2023-10-20,2023.799,419.53,Mauna Loa (NOAA/Scripps)
2023-10-21,2023.802,418.9,Mauna Loa (NOAA/Scripps)
2023-10-23,2023.808,419.09,Mauna Loa (NOAA/Scripps)
2023-10-24,2023.81,418.88,Mauna Loa (NOAA/Scripps)
2023-10-25,2023.813,418.92,Mauna Loa (NOAA/Scripps)
2023-10-26,2023.816,418.87,Mauna Loa (NOAA/Scripps)
2023-10-27,2023.819,418.84,Mauna Loa (NOAA/Scripps)
2023-10-28,2023.821,418.84,Mauna Loa (NOAA/Scripps)
2023-10-29,2023.824,418.84,Mauna Loa (NOAA/Scripps)
2023-10-30,2023.827,418.55,Mauna Loa (NOAA/Scripps)
2023-10-31,2023.83,418.94,Mauna Loa (NOAA/Scripps)
2023-11-01,2023.832,418.84,Mauna Loa (NOAA/Scripps)
2023-11-02,2023.835,418.98,Mauna Loa (NOAA/Scripps)
2023-11-03,2023.838,419.28,Mauna Loa (NOAA/Scripps)
2023-11-04,2023.841,419.89,Mauna Loa (NOAA/Scripps)
2023-11-05,2023.843,419.29,Mauna Loa (NOAA/Scripps)
2023-11-06,2023.846,419.28,Mauna Loa (NOAA/Scripps)
2023-11-07,2023.849,419.18,Mauna Loa (NOAA/Scripps)
2023-11-09,2023.854,419.2,Mauna Loa (NOAA/Scripps)
2023-11-10,2023.857,419.44,Mauna Loa (NOAA/Scripps)
2023-11-12,2023.862,419.55,Mauna Loa (NOAA/Scripps)
2023-11-13,2023.865,419.42,Mauna Loa (NOAA/Scripps)
2023-11-15,2023.871,421.52,Mauna Loa (NOAA/Scripps)
2023-11-16,2023.873,422.07,Mauna Loa (NOAA/Scripps)
2023-11-17,2023.876,422.43,Mauna Loa (NOAA/Scripps)
2023-11-18,2023.879,422.36,Mauna Loa (NOAA/Scripps)
2023-11-20,2023.884,421.01,Mauna Loa (NOAA/Scripps)
2023-11-21,2023.887,420.61,Mauna Loa (NOAA/Scripps)
2023-11-22,2023.89,421.56,Mauna Loa (NOAA/Scripps)
2023-11-23,2023.893,421.38,Mauna Loa (NOAA/Scripps)
2023-11-24,2023.895,421.47,Mauna Loa (NOAA/Scripps)
2023-11-28,2023.906,420.59,Mauna Loa (NOAA/Scripps)
2023-12-01,2023.914,420.04,Mauna Loa (NOAA/Scripps)
2023-12-07,2023.931,420.74,Mauna Loa (NOAA/Scripps)
2023-12-09,2023.936,421.31,Mauna Loa (NOAA/Scripps)
2023-12-10,2023.939,421.56,Mauna Loa (NOAA/Scripps)
2023-12-11,2023.942,421.66,Mauna Loa (NOAA/Scripps)
2023-12-12,2023.945,421.99,Mauna Loa (NOAA/Scripps)
2023-12-13,2023.947,421.78,Mauna Loa (NOAA/Scripps)
2023-12-14,2023.95,421.8,Mauna Loa (NOAA/Scripps)
2023-12-15,2023.953,423.38,Mauna Loa (NOAA/Scripps)
2023-12-16,2023.956,423.21,Mauna Loa (NOAA/Scripps)
2023-12-17,2023.958,422.67,Mauna Loa (NOAA/Scripps)
2023-12-18,2023.961,422.38,Mauna Loa (NOAA/Scripps)
2023-12-19,2023.964,422.03,Mauna Loa (NOAA/Scripps)
2023-12-20,2023.966,422.09,Mauna Loa (NOAA/Scripps)
2023-12-21,2023.969,422.02,Mauna Loa (NOAA/Scripps)
2023-12-26,2023.983,421.51,Mauna Loa (NOAA/Scripps)
2023-12-27,2023.986,422.24,Mauna Loa (NOAA/Scripps)
2023-12-28,2023.988,421.55,Mauna Loa (NOAA/Scripps)
2023-12-29,2023.991,421.68,Mauna Loa (NOAA/Scripps)
2023-12-30,2023.994,422.33,Mauna Loa (NOAA/Scripps)
2024-01-01,2024.0,422.23,Mauna Loa (NOAA/Scripps)
2024-01-02,2024.003,422.37,Mauna Loa (NOAA/Scripps)
2024-01-05,2024.011,422.61,Mauna Loa (NOAA/Scripps)
2024-01-06,2024.014,422.86,Mauna Loa (NOAA/Scripps)
2024-01-08,2024.019,423.31,Mauna Loa (NOAA/Scripps)
2024-01-09,2024.022,423.16,Mauna Loa (NOAA/Scripps)
2024-01-10,2024.025,423.22,Mauna Loa (NOAA/Scripps)
2024-01-11,2024.027,422.78,Mauna Loa (NOAA/Scripps)
2024-01-13,2024.033,424.96,Mauna Loa (NOAA/Scripps)
2024-01-14,2024.036,422.85,Mauna Loa (NOAA/Scripps)
2024-01-15,2024.038,422.36,Mauna Loa (NOAA/Scripps)
2024-01-16,2024.041,422.83,Mauna Loa (NOAA/Scripps)
2024-01-17,2024.044,423.3,Mauna Loa (NOAA/Scripps)
2024-01-18,2024.047,422.83,Mauna Loa (NOAA/Scripps)
2024-01-19,2024.049,422.8,Mauna Loa (NOAA/Scripps)
2024-01-20,2024.052,422.89,Mauna Loa (NOAA/Scripps)
2024-01-21,2024.055,422.77,Mauna Loa (NOAA/Scripps)
2024-01-22,2024.057,422.87,Mauna Loa (NOAA/Scripps)
2024-01-23,2024.06,422.65,Mauna Loa (NOAA/Scripps)
2024-01-24,2024.063,422.85,Mauna Loa (NOAA/Scripps)
2024-01-25,2024.066,422.58,Mauna Loa (NOAA/Scripps)
2024-01-26,2024.068,423.57,Mauna Loa (NOAA/Scripps)
2024-01-27,2024.071,422.71,Mauna Loa (NOAA/Scripps)
2024-01-28,2024.074,422.37,Mauna Loa (NOAA/Scripps)
2024-01-29,2024.077,422.24,Mauna Loa (NOAA/Scripps)
2024-01-30,2024.079,422.33,Mauna Loa (NOAA/Scripps)
2024-01-31,2024.082,422.31,Mauna Loa (NOAA/Scripps)
2024-02-01,2024.085,422.21,Mauna Loa (NOAA/Scripps)
2024-02-02,2024.088,422.21,Mauna Loa (NOAA/Scripps)
2024-02-04,2024.093,426.21,Mauna Loa (NOAA/Scripps)
2024-02-06,2024.099,425.89,Mauna Loa (NOAA/Scripps)
2024-02-07,2024.101,425.6,Mauna Loa (NOAA/Scripps)
2024-02-08,2024.104,425.6,Mauna Loa (NOAA/Scripps)
2024-02-10,2024.11,425.87,Mauna Loa (NOAA/Scripps)
2024-02-11,2024.112,424.82,Mauna Loa (NOAA/Scripps)
2024-02-12,2024.115,423.87,Mauna Loa (NOAA/Scripps)
2024-02-13,2024.118,424.2,Mauna Loa (NOAA/Scripps)
2024-02-14,2024.12,422.79,Mauna Loa (NOAA/Scripps)
2024-02-15,2024.123,422.91,Mauna Loa (NOAA/Scripps)
2024-02-16,2024.126,423.05,Mauna Loa (NOAA/Scripps)
2024-02-17,2024.129,423.1,Mauna Loa (NOAA/Scripps)
2024-02-20,2024.137,425.27,Mauna Loa (NOAA/Scripps)
2024-02-21,2024.14,425.28,Mauna Loa (NOAA/Scripps)
2024-02-24,2024.148,425.08,Mauna Loa (NOAA/Scripps)
2024-02-25,2024.151,425.17,Mauna Loa (NOAA/Scripps)
2024-02-26,2024.153,425.4,Mauna Loa (NOAA/Scripps)
2024-02-27,2024.156,425.24,Mauna Loa (NOAA/Scripps)
2024-02-28,2024.159,425.38,Mauna Loa (NOAA/Scripps)
2024-02-29,2024.162,425.25,Mauna Loa (NOAA/Scripps)
2024-03-01,2024.164,424.92,Mauna Loa (NOAA/Scripps)
2024-03-02,2024.167,424.47,Mauna Loa (NOAA/Scripps)
2024-03-04,2024.172,424.81,Mauna Loa (NOAA/Scripps)
2024-03-07,2024.181,425.36,Mauna Loa (NOAA/Scripps)
2024-03-08,2024.183,426.1,Mauna Loa (NOAA/Scripps)
2024-03-09,2024.186,425.54,Mauna Loa (NOAA/Scripps)
2024-03-10,2024.189,425.1,Mauna Loa (NOAA/Scripps)
2024-03-11,2024.192,424.95,Mauna Loa (NOAA/Scripps)
2024-03-13,2024.197,424.52,Mauna Loa (NOAA/Scripps)
2024-03-14,2024.2,425.56,Mauna Loa (NOAA/Scripps)
2024-03-15,2024.203,427.93,Mauna Loa (NOAA/Scripps)
2024-03-16,2024.205,426.36,Mauna Loa (NOAA/Scripps)
2024-03-17,2024.208,423.96,Mauna Loa (NOAA/Scripps)
2024-03-18,2024.211,426.02,Mauna Loa (NOAA/Scripps)
2024-03-19,2024.214,424.06,Mauna Loa (NOAA/Scripps)
2024-03-21,2024.219,426.44,Mauna Loa (NOAA/Scripps)
2024-03-22,2024.222,425.48,Mauna Loa (NOAA/Scripps)
2024-03-23,2024.225,426.26,Mauna Loa (NOAA/Scripps)
2024-03-24,2024.227,426.35,Mauna Loa (NOAA/Scripps)
2024-03-25,2024.23,423.29,Mauna Loa (NOAA/Scripps)
2024-03-26,2024.233,423.6,Mauna Loa (NOAA/Scripps)
2024-03-27,2024.235,423.88,Mauna Loa (NOAA/Scripps)
2024-03-28,2024.238,425.16,Mauna Loa (NOAA/Scripps)
2024-03-29,2024.241,424.75,Mauna Loa (NOAA/Scripps)
2024-03-30,2024.244,426.53,Mauna Loa (NOAA/Scripps)
2024-03-31,2024.246,427.33,Mauna Loa (NOAA/Scripps)
2024-04-01,2024.249,427.19,Mauna Loa (NOAA/Scripps)
2024-04-02,2024.252,427.24,Mauna Loa (NOAA/Scripps)
2024-04-03,2024.255,426.48,Mauna Loa (NOAA/Scripps)
2024-04-04,2024.257,426.66,Mauna Loa (NOAA/Scripps)
2024-04-05,2024.26,426.71,Mauna Loa (NOAA/Scripps)
2024-04-06,2024.263,425.99,Mauna Loa (NOAA/Scripps)
2024-04-07,2024.266,426.25,Mauna Loa (NOAA/Scripps)
2024-04-08,2024.268,425.67,Mauna Loa (NOAA/Scripps)
2024-04-09,2024.271,426.71,Mauna Loa (NOAA/Scripps)
2024-04-10,2024.274,427.35,Mauna Loa (NOAA/Scripps)
2024-04-11,2024.277,425.41,Mauna Loa (NOAA/Scripps)
2024-04-12,2024.279,424.8,Mauna Loa (NOAA/Scripps)
2024-04-13,2024.282,425.7,Mauna Loa (NOAA/Scripps)
2024-04-14,2024.285,425.27,Mauna Loa (NOAA/Scripps)
2024-04-15,2024.287,424.92,Mauna Loa (NOAA/Scripps)
2024-04-16,2024.29,426.55,Mauna Loa (NOAA/Scripps)
2024-04-17,2024.293,427.04,Mauna Loa (NOAA/Scripps)
2024-04-18,2024.296,427.47,Mauna Loa (NOAA/Scripps)
2024-04-19,2024.298,426.97,Mauna Loa (NOAA/Scripps)
2024-04-20,2024.301,426.34,Mauna Loa (NOAA/Scripps)
2024-04-21,2024.304,427.29,Mauna Loa (NOAA/Scripps)
2024-04-22,2024.307,427.21,Mauna Loa (NOAA/Scripps)
2024-04-23,2024.309,427.99,Mauna Loa (NOAA/Scripps)
2024-04-24,2024.312,428.42,Mauna Loa (NOAA/Scripps)
2024-04-25,2024.315,428.19,Mauna Loa (NOAA/Scripps)
2024-04-26,2024.318,428.59,Mauna Loa (NOAA/Scripps)
2024-04-27,2024.32,428.19,Mauna Loa (NOAA/Scripps)
2024-04-28,2024.323,427.44,Mauna Loa (NOAA/Scripps)
2024-04-29,2024.326,425.85,Mauna Loa (NOAA/Scripps)
2024-04-30,2024.329,425.73,Mauna Loa (NOAA/Scripps)
2024-05-01,2024.331,426.34,Mauna Loa (NOAA/Scripps)
2024-05-02,2024.334,427.55,Mauna Loa (NOAA/Scripps)
2024-05-03,2024.337,428.17,Mauna Loa (NOAA/Scripps)
2024-05-04,2024.339,427.89,Mauna Loa (NOAA/Scripps)
2024-05-05,2024.342,426.69,Mauna Loa (NOAA/Scripps)
2024-05-06,2024.345,425.8,Mauna Loa (NOAA/Scripps)
2024-05-07,2024.348,425.76,Mauna Loa (NOAA/Scripps)
2024-05-08,2024.35,426.85,Mauna Loa (NOAA/Scripps)
2024-05-09,2024.353,427.68,Mauna Loa (NOAA/Scripps)
2024-05-10,2024.356,427.74,Mauna Loa (NOAA/Scripps)
2024-05-11,2024.359,427.9,Mauna Loa (NOAA/Scripps)
2024-05-12,2024.361,428.05,Mauna Loa (NOAA/Scripps)
2024-05-13,2024.364,427.45,Mauna Loa (NOAA/Scripps)
2024-05-14,2024.367,427.85,Mauna Loa (NOAA/Scripps)
2024-05-15,2024.37,427.45,Mauna Loa (NOAA/Scripps)
2024-05-16,2024.372,426.95,Mauna Loa (NOAA/Scripps)
2024-05-17,2024.375,425.82,Mauna Loa (NOAA/Scripps)
2024-05-18,2024.378,425.63,Mauna Loa (NOAA/Scripps)
2024-05-19,2024.381,426.26,Mauna Loa (NOAA/Scripps)
2024-05-20,2024.383,426.28,Mauna Loa (NOAA/Scripps)
2024-05-21,2024.386,427.69,Mauna Loa (NOAA/Scripps)
2024-05-22,2024.389,426.23,Mauna Loa (NOAA/Scripps)
2024-05-23,2024.392,426.93,Mauna Loa (NOAA/Scripps)
2024-05-24,2024.394,426.55,Mauna Loa (NOAA/Scripps)
2024-05-25,2024.397,426.81,Mauna Loa (NOAA/Scripps)
2024-05-26,2024.4,427.09,Mauna Loa (NOAA/Scripps)
2024-05-27,2024.402,426.65,Mauna Loa (NOAA/Scripps)
2024-05-28,2024.405,427.04,Mauna Loa (NOAA/Scripps)
2024-05-29,2024.408,426.03,Mauna Loa (NOAA/Scripps)
2024-05-30,2024.411,426.13,Mauna Loa (NOAA/Scripps)
2024-05-31,2024.413,427.82,Mauna Loa (NOAA/Scripps)
2024-06-01,2024.416,427.43,Mauna Loa (NOAA/Scripps)
2024-06-02,2024.419,426.74,Mauna Loa (NOAA/Scripps)
2024-06-03,2024.422,427.48,Mauna Loa (NOAA/Scripps)
2024-06-04,2024.424,427.48,Mauna Loa (NOAA/Scripps)
2024-06-05,2024.427,426.89,Mauna Loa (NOAA/Scripps)
2024-06-06,2024.43,426.87,Mauna Loa (NOAA/Scripps)
2024-06-07,2024.433,426.68,Mauna Loa (NOAA/Scripps)
2024-06-08,2024.435,427.02,Mauna Loa (NOAA/Scripps)
2024-06-09,2024.438,427.64,Mauna Loa (NOAA/Scripps)
2024-06-10,2024.441,427.59,Mauna Loa (NOAA/Scripps)
2024-06-12,2024.446,426.84,Mauna Loa (NOAA/Scripps)
2024-06-13,2024.449,426.9,Mauna Loa (NOAA/Scripps)
2024-06-14,2024.452,427.53,Mauna Loa (NOAA/Scripps)
2024-06-15,2024.454,427.51,Mauna Loa (NOAA/Scripps)
2024-06-17,2024.46,426.83,Mauna Loa (NOAA/Scripps)
2024-06-20,2024.468,427.18,Mauna Loa (NOAA/Scripps)
2024-06-21,2024.471,425.89,Mauna Loa (NOAA/Scripps)
2024-06-22,2024.474,427.0,Mauna Loa (NOAA/Scripps)
2024-06-23,2024.476,426.64,Mauna Loa (NOAA/Scripps)
2024-06-24,2024.479,427.33,Mauna Loa (NOAA/Scripps)
2024-06-25,2024.482,426.95,Mauna Loa (NOAA/Scripps)
2024-06-28,2024.49,426.8,Mauna Loa (NOAA/Scripps)
2024-06-29,2024.493,424.65,Mauna Loa (NOAA/Scripps)
2024-06-30,2024.496,425.38,Mauna Loa (NOAA/Scripps)
2024-07-01,2024.498,425.74,Mauna Loa (NOAA/Scripps)
2024-07-02,2024.501,425.23,Mauna Loa (NOAA/Scripps)
2024-07-03,2024.504,425.61,Mauna Loa (NOAA/Scripps)
2024-07-04,2024.507,426.19,Mauna Loa (NOAA/Scripps)
2024-07-06,2024.512,425.5,Mauna Loa (NOAA/Scripps)
2024-07-07,2024.515,425.39,Mauna Loa (NOAA/Scripps)
2024-07-08,2024.517,425.76,Mauna Loa (NOAA/Scripps)
2024-07-09,2024.52,425.81,Mauna Loa (NOAA/Scripps)
2024-07-10,2024.523,427.13,Mauna Loa (NOAA/Scripps)
2024-07-11,2024.526,426.61,Mauna Loa (NOAA/Scripps)
2024-07-12,2024.528,425.66,Mauna Loa (NOAA/Scripps)
2024-07-13,2024.531,427.37,Mauna Loa (NOAA/Scripps)
2024-07-14,2024.534,426.55,Mauna Loa (NOAA/Scripps)
2024-07-15,2024.537,426.46,Mauna Loa (NOAA/Scripps)
2024-07-16,2024.539,425.79,Mauna Loa (NOAA/Scripps)
2024-07-18,2024.545,424.83,Mauna Loa (NOAA/Scripps)
2024-07-20,2024.55,426.11,Mauna Loa (NOAA/Scripps)
2024-07-21,2024.553,425.2,Mauna Loa (NOAA/Scripps)
2024-07-23,2024.559,424.47,Mauna Loa (NOAA/Scripps)
2024-07-24,2024.561,424.7,Mauna Loa (NOAA/Scripps)
2024-07-25,2024.564,425.1,Mauna Loa (NOAA/Scripps)
2024-07-26,2024.567,424.52,Mauna Loa (NOAA/Scripps)
2024-07-29,2024.575,425.21,Mauna Loa (NOAA/Scripps)
2024-07-31,2024.58,424.83,Mauna Loa (NOAA/Scripps)
2024-08-02,2024.586,424.76,Mauna Loa (NOAA/Scripps)
2024-08-03,2024.589,424.74,Mauna Loa (NOAA/Scripps)
2024-08-04,2024.591,424.39,Mauna Loa (NOAA/Scripps)
2024-08-05,2024.594,424.57,Mauna Loa (NOAA/Scripps)
2024-08-06,2024.597,424.63,Mauna Loa (NOAA/Scripps)
2024-08-07,2024.6,424.66,Mauna Loa (NOAA/Scripps)
2024-08-08,2024.602,424.56,Mauna Loa (NOAA/Scripps)
2024-08-09,2024.605,422.26,Mauna Loa (NOAA/Scripps)
2024-08-13,2024.616,421.19,Mauna Loa (NOAA/Scripps)
2024-08-14,2024.619,422.66,Mauna Loa (NOAA/Scripps)
2024-08-17,2024.627,423.41,Mauna Loa (NOAA/Scripps)
2024-08-18,2024.63,423.01,Mauna Loa (NOAA/Scripps)
2024-08-19,2024.632,422.89,Mauna Loa (NOAA/Scripps)
2024-08-21,2024.638,423.27,Mauna Loa (NOAA/Scripps)
2024-08-22,2024.641,423.16,Mauna Loa (NOAA/Scripps)
2024-08-23,2024.643,422.24,Mauna Loa (NOAA/Scripps)
2024-08-24,2024.646,422.4,Mauna Loa (NOAA/Scripps)
2024-08-25,2024.649,421.72,Mauna Loa (NOAA/Scripps)
2024-08-26,2024.652,422.49,Mauna Loa (NOAA/Scripps)
2024-08-28,2024.657,418.42,Mauna Loa (NOAA/Scripps)
2024-08-30,2024.663,421.83,Mauna Loa (NOAA/Scripps)
2024-08-31,2024.665,422.35,Mauna Loa (NOAA/Scripps)
2024-09-02,2024.671,422.74,Mauna Loa (NOAA/Scripps)
2024-09-03,2024.674,422.78,Mauna Loa (NOAA/Scripps)
2024-09-05,2024.679,421.4,Mauna Loa (NOAA/Scripps)
2024-09-06,2024.682,422.1,Mauna Loa (NOAA/Scripps)
2024-09-07,2024.684,422.64,Mauna Loa (NOAA/Scripps)
2024-09-08,2024.687,422.4,Mauna Loa (NOAA/Scripps)
2024-09-10,2024.693,421.75,Mauna Loa (NOAA/Scripps)
2024-09-14,2024.704,422.04,Mauna Loa (NOAA/Scripps)
2024-09-15,2024.706,422.13,Mauna Loa (NOAA/Scripps)
2024-09-16,2024.709,421.9,Mauna Loa (NOAA/Scripps)
2024-09-17,2024.712,421.88,Mauna Loa (NOAA/Scripps)
2024-09-18,2024.715,422.03,Mauna Loa (NOAA/Scripps)
2024-09-19,2024.717,421.73,Mauna Loa (NOAA/Scripps)
2024-09-20,2024.72,421.99,Mauna Loa (NOAA/Scripps)
2024-09-21,2024.723,422.19,Mauna Loa (NOAA/Scripps)
2024-09-26,2024.736,421.63,Mauna Loa (NOAA/Scripps)
2024-09-27,2024.739,421.79,Mauna Loa (NOAA/Scripps)
2024-09-30,2024.747,421.95,Mauna Loa (NOAA/Scripps)
2024-10-03,2024.756,421.88,Mauna Loa (NOAA/Scripps)
2024-10-04,2024.758,422.27,Mauna Loa (NOAA/Scripps)
2024-10-05,2024.761,421.69,Mauna Loa (NOAA/Scripps)
2024-10-06,2024.764,422.27,Mauna Loa (NOAA/Scripps)
2024-10-07,2024.767,422.0,Mauna Loa (NOAA/Scripps)
2024-10-11,2024.778,422.25,Mauna Loa (NOAA/Scripps)
2024-10-12,2024.78,422.11,Mauna Loa (NOAA/Scripps)
2024-10-13,2024.783,422.51,Mauna Loa (NOAA/Scripps)
2024-10-14,2024.786,423.09,Mauna Loa (NOAA/Scripps)
2024-10-15,2024.789,422.46,Mauna Loa (NOAA/Scripps)
2024-10-16,2024.791,422.12,Mauna Loa (NOAA/Scripps)
2024-10-18,2024.797,422.08,Mauna Loa (NOAA/Scripps)
2024-10-20,2024.802,421.95,Mauna Loa (NOAA/Scripps)
2024-10-21,2024.805,422.21,Mauna Loa (NOAA/Scripps)
2024-10-22,2024.808,422.06,Mauna Loa (NOAA/Scripps)
2024-10-23,2024.81,422.09,Mauna Loa (NOAA/Scripps)
2024-10-24,2024.813,422.14,Mauna Loa (NOAA/Scripps)
2024-10-27,2024.821,422.87,Mauna Loa (NOAA/Scripps)
2024-10-28,2024.824,422.72,Mauna Loa (NOAA/Scripps)
2024-10-29,2024.827,422.58,Mauna Loa (NOAA/Scripps)
2024-10-30,2024.83,422.9,Mauna Loa (NOAA/Scripps)
2024-10-31,2024.832,423.7,Mauna Loa (NOAA/Scripps)
2024-11-01,2024.835,424.07,Mauna Loa (NOAA/Scripps)
2024-11-02,2024.838,423.22,Mauna Loa (NOAA/Scripps)
2024-11-05,2024.846,422.91,Mauna Loa (NOAA/Scripps)
2024-11-06,2024.849,423.0,Mauna Loa (NOAA/Scripps)
2024-11-07,2024.851,423.61,Mauna Loa (NOAA/Scripps)
2024-11-08,2024.854,423.61,Mauna Loa (NOAA/Scripps)
2024-11-09,2024.857,423.58,Mauna Loa (NOAA/Scripps)
2024-11-10,2024.86,423.57,Mauna Loa (NOAA/Scripps)
2024-11-11,2024.862,423.16,Mauna Loa (NOAA/Scripps)
2024-11-12,2024.865,423.34,Mauna Loa (NOAA/Scripps)
2024-11-13,2024.868,423.52,Mauna Loa (NOAA/Scripps)
2024-11-15,2024.873,423.96,Mauna Loa (NOAA/Scripps)
2024-11-16,2024.876,424.05,Mauna Loa (NOAA/Scripps)
2024-11-17,2024.879,423.63,Mauna Loa (NOAA/Scripps)
2024-11-20,2024.887,423.71,Mauna Loa (NOAA/Scripps)
2024-11-21,2024.89,424.37,Mauna Loa (NOAA/Scripps)
2024-11-22,2024.893,424.09,Mauna Loa (NOAA/Scripps)
2024-11-23,2024.895,423.98,Mauna Loa (NOAA/Scripps)
2024-11-24,2024.898,424.48,Mauna Loa (NOAA/Scripps)
2024-11-25,2024.901,424.48,Mauna Loa (NOAA/Scripps)
2024-11-27,2024.906,424.3,Mauna Loa (NOAA/Scripps)
2024-11-28,2024.909,424.43,Mauna Loa (NOAA/Scripps)
2024-11-29,2024.912,424.88,Mauna Loa (NOAA/Scripps)
2024-11-30,2024.914,424.95,Mauna Loa (NOAA/Scripps)
2024-12-01,2024.917,425.1,Mauna Loa (NOAA/Scripps)
2024-12-02,2024.92,424.61,Mauna Loa (NOAA/Scripps)
2024-12-03,2024.923,424.94,Mauna Loa (NOAA/Scripps)
2024-12-05,2024.928,424.81,Mauna Loa (NOAA/Scripps)
2024-12-06,2024.931,424.64,Mauna Loa (NOAA/Scripps)
2024-12-07,2024.934,425.58,Mauna Loa (NOAA/Scripps)
2024-12-08,2024.936,425.26,Mauna Loa (NOAA/Scripps)
2024-12-09,2024.939,425.05,Mauna Loa (NOAA/Scripps)
2024-12-10,2024.942,425.88,Mauna Loa (NOAA/Scripps)
2024-12-11,2024.945,427.85,Mauna Loa (NOAA/Scripps)
2024-12-12,2024.947,424.97,Mauna Loa (NOAA/Scripps)
2024-12-13,2024.95,424.86,Mauna Loa (NOAA/Scripps)
2024-12-14,2024.953,425.85,Mauna Loa (NOAA/Scripps)
2024-12-15,2024.956,425.06,Mauna Loa (NOAA/Scripps)
2024-12-17,2024.961,424.34,Mauna Loa (NOAA/Scripps)
2024-12-18,2024.964,424.61,Mauna Loa (NOAA/Scripps)
2024-12-19,2024.966,425.04,Mauna Loa (NOAA/Scripps)
2024-12-20,2024.969,425.76,Mauna Loa (NOAA/Scripps)
2024-12-22,2024.975,425.7,Mauna Loa (NOAA/Scripps)
2024-12-23,2024.977,425.49,Mauna Loa (NOAA/Scripps)
2024-12-24,2024.98,425.43,Mauna Loa (NOAA/Scripps)
2024-12-25,2024.983,425.6,Mauna Loa (NOAA/Scripps)
2024-12-26,2024.986,425.95,Mauna Loa (NOAA/Scripps)
2024-12-27,2024.988,425.53,Mauna Loa (NOAA/Scripps)
2024-12-28,2024.991,425.43,Mauna Loa (NOAA/Scripps)
2024-12-29,2024.994,425.33,Mauna Loa (NOAA/Scripps)
2024-12-30,2024.997,425.72,Mauna Loa (NOAA/Scripps)
2024-12-31,2024.999,427.16,Mauna Loa (NOAA/Scripps)
2025-01-01,2025.0,425.94,Mauna Loa (NOAA/Scripps)
2025-01-02,2025.003,426.27,Mauna Loa (NOAA/Scripps)
2025-01-03,2025.005,426.13,Mauna Loa (NOAA/Scripps)
2025-01-04,2025.008,426.03,Mauna Loa (NOAA/Scripps)
2025-01-05,2025.011,426.41,Mauna Loa (NOAA/Scripps)
2025-01-06,2025.014,426.11,Mauna Loa (NOAA/Scripps)
2025-01-07,2025.016,426.34,Mauna Loa (NOAA/Scripps)
2025-01-08,2025.019,426.23,Mauna Loa (NOAA/Scripps)
2025-01-09,2025.022,426.26,Mauna Loa (NOAA/Scripps)
2025-01-10,2025.025,426.02,Mauna Loa (NOAA/Scripps)
2025-01-11,2025.027,426.77,Mauna Loa (NOAA/Scripps)
2025-01-12,2025.03,427.39,Mauna Loa (NOAA/Scripps)
2025-01-14,2025.036,426.24,Mauna Loa (NOAA/Scripps)
2025-01-15,2025.038,426.7,Mauna Loa (NOAA/Scripps)
2025-01-16,2025.041,427.67,Mauna Loa (NOAA/Scripps)
2025-01-17,2025.044,425.93,Mauna Loa (NOAA/Scripps)
2025-01-18,2025.047,426.76,Mauna Loa (NOAA/Scripps)
2025-01-19,2025.049,428.37,Mauna Loa (NOAA/Scripps)
2025-01-20,2025.052,426.74,Mauna Loa (NOAA/Scripps)
2025-01-21,2025.055,426.34,Mauna Loa (NOAA/Scripps)
2025-01-22,2025.057,425.77,Mauna Loa (NOAA/Scripps)
2025-01-23,2025.06,427.42,Mauna Loa (NOAA/Scripps)
2025-01-24,2025.063,426.79,Mauna Loa (NOAA/Scripps)
2025-01-25,2025.066,426.62,Mauna Loa (NOAA/Scripps)
2025-01-27,2025.071,426.32,Mauna Loa (NOAA/Scripps)
2025-01-28,2025.074,428.18,Mauna Loa (NOAA/Scripps)
2025-01-29,2025.077,428.02,Mauna Loa (NOAA/Scripps)
2025-01-30,2025.079,426.67,Mauna Loa (NOAA/Scripps)
2025-01-31,2025.082,426.35,Mauna Loa (NOAA/Scripps)
2025-02-01,2025.085,426.0,Mauna Loa (NOAA/Scripps)
2025-02-02,2025.088,426.35,Mauna Loa (NOAA/Scripps)
2025-02-03,2025.09,426.28,Mauna Loa (NOAA/Scripps)
2025-02-04,2025.093,426.68,Mauna Loa (NOAA/Scripps)
2025-02-05,2025.096,427.44,Mauna Loa (NOAA/Scripps)
2025-02-06,2025.099,428.6,Mauna Loa (NOAA/Scripps)
2025-02-07,2025.101,427.3,Mauna Loa (NOAA/Scripps)
2025-02-08,2025.104,426.7,Mauna Loa (NOAA/Scripps)
2025-02-09,2025.107,426.66,Mauna Loa (NOAA/Scripps)
2025-02-11,2025.112,426.62,Mauna Loa (NOAA/Scripps)
2025-02-12,2025.115,426.82,Mauna Loa (NOAA/Scripps)
2025-02-13,2025.118,426.78,Mauna Loa (NOAA/Scripps)
2025-02-14,2025.12,427.44,Mauna Loa (NOAA/Scripps)
2025-02-18,2025.131,427.19,Mauna Loa (NOAA/Scripps)
2025-02-19,2025.134,426.99,Mauna Loa (NOAA/Scripps)
2025-02-20,2025.137,427.97,Mauna Loa (NOAA/Scripps)
2025-02-21,2025.14,428.41,Mauna Loa (NOAA/Scripps)
2025-02-22,2025.142,427.78,Mauna Loa (NOAA/Scripps)
2025-02-23,2025.145,427.69,Mauna Loa (NOAA/Scripps)
2025-02-24,2025.148,427.0,Mauna Loa (NOAA/Scripps)
2025-02-25,2025.151,427.0,Mauna Loa (NOAA/Scripps)
2025-02-26,2025.153,426.88,Mauna Loa (NOAA/Scripps)
2025-02-27,2025.156,426.62,Mauna Loa (NOAA/Scripps)
2025-02-28,2025.159,426.91,Mauna Loa (NOAA/Scripps)
2025-03-01,2025.162,427.04,Mauna Loa (NOAA/Scripps)
2025-03-02,2025.164,427.05,Mauna Loa (NOAA/Scripps)
2025-03-03,2025.167,427.38,Mauna Loa (NOAA/Scripps)
2025-03-04,2025.17,428.02,Mauna Loa (NOAA/Scripps)
2025-03-05,2025.172,428.0,Mauna Loa (NOAA/Scripps)
2025-03-06,2025.175,427.57,Mauna Loa (NOAA/Scripps)
2025-03-07,2025.178,430.6,Mauna Loa (NOAA/Scripps)
2025-03-08,2025.181,428.44,Mauna Loa (NOAA/Scripps)
2025-03-09,2025.183,429.04,Mauna Loa (NOAA/Scripps)
2025-03-10,2025.186,430.19,Mauna Loa (NOAA/Scripps)
2025-03-11,2025.189,429.15,Mauna Loa (NOAA/Scripps)
2025-03-14,2025.197,427.77,Mauna Loa (NOAA/Scripps)
2025-03-15,2025.2,427.56,Mauna Loa (NOAA/Scripps)
2025-03-16,2025.203,427.68,Mauna Loa (NOAA/Scripps)
2025-03-17,2025.205,427.23,Mauna Loa (NOAA/Scripps)
2025-03-19,2025.211,428.68,Mauna Loa (NOAA/Scripps)
2025-03-20,2025.214,429.0,Mauna Loa (NOAA/Scripps)
2025-03-22,2025.219,429.07,Mauna Loa (NOAA/Scripps)
2025-03-23,2025.222,429.64,Mauna Loa (NOAA/Scripps)
2025-03-24,2025.225,429.44,Mauna Loa (NOAA/Scripps)
2025-03-25,2025.227,428.47,Mauna Loa (NOAA/Scripps)
2025-03-26,2025.23,428.37,Mauna Loa (NOAA/Scripps)
2025-03-27,2025.233,426.98,Mauna Loa (NOAA/Scripps)
2025-03-28,2025.235,426.9,Mauna Loa (NOAA/Scripps)
2025-03-29,2025.238,426.3,Mauna Loa (NOAA/Scripps)
2025-03-30,2025.241,426.99,Mauna Loa (NOAA/Scripps)
2025-03-31,2025.244,427.42,Mauna Loa (NOAA/Scripps)
2025-04-01,2025.246,427.68,Mauna Loa (NOAA/Scripps)
2025-04-04,2025.255,427.93,Mauna Loa (NOAA/Scripps)
2025-04-05,2025.257,428.23,Mauna Loa (NOAA/Scripps)
2025-04-06,2025.26,428.47,Mauna Loa (NOAA/Scripps)
2025-04-07,2025.263,428.57,Mauna Loa (NOAA/Scripps)
2025-04-08,2025.266,428.69,Mauna Loa (NOAA/Scripps)
2025-04-09,2025.268,429.12,Mauna Loa (NOAA/Scripps)
2025-04-11,2025.274,430.24,Mauna Loa (NOAA/Scripps)
2025-04-12,2025.277,430.36,Mauna Loa (NOAA/Scripps)
2025-04-13,2025.279,430.19,Mauna Loa (NOAA/Scripps)
2025-04-14,2025.282,430.23,Mauna Loa (NOAA/Scripps)
2025-04-15,2025.285,430.27,Mauna Loa (NOAA/Scripps)
2025-04-16,2025.287,430.07,Mauna Loa (NOAA/Scripps)
2025-04-17,2025.29,429.85,Mauna Loa (NOAA/Scripps)
2025-04-19,2025.296,429.56,Mauna Loa (NOAA/Scripps)
2025-04-20,2025.298,430.64,Mauna Loa (NOAA/Scripps)
2025-04-21,2025.301,430.51,Mauna Loa (NOAA/Scripps)
2025-04-22,2025.304,430.46,Mauna Loa (NOAA/Scripps)
2025-04-26,2025.315,428.42,Mauna Loa (NOAA/Scripps)
2025-04-27,2025.318,431.13,Mauna Loa (NOAA/Scripps)
2025-04-28,2025.32,430.63,Mauna Loa (NOAA/Scripps)
2025-04-29,2025.323,430.13,Mauna Loa (NOAA/Scripps)
2025-04-30,2025.326,430.44,Mauna Loa (NOAA/Scripps)
2025-05-01,2025.329,430.82,Mauna Loa (NOAA/Scripps)
2025-05-02,2025.331,430.43,Mauna Loa (NOAA/Scripps)
2025-05-03,2025.334,430.54,Mauna Loa (NOAA/Scripps)
2025-05-04,2025.337,430.89,Mauna Loa (NOAA/Scripps)
2025-05-06,2025.342,430.77,Mauna Loa (NOAA/Scripps)
2025-05-07,2025.345,430.52,Mauna Loa (NOAA/Scripps)
2025-05-08,2025.348,430.81,Mauna Loa (NOAA/Scripps)
2025-05-09,2025.35,430.92,Mauna Loa (NOAA/Scripps)
2025-05-10,2025.353,431.25,Mauna Loa (NOAA/Scripps)
2025-05-14,2025.364,430.69,Mauna Loa (NOAA/Scripps)
2025-05-15,2025.367,430.55,Mauna Loa (NOAA/Scripps)
2025-05-16,2025.37,430.51,Mauna Loa (NOAA/Scripps)
2025-05-19,2025.378,430.69,Mauna Loa (NOAA/Scripps)
2025-05-20,2025.381,430.79,Mauna Loa (NOAA/Scripps)
2025-05-21,2025.383,430.88,Mauna Loa (NOAA/Scripps)
2025-05-22,2025.386,429.89,Mauna Loa (NOAA/Scripps)
2025-05-23,2025.389,429.52,Mauna Loa (NOAA/Scripps)
2025-05-24,2025.392,430.3,Mauna Loa (NOAA/Scripps)
2025-05-25,2025.394,430.43,Mauna Loa (NOAA/Scripps)
2025-05-26,2025.397,430.46,Mauna Loa (NOAA/Scripps)
2025-05-27,2025.4,430.15,Mauna Loa (NOAA/Scripps)
2025-05-28,2025.402,429.17,Mauna Loa (NOAA/Scripps)
2025-05-29,2025.405,430.71,Mauna Loa (NOAA/Scripps)
2025-06-01,2025.413,429.33,Mauna Loa (NOAA/Scripps)
2025-06-02,2025.416,429.07,Mauna Loa (NOAA/Scripps)
2025-06-03,2025.419,430.27,Mauna Loa (NOAA/Scripps)
2025-06-04,2025.422,430.51,Mauna Loa (NOAA/Scripps)
2025-06-05,2025.424,430.7,Mauna Loa (NOAA/Scripps)
2025-06-06,2025.427,430.39,Mauna Loa (NOAA/Scripps)
2025-06-07,2025.43,429.46,Mauna Loa (NOAA/Scripps)
2025-06-08,2025.433,429.77,Mauna Loa (NOAA/Scripps)
2025-06-09,2025.435,430.07,Mauna Loa (NOAA/Scripps)
2025-06-10,2025.438,429.42,Mauna Loa (NOAA/Scripps)
2025-06-11,2025.441,429.36,Mauna Loa (NOAA/Scripps)
2025-06-12,2025.444,429.91,Mauna Loa (NOAA/Scripps)
2025-06-13,2025.446,430.44,Mauna Loa (NOAA/Scripps)
2025-06-14,2025.449,430.51,Mauna Loa (NOAA/Scripps)
2025-06-15,2025.452,430.07,Mauna Loa (NOAA/Scripps)
2025-06-16,2025.454,430.62,Mauna Loa (NOAA/Scripps)
2025-06-17,2025.457,428.04,Mauna Loa (NOAA/Scripps)
2025-06-18,2025.46,428.04,Mauna Loa (NOAA/Scripps)
2025-06-19,2025.463,429.33,Mauna Loa (NOAA/Scripps)
2025-06-21,2025.468,430.26,Mauna Loa (NOAA/Scripps)
2025-06-22,2025.471,430.54,Mauna Loa (NOAA/Scripps)
2025-06-23,2025.474,429.82,Mauna Loa (NOAA/Scripps)
2025-06-24,2025.476,429.25,Mauna Loa (NOAA/Scripps)
2025-06-25,2025.479,429.3,Mauna Loa (NOAA/Scripps)
2025-06-27,2025.485,428.48,Mauna Loa (NOAA/Scripps)
2025-06-28,2025.487,429.49,Mauna Loa (NOAA/Scripps)
2025-06-30,2025.493,428.99,Mauna Loa (NOAA/Scripps)
2025-07-01,2025.496,429.35,Mauna Loa (NOAA/Scripps)
2025-07-02,2025.498,428.57,Mauna Loa (NOAA/Scripps)
2025-07-03,2025.501,428.72,Mauna Loa (NOAA/Scripps)
2025-07-04,2025.504,428.23,Mauna Loa (NOAA/Scripps)
2025-07-05,2025.507,428.37,Mauna Loa (NOAA/Scripps)
2025-07-06,2025.509,428.11,Mauna Loa (NOAA/Scripps)
2025-07-07,2025.512,428.45,Mauna Loa (NOAA/Scripps)
2025-07-08,2025.515,428.49,Mauna Loa (NOAA/Scripps)
2025-07-09,2025.517,428.43,Mauna Loa (NOAA/Scripps)
2025-07-10,2025.52,428.43,Mauna Loa (NOAA/Scripps)
2025-07-11,2025.523,428.55,Mauna Loa (NOAA/Scripps)
2025-07-16,2025.537,427.83,Mauna Loa (NOAA/Scripps)
2025-07-17,2025.539,428.42,Mauna Loa (NOAA/Scripps)
2025-07-18,2025.542,427.49,Mauna Loa (NOAA/Scripps)
2025-07-19,2025.545,427.88,Mauna Loa (NOAA/Scripps)
2025-07-20,2025.548,427.69,Mauna Loa (NOAA/Scripps)
2025-07-22,2025.553,427.51,Mauna Loa (NOAA/Scripps)
2025-07-23,2025.556,427.44,Mauna Loa (NOAA/Scripps)
2025-07-24,2025.559,427.73,Mauna Loa (NOAA/Scripps)
2025-07-25,2025.561,427.22,Mauna Loa (NOAA/Scripps)
2025-07-28,2025.569,426.91,Mauna Loa (NOAA/Scripps)
2025-07-29,2025.572,426.67,Mauna Loa (NOAA/Scripps)
2025-07-30,2025.575,426.76,Mauna Loa (NOAA/Scripps)
2025-07-31,2025.578,426.81,Mauna Loa (NOAA/Scripps)
2025-08-01,2025.58,426.57,Mauna Loa (NOAA/Scripps)
2025-08-02,2025.583,425.7,Mauna Loa (NOAA/Scripps)
2025-08-03,2025.586,425.76,Mauna Loa (NOAA/Scripps)
2025-08-04,2025.589,425.55,Mauna Loa (NOAA/Scripps)
2025-08-05,2025.591,426.29,Mauna Loa (NOAA/Scripps)
2025-08-06,2025.594,426.48,Mauna Loa (NOAA/Scripps)
2025-08-07,2025.597,425.64,Mauna Loa (NOAA/Scripps)
2025-08-08,2025.6,425.71,Mauna Loa (NOAA/Scripps)
2025-08-09,2025.602,425.65,Mauna Loa (NOAA/Scripps)
2025-08-12,2025.611,425.49,Mauna Loa (NOAA/Scripps)
2025-08-13,2025.613,425.5,Mauna Loa (NOAA/Scripps)
2025-08-14,2025.616,425.44,Mauna Loa (NOAA/Scripps)
2025-08-15,2025.619,425.55,Mauna Loa (NOAA/Scripps)
2025-08-16,2025.621,425.22,Mauna Loa (NOAA/Scripps)
2025-08-17,2025.624,425.45,Mauna Loa (NOAA/Scripps)
2025-08-18,2025.627,425.51,Mauna Loa (NOAA/Scripps)
2025-08-19,2025.63,425.58,Mauna Loa (NOAA/Scripps)
2025-08-20,2025.632,425.94,Mauna Loa (NOAA/Scripps)
2025-08-21,2025.635,425.75,Mauna Loa (NOAA/Scripps)
2025-08-22,2025.638,425.76,Mauna Loa (NOAA/Scripps)
2025-08-23,2025.641,425.53,Mauna Loa (NOAA/Scripps)
2025-08-26,2025.649,424.6,Mauna Loa (NOAA/Scripps)
2025-08-27,2025.652,425.18,Mauna Loa (NOAA/Scripps)
2025-08-28,2025.654,425.27,Mauna Loa (NOAA/Scripps)
2025-09-01,2025.665,424.8,Mauna Loa (NOAA/Scripps)
2025-09-03,2025.671,425.65,Mauna Loa (NOAA/Scripps)
2025-09-04,2025.674,425.52,Mauna Loa (NOAA/Scripps)
2025-09-05,2025.676,425.03,Mauna Loa (NOAA/Scripps)
2025-09-06,2025.679,425.17,Mauna Loa (NOAA/Scripps)
2025-09-07,2025.682,423.75,Mauna Loa (NOAA/Scripps)
2025-09-11,2025.693,424.61,Mauna Loa (NOAA/Scripps)
2025-09-12,2025.695,424.4,Mauna Loa (NOAA/Scripps)
2025-09-13,2025.698,424.26,Mauna Loa (NOAA/Scripps)
2025-09-14,2025.701,424.27,Mauna Loa (NOAA/Scripps)
2025-09-17,2025.709,423.16,Mauna Loa (NOAA/Scripps)
2025-09-18,2025.712,424.09,Mauna Loa (NOAA/Scripps)
2025-09-19,2025.715,424.41,Mauna Loa (NOAA/Scripps)
2025-09-20,2025.717,423.95,Mauna Loa (NOAA/Scripps)
2025-09-21,2025.72,424.01,Mauna Loa (NOAA/Scripps)
2025-09-23,2025.726,423.93,Mauna Loa (NOAA/Scripps)
2025-09-24,2025.728,424.35,Mauna Loa (NOAA/Scripps)
2025-09-25,2025.731,424.21,Mauna Loa (NOAA/Scripps)
2025-09-26,2025.734,424.29,Mauna Loa (NOAA/Scripps)
2025-10-08,2025.767,424.69,Mauna Loa (NOAA/Scripps)
2025-10-11,2025.775,424.09,Mauna Loa (NOAA/Scripps)
2025-10-12,2025.778,424.96,Mauna Loa (NOAA/Scripps)
2025-10-13,2025.78,424.7,Mauna Loa (NOAA/Scripps)
2025-10-14,2025.783,424.44,Mauna Loa (NOAA/Scripps)
2025-10-15,2025.786,424.82,Mauna Loa (NOAA/Scripps)
2025-10-17,2025.791,425.1,Mauna Loa (NOAA/Scripps)
2025-10-18,2025.794,424.81,Mauna Loa (NOAA/Scripps)
2025-10-19,2025.797,424.8,Mauna Loa (NOAA/Scripps)
2025-10-20,2025.799,424.96,Mauna Loa (NOAA/Scripps)
2025-10-21,2025.802,424.93,Mauna Loa (NOAA/Scripps)
2025-10-22,2025.805,424.99,Mauna Loa (NOAA/Scripps)
2025-10-23,2025.808,425.43,Mauna Loa (NOAA/Scripps)
2025-10-24,2025.81,426.06,Mauna Loa (NOAA/Scripps)
2025-10-25,2025.813,425.22,Mauna Loa (NOAA/Scripps)
2025-10-26,2025.816,424.92,Mauna Loa (NOAA/Scripps)
2025-10-27,2025.819,424.82,Mauna Loa (NOAA/Scripps)
2025-10-28,2025.821,425.3,Mauna Loa (NOAA/Scripps)
2025-10-30,2025.827,425.58,Mauna Loa (NOAA/Scripps)
2025-11-01,2025.832,425.68,Mauna Loa (NOAA/Scripps)
2025-11-06,2025.846,424.75,Mauna Loa (NOAA/Scripps)
2025-11-08,2025.851,424.81,Mauna Loa (NOAA/Scripps)
2025-11-09,2025.854,426.06,Mauna Loa (NOAA/Scripps)
2025-11-10,2025.857,426.0,Mauna Loa (NOAA/Scripps)
2025-11-11,2025.86,426.07,Mauna Loa (NOAA/Scripps)
2025-11-12,2025.862,426.77,Mauna Loa (NOAA/Scripps)
2025-11-13,2025.865,426.83,Mauna Loa (NOAA/Scripps)
2025-11-14,2025.868,427.6,Mauna Loa (NOAA/Scripps)
2025-11-15,2025.871,428.29,Mauna Loa (NOAA/Scripps)
2025-11-16,2025.873,426.68,Mauna Loa (NOAA/Scripps)
2025-11-17,2025.876,426.84,Mauna Loa (NOAA/Scripps)
2025-11-18,2025.879,426.57,Mauna Loa (NOAA/Scripps)
2025-11-20,2025.884,426.18,Mauna Loa (NOAA/Scripps)
2025-11-21,2025.887,426.47,Mauna Loa (NOAA/Scripps)
2025-11-23,2025.893,426.96,Mauna Loa (NOAA/Scripps)
2025-11-25,2025.898,426.36,Mauna Loa (NOAA/Scripps)
2025-11-27,2025.903,426.89,Mauna Loa (NOAA/Scripps)
2025-11-28,2025.906,427.1,Mauna Loa (NOAA/Scripps)
2025-11-29,2025.909,426.91,Mauna Loa (NOAA/Scripps)
2025-11-30,2025.912,427.22,Mauna Loa (NOAA/Scripps)
2025-12-04,2025.923,427.12,Mauna Loa (NOAA/Scripps)
2025-12-06,2025.928,427.3,Mauna Loa (NOAA/Scripps)
2025-12-07,2025.931,427.48,Mauna Loa (NOAA/Scripps)
2025-12-08,2025.934,427.24,Mauna Loa (NOAA/Scripps)
2025-12-09,2025.936,427.4,Mauna Loa (NOAA/Scripps)
2025-12-10,2025.939,427.29,Mauna Loa (NOAA/Scripps)
2025-12-11,2025.942,427.4,Mauna Loa (NOAA/Scripps)
2025-12-12,2025.945,426.78,Mauna Loa (NOAA/Scripps)
2025-12-13,2025.947,427.15,Mauna Loa (NOAA/Scripps)
2025-12-14,2025.95,427.18,Mauna Loa (NOAA/Scripps)
2025-12-15,2025.953,427.13,Mauna Loa (NOAA/Scripps)
2025-12-16,2025.956,427.29,Mauna Loa (NOAA/Scripps)
2025-12-18,2025.961,427.1,Mauna Loa (NOAA/Scripps)
2025-12-19,2025.964,427.38,Mauna Loa (NOAA/Scripps)
2025-12-20,2025.966,427.25,Mauna Loa (NOAA/Scripps)
2025-12-22,2025.972,427.2,Mauna Loa (NOAA/Scripps)
2025-12-23,2025.975,427.6,Mauna Loa (NOAA/Scripps)
2025-12-24,2025.977,427.61,Mauna Loa (NOAA/Scripps)
2025-12-25,2025.98,427.85,Mauna Loa (NOAA/Scripps)
2025-12-26,2025.983,428.28,Mauna Loa (NOAA/Scripps)
2025-12-27,2025.986,428.68,Mauna Loa (NOAA/Scripps)
2025-12-28,2025.988,428.49,Mauna Loa (NOAA/Scripps)
2025-12-29,2025.991,428.22,Mauna Loa (NOAA/Scripps)
2025-12-30,2025.994,428.44,Mauna Loa (NOAA/Scripps)
2026-01-01,2026.0,428.23,Mauna Loa (NOAA/Scripps)
2026-01-02,2026.003,428.54,Mauna Loa (NOAA/Scripps)
2026-01-03,2026.005,427.65,Mauna Loa (NOAA/Scripps)
2026-01-04,2026.008,428.54,Mauna Loa (NOAA/Scripps)
2026-01-06,2026.014,429.23,Mauna Loa (NOAA/Scripps)
2026-01-09,2026.022,428.58,Mauna Loa (NOAA/Scripps)
2026-01-10,2026.025,428.45,Mauna Loa (NOAA/Scripps)
2026-01-11,2026.027,428.03,Mauna Loa (NOAA/Scripps)
2026-01-12,2026.03,427.9,Mauna Loa (NOAA/Scripps)
2026-01-14,2026.036,430.67,Mauna Loa (NOAA/Scripps)
2026-01-15,2026.038,428.38,Mauna Loa (NOAA/Scripps)
2026-01-16,2026.041,429.39,Mauna Loa (NOAA/Scripps)
2026-01-17,2026.044,430.51,Mauna Loa (NOAA/Scripps)
2026-01-18,2026.047,428.29,Mauna Loa (NOAA/Scripps)
2026-01-19,2026.049,428.41,Mauna Loa (NOAA/Scripps)
2026-01-20,2026.052,428.6,Mauna Loa (NOAA/Scripps)
2026-01-22,2026.057,428.86,Mauna Loa (NOAA/Scripps)
2026-01-24,2026.063,428.93,Mauna Loa (NOAA/Scripps)
2026-01-25,2026.066,428.82,Mauna Loa (NOAA/Scripps)
2026-01-26,2026.068,428.41,Mauna Loa (NOAA/Scripps)
2026-01-27,2026.071,428.5,Mauna Loa (NOAA/Scripps)
2026-01-28,2026.074,428.6,Mauna Loa (NOAA/Scripps)
2026-01-29,2026.077,428.14,Mauna Loa (NOAA/Scripps)
2026-01-30,2026.079,428.22,Mauna Loa (NOAA/Scripps)
2026-01-31,2026.082,428.04,Mauna Loa (NOAA/Scripps)
2026-02-01,2026.085,427.76,Mauna Loa (NOAA/Scripps)
2026-02-02,2026.088,428.24,Mauna Loa (NOAA/Scripps)
2026-02-03,2026.09,427.98,Mauna Loa (NOAA/Scripps)
2026-02-04,2026.093,428.87,Mauna Loa (NOAA/Scripps)
2026-02-05,2026.096,427.67,Mauna Loa (NOAA/Scripps)
2026-02-09,2026.107,428.88,Mauna Loa (NOAA/Scripps)
2026-02-14,2026.12,429.23,Mauna Loa (NOAA/Scripps)
2026-02-16,2026.126,429.29,Mauna Loa (NOAA/Scripps)
2026-02-17,2026.129,430.47,Mauna Loa (NOAA/Scripps)
2026-02-18,2026.131,430.04,Mauna Loa (NOAA/Scripps)
2026-02-19,2026.134,429.97,Mauna Loa (NOAA/Scripps)
2026-02-21,2026.14,429.96,Mauna Loa (NOAA/Scripps)
2026-02-23,2026.145,430.67,Mauna Loa (NOAA/Scripps)
2026-02-25,2026.151,430.92,Mauna Loa (NOAA/Scripps)
2026-02-26,2026.153,430.17,Mauna Loa (NOAA/Scripps)
2026-02-27,2026.156,429.5,Mauna Loa (NOAA/Scripps)
2026-02-28,2026.159,429.6,Mauna Loa (NOAA/Scripps)
2026-03-02,2026.164,429.41,Mauna Loa (NOAA/Scripps)
2026-03-04,2026.17,429.38,Mauna Loa (NOAA/Scripps)
2026-03-05,2026.172,429.23,Mauna Loa (NOAA/Scripps)
2026-03-06,2026.175,430.07,Mauna Loa (NOAA/Scripps)
2026-03-07,2026.178,430.02,Mauna Loa (NOAA/Scripps)
2026-03-08,2026.181,430.29,Mauna Loa (NOAA/Scripps)
2026-03-09,2026.183,430.65,Mauna Loa (NOAA/Scripps)
2026-03-10,2026.186,430.19,Mauna Loa (NOAA/Scripps)
2026-03-12,2026.192,429.73,Mauna Loa (NOAA/Scripps)
2026-03-13,2026.194,429.24,Mauna Loa (NOAA/Scripps)
2026-03-14,2026.197,429.36,Mauna Loa (NOAA/Scripps)
2026-03-15,2026.2,429.36,Mauna Loa (NOAA/Scripps)
2026-03-16,2026.203,429.46,Mauna Loa (NOAA/Scripps)
2026-03-17,2026.205,429.35,Mauna Loa (NOAA/Scripps)
2026-03-18,2026.208,429.33,Mauna Loa (NOAA/Scripps)
2026-03-19,2026.211,429.88,Mauna Loa (NOAA/Scripps)
2026-03-20,2026.214,429.38,Mauna Loa (NOAA/Scripps)
2026-03-21,2026.216,429.49,Mauna Loa (NOAA/Scripps)
2026-03-22,2026.219,429.28,Mauna Loa (NOAA/Scripps)
2026-03-23,2026.222,430.03,Mauna Loa (NOAA/Scripps)
2026-03-24,2026.225,431.89,Mauna Loa (NOAA/Scripps)
2026-03-25,2026.227,431.5,Mauna Loa (NOAA/Scripps)
2026-03-28,2026.235,431.95,Mauna Loa (NOAA/Scripps)
2026-03-29,2026.238,431.46,Mauna Loa (NOAA/Scripps)
2026-03-30,2026.241,431.59,Mauna Loa (NOAA/Scripps)
2026-03-31,2026.244,432.69,Mauna Loa (NOAA/Scripps)
2026-04-01,2026.246,432.48,Mauna Loa (NOAA/Scripps)
2026-04-02,2026.249,431.42,Mauna Loa (NOAA/Scripps)
2026-04-03,2026.252,431.14,Mauna Loa (NOAA/Scripps)
2026-04-04,2026.255,431.33,Mauna Loa (NOAA/Scripps)
2026-04-05,2026.257,433.24,Mauna Loa (NOAA/Scripps)
2026-04-08,2026.266,431.83,Mauna Loa (NOAA/Scripps)
2026-04-11,2026.274,430.54,Mauna Loa (NOAA/Scripps)
2026-04-12,2026.277,430.83,Mauna Loa (NOAA/Scripps)
2026-04-13,2026.279,429.67,Mauna Loa (NOAA/Scripps)
2026-04-14,2026.282,429.67,Mauna Loa (NOAA/Scripps)
2026-04-15,2026.285,429.26,Mauna Loa (NOAA/Scripps)
2026-04-16,2026.287,429.36,Mauna Loa (NOAA/Scripps)
2026-04-17,2026.29,430.0,Mauna Loa (NOAA/Scripps)
2026-04-19,2026.296,430.36,Mauna Loa (NOAA/Scripps)
2026-04-20,2026.298,429.93,Mauna Loa (NOAA/Scripps)
2026-04-21,2026.301,430.72,Mauna Loa (NOAA/Scripps)
2026-04-22,2026.304,432.24,Mauna Loa (NOAA/Scripps)
2026-04-24,2026.309,431.43,Mauna Loa (NOAA/Scripps)
2026-04-25,2026.312,432.2,Mauna Loa (NOAA/Scripps)
2026-04-26,2026.315,431.7,Mauna Loa (NOAA/Scripps)
2026-04-27,2026.318,431.87,Mauna Loa (NOAA/Scripps)
2026-04-28,2026.32,432.2,Mauna Loa (NOAA/Scripps)
2026-04-29,2026.323,432.48,Mauna Loa (NOAA/Scripps)
2026-05-01,2026.329,433.95,Mauna Loa (NOAA/Scripps)
2026-05-10,2026.353,433.47,Mauna Loa (NOAA/Scripps)
2026-05-11,2026.356,431.95,Mauna Loa (NOAA/Scripps)
2026-05-12,2026.359,431.98,Mauna Loa (NOAA/Scripps)
2026-05-13,2026.361,432.04,Mauna Loa (NOAA/Scripps)
2026-05-14,2026.364,431.82,Mauna Loa (NOAA/Scripps)
2026-05-16,2026.37,432.49,Mauna Loa (NOAA/Scripps)
2026-05-17,2026.372,432.02,Mauna Loa (NOAA/Scripps)
2026-05-18,2026.375,431.59,Mauna Loa (NOAA/Scripps)
2026-05-20,2026.381,432.19,Mauna Loa (NOAA/Scripps)
2026-05-21,2026.383,432.55,Mauna Loa (NOAA/Scripps)
2026-05-22,2026.386,432.58,Mauna Loa (NOAA/Scripps)
2026-05-23,2026.389,432.58,Mauna Loa (NOAA/Scripps)
2026-05-26,2026.397,432.53,Mauna Loa (NOAA/Scripps)
2026-05-29,2026.405,432.35,Mauna Loa (NOAA/Scripps)
2026-05-30,2026.408,432.0,Mauna Loa (NOAA/Scripps)
2026-05-31,2026.411,431.56,Mauna Loa (NOAA/Scripps)
2026-06-02,2026.416,432.08,Mauna Loa (NOAA/Scripps)
2026-06-03,2026.419,432.32,Mauna Loa (NOAA/Scripps)
2026-06-04,2026.422,432.08,Mauna Loa (NOAA/Scripps)
2026-06-05,2026.424,432.03,Mauna Loa (NOAA/Scripps)
2026-06-06,2026.427,432.08,Mauna Loa (NOAA/Scripps)
2026-06-07,2026.43,431.83,Mauna Loa (NOAA/Scripps)
2026-06-08,2026.433,432.41,Mauna Loa (NOAA/Scripps)
2026-06-11,2026.441,432.65,Mauna Loa (NOAA/Scripps)
2026-06-13,2026.446,431.71,Mauna Loa (NOAA/Scripps)
2026-06-14,2026.449,431.57,Mauna Loa (NOAA/Scripps)
2026-06-20,2026.465,430.78,Mauna Loa (NOAA/Scripps)
2026-06-21,2026.468,431.24,Mauna Loa (NOAA/Scripps)
2026-06-23,2026.474,431.1,Mauna Loa (NOAA/Scripps)
2026-06-24,2026.476,430.96,Mauna Loa (NOAA/Scripps)
2026-06-25,2026.479,430.5,Mauna Loa (NOAA/Scripps)
2026-06-26,2026.482,430.77,Mauna Loa (NOAA/Scripps)
2026-06-27,2026.485,430.52,Mauna Loa (NOAA/Scripps)
2026-06-29,2026.49,430.12,Mauna Loa (NOAA/Scripps)
2026-06-30,2026.493,430.48,Mauna Loa (NOAA/Scripps)
2026-07-01,2026.496,429.49,Mauna Loa (NOAA/Scripps)
2026-07-02,2026.498,430.36,Mauna Loa (NOAA/Scripps)
2026-07-03,2026.501,430.3,Mauna Loa (NOAA/Scripps)
2026-07-04,2026.504,430.42,Mauna Loa (NOAA/Scripps)
2026-07-05,2026.507,430.15,Mauna Loa (NOAA/Scripps)
2026-07-06,2026.509,429.97,Mauna Loa (NOAA/Scripps)
2026-07-09,2026.517,427.91,Mauna Loa (NOAA/Scripps)
2026-07-10,2026.52,428.42,Mauna Loa (NOAA/Scripps)
2026-07-11,2026.523,428.85,Mauna Loa (NOAA/Scripps)
2026-07-17,2026.539,428.1,Mauna Loa (NOAA/Scripps)
2026-07-18,2026.542,428.86,Mauna Loa (NOAA/Scripps)
2026-07-19,2026.545,428.76,Mauna Loa (NOAA/Scripps)
2026-07-21,2026.55,428.07,Mauna Loa (NOAA/Scripps)
2026-07-23,2026.556,429.16,Mauna Loa (NOAA/Scripps)
2026-07-24,2026.559,429.03,Mauna Loa (NOAA/Scripps)
2026-07-25,2026.561,428.58,Mauna Loa (NOAA/Scripps)
2026-07-26,2026.564,428.95,Mauna Loa (NOAA/Scripps)
2026-07-27,2026.567,429.21,Mauna Loa (NOAA/Scripps)
2026-07-28,2026.569,429.01,Mauna Loa (NOAA/Scripps)
2026-07-29,2026.572,429.29,Mauna Loa (NOAA/Scripps)
2026-07-31,2026.578,428.52,Mauna Loa (NOAA/Scripps)
2026-08-02,2026.583,428.47,Mauna Loa (NOAA/Scripps)
2026-08-07,2026.597,428.28,Mauna Loa (NOAA/Scripps)
2026-08-08,2026.6,427.8,Mauna Loa (NOAA/Scripps)
2026-08-12,2026.611,428.02,Mauna Loa (NOAA/Scripps)
2026-08-13,2026.613,426.95,Mauna Loa (NOAA/Scripps)
2026-08-14,2026.616,427.8,Mauna Loa (NOAA/Scripps)
