record,x_kind,x_value,temp_anomaly_C_vs_1850_1900,lower_5pct,upper_95pct
Hansen_benthic_stack,age_BP,0.0,0.20999999999999963,,
Hansen_benthic_stack,age_BP,1600.0,0.44999999999999984,,
Hansen_benthic_stack,age_BP,2400.0,0.5799999999999988,,
Hansen_benthic_stack,age_BP,3200.0,0.5799999999999988,,
Hansen_benthic_stack,age_BP,4000.0,0.2299999999999992,,
Hansen_benthic_stack,age_BP,4800.0,0.0399999999999997,,
Hansen_benthic_stack,age_BP,5400.0,0.24999999999999878,,
Hansen_benthic_stack,age_BP,6200.0,0.20999999999999963,,
Hansen_benthic_stack,age_BP,7000.0,0.13999999999999935,,
Hansen_benthic_stack,age_BP,7800.0,0.4099999999999989,,
Hansen_benthic_stack,age_BP,8600.0,0.489999999999999,,
Hansen_benthic_stack,age_BP,9600.0,-0.3299999999999995,,
Hansen_benthic_stack,age_BP,10400.0,-0.5799999999999995,,
Hansen_benthic_stack,age_BP,11200.0,-0.9500000000000005,,
Hansen_benthic_stack,age_BP,11800.0,-1.1100000000000008,,
Hansen_benthic_stack,age_BP,12800.0,-1.8199999999999998,,
Hansen_benthic_stack,age_BP,13600.0,-2.0300000000000007,,
Hansen_benthic_stack,age_BP,14800.0,-2.8700000000000006,,
Hansen_benthic_stack,age_BP,16000.0,-3.15,,
Hansen_benthic_stack,age_BP,17000.0,-4.069999999999999,,
Hansen_benthic_stack,age_BP,17600.0,-4.3,,
Hansen_benthic_stack,age_BP,18400.0,-4.44,,
Hansen_benthic_stack,age_BP,18800.0,-4.2299999999999995,,
Hansen_benthic_stack,age_BP,19500.0,-4.329999999999999,,
Hansen_benthic_stack,age_BP,20500.0,-3.9600000000000004,,
Hansen_benthic_stack,age_BP,21700.0,-4.1000000000000005,,
Hansen_benthic_stack,age_BP,22500.0,-3.89,,
Hansen_benthic_stack,age_BP,23700.0,-3.9600000000000004,,
Hansen_benthic_stack,age_BP,24800.0,-3.8299999999999996,,
Hansen_benthic_stack,age_BP,25800.0,-3.850000000000001,,
Hansen_benthic_stack,age_BP,26600.0,-3.65,,
Hansen_benthic_stack,age_BP,27800.0,-3.4600000000000004,,
Hansen_benthic_stack,age_BP,28700.0,-3.3600000000000008,,
Hansen_benthic_stack,age_BP,29700.0,-3.22,,
Hansen_benthic_stack,age_BP,30700.0,-3.270000000000001,,
Hansen_benthic_stack,age_BP,31700.0,-3.0799999999999996,,
Hansen_benthic_stack,age_BP,32400.0,-3.3800000000000003,,
Hansen_benthic_stack,age_BP,33500.0,-3.2800000000000007,,
Hansen_benthic_stack,age_BP,34300.0,-3.3600000000000008,,
Hansen_benthic_stack,age_BP,35100.0,-3.15,,
Hansen_benthic_stack,age_BP,36300.0,-3.340000000000001,,
Hansen_benthic_stack,age_BP,37600.0,-3.07,,
Hansen_benthic_stack,age_BP,38400.0,-3.1200000000000006,,
Hansen_benthic_stack,age_BP,39400.0,-2.9500000000000006,,
Hansen_benthic_stack,age_BP,40400.0,-2.97,,
Hansen_benthic_stack,age_BP,41100.0,-2.930000000000001,,
Hansen_benthic_stack,age_BP,41900.0,-3.07,,
Hansen_benthic_stack,age_BP,43000.0,-3.0000000000000013,,
Hansen_benthic_stack,age_BP,44200.0,-2.930000000000001,,
Hansen_benthic_stack,age_BP,45400.0,-2.89,,
Hansen_benthic_stack,age_BP,46500.0,-2.8600000000000008,,
Hansen_benthic_stack,age_BP,47500.0,-2.8600000000000008,,
Hansen_benthic_stack,age_BP,48300.0,-2.850000000000001,,
Hansen_benthic_stack,age_BP,49099.99999999999,-2.9500000000000006,,
Hansen_benthic_stack,age_BP,49900.0,-3.1200000000000006,,
Hansen_benthic_stack,age_BP,50700.0,-2.8000000000000003,,
Hansen_benthic_stack,age_BP,51300.0,-2.73,,
Hansen_benthic_stack,age_BP,51900.0,-2.590000000000001,,
Hansen_benthic_stack,age_BP,52800.0,-2.340000000000001,,
Hansen_benthic_stack,age_BP,53400.0,-2.23,,
Hansen_benthic_stack,age_BP,54200.0,-2.5500000000000003,,
Hansen_benthic_stack,age_BP,55200.0,-2.600000000000001,,
Hansen_benthic_stack,age_BP,56000.0,-2.4,,
Hansen_benthic_stack,age_BP,57000.0,-2.7000000000000006,,
Hansen_benthic_stack,age_BP,58100.0,-2.9500000000000006,,
Hansen_benthic_stack,age_BP,59100.0,-2.7900000000000005,,
Hansen_benthic_stack,age_BP,60500.0,-2.6700000000000013,,
Hansen_benthic_stack,age_BP,61900.0,-2.8700000000000006,,
Hansen_benthic_stack,age_BP,62700.00000000001,-2.8700000000000006,,
Hansen_benthic_stack,age_BP,63500.0,-2.7000000000000006,,
Hansen_benthic_stack,age_BP,64299.99999999999,-3.0300000000000007,,
Hansen_benthic_stack,age_BP,65100.00000000001,-3.0500000000000003,,
Hansen_benthic_stack,age_BP,66100.0,-3.020000000000001,,
Hansen_benthic_stack,age_BP,67400.0,-2.680000000000001,,
Hansen_benthic_stack,age_BP,68900.0,-2.440000000000001,,
Hansen_benthic_stack,age_BP,70300.0,-2.1200000000000006,,
Hansen_benthic_stack,age_BP,71500.0,-1.8800000000000003,,
Hansen_benthic_stack,age_BP,72900.0,-1.8900000000000001,,
Hansen_benthic_stack,age_BP,74000.0,-2.0000000000000013,,
Hansen_benthic_stack,age_BP,75000.0,-1.9600000000000004,,
Hansen_benthic_stack,age_BP,76599.99999999999,-1.7000000000000006,,
Hansen_benthic_stack,age_BP,77800.0,-1.48,,
Hansen_benthic_stack,age_BP,78600.0,-1.1100000000000008,,
Hansen_benthic_stack,age_BP,79400.0,-1.0500000000000003,,
Hansen_benthic_stack,age_BP,80600.0,-1.1400000000000001,,
Hansen_benthic_stack,age_BP,81200.0,-1.0900000000000012,,
Hansen_benthic_stack,age_BP,82000.0,-1.2600000000000011,,
Hansen_benthic_stack,age_BP,83200.0,-1.7200000000000002,,
Hansen_benthic_stack,age_BP,84600.0,-1.6200000000000006,,
Hansen_benthic_stack,age_BP,85600.0,-1.5000000000000013,,
Hansen_benthic_stack,age_BP,86800.0,-1.6300000000000003,,
Hansen_benthic_stack,age_BP,87900.0,-1.73,,
Hansen_benthic_stack,age_BP,88700.0,-1.7100000000000004,,
Hansen_benthic_stack,age_BP,89500.0,-1.56,,
Hansen_benthic_stack,age_BP,90300.0,-1.5900000000000012,,
Hansen_benthic_stack,age_BP,91100.0,-1.65,,
Hansen_benthic_stack,age_BP,92200.0,-1.4200000000000013,,
Hansen_benthic_stack,age_BP,93200.0,-0.9400000000000007,,
Hansen_benthic_stack,age_BP,94200.0,-1.1400000000000001,,
Hansen_benthic_stack,age_BP,95100.0,-1.0799999999999996,,
Hansen_benthic_stack,age_BP,96100.0,-0.9099999999999996,,
Hansen_benthic_stack,age_BP,96900.0,-0.9400000000000007,,
Hansen_benthic_stack,age_BP,97900.0,-1.2200000000000002,,
Hansen_benthic_stack,age_BP,98800.0,-1.020000000000001,,
Hansen_benthic_stack,age_BP,99700.0,-1.0500000000000003,,
Hansen_benthic_stack,age_BP,100900.0,-0.9400000000000007,,
Hansen_benthic_stack,age_BP,101900.0,-0.7800000000000006,,
Hansen_benthic_stack,age_BP,102700.0,-0.7299999999999999,,
Hansen_benthic_stack,age_BP,103800.0,-0.9400000000000007,,
Hansen_benthic_stack,age_BP,105200.0,-0.8800000000000002,,
Hansen_benthic_stack,age_BP,106200.0,-1.0699999999999998,,
Hansen_benthic_stack,age_BP,107200.0,-1.2600000000000011,,
Hansen_benthic_stack,age_BP,108800.0,-1.3800000000000003,,
Hansen_benthic_stack,age_BP,110000.0,-1.2100000000000004,,
Hansen_benthic_stack,age_BP,111000.0,-1.2800000000000007,,
Hansen_benthic_stack,age_BP,112000.0,-0.9400000000000007,,
Hansen_benthic_stack,age_BP,113000.0,-0.7299999999999999,,
Hansen_benthic_stack,age_BP,113700.0,-0.5500000000000002,,
Hansen_benthic_stack,age_BP,114500.0,-0.3999999999999998,,
Hansen_benthic_stack,age_BP,115500.0,-0.6300000000000002,,
Hansen_benthic_stack,age_BP,116500.0,-0.8199999999999997,,
Hansen_benthic_stack,age_BP,117500.0,-0.3999999999999998,,
Hansen_benthic_stack,age_BP,118400.0,-0.12000000000000044,,
Hansen_benthic_stack,age_BP,119200.0,-0.020000000000000795,,
Hansen_benthic_stack,age_BP,119900.0,0.7299999999999992,,
Hansen_benthic_stack,age_BP,120500.0,1.7199999999999993,,
Hansen_benthic_stack,age_BP,121500.0,1.1,,
Hansen_benthic_stack,age_BP,122400.0,1.2799999999999998,,
Hansen_benthic_stack,age_BP,123600.00000000001,1.77,,
Hansen_benthic_stack,age_BP,124500.0,0.4799999999999992,,
Hansen_benthic_stack,age_BP,125500.0,-0.2000000000000005,,
Hansen_benthic_stack,age_BP,126300.0,-0.47999999999999987,,
Hansen_benthic_stack,age_BP,127599.99999999999,-0.8600000000000007,,
Hansen_benthic_stack,age_BP,128599.99999999999,-1.9500000000000006,,
Hansen_benthic_stack,age_BP,129800.0,-1.9600000000000004,,
Hansen_benthic_stack,age_BP,131000.0,-2.350000000000001,,
Hansen_benthic_stack,age_BP,132400.0,-3.06,,
Hansen_benthic_stack,age_BP,133400.0,-3.81,,
Hansen_benthic_stack,age_BP,134400.00000000003,-3.8800000000000003,,
Hansen_benthic_stack,age_BP,135400.0,-3.930000000000001,,
Hansen_benthic_stack,age_BP,136800.0,-4.159999999999999,,
Hansen_benthic_stack,age_BP,137800.0,-3.9200000000000013,,
Hansen_benthic_stack,age_BP,138600.0,-3.82,,
Hansen_benthic_stack,age_BP,139600.0,-3.840000000000001,,
Hansen_benthic_stack,age_BP,140400.0,-3.8600000000000008,,
Hansen_benthic_stack,age_BP,141000.0,-3.6599999999999997,,
Hansen_benthic_stack,age_BP,141800.0,-3.65,,
Hansen_benthic_stack,age_BP,142600.0,-3.6200000000000006,,
Hansen_benthic_stack,age_BP,143300.0,-3.690000000000001,,
Hansen_benthic_stack,age_BP,144100.0,-3.5400000000000005,,
Hansen_benthic_stack,age_BP,144900.0,-3.7900000000000005,,
Hansen_benthic_stack,age_BP,145700.0,-3.8600000000000008,,
Hansen_benthic_stack,age_BP,146500.0,-3.81,,
Hansen_benthic_stack,age_BP,147200.0,-3.7500000000000013,,
Hansen_benthic_stack,age_BP,148000.0,-4.2,,
Hansen_benthic_stack,age_BP,148600.0,-4.069999999999999,,
Hansen_benthic_stack,age_BP,149200.0,-3.850000000000001,,
Hansen_benthic_stack,age_BP,150000.0,-3.81,,
Hansen_benthic_stack,age_BP,150800.0,-3.6599999999999997,,
Hansen_benthic_stack,age_BP,151600.0,-3.4899999999999998,,
Hansen_benthic_stack,age_BP,152600.0,-3.4,,
Hansen_benthic_stack,age_BP,153600.0,-3.260000000000001,,
Hansen_benthic_stack,age_BP,154400.0,-3.2900000000000005,,
Hansen_benthic_stack,age_BP,155400.0,-3.2399999999999998,,
Hansen_benthic_stack,age_BP,156300.0,-3.14,,
Hansen_benthic_stack,age_BP,157300.0,-3.15,,
Hansen_benthic_stack,age_BP,158100.0,-3.340000000000001,,
Hansen_benthic_stack,age_BP,159100.0,-3.4200000000000013,,
Hansen_benthic_stack,age_BP,159900.0,-3.32,,
Hansen_benthic_stack,age_BP,161000.0,-3.180000000000001,,
Snyder_SST_stack,age_BP,1000.0,0.055083559997428005,,
Snyder_SST_stack,age_BP,2000.0,0.1367575854074689,,
Snyder_SST_stack,age_BP,3000.0,0.2574274861471457,,
Snyder_SST_stack,age_BP,4000.0,0.3120681247036089,,
Snyder_SST_stack,age_BP,5000.0,0.359750415442901,,
Snyder_SST_stack,age_BP,6000.0,0.366328037734334,,
Snyder_SST_stack,age_BP,7000.0,0.2889790462464331,,
Snyder_SST_stack,age_BP,8000.0,0.1682051000295851,,
Snyder_SST_stack,age_BP,9000.0,-0.10905660725118801,,
Snyder_SST_stack,age_BP,10000.0,-0.514519842499508,,
Snyder_SST_stack,age_BP,11000.0,-1.10158283657184,,
Snyder_SST_stack,age_BP,12000.0,-1.77481100072051,,
Snyder_SST_stack,age_BP,13000.0,-2.4841524361092002,,
Snyder_SST_stack,age_BP,14000.0,-3.2135936387598,,
Snyder_SST_stack,age_BP,15000.0,-3.8871319903855803,,
Snyder_SST_stack,age_BP,16000.0,-4.474370629982269,,
Snyder_SST_stack,age_BP,17000.0,-5.04326510022642,,
Snyder_SST_stack,age_BP,18000.0,-5.4431702564958195,,
Snyder_SST_stack,age_BP,19000.0,-5.701894737390609,,
Snyder_SST_stack,age_BP,20000.0,-5.910212518699139,,
Snyder_SST_stack,age_BP,21000.0,-6.0275806621948,,
Snyder_SST_stack,age_BP,22000.0,-6.047408158911789,,
Snyder_SST_stack,age_BP,23000.0,-6.01992088607945,,
Snyder_SST_stack,age_BP,24000.0,-5.999602981269989,,
Snyder_SST_stack,age_BP,25000.0,-5.8938696570886,,
Snyder_SST_stack,age_BP,26000.0,-5.73596764329165,,
Snyder_SST_stack,age_BP,27000.0,-5.7054956227902895,,
Snyder_SST_stack,age_BP,28000.0,-5.65896741882003,,
Snyder_SST_stack,age_BP,29000.0,-5.6889666348623695,,
Snyder_SST_stack,age_BP,30000.0,-5.60199025883884,,
Snyder_SST_stack,age_BP,31000.0,-5.51032300333499,,
Snyder_SST_stack,age_BP,32000.0,-5.40388640131389,,
Snyder_SST_stack,age_BP,33000.0,-5.35019243174719,,
Snyder_SST_stack,age_BP,34000.0,-5.333283324894129,,
Snyder_SST_stack,age_BP,35000.0,-5.351368056390079,,
Snyder_SST_stack,age_BP,36000.0,-5.361080279834949,,
Snyder_SST_stack,age_BP,37000.0,-5.39122078434371,,
Snyder_SST_stack,age_BP,38000.0,-5.48640190402703,,
Snyder_SST_stack,age_BP,39000.0,-5.5209130872181,,
Snyder_SST_stack,age_BP,40000.0,-5.581348422342019,,
Snyder_SST_stack,age_BP,41000.0,-5.57441204283575,,
Snyder_SST_stack,age_BP,42000.0,-5.497223271232129,,
Snyder_SST_stack,age_BP,43000.0,-5.397195521058469,,
Snyder_SST_stack,age_BP,44000.0,-5.200859533371919,,
Snyder_SST_stack,age_BP,45000.0,-5.1209157480634495,,
Snyder_SST_stack,age_BP,46000.0,-5.04944054193982,,
Snyder_SST_stack,age_BP,47000.0,-5.07029015379349,,
Snyder_SST_stack,age_BP,48000.0,-5.0738175694558,,
Snyder_SST_stack,age_BP,49000.0,-4.976909198376299,,
Snyder_SST_stack,age_BP,50000.0,-4.88282742738733,,
Snyder_SST_stack,age_BP,51000.0,-4.71613672882145,,
Snyder_SST_stack,age_BP,52000.0,-4.59838908465568,,
Snyder_SST_stack,age_BP,53000.0,-4.57149209608654,,
Snyder_SST_stack,age_BP,54000.0,-4.56965013616216,,
Snyder_SST_stack,age_BP,55000.0,-4.6468450633593,,
Snyder_SST_stack,age_BP,56000.0,-4.69292261368826,,
Snyder_SST_stack,age_BP,57000.0,-4.8489908473052195,,
Snyder_SST_stack,age_BP,58000.0,-4.9838374276491795,,
Snyder_SST_stack,age_BP,59000.0,-5.230014817495549,,
Snyder_SST_stack,age_BP,60000.0,-5.41623729750095,,
Snyder_SST_stack,age_BP,61000.0,-5.569454283412569,,
Snyder_SST_stack,age_BP,62000.0,-5.663941770508,,
Snyder_SST_stack,age_BP,63000.0,-5.783822581541499,,
Snyder_SST_stack,age_BP,64000.0,-5.831931914257099,,
Snyder_SST_stack,age_BP,65000.0,-5.88888890188644,,
Snyder_SST_stack,age_BP,66000.0,-5.75923444433143,,
Snyder_SST_stack,age_BP,67000.0,-5.59234669009056,,
Snyder_SST_stack,age_BP,68000.0,-5.36489232904907,,
Snyder_SST_stack,age_BP,69000.0,-5.106187314762329,,
Snyder_SST_stack,age_BP,70000.0,-4.80195684176939,,
Snyder_SST_stack,age_BP,71000.0,-4.383923787181099,,
Snyder_SST_stack,age_BP,72000.0,-4.078316874656119,,
Snyder_SST_stack,age_BP,73000.0,-3.7755120158508704,,
Snyder_SST_stack,age_BP,74000.0,-3.46548161007305,,
Snyder_SST_stack,age_BP,75000.0,-3.06754185872622,,
Snyder_SST_stack,age_BP,76000.0,-2.73669449368979,,
Snyder_SST_stack,age_BP,77000.0,-2.55788817286314,,
Snyder_SST_stack,age_BP,78000.0,-2.3750251673655,,
Snyder_SST_stack,age_BP,79000.0,-2.24421734505529,,
Snyder_SST_stack,age_BP,80000.0,-2.1302414353826102,,
Snyder_SST_stack,age_BP,81000.0,-2.08180496151823,,
Snyder_SST_stack,age_BP,82000.0,-2.10628568009236,,
Snyder_SST_stack,age_BP,83000.0,-2.11479098314882,,
Snyder_SST_stack,age_BP,84000.0,-2.15759145856031,,
Snyder_SST_stack,age_BP,85000.0,-2.32976054489399,,
Snyder_SST_stack,age_BP,86000.0,-2.4860329479457,,
Snyder_SST_stack,age_BP,87000.0,-2.62288181131573,,
Snyder_SST_stack,age_BP,88000.0,-2.65685937523547,,
Snyder_SST_stack,age_BP,89000.0,-2.59212233829952,,
Snyder_SST_stack,age_BP,90000.0,-2.58908019686789,,
Snyder_SST_stack,age_BP,91000.0,-2.53867073735165,,
Snyder_SST_stack,age_BP,92000.0,-2.45026558934283,,
Snyder_SST_stack,age_BP,93000.0,-2.36982836648703,,
Snyder_SST_stack,age_BP,94000.0,-2.19281969749894,,
Snyder_SST_stack,age_BP,95000.0,-2.0110772637303502,,
Snyder_SST_stack,age_BP,96000.0,-1.8418310664368902,,
Snyder_SST_stack,age_BP,97000.0,-1.65621219586721,,
Snyder_SST_stack,age_BP,98000.0,-1.48577912864488,,
Snyder_SST_stack,age_BP,99000.0,-1.37898866192648,,
Snyder_SST_stack,age_BP,100000.0,-1.32112403624117,,
Snyder_SST_stack,age_BP,101000.0,-1.26650674759493,,
Snyder_SST_stack,age_BP,102000.0,-1.33491285121624,,
Snyder_SST_stack,age_BP,103000.0,-1.3658922421906001,,
Snyder_SST_stack,age_BP,104000.0,-1.5184483328132101,,
Snyder_SST_stack,age_BP,105000.0,-1.59455257649901,,
Snyder_SST_stack,age_BP,106000.0,-1.70585563126218,,
Snyder_SST_stack,age_BP,107000.0,-1.8297884908493298,,
Snyder_SST_stack,age_BP,108000.0,-1.9243067764151198,,
Snyder_SST_stack,age_BP,109000.0,-1.98835590162548,,
Snyder_SST_stack,age_BP,110000.0,-1.9999146319846601,,
Snyder_SST_stack,age_BP,111000.0,-1.69866119026058,,
Snyder_SST_stack,age_BP,112000.0,-1.29283390703865,,
Snyder_SST_stack,age_BP,113000.0,-0.88890914187992,,
Snyder_SST_stack,age_BP,114000.0,-0.5381246727023951,,
Snyder_SST_stack,age_BP,115000.0,-0.249427002326338,,
Snyder_SST_stack,age_BP,116000.0,0.10754761033153001,,
Snyder_SST_stack,age_BP,117000.0,0.5089677405824911,,
Snyder_SST_stack,age_BP,118000.0,0.903344757640295,,
Snyder_SST_stack,age_BP,119000.0,1.32970826935425,,
Snyder_SST_stack,age_BP,120000.0,1.77238963901313,,
Snyder_SST_stack,age_BP,121000.0,2.07995904084078,,
Snyder_SST_stack,age_BP,122000.0,2.21295840900299,,
Snyder_SST_stack,age_BP,123000.0,2.22166888415877,,
Snyder_SST_stack,age_BP,124000.0,2.01138739147898,,
Snyder_SST_stack,age_BP,125000.0,1.7247919453843,,
Snyder_SST_stack,age_BP,126000.0,1.41418772897612,,
Snyder_SST_stack,age_BP,127000.0,0.977626366059729,,
Snyder_SST_stack,age_BP,128000.0,0.496592572687673,,
Snyder_SST_stack,age_BP,129000.0,-0.06527175301649199,,
Snyder_SST_stack,age_BP,130000.0,-0.70999262072334,,
Snyder_SST_stack,age_BP,131000.0,-1.50675110646263,,
Snyder_SST_stack,age_BP,132000.0,-2.09707010226317,,
Snyder_SST_stack,age_BP,133000.0,-2.68184053523467,,
Snyder_SST_stack,age_BP,134000.0,-3.30494426640133,,
Snyder_SST_stack,age_BP,135000.0,-3.8745293583381604,,
Snyder_SST_stack,age_BP,136000.0,-4.32049049610209,,
Snyder_SST_stack,age_BP,137000.0,-4.59809446518691,,
Snyder_SST_stack,age_BP,138000.0,-4.77325564056392,,
Snyder_SST_stack,age_BP,139000.0,-4.895433861156749,,
Snyder_SST_stack,age_BP,140000.0,-4.9564021838909795,,
Snyder_SST_stack,age_BP,141000.0,-5.01931843406873,,
Snyder_SST_stack,age_BP,142000.0,-5.006401346361719,,
Snyder_SST_stack,age_BP,143000.0,-5.10626797654684,,
Snyder_SST_stack,age_BP,144000.0,-5.25264712316855,,
Snyder_SST_stack,age_BP,145000.0,-5.34503360749683,,
Snyder_SST_stack,age_BP,146000.0,-5.481830640616799,,
Snyder_SST_stack,age_BP,147000.0,-5.564444877336729,,
Snyder_SST_stack,age_BP,148000.0,-5.58611415107693,,
Snyder_SST_stack,age_BP,149000.0,-5.30601010197256,,
Snyder_SST_stack,age_BP,150000.0,-5.224509701127509,,
Snyder_SST_stack,age_BP,151000.0,-5.05495961579057,,
Snyder_SST_stack,age_BP,152000.0,-5.0083320623501395,,
Snyder_SST_stack,age_BP,153000.0,-5.109818188972589,,
Snyder_SST_stack,age_BP,154000.0,-4.98072354627696,,
Snyder_SST_stack,age_BP,155000.0,-4.899620417296579,,
Snyder_SST_stack,age_BP,156000.0,-4.88794406382465,,
Snyder_SST_stack,age_BP,157000.0,-5.044205147371519,,
Snyder_SST_stack,age_BP,158000.0,-4.971033830425889,,
Snyder_SST_stack,age_BP,159000.0,-4.8912328982555895,,
Snyder_SST_stack,age_BP,160000.0,-4.8605172250025,,
Kaufman_Temp12k,age_BP,0.0,-0.292400068763211,0.5494705392405079,
Kaufman_Temp12k,age_BP,100.0,-0.37200463788719496,0.32563802261643104,
Kaufman_Temp12k,age_BP,200.0,-0.319516398256662,0.356742588874863,
Kaufman_Temp12k,age_BP,300.0,-0.34327597698463996,0.329186425130921,
Kaufman_Temp12k,age_BP,400.0,-0.34619703209708297,0.31751937858231505,
Kaufman_Temp12k,age_BP,500.0,-0.314303654187321,0.309327476992427,
Kaufman_Temp12k,age_BP,600.0,-0.270117701682549,0.33522119358706404,
Kaufman_Temp12k,age_BP,700.0,-0.257741406571118,0.35181603807195605,
Kaufman_Temp12k,age_BP,800.0,-0.23155686980764,0.34482052579315203,
Kaufman_Temp12k,age_BP,900.0,-0.247440575338658,0.349331365876138,
Kaufman_Temp12k,age_BP,1000.0,-0.217779778909748,0.390281392585911,
Kaufman_Temp12k,age_BP,1100.0,-0.175319251628086,0.440433623671581,
Kaufman_Temp12k,age_BP,1200.0,-0.14881082396476,0.481144922149507,
Kaufman_Temp12k,age_BP,1300.0,-0.1020079297474049,0.4739525632181629,
Kaufman_Temp12k,age_BP,1400.0,-0.145244947896276,0.420057637077193,
Kaufman_Temp12k,age_BP,1500.0,-0.16131055592768,0.36924903194900505,
Kaufman_Temp12k,age_BP,1600.0,-0.173957514109298,0.37812783704085695,
Kaufman_Temp12k,age_BP,1700.0,-0.141795053919837,0.43482164690413205,
Kaufman_Temp12k,age_BP,1800.0,-0.134687285410945,0.430011262388429,
Kaufman_Temp12k,age_BP,1900.0,-0.154823639893179,0.382622174094166,
Kaufman_Temp12k,age_BP,2000.0,-0.1287258697659249,0.392521101836933,
Kaufman_Temp12k,age_BP,2100.0,-0.0979536778443897,0.45949852143051095,
Kaufman_Temp12k,age_BP,2200.0,-0.0557921830130671,0.503419679115831,
Kaufman_Temp12k,age_BP,2300.0,-0.0391596087670953,0.5400731466964009,
Kaufman_Temp12k,age_BP,2400.0,-0.0426511897001981,0.53391663809736,
Kaufman_Temp12k,age_BP,2500.0,-0.03698163578266985,0.581340275576511,
Kaufman_Temp12k,age_BP,2600.0,-0.044852309269326596,0.554819259871559,
Kaufman_Temp12k,age_BP,2700.0,-0.03143585003403941,0.583269091923293,
Kaufman_Temp12k,age_BP,2800.0,-0.02069661922103501,0.623556275745942,
Kaufman_Temp12k,age_BP,2900.0,0.005405584820298903,0.657876589864876,
Kaufman_Temp12k,age_BP,3000.0,0.0211266773078915,0.684053694639158,
Kaufman_Temp12k,age_BP,3100.0,0.04920163043389231,0.7448100108174089,
Kaufman_Temp12k,age_BP,3200.0,0.06324018804673841,0.7442845065316169,
Kaufman_Temp12k,age_BP,3300.0,0.0578804210629847,0.757575188805303,
Kaufman_Temp12k,age_BP,3400.0,0.099794361712568,0.7849322197268179,
Kaufman_Temp12k,age_BP,3500.0,0.084816209070461,0.8559221705783749,
Kaufman_Temp12k,age_BP,3600.0,0.10296438407998001,0.8922261671251179,
Kaufman_Temp12k,age_BP,3700.0,0.11090111584793,0.944442381902071,
Kaufman_Temp12k,age_BP,3800.0,0.11517189837167499,0.896169322012663,
Kaufman_Temp12k,age_BP,3900.0,0.1029559328588,0.876922947272312,
Kaufman_Temp12k,age_BP,4000.0,0.10097303928711301,0.8499445127379,
Kaufman_Temp12k,age_BP,4100.0,0.106763418476786,0.896238580672902,
Kaufman_Temp12k,age_BP,4200.0,0.10382909273840801,0.880920984214905,
Kaufman_Temp12k,age_BP,4300.0,0.101620785666757,0.8857677888265589,
Kaufman_Temp12k,age_BP,4400.0,0.11845743724357499,0.931108876131458,
Kaufman_Temp12k,age_BP,4500.0,0.122940017073777,0.9409150905902419,
Kaufman_Temp12k,age_BP,4600.0,0.131354093813906,0.942590091950428,
Kaufman_Temp12k,age_BP,4700.0,0.15307296143305701,0.9782778976008799,
Kaufman_Temp12k,age_BP,4800.0,0.148218079013578,1.01498760419749,
Kaufman_Temp12k,age_BP,4900.0,0.16780259372867,1.06044335161042,
Kaufman_Temp12k,age_BP,5000.0,0.172848139037707,1.06660465661768,
Kaufman_Temp12k,age_BP,5100.0,0.180115887278325,1.05044402349686,
Kaufman_Temp12k,age_BP,5200.0,0.173958932950451,1.06782868726732,
Kaufman_Temp12k,age_BP,5300.0,0.171805217019641,1.11405850682553,
Kaufman_Temp12k,age_BP,5400.0,0.189006508956345,1.1080170918438,
Kaufman_Temp12k,age_BP,5500.0,0.184042075298563,1.1154791024586,
Kaufman_Temp12k,age_BP,5600.0,0.209250027865481,1.18475844917749,
Kaufman_Temp12k,age_BP,5700.0,0.196120850814536,1.2360194834606,
Kaufman_Temp12k,age_BP,5800.0,0.21707674352067,1.25270648698666,
Kaufman_Temp12k,age_BP,5900.0,0.216770531837286,1.23253972383134,
Kaufman_Temp12k,age_BP,6000.0,0.24251499608151902,1.26267521095425,
Kaufman_Temp12k,age_BP,6100.0,0.247557373366977,1.33663403277385,
Kaufman_Temp12k,age_BP,6200.0,0.261389585073729,1.34537041095335,
Kaufman_Temp12k,age_BP,6300.0,0.24864739473691203,1.36664480936627,
Kaufman_Temp12k,age_BP,6400.0,0.261812797480248,1.33236527652733,
Kaufman_Temp12k,age_BP,6500.0,0.25795529061620803,1.35220004240655,
Kaufman_Temp12k,age_BP,6600.0,0.270974955576743,1.36632092806866,
Kaufman_Temp12k,age_BP,6700.0,0.26444435700188695,1.31012472497053,
Kaufman_Temp12k,age_BP,6800.0,0.25556637528328596,1.29723940385809,
Kaufman_Temp12k,age_BP,6900.0,0.237008360942047,1.28158221198623,
Kaufman_Temp12k,age_BP,7000.0,0.236211829988437,1.26848057487075,
Kaufman_Temp12k,age_BP,7100.0,0.22245167869594099,1.27395818721113,
Kaufman_Temp12k,age_BP,7200.0,0.200566711784159,1.23166817364245,
Kaufman_Temp12k,age_BP,7300.0,0.196346510737,1.20788762682253,
Kaufman_Temp12k,age_BP,7400.0,0.158044337207867,1.16242205410548,
Kaufman_Temp12k,age_BP,7500.0,0.137142362457692,1.1253754415769999,
Kaufman_Temp12k,age_BP,7600.0,0.13672390312691401,1.05865295223093,
Kaufman_Temp12k,age_BP,7700.0,0.10978899270058101,1.03090652550659,
Kaufman_Temp12k,age_BP,7800.0,0.125432979517085,0.9775286482315899,
Kaufman_Temp12k,age_BP,7900.0,0.090753886637915,0.920896881430571,
Kaufman_Temp12k,age_BP,8000.0,0.094162339473108,0.867318698215355,
Kaufman_Temp12k,age_BP,8100.0,0.08631669475401,0.838199088449806,
Kaufman_Temp12k,age_BP,8200.0,0.061970758201179504,0.8026062437141289,
Kaufman_Temp12k,age_BP,8300.0,0.0652875333070001,0.754243189844341,
Kaufman_Temp12k,age_BP,8400.0,0.037903637117355504,0.721953884682955,
Kaufman_Temp12k,age_BP,8500.0,0.0321653574204734,0.704979604575391,
Kaufman_Temp12k,age_BP,8600.0,0.026401960897686302,0.7021991534947539,
Kaufman_Temp12k,age_BP,8700.0,0.015202399598947099,0.674908208098823,
Kaufman_Temp12k,age_BP,8800.0,0.0182017912443877,0.647128585876299,
Kaufman_Temp12k,age_BP,8900.0,-0.0011415138604077973,0.655983313412452,
Kaufman_Temp12k,age_BP,9000.0,0.011912448089175201,0.641549107747439,
Kaufman_Temp12k,age_BP,9100.0,-0.004627548112633998,0.6085103832214169,
Kaufman_Temp12k,age_BP,9200.0,-0.0171354212111801,0.602516234661894,
Kaufman_Temp12k,age_BP,9300.0,-0.02420049096060217,0.613736519679191,
Kaufman_Temp12k,age_BP,9400.0,-0.03471233655813395,0.604255075758156,
Kaufman_Temp12k,age_BP,9500.0,-0.06433268925702479,0.573602329963137,
Kaufman_Temp12k,age_BP,9600.0,-0.1001835093212886,0.547725377580476,
Kaufman_Temp12k,age_BP,9700.0,-0.143904344005398,0.500673828234642,
Kaufman_Temp12k,age_BP,9800.0,-0.229960749914619,0.484065391070189,
Kaufman_Temp12k,age_BP,9900.0,-0.30614774906545095,0.440483536883307,
Kaufman_Temp12k,age_BP,10000.0,-0.43120264651775897,0.40819663170824705,
Kaufman_Temp12k,age_BP,10100.0,-0.484906741619926,0.38125990714106195,
Kaufman_Temp12k,age_BP,10200.0,-0.5518416232191841,0.345443123878983,
Kaufman_Temp12k,age_BP,10300.0,-0.595655803892519,0.33938474991078704,
Kaufman_Temp12k,age_BP,10400.0,-0.7562584514138541,0.30227792607189996,
Kaufman_Temp12k,age_BP,10500.0,-0.859910932117666,0.27247156802152195,
Kaufman_Temp12k,age_BP,10600.0,-1.04449485280324,0.210898875874975,
Kaufman_Temp12k,age_BP,10700.0,-1.22141924711568,0.176940722631131,
Kaufman_Temp12k,age_BP,10800.0,-1.36944798419457,0.128270678877105,
Kaufman_Temp12k,age_BP,10900.0,-1.52306700441752,0.069438794201316,
Kaufman_Temp12k,age_BP,11000.0,-1.77650818647031,0.005342560621890799,
Kaufman_Temp12k,age_BP,11100.0,-2.00549611848955,-0.0508508874424322,
Kaufman_Temp12k,age_BP,11200.0,-2.21197248095038,-0.1271014524700052,
Kaufman_Temp12k,age_BP,11300.0,-2.4313725223082696,-0.180859124832924,
Kaufman_Temp12k,age_BP,11400.0,-2.75763791246355,-0.237645620881522,
Kaufman_Temp12k,age_BP,11500.0,-3.0753062240311397,-0.303579183433471,
Kaufman_Temp12k,age_BP,11600.0,-3.4356186819682697,-0.386561992010243,
Kaufman_Temp12k,age_BP,11700.0,-3.74827950889896,-0.459676734003591,
Kaufman_Temp12k,age_BP,11800.0,-4.0855506128758305,-0.532344064522409,
Kaufman_Temp12k,age_BP,11900.0,-4.584997828856951,-0.537235828852065,
Kaufman_Temp12k,age_BP,12000.0,-4.93621469657136,-0.601803920357999,
Osman_LGMR_dataassim,age_BP,100.0,0.03,-0.329257507324217,0.36756256103515594
Osman_LGMR_dataassim,age_BP,300.0,-0.075712890625,-0.404053039550782,0.228046874999999
Osman_LGMR_dataassim,age_BP,500.0,-0.074415893554687,-0.389496154785155,0.167966918945311
Osman_LGMR_dataassim,age_BP,700.0,-0.0261981201171875,-0.342413635253906,0.203971557617187
Osman_LGMR_dataassim,age_BP,900.0,0.06485107421875,-0.243329162597656,0.348876647949217
Osman_LGMR_dataassim,age_BP,1100.0,0.027344970703125,-0.26168395996093796,0.29099853515624996
Osman_LGMR_dataassim,age_BP,1300.0,-0.004469604492187501,-0.32558013916015505,0.274282531738281
Osman_LGMR_dataassim,age_BP,1500.0,0.0014202880859374989,-0.33897735595703005,0.220200805664062
Osman_LGMR_dataassim,age_BP,1700.0,-0.049925537109375,-0.383006591796875,0.201206665039063
Osman_LGMR_dataassim,age_BP,1900.0,-0.07107421875,-0.46498748779296795,0.188860778808593
Osman_LGMR_dataassim,age_BP,2100.0,-0.09127685546875,-0.45773193359375,0.205567626953125
Osman_LGMR_dataassim,age_BP,2300.0,-0.09982177734375,-0.47890655517577996,0.181170349121093
Osman_LGMR_dataassim,age_BP,2500.0,-0.076719970703125,-0.428261108398437,0.228699951171875
Osman_LGMR_dataassim,age_BP,2700.0,-0.137190551757812,-0.47738372802734397,0.186341552734375
Osman_LGMR_dataassim,age_BP,2900.0,-0.151777954101562,-0.5303500366210949,0.1103146362304687
Osman_LGMR_dataassim,age_BP,3100.0,-0.17196533203125,-0.548517150878905,0.134507446289062
Osman_LGMR_dataassim,age_BP,3300.0,-0.238585205078125,-0.630960388183593,0.0807278442382812
Osman_LGMR_dataassim,age_BP,3500.0,-0.202589721679687,-0.628628845214844,0.0830258178710933
Osman_LGMR_dataassim,age_BP,3700.0,-0.25813171386718703,-0.603584594726562,0.0585629272460941
Osman_LGMR_dataassim,age_BP,3900.0,-0.244566650390625,-0.637079162597655,0.060671691894530796
Osman_LGMR_dataassim,age_BP,4100.0,-0.244948120117187,-0.578949279785155,0.0785031127929698
Osman_LGMR_dataassim,age_BP,4300.0,-0.239363403320312,-0.593771667480468,0.1154354858398416
Osman_LGMR_dataassim,age_BP,4500.0,-0.186964721679687,-0.555534667968749,0.140031127929687
Osman_LGMR_dataassim,age_BP,4700.0,-0.16775390625,-0.511410827636717,0.200594787597655
Osman_LGMR_dataassim,age_BP,4900.0,-0.157042236328125,-0.548890991210938,0.180456237792969
Osman_LGMR_dataassim,age_BP,5100.0,-0.119444580078125,-0.54809600830078,0.204755859375
Osman_LGMR_dataassim,age_BP,5300.0,-0.190733642578125,-0.5893450927734369,0.179484252929687
Osman_LGMR_dataassim,age_BP,5500.0,-0.22433349609375,-0.602110595703125,0.1074612426757812
Osman_LGMR_dataassim,age_BP,5700.0,-0.207274169921875,-0.5904681396484369,0.1132534790039076
Osman_LGMR_dataassim,age_BP,5900.0,-0.19900390625,-0.567084045410156,0.178242187499999
Osman_LGMR_dataassim,age_BP,6100.0,-0.173506469726562,-0.5932803344726569,0.176142578124999
Osman_LGMR_dataassim,age_BP,6300.0,-0.176954956054687,-0.557446594238281,0.236625366210936
Osman_LGMR_dataassim,age_BP,6500.0,-0.174086303710937,-0.566408081054688,0.181539611816406
Osman_LGMR_dataassim,age_BP,6700.0,-0.210142822265625,-0.597418518066406,0.122356872558593
Osman_LGMR_dataassim,age_BP,6900.0,-0.29353210449218703,-0.711239929199219,0.0901989746093742
Osman_LGMR_dataassim,age_BP,7100.0,-0.286558837890625,-0.769140930175781,0.0452435302734375
Osman_LGMR_dataassim,age_BP,7300.0,-0.40806457519531203,-0.810864562988281,-0.013588256835937104
Osman_LGMR_dataassim,age_BP,7500.0,-0.409208984375,-0.825628967285156,-0.0211917114257816
Osman_LGMR_dataassim,age_BP,7700.0,-0.445982666015625,-0.8212741088867179,-0.047635192871094106
Osman_LGMR_dataassim,age_BP,7900.0,-0.40540954589843703,-0.789877624511718,-0.043393249511719106
Osman_LGMR_dataassim,age_BP,8100.0,-0.40548583984375,-0.792608947753906,-0.0126010131835941
Osman_LGMR_dataassim,age_BP,8300.0,-0.44175598144531203,-0.839329833984373,-0.0679263305664055
Osman_LGMR_dataassim,age_BP,8500.0,-0.44041320800781203,-0.86507598876953,-0.0334307861328125
Osman_LGMR_dataassim,age_BP,8700.0,-0.5743701171875,-1.01999847412109,-0.12376434326172
Osman_LGMR_dataassim,age_BP,8900.0,-0.600279541015625,-1.02140991210937,-0.198340148925781
Osman_LGMR_dataassim,age_BP,9100.0,-0.5923907470703119,-1.02628204345703,-0.190907592773437
Osman_LGMR_dataassim,age_BP,9300.0,-0.7608172607421869,-1.17512542724609,-0.38377716064453005
Osman_LGMR_dataassim,age_BP,9500.0,-0.896055908203125,-1.35578033447265,-0.46058685302734304
Osman_LGMR_dataassim,age_BP,9700.0,-0.918272705078125,-1.36672698974609,-0.4977099609375
Osman_LGMR_dataassim,age_BP,9900.0,-1.0252673339843699,-1.40040466308593,-0.628595275878905
Osman_LGMR_dataassim,age_BP,10100.0,-1.17121765136718,-1.5824313354492099,-0.7665255737304679
Osman_LGMR_dataassim,age_BP,10300.0,-1.20553466796875,-1.64812347412109,-0.8015948486328109
Osman_LGMR_dataassim,age_BP,10500.0,-1.20481750488281,-1.62859374999999,-0.694085998535155
Osman_LGMR_dataassim,age_BP,10700.0,-1.26840087890625,-1.69161560058593,-0.869223327636718
Osman_LGMR_dataassim,age_BP,10900.0,-1.36595031738281,-1.83083221435546,-0.9870974731445299
Osman_LGMR_dataassim,age_BP,11100.0,-1.5416552734375,-1.96528045654296,-1.10830108642578
Osman_LGMR_dataassim,age_BP,11300.0,-1.80314514160156,-2.2915911865234304,-1.33372985839843
Osman_LGMR_dataassim,age_BP,11500.0,-2.10664245605468,-2.57991058349609,-1.65476409912109
Osman_LGMR_dataassim,age_BP,11700.0,-2.46102783203125,-2.9669421386718704,-1.9616137695312499
Osman_LGMR_dataassim,age_BP,11900.0,-2.83650085449218,-3.31001922607421,-2.39879333496093
Osman_LGMR_dataassim,age_BP,12100.0,-2.9798876953125,-3.4539599609374902,-2.55903808593749
Osman_LGMR_dataassim,age_BP,12300.0,-3.23837158203125,-3.65403930664062,-2.76017944335937
Osman_LGMR_dataassim,age_BP,12500.0,-3.4246813964843703,-3.84871093749999,-2.9724673461914004
Osman_LGMR_dataassim,age_BP,12700.0,-3.5246569824218703,-3.92573120117187,-3.12821685791015
Osman_LGMR_dataassim,age_BP,12900.0,-3.4638049316406203,-3.8889071655273404,-3.0423037719726502
Osman_LGMR_dataassim,age_BP,13100.0,-3.338408203125,-3.75317718505859,-2.92278778076171
Osman_LGMR_dataassim,age_BP,13300.0,-3.33079406738281,-3.7691638183593703,-2.9317446899414
Osman_LGMR_dataassim,age_BP,13500.0,-3.47556945800781,-3.86147186279296,-3.0628939819335903
Osman_LGMR_dataassim,age_BP,13700.0,-3.60578796386718,-4.03400299072265,-3.2129763793945303
Osman_LGMR_dataassim,age_BP,13900.0,-3.7159411621093703,-4.153560180664059,-3.32028076171875
Osman_LGMR_dataassim,age_BP,14100.0,-3.90635559082031,-4.35288116455078,-3.45654022216796
Osman_LGMR_dataassim,age_BP,14300.0,-4.099791259765619,-4.614873046875,-3.6651858520507803
Osman_LGMR_dataassim,age_BP,14500.0,-4.32687255859375,-4.835049743652339,-3.81934844970703
Osman_LGMR_dataassim,age_BP,14700.0,-4.56696960449218,-5.07490417480468,-4.083523864746089
Osman_LGMR_dataassim,age_BP,14900.0,-4.79893371582031,-5.311098022460929,-4.260234375
Osman_LGMR_dataassim,age_BP,15100.0,-5.055174560546869,-5.64824449539184,-4.53400604248047
Osman_LGMR_dataassim,age_BP,15300.0,-5.35343811035156,-5.936295337677,-4.7607470703125
Osman_LGMR_dataassim,age_BP,15500.0,-5.557616443634029,-6.18613969802856,-5.026790161132809
Osman_LGMR_dataassim,age_BP,15700.0,-5.76417467117309,-6.46908037185668,-5.15596801757812
Osman_LGMR_dataassim,age_BP,15900.0,-6.07829210281372,-6.78862535476684,-5.35922424316406
Osman_LGMR_dataassim,age_BP,16100.0,-6.26948472976684,-7.03445360183715,-5.664855213165279
Osman_LGMR_dataassim,age_BP,16300.0,-6.40989610671997,-7.18760911941528,-5.7947929573059
Osman_LGMR_dataassim,age_BP,16500.0,-6.586791248321529,-7.36809160232543,-5.89211961746215
Osman_LGMR_dataassim,age_BP,16700.0,-6.91844102859497,-7.679998035430899,-6.15908128738403
Osman_LGMR_dataassim,age_BP,16900.0,-7.154479236602779,-7.876284046173089,-6.37712327957153
Osman_LGMR_dataassim,age_BP,17100.0,-7.24063035964965,-8.113271350860591,-6.554599781036369
Osman_LGMR_dataassim,age_BP,17300.0,-7.360289783477779,-8.17522966384887,-6.565576953887939
Osman_LGMR_dataassim,age_BP,17500.0,-7.292174549102779,-8.12311479568481,-6.57365495681762
Osman_LGMR_dataassim,age_BP,17700.0,-7.38212511062622,-8.21018754959106,-6.54724962234497
Osman_LGMR_dataassim,age_BP,17900.0,-7.3948661994934,-8.13563310623169,-6.52827074050903
Osman_LGMR_dataassim,age_BP,18100.0,-7.2674247932434,-8.05701677322387,-6.57514726638793
Osman_LGMR_dataassim,age_BP,18300.0,-7.21046373367309,-7.919924182891839,-6.47109605789184
Osman_LGMR_dataassim,age_BP,18500.0,-7.27998277664184,-7.96131822586059,-6.54224779129028
Osman_LGMR_dataassim,age_BP,18700.0,-7.17483446121215,-7.92193071365356,-6.49494554519653
Osman_LGMR_dataassim,age_BP,18900.0,-7.11604234695434,-7.87419664382934,-6.47681505203247
Osman_LGMR_dataassim,age_BP,19100.0,-7.03910753250122,-7.79177476882934,-6.39701616287231
Osman_LGMR_dataassim,age_BP,19300.0,-7.039183826446529,-7.746093006134029,-6.36823350906372
Osman_LGMR_dataassim,age_BP,19500.0,-7.08360216140747,-7.84215013504028,-6.43664628982544
Osman_LGMR_dataassim,age_BP,19700.0,-7.10868761062622,-7.8742363166809,-6.49287950515747
Osman_LGMR_dataassim,age_BP,19900.0,-7.15125963211059,-7.79264757156372,-6.44338304519653
Osman_LGMR_dataassim,age_BP,20100.0,-7.07693407058715,-7.73560564041137,-6.31382982254028
Osman_LGMR_dataassim,age_BP,20300.0,-7.05190965652465,-7.80287858963012,-6.283908863067619
Osman_LGMR_dataassim,age_BP,20500.0,-7.0807792854309,-7.75576250076293,-6.304381580352779
Osman_LGMR_dataassim,age_BP,20700.0,-7.05874559402465,-7.795354480743399,-6.30745012283325
Osman_LGMR_dataassim,age_BP,20900.0,-7.0660087776184,-7.78403245925903,-6.38313219070434
Osman_LGMR_dataassim,age_BP,21100.0,-7.063536853790279,-7.706314868927,-6.36170122146606
Osman_LGMR_dataassim,age_BP,21300.0,-6.94746324539184,-7.73140336990356,-6.16884691238403
Osman_LGMR_dataassim,age_BP,21500.0,-6.91511461257934,-7.569007129669179,-6.08868486404419
Osman_LGMR_dataassim,age_BP,21700.0,-6.85391160964965,-7.55491106033325,-6.108979053497309
Osman_LGMR_dataassim,age_BP,21900.0,-6.82194444656372,-7.58694383621215,-6.104834766387929
Osman_LGMR_dataassim,age_BP,22100.0,-6.77320787429809,-7.51377489089965,-6.04984361648559
Osman_LGMR_dataassim,age_BP,22300.0,-6.64842149734497,-7.43227464675903,-5.892154712677
Osman_LGMR_dataassim,age_BP,22500.0,-6.58084032058715,-7.30061723709106,-5.846643848419189
Osman_LGMR_dataassim,age_BP,22700.0,-6.43897935867309,-7.16870500564575,-5.75429918289184
Osman_LGMR_dataassim,age_BP,22900.0,-6.43781969070434,-7.04524461746215,-5.727416248321529
Osman_LGMR_dataassim,age_BP,23100.0,-6.36625597000122,-7.11781999588012,-5.63103258132934
Osman_LGMR_dataassim,age_BP,23300.0,-6.29572984695434,-7.03499376296997,-5.470493335723869
Osman_LGMR_dataassim,age_BP,23500.0,-6.308959217071529,-6.92013170242309,-5.64383165359497
Osman_LGMR_dataassim,age_BP,23700.0,-6.185057849884029,-6.926271839141839,-5.518309803009029
Osman_LGMR_dataassim,age_BP,23900.0,-6.09304735183715,-6.788143177032469,-5.44022857666015
AR6_instrumental_mean,year_CE,2020.0,1.2563235294117647,1.198813725490196,1.3056666666666668
AR6_instrumental_mean,year_CE,2019.0,1.2263235294117647,1.160313725490196,1.2841666666666667
AR6_instrumental_mean,year_CE,2018.0,1.101323529411765,1.0488137254901961,1.1456666666666668
AR6_instrumental_mean,year_CE,2017.0,1.1788235294117646,1.125813725490196,1.2271666666666665
AR6_instrumental_mean,year_CE,2016.0,1.2638235294117648,1.207313725490196,1.3156666666666668
AR6_instrumental_mean,year_CE,2015.0,1.1488235294117646,1.097313725490196,1.18578431372549
AR6_instrumental_mean,year_CE,2014.0,1.0063235294117647,0.951813725490196,1.0386666666666666
AR6_instrumental_mean,year_CE,2013.0,0.9363235294117647,0.864813725490196,0.9757843137254902
AR6_instrumental_mean,year_CE,2012.0,0.9063235294117646,0.841813725490196,0.9486666666666667
AR6_instrumental_mean,year_CE,2011.0,0.8813235294117647,0.8146666666666667,0.9258137254901961
AR6_instrumental_mean,year_CE,2010.0,0.9963235294117647,0.9163137254901961,1.0401666666666667
AR6_instrumental_mean,year_CE,2009.0,0.9263235294117647,0.847813725490196,0.9686666666666666
AR6_instrumental_mean,year_CE,2008.0,0.7963235294117648,0.7333137254901961,0.8301666666666667
AR6_instrumental_mean,year_CE,2007.0,0.9213235294117648,0.8476666666666666,0.9588137254901962
AR6_instrumental_mean,year_CE,2006.0,0.9038235294117647,0.841813725490196,0.9471666666666667
AR6_instrumental_mean,year_CE,2005.0,0.9438235294117647,0.881813725490196,0.9871666666666666
AR6_instrumental_mean,year_CE,2004.0,0.8038235294117648,0.7361666666666666,0.8366176470588236
AR6_instrumental_mean,year_CE,2003.0,0.8788235294117648,0.8146666666666667,0.9173137254901961
AR6_instrumental_mean,year_CE,2002.0,0.8813235294117647,0.8061666666666666,0.9273137254901961
AR6_instrumental_mean,year_CE,2001.0,0.8113235294117648,0.7378137254901961,0.8457843137254902
AR6_instrumental_mean,year_CE,2000.0,0.6688235294117647,0.611813725490196,0.7071666666666666
AR6_instrumental_mean,year_CE,1999.0,0.6663235294117648,0.6031666666666666,0.707313725490196
AR6_instrumental_mean,year_CE,1998.0,0.9013235294117647,0.817813725490196,0.9486666666666667
AR6_instrumental_mean,year_CE,1997.0,0.7588235294117647,0.6861666666666666,0.7988137254901961
AR6_instrumental_mean,year_CE,1996.0,0.6138235294117647,0.5376666666666666,0.6573137254901961
AR6_instrumental_mean,year_CE,1995.0,0.7263235294117647,0.6631666666666666,0.767313725490196
AR6_instrumental_mean,year_CE,1994.0,0.5763235294117648,0.5131666666666665,0.6103137254901961
AR6_instrumental_mean,year_CE,1993.0,0.5213235294117649,0.45316666666666666,0.5603137254901961
AR6_instrumental_mean,year_CE,1992.0,0.47382352941176475,0.4116666666666666,0.510313725490196
AR6_instrumental_mean,year_CE,1991.0,0.6763235294117648,0.6061666666666666,0.710313725490196
AR6_instrumental_mean,year_CE,1990.0,0.6988235294117646,0.6346666666666666,0.730313725490196
AR6_instrumental_mean,year_CE,1989.0,0.5238235294117648,0.48866666666666664,0.5403137254901961
AR6_instrumental_mean,year_CE,1988.0,0.6338235294117648,0.5971666666666667,0.6566176470588235
AR6_instrumental_mean,year_CE,1987.0,0.5788235294117647,0.5231666666666666,0.6088137254901962
AR6_instrumental_mean,year_CE,1986.0,0.4413235294117647,0.3916666666666666,0.46881372549019606
AR6_instrumental_mean,year_CE,1985.0,0.4013235294117647,0.3501666666666666,0.43511764705882366
AR6_instrumental_mean,year_CE,1984.0,0.40882352941176475,0.37566666666666665,0.43511764705882366
AR6_instrumental_mean,year_CE,1983.0,0.5713235294117647,0.5286666666666666,0.5966176470588236
AR6_instrumental_mean,year_CE,1982.0,0.39632352941176474,0.36416666666666664,0.42511764705882366
AR6_instrumental_mean,year_CE,1981.0,0.5863235294117648,0.531813725490196,0.6186666666666667
AR6_instrumental_mean,year_CE,1980.0,0.5413235294117648,0.4746666666666666,0.5788137254901962
AR6_instrumental_mean,year_CE,1979.0,0.4363235294117647,0.3986666666666666,0.45661764705882363
AR6_instrumental_mean,year_CE,1978.0,0.34882352941176475,0.29316666666666663,0.37661764705882367
AR6_instrumental_mean,year_CE,1977.0,0.4538235294117647,0.3916666666666666,0.49731372549019603
AR6_instrumental_mean,year_CE,1976.0,0.14882352941176474,0.13719607843137255,0.16731372549019607
AR6_instrumental_mean,year_CE,1975.0,0.24132352941176474,0.19016666666666665,0.27031372549019606
AR6_instrumental_mean,year_CE,1974.0,0.18382352941176472,0.13016666666666665,0.22361764705882362
AR6_instrumental_mean,year_CE,1973.0,0.40382352941176475,0.37478431372549015,0.4330000000000001
AR6_instrumental_mean,year_CE,1972.0,0.26132352941176473,0.2101666666666666,0.3021176470588236
AR6_instrumental_mean,year_CE,1971.0,0.15382352941176475,0.12416666666666665,0.18361764705882364
AR6_instrumental_mean,year_CE,1970.0,0.27382352941176474,0.23566666666666664,0.3191176470588236
AR6_instrumental_mean,year_CE,1969.0,0.3138235294117647,0.2701666666666666,0.33661764705882363
AR6_instrumental_mean,year_CE,1968.0,0.17132352941176474,0.12078431372549017,0.2045000000000001
AR6_instrumental_mean,year_CE,1967.0,0.23882352941176474,0.19716666666666666,0.27361764705882363
AR6_instrumental_mean,year_CE,1966.0,0.20632352941176474,0.15866666666666662,0.24361764705882363
AR6_instrumental_mean,year_CE,1965.0,0.15382352941176475,0.11716666666666664,0.18361764705882364
AR6_instrumental_mean,year_CE,1964.0,0.046323529411764736,0.02328431372549015,0.07300000000000012
AR6_instrumental_mean,year_CE,1963.0,0.29632352941176476,0.25778431372549016,0.3175000000000001
AR6_instrumental_mean,year_CE,1962.0,0.26132352941176473,0.22628431372549015,0.29231372549019613
AR6_instrumental_mean,year_CE,1961.0,0.3088235294117647,0.24378431372549014,0.3460000000000001
AR6_instrumental_mean,year_CE,1960.0,0.23132352941176473,0.19716666666666666,0.25511764705882367
AR6_instrumental_mean,year_CE,1959.0,0.28632352941176475,0.24881372549019606,0.3057843137254902
AR6_instrumental_mean,year_CE,1958.0,0.3063235294117647,0.26031372549019605,0.33428431372549017
AR6_instrumental_mean,year_CE,1957.0,0.29632352941176476,0.24228431372549017,0.3260000000000001
AR6_instrumental_mean,year_CE,1956.0,0.07632352941176473,0.012284313725490175,0.12300000000000011
AR6_instrumental_mean,year_CE,1955.0,0.13882352941176473,0.05766666666666663,0.18511764705882364
AR6_instrumental_mean,year_CE,1954.0,0.19632352941176473,0.11781372549019606,0.23578431372549022
AR6_instrumental_mean,year_CE,1953.0,0.3888235294117648,0.3148137254901961,0.4342843137254902
AR6_instrumental_mean,year_CE,1952.0,0.32382352941176473,0.23931372549019606,0.3727843137254902
AR6_instrumental_mean,year_CE,1951.0,0.2513235294117647,0.17678431372549014,0.29381372549019613
AR6_instrumental_mean,year_CE,1950.0,0.09632352941176472,0.049284313725490164,0.1253137254901961
AR6_instrumental_mean,year_CE,1949.0,0.17382352941176474,0.11928431372549017,0.2138137254901961
AR6_instrumental_mean,year_CE,1948.0,0.18132352941176472,0.11078431372549016,0.2338137254901961
AR6_instrumental_mean,year_CE,1947.0,0.24132352941176474,0.17616666666666664,0.27031372549019606
AR6_instrumental_mean,year_CE,1946.0,0.19632352941176473,0.1407843137254902,0.2338137254901961
AR6_instrumental_mean,year_CE,1945.0,0.34882352941176475,0.3113137254901961,0.39278431372549016
AR6_instrumental_mean,year_CE,1944.0,0.4713235294117647,0.41331372549019607,0.5001666666666666
AR6_instrumental_mean,year_CE,1943.0,0.34882352941176475,0.2846666666666666,0.38031372549019604
AR6_instrumental_mean,year_CE,1942.0,0.3213235294117647,0.2707843137254901,0.35381372549019613
AR6_instrumental_mean,year_CE,1941.0,0.35632352941176476,0.31811764705882367,0.39569607843137256
AR6_instrumental_mean,year_CE,1940.0,0.3713235294117647,0.3258137254901961,0.4267843137254902
AR6_instrumental_mean,year_CE,1939.0,0.27132352941176474,0.19528431372549016,0.31531372549019615
AR6_instrumental_mean,year_CE,1938.0,0.28632352941176475,0.19828431372549016,0.3423137254901961
AR6_instrumental_mean,year_CE,1937.0,0.28382352941176475,0.19678431372549016,0.3353137254901961
AR6_instrumental_mean,year_CE,1936.0,0.13632352941176473,0.06378431372549016,0.1838137254901961
AR6_instrumental_mean,year_CE,1935.0,0.08882352941176473,0.02778431372549015,0.1423137254901961
AR6_instrumental_mean,year_CE,1934.0,0.13632352941176473,0.07078431372549018,0.1838137254901961
AR6_instrumental_mean,year_CE,1933.0,-0.011176470588235274,-0.06921568627450989,0.03231372549019611
AR6_instrumental_mean,year_CE,1932.0,0.15382352941176475,0.06828431372549017,0.2038137254901961
AR6_instrumental_mean,year_CE,1931.0,0.19882352941176473,0.12528431372549015,0.2508137254901961
AR6_instrumental_mean,year_CE,1930.0,0.13632352941176473,0.07378431372549017,0.1738137254901961
AR6_instrumental_mean,year_CE,1929.0,-0.07117647058823526,-0.12071568627450982,-0.0361862745098039
AR6_instrumental_mean,year_CE,1928.0,0.09132352941176473,0.01631372549019608,0.14128431372549022
AR6_instrumental_mean,year_CE,1927.0,0.08132352941176474,0.006784313725490168,0.12381372549019609
AR6_instrumental_mean,year_CE,1926.0,0.18632352941176472,0.10781372549019605,0.23278431372549022
AR6_instrumental_mean,year_CE,1925.0,0.05632352941176472,-0.013833333333333378,0.09511764705882363
AR6_instrumental_mean,year_CE,1924.0,0.018823529411764725,-0.037715686274509864,0.04750000000000011
AR6_instrumental_mean,year_CE,1923.0,0.016323529411764716,-0.0538333333333334,0.05031372549019607
AR6_instrumental_mean,year_CE,1922.0,-0.008676470588235285,-0.05818627450980397,0.015784313725490183
AR6_instrumental_mean,year_CE,1921.0,0.07382352941176475,0.011813725490196086,0.11428431372549021
AR6_instrumental_mean,year_CE,1920.0,0.03382352941176472,-0.06021568627450989,0.10000000000000009
AR6_instrumental_mean,year_CE,1919.0,-0.006176470588235283,-0.06071568627450987,0.027500000000000097
AR6_instrumental_mean,year_CE,1918.0,-0.06117647058823526,-0.10283333333333333,-0.02638235294117638
AR6_instrumental_mean,year_CE,1917.0,-0.21367647058823527,-0.25521568627450986,-0.1824999999999999
AR6_instrumental_mean,year_CE,1916.0,-0.08617647058823526,-0.13071568627450983,-0.062499999999999875
AR6_instrumental_mean,year_CE,1915.0,0.13632352941176473,0.08228431372549018,0.1653137254901961
AR6_instrumental_mean,year_CE,1914.0,0.07882352941176472,0.039284313725490155,0.0975000000000001
AR6_instrumental_mean,year_CE,1913.0,-0.11367647058823525,-0.14433333333333337,-0.09118627450980392
AR6_instrumental_mean,year_CE,1912.0,-0.1361764705882353,-0.15718627450980394,-0.11983333333333336
AR6_instrumental_mean,year_CE,1911.0,-0.20867647058823524,-0.2356862745098039,-0.18571568627450982
AR6_instrumental_mean,year_CE,1910.0,-0.19117647058823525,-0.2237156862745098,-0.1724999999999999
AR6_instrumental_mean,year_CE,1909.0,-0.22117647058823525,-0.25521568627450986,-0.1876862745098039
AR6_instrumental_mean,year_CE,1908.0,-0.17367647058823527,-0.2192156862745098,-0.15249999999999989
AR6_instrumental_mean,year_CE,1907.0,-0.13367647058823529,-0.15733333333333338,-0.11338235294117635
AR6_instrumental_mean,year_CE,1906.0,0.02382352941176473,-0.020715686274509846,0.05450000000000012
AR6_instrumental_mean,year_CE,1905.0,-0.05367647058823527,-0.06733333333333338,-0.043382352941176344
AR6_instrumental_mean,year_CE,1904.0,-0.23867647058823527,-0.25733333333333336,-0.22338235294117634
AR6_instrumental_mean,year_CE,1903.0,-0.1686764705882353,-0.1809999999999999,-0.15271568627450985
AR6_instrumental_mean,year_CE,1902.0,-0.07867647058823528,-0.0909999999999999,-0.06930392156862746
AR6_instrumental_mean,year_CE,1901.0,0.06382352941176474,0.044166666666666646,0.07881372549019607
AR6_instrumental_mean,year_CE,1900.0,0.11632352941176471,0.08281372549019606,0.15566666666666665
AR6_instrumental_mean,year_CE,1899.0,0.016323529411764744,-0.0028039215686274242,0.045813725490196064
AR6_instrumental_mean,year_CE,1898.0,-0.11367647058823528,-0.14099999999999988,-0.06871568627450989
AR6_instrumental_mean,year_CE,1897.0,0.08882352941176473,0.071029411764706,0.10016666666666665
AR6_instrumental_mean,year_CE,1896.0,0.08882352941176472,0.07728431372549019,0.10681372549019606
AR6_instrumental_mean,year_CE,1895.0,-0.05867647058823526,-0.10099999999999985,-0.012303921568627463
AR6_instrumental_mean,year_CE,1894.0,-0.10117647058823527,-0.13949999999999987,-0.06271568627450987
AR6_instrumental_mean,year_CE,1893.0,-0.11867647058823526,-0.14733333333333337,-0.08418627450980391
AR6_instrumental_mean,year_CE,1892.0,-0.12117647058823526,-0.1516862745098039,-0.0912156862745098
AR6_instrumental_mean,year_CE,1891.0,-0.03867647058823527,-0.05099999999999987,-0.02271568627450984
AR6_instrumental_mean,year_CE,1890.0,-0.14617647058823527,-0.1531862745098039,-0.13271568627450983
AR6_instrumental_mean,year_CE,1889.0,0.11132352941176472,0.08416666666666663,0.13731372549019605
AR6_instrumental_mean,year_CE,1888.0,-0.011176470588235274,-0.0309999999999999,0.00919607843137251
AR6_instrumental_mean,year_CE,1887.0,-0.16867647058823526,-0.20038235294117632,-0.14033333333333337
AR6_instrumental_mean,year_CE,1886.0,-0.11367647058823528,-0.15818627450980394,-0.06580392156862744
AR6_instrumental_mean,year_CE,1885.0,-0.13367647058823529,-0.15197058823529402,-0.11421568627450977
AR6_instrumental_mean,year_CE,1884.0,-0.12867647058823525,-0.14683333333333334,-0.11347058823529399
AR6_instrumental_mean,year_CE,1883.0,-0.001176470588235265,-0.032833333333333374,0.016617647058823657
AR6_instrumental_mean,year_CE,1882.0,0.06382352941176475,0.05728431372549022,0.0698137254901961
AR6_instrumental_mean,year_CE,1881.0,0.11632352941176474,0.06928431372549018,0.1530000000000001
AR6_instrumental_mean,year_CE,1880.0,0.031323529411764736,0.010284313725490189,0.06300000000000011
AR6_instrumental_mean,year_CE,1879.0,0.08382352941176473,0.06019607843137256,0.11211764705882363
AR6_instrumental_mean,year_CE,1878.0,0.33132352941176474,0.26181372549019605,0.3926666666666666
AR6_instrumental_mean,year_CE,1877.0,0.27132352941176474,0.23416666666666663,0.32131372549019604
AR6_instrumental_mean,year_CE,1876.0,-0.043676470588235275,-0.06121568627450978,-0.030186274509803938
AR6_instrumental_mean,year_CE,1875.0,-0.006176470588235269,-0.028333333333333346,0.037529411764705964
AR6_instrumental_mean,year_CE,1874.0,-0.02117647058823527,-0.028686274509803936,-0.014215686274509786
AR6_instrumental_mean,year_CE,1873.0,0.016323529411764737,-0.0058333333333333535,0.037313725490196084
AR6_instrumental_mean,year_CE,1872.0,0.02382352941176473,0.011784313725490188,0.0360000000000001
AR6_instrumental_mean,year_CE,1871.0,-0.0061764705882352555,-0.018333333333333337,0.008313725490196093
AR6_instrumental_mean,year_CE,1870.0,0.021323529411764727,0.01802941176470601,0.025784313725490192
AR6_instrumental_mean,year_CE,1869.0,0.05882352941176474,0.04019607843137256,0.07031372549019609
AR6_instrumental_mean,year_CE,1868.0,0.061323529411764735,0.011696078431372579,0.10031372549019608
AR6_instrumental_mean,year_CE,1867.0,0.048823529411764745,-0.0028039215686274242,0.11431372549019607
AR6_instrumental_mean,year_CE,1866.0,0.051323529411764726,0.01831372549019609,0.08769607843137252
AR6_instrumental_mean,year_CE,1865.0,0.033823529411764724,0.0268137254901961,0.04728431372549016
AR6_instrumental_mean,year_CE,1864.0,-0.048676470588235266,-0.10371568627450978,-0.011686274509803925
AR6_instrumental_mean,year_CE,1863.0,0.0013235294117647234,-0.04068627450980394,0.028166666666666625
AR6_instrumental_mean,year_CE,1862.0,-0.1536764705882353,-0.22233333333333336,-0.08797058823529402
AR6_instrumental_mean,year_CE,1861.0,-0.09117647058823528,-0.13783333333333334,-0.07018627450980397
AR6_instrumental_mean,year_CE,1860.0,-0.05617647058823527,-0.0681862745098039,-0.03730392156862747
AR6_instrumental_mean,year_CE,1859.0,0.06882352941176473,0.051117647058823636,0.07966666666666662
AR6_instrumental_mean,year_CE,1858.0,-0.038676470588235284,-0.04821568627450986,-0.032499999999999904
AR6_instrumental_mean,year_CE,1857.0,-0.14617647058823524,-0.20068627450980392,-0.11033333333333332
AR6_instrumental_mean,year_CE,1856.0,-0.051176470588235254,-0.08971568627450979,0.02181372549019607
AR6_instrumental_mean,year_CE,1855.0,0.04882352941176474,0.04028431372549017,0.05750000000000012
AR6_instrumental_mean,year_CE,1854.0,0.04882352941176474,0.025196078431372518,0.06531372549019614
AR6_instrumental_mean,year_CE,1853.0,0.04632352941176472,0.028117647058823622,0.07969607843137252
AR6_instrumental_mean,year_CE,1852.0,0.07882352941176474,0.043696078431372534,0.12081372549019609
AR6_instrumental_mean,year_CE,1851.0,0.04882352941176473,0.0018137254901960604,0.11669607843137253
AR6_instrumental_mean,year_CE,1850.0,-0.05867647058823526,-0.08038235294117636,-0.02633333333333337
AR6_SSP1-2.6,year_CE,1850.0,-0.038016237110377604,-0.16034230798743665,0.10027107992746631
AR6_SSP1-2.6,year_CE,1851.0,-0.008337186355043658,-0.12740140210147066,0.1250914170143913
AR6_SSP1-2.6,year_CE,1852.0,-0.005581685260195646,-0.1256348931940946,0.12872458203112536
AR6_SSP1-2.6,year_CE,1853.0,-0.008374990816088612,-0.12711651541147662,0.12463242092838234
AR6_SSP1-2.6,year_CE,1854.0,-0.02535842487810469,-0.14359906372843667,0.10991809516299333
AR6_SSP1-2.6,year_CE,1855.0,-0.03028020070125159,-0.15042854246495674,0.10741479929243236
AR6_SSP1-2.6,year_CE,1856.0,-0.02237600082042268,-0.14214271398543865,0.11470204206003631
AR6_SSP1-2.6,year_CE,1857.0,-0.02383097078310059,-0.14276516177190868,0.11243867483468939
AR6_SSP1-2.6,year_CE,1858.0,-0.032556712863775594,-0.1535114551724166,0.10440255367088636
AR6_SSP1-2.6,year_CE,1859.0,-0.021943211761219605,-0.14253024002043468,0.11463142906800938
AR6_SSP1-2.6,year_CE,1860.0,-0.010790012543543614,-0.13055090134758962,0.1243245041306763
AR6_SSP1-2.6,year_CE,1861.0,-0.0036993701884225905,-0.12368382399823163,0.13115690556780035
AR6_SSP1-2.6,year_CE,1862.0,-0.022886932772803625,-0.1400051065795257,0.10987142417548035
AR6_SSP1-2.6,year_CE,1863.0,-0.07268145834848161,-0.1953270674393066,0.06390590529186135
AR6_SSP1-2.6,year_CE,1864.0,-0.06213110570891067,-0.1869336928420966,0.07658494589029341
AR6_SSP1-2.6,year_CE,1865.0,-0.03691458771737066,-0.16031488540873662,0.09998309943555239
AR6_SSP1-2.6,year_CE,1866.0,-0.018071136858107684,-0.1397845079912936,0.11603082191020941
AR6_SSP1-2.6,year_CE,1867.0,-0.005386924874575594,-0.12535043201062568,0.12728175991635837
AR6_SSP1-2.6,year_CE,1868.0,0.0015003717791173266,-0.11850660587178263,0.13368202023774034
AR6_SSP1-2.6,year_CE,1869.0,0.012676544146317359,-0.10616034175481959,0.14462799219693234
AR6_SSP1-2.6,year_CE,1870.0,0.018940561959902347,-0.09909976269400567,0.15044335189210334
AR6_SSP1-2.6,year_CE,1871.0,0.02516979807589137,-0.09195233687979465,0.15648441153360937
AR6_SSP1-2.6,year_CE,1872.0,0.03067735591149534,-0.08549497786982063,0.16026889038957137
AR6_SSP1-2.6,year_CE,1873.0,0.025999050098905352,-0.08955148214591269,0.15491721220496035
AR6_SSP1-2.6,year_CE,1874.0,0.010534698963520328,-0.10485266855509667,0.1397907690966994
AR6_SSP1-2.6,year_CE,1875.0,0.01410367692087533,-0.10209561732210459,0.1447853768835894
AR6_SSP1-2.6,year_CE,1876.0,0.015261091889495315,-0.10064085771472864,0.1461502945272114
AR6_SSP1-2.6,year_CE,1877.0,0.01812942282192831,-0.09819762022249168,0.1499258918304084
AR6_SSP1-2.6,year_CE,1878.0,0.022777159109075407,-0.09454933339386962,0.15556930351705034
AR6_SSP1-2.6,year_CE,1879.0,0.026477593392381316,-0.09184524283558859,0.1597534627114484
AR6_SSP1-2.6,year_CE,1880.0,0.029692159564499332,-0.08802481487938263,0.1615780488320704
AR6_SSP1-2.6,year_CE,1881.0,0.030993335502349395,-0.08655486744901364,0.1621176784495314
AR6_SSP1-2.6,year_CE,1882.0,0.037764818972242375,-0.07959996425367966,0.16795061123397137
AR6_SSP1-2.6,year_CE,1883.0,0.03080611249178533,-0.08300098717412463,0.1579777665730484
AR6_SSP1-2.6,year_CE,1884.0,-0.05287762330748469,-0.17004932681759666,0.08132459595369734
AR6_SSP1-2.6,year_CE,1885.0,-0.16191542536093673,-0.3103332589712866,0.0008572670796693771
AR6_SSP1-2.6,year_CE,1886.0,-0.1200093031601126,-0.25895674326124674,0.035122245370327376
AR6_SSP1-2.6,year_CE,1887.0,-0.06787277592654462,-0.19688719705731672,0.07434956804983639
AR6_SSP1-2.6,year_CE,1888.0,-0.04026928880485359,-0.1647445838873367,0.09655100685328233
AR6_SSP1-2.6,year_CE,1889.0,-0.010111819279850609,-0.1284513388239017,0.12265547325156734
AR6_SSP1-2.6,year_CE,1890.0,0.0066194015311193954,-0.1089835094260766,0.13797977398085537
AR6_SSP1-2.6,year_CE,1891.0,0.006810766716616401,-0.10792412073253166,0.13459237815109337
AR6_SSP1-2.6,year_CE,1892.0,0.005355128702656309,-0.11047281627877059,0.1341595035626284
AR6_SSP1-2.6,year_CE,1893.0,0.02778343200923239,-0.08542783603993565,0.1553733179595823
AR6_SSP1-2.6,year_CE,1894.0,0.04895498065682535,-0.0646817305098566,0.1731454188260484
AR6_SSP1-2.6,year_CE,1895.0,0.06135850812328336,-0.05286121578945768,0.1865242321330034
AR6_SSP1-2.6,year_CE,1896.0,0.07091040604645138,-0.041012578476620654,0.1916282083209614
AR6_SSP1-2.6,year_CE,1897.0,0.07534262548802839,-0.03511227251081561,0.19639190823977537
AR6_SSP1-2.6,year_CE,1898.0,0.07934938292031635,-0.0312571041034736,0.19833285307266035
AR6_SSP1-2.6,year_CE,1899.0,0.08228117358268139,-0.02750372809979562,0.2012271441931064
AR6_SSP1-2.6,year_CE,1900.0,0.08600382882458835,-0.022252641192520684,0.2053831779476204
AR6_SSP1-2.6,year_CE,1901.0,0.0881373753040493,-0.019938223525338694,0.20530038542932538
AR6_SSP1-2.6,year_CE,1902.0,0.08956501241574732,-0.01857892070892364,0.20739578031716532
AR6_SSP1-2.6,year_CE,1903.0,0.06325500335405732,-0.04169627139415866,0.18094982765332135
AR6_SSP1-2.6,year_CE,1904.0,0.007582396752143339,-0.10538987149294365,0.13538333848617234
AR6_SSP1-2.6,year_CE,1905.0,0.024177594435210392,-0.09069986667759167,0.14947753527360141
AR6_SSP1-2.6,year_CE,1906.0,0.057623269213569306,-0.052814501229961675,0.1784480011364573
AR6_SSP1-2.6,year_CE,1907.0,0.07499963999263137,-0.029355873939715615,0.1923731667710764
AR6_SSP1-2.6,year_CE,1908.0,0.07736726702327734,-0.02584809491815765,0.1944975928328384
AR6_SSP1-2.6,year_CE,1909.0,0.0897178436868784,-0.013924712772529602,0.20732241840452037
AR6_SSP1-2.6,year_CE,1910.0,0.10092416304766838,-0.0018723095379996613,0.2192337260546804
AR6_SSP1-2.6,year_CE,1911.0,0.11032067245826738,0.006269433491739362,0.2265196981334704
AR6_SSP1-2.6,year_CE,1912.0,0.10113966757014936,-0.0032571406349676257,0.21548315879449131
AR6_SSP1-2.6,year_CE,1913.0,0.056750461062856306,-0.05362662848774069,0.17430395048332437
AR6_SSP1-2.6,year_CE,1914.0,0.04753629383865432,-0.06836379622116162,0.16988694751898537
AR6_SSP1-2.6,year_CE,1915.0,0.08424734940998435,-0.027581698116966646,0.20403030575514736
AR6_SSP1-2.6,year_CE,1916.0,0.11794912640916333,0.012925371048625345,0.23124962226203538
AR6_SSP1-2.6,year_CE,1917.0,0.14014172141054337,0.03840579652259335,0.2520865049020824
AR6_SSP1-2.6,year_CE,1918.0,0.1553351313775324,0.05358608029954037,0.26626399135748735
AR6_SSP1-2.6,year_CE,1919.0,0.16667416736662233,0.0667603002513194,0.2732449581019274
AR6_SSP1-2.6,year_CE,1920.0,0.17242321498710234,0.07473939095753235,0.2762531382026183
AR6_SSP1-2.6,year_CE,1921.0,0.17981313311612335,0.08431248070351138,0.2829414377035293
AR6_SSP1-2.6,year_CE,1922.0,0.18376036310521038,0.0891298407162383,0.2847961029812933
AR6_SSP1-2.6,year_CE,1923.0,0.17579880075591536,0.07987700404795339,0.27749180787033734
AR6_SSP1-2.6,year_CE,1924.0,0.1824386418439644,0.08787290766034439,0.28493726856875734
AR6_SSP1-2.6,year_CE,1925.0,0.19378836107801733,0.10057328124445841,0.2941588881659064
AR6_SSP1-2.6,year_CE,1926.0,0.20252078614482938,0.11010161753055436,0.30200935393766637
AR6_SSP1-2.6,year_CE,1927.0,0.20957048830666136,0.1178390049305793,0.30817731085235534
AR6_SSP1-2.6,year_CE,1928.0,0.21293299417817735,0.12151597013478932,0.3107408099401243
AR6_SSP1-2.6,year_CE,1929.0,0.20903097501473333,0.11938810852349235,0.3082556668453834
AR6_SSP1-2.6,year_CE,1930.0,0.1992449862252823,0.11054082572213131,0.3005443907713603
AR6_SSP1-2.6,year_CE,1931.0,0.21316600623208837,0.12336952306875437,0.31290079445701335
AR6_SSP1-2.6,year_CE,1932.0,0.21561019759665634,0.12564346359136036,0.31498058540007334
AR6_SSP1-2.6,year_CE,1933.0,0.2123678297545144,0.12327062415329038,0.31383690497324235
AR6_SSP1-2.6,year_CE,1934.0,0.2187831064691954,0.12959268253619138,0.3177559514488554
AR6_SSP1-2.6,year_CE,1935.0,0.22830319396965837,0.1397701909444884,0.32512987310396935
AR6_SSP1-2.6,year_CE,1936.0,0.23878068695916832,0.15383314755742838,0.3365196556080493
AR6_SSP1-2.6,year_CE,1937.0,0.24876528504186235,0.16417781885222038,0.3449445579548134
AR6_SSP1-2.6,year_CE,1938.0,0.2590323779376503,0.17411114434341135,0.3532542104547354
AR6_SSP1-2.6,year_CE,1939.0,0.26426250203567037,0.18010832239825336,0.35718156951978636
AR6_SSP1-2.6,year_CE,1940.0,0.26825002520773733,0.18533207001885832,0.36020735356297934
AR6_SSP1-2.6,year_CE,1941.0,0.2703296086757754,0.18768675970738335,0.3627575852907934
AR6_SSP1-2.6,year_CE,1942.0,0.26990988341804134,0.18723812013107732,0.36254727700533934
AR6_SSP1-2.6,year_CE,1943.0,0.2703661233613843,0.18673106244755933,0.36323214885767935
AR6_SSP1-2.6,year_CE,1944.0,0.27104854868017936,0.1862050700947694,0.36419713468315235
AR6_SSP1-2.6,year_CE,1945.0,0.2791404928311544,0.1937942120831243,0.37194748883115536
AR6_SSP1-2.6,year_CE,1946.0,0.2903812200928234,0.20836152819538833,0.3820960494248384
AR6_SSP1-2.6,year_CE,1947.0,0.2987935777656163,0.21646687300473633,0.38886123698007835
AR6_SSP1-2.6,year_CE,1948.0,0.30316440786341836,0.22124692259017031,0.39215007819076136
AR6_SSP1-2.6,year_CE,1949.0,0.3076885005415464,0.2261987666812334,0.3959600028191674
AR6_SSP1-2.6,year_CE,1950.0,0.30312470147042536,0.22253036045591335,0.39150508034302434
AR6_SSP1-2.6,year_CE,1951.0,0.2974131096260244,0.21485626130823132,0.38786449916419435
AR6_SSP1-2.6,year_CE,1952.0,0.2921374271014694,0.20859685706512032,0.38360278101042333
AR6_SSP1-2.6,year_CE,1953.0,0.2892198794066093,0.2055216753601724,0.38154036959467436
AR6_SSP1-2.6,year_CE,1954.0,0.2883195865461293,0.20275876579646934,0.38286449613097234
AR6_SSP1-2.6,year_CE,1955.0,0.2895846146365374,0.20363428008738138,0.3871672283875904
AR6_SSP1-2.6,year_CE,1956.0,0.2930550170940004,0.20830509394370933,0.38892948965358537
AR6_SSP1-2.6,year_CE,1957.0,0.29865015052636934,0.21140102725620136,0.39646071979217135
AR6_SSP1-2.6,year_CE,1958.0,0.3102532565635644,0.2239436264009954,0.40825978280175934
AR6_SSP1-2.6,year_CE,1959.0,0.31843166359965136,0.2339023391881574,0.41340738461070636
AR6_SSP1-2.6,year_CE,1960.0,0.32273921726065335,0.2389741469544594,0.41729340065502335
AR6_SSP1-2.6,year_CE,1961.0,0.30928768932824935,0.2223685584282694,0.40465872717664736
AR6_SSP1-2.6,year_CE,1962.0,0.29882946415693135,0.2086160311174493,0.39691354872868334
AR6_SSP1-2.6,year_CE,1963.0,0.2587296182380724,0.1656982186139604,0.3590879185348714
AR6_SSP1-2.6,year_CE,1964.0,0.20266478320087633,0.10004587909830831,0.30794352077509635
AR6_SSP1-2.6,year_CE,1965.0,0.18287921538690233,0.07116249300526933,0.2939905151933474
AR6_SSP1-2.6,year_CE,1966.0,0.20419998070014633,0.09517411566083234,0.3172780321213483
AR6_SSP1-2.6,year_CE,1967.0,0.2392617935153314,0.12977061916618537,0.3482195884470234
AR6_SSP1-2.6,year_CE,1968.0,0.2504089003644544,0.13952356075613037,0.3562020772048404
AR6_SSP1-2.6,year_CE,1969.0,0.27080168686757133,0.1616905589944133,0.37607043632104636
AR6_SSP1-2.6,year_CE,1970.0,0.2893624729205424,0.1802356391708193,0.39419800022990437
AR6_SSP1-2.6,year_CE,1971.0,0.30565341623064235,0.1969102617795334,0.40872747403057735
AR6_SSP1-2.6,year_CE,1972.0,0.3108721132161144,0.19998469558325938,0.4173663076595864
AR6_SSP1-2.6,year_CE,1973.0,0.3340761135619984,0.22416399384064933,0.44017904018862136
AR6_SSP1-2.6,year_CE,1974.0,0.3587977317170424,0.2520154723292014,0.4638317609208514
AR6_SSP1-2.6,year_CE,1975.0,0.36747318971166437,0.2625244965088993,0.46889820505888336
AR6_SSP1-2.6,year_CE,1976.0,0.3554904952233814,0.2491370474925163,0.45698897723618137
AR6_SSP1-2.6,year_CE,1977.0,0.38343401777374436,0.27739684490918737,0.4868470055991724
AR6_SSP1-2.6,year_CE,1978.0,0.42030702988728336,0.31548473421774137,0.5209799640133623
AR6_SSP1-2.6,year_CE,1979.0,0.45638501178053736,0.35942991673735536,0.5531626356855484
AR6_SSP1-2.6,year_CE,1980.0,0.4839126838862204,0.38938617786567536,0.5767434937455054
AR6_SSP1-2.6,year_CE,1981.0,0.5056549008244513,0.41543846714894234,0.5930661586324044
AR6_SSP1-2.6,year_CE,1982.0,0.5015338894769494,0.41405895077350535,0.5852650787805784
AR6_SSP1-2.6,year_CE,1983.0,0.4744436491140194,0.38139008562182336,0.5621078486828134
AR6_SSP1-2.6,year_CE,1984.0,0.43566396179935635,0.3333159606322994,0.5299335107522574
AR6_SSP1-2.6,year_CE,1985.0,0.46570167432066534,0.36202011128817835,0.5613407681825313
AR6_SSP1-2.6,year_CE,1986.0,0.5035420471104133,0.40849470440764435,0.5915902918973523
AR6_SSP1-2.6,year_CE,1987.0,0.5280986448702774,0.43944133652732836,0.6103419886122744
AR6_SSP1-2.6,year_CE,1988.0,0.5634765353374853,0.4817105534575344,0.6393375042628504
AR6_SSP1-2.6,year_CE,1989.0,0.6084862822916773,0.5332970398715884,0.6776253732179833
AR6_SSP1-2.6,year_CE,1990.0,0.6427048529119074,0.5745639428177624,0.7037618211614654
AR6_SSP1-2.6,year_CE,1991.0,0.6301603378400453,0.5689441241786173,0.6827321891531514
AR6_SSP1-2.6,year_CE,1992.0,0.5611651396557684,0.4831320738308574,0.6279948448201804
AR6_SSP1-2.6,year_CE,1993.0,0.44791593145516334,0.3189361626341324,0.5507756900445284
AR6_SSP1-2.6,year_CE,1994.0,0.47079213500714634,0.33849407880726934,0.5732013142000953
AR6_SSP1-2.6,year_CE,1995.0,0.5481732192900743,0.4533783530771134,0.6293105171552403
AR6_SSP1-2.6,year_CE,1996.0,0.6112245320258654,0.5368694941207044,0.6742450468975404
AR6_SSP1-2.6,year_CE,1997.0,0.6385502205373863,0.5781326262798454,0.6935308336381744
AR6_SSP1-2.6,year_CE,1998.0,0.6771138489103073,0.6194848893609813,0.7279510276218414
AR6_SSP1-2.6,year_CE,1999.0,0.7285322384094773,0.6813433503475094,0.7671958969973607
AR6_SSP1-2.6,year_CE,2000.0,0.7716795422784015,0.7354916344728504,0.7998440477270553
AR6_SSP1-2.6,year_CE,2001.0,0.8037589220060217,0.7762111135746729,0.8321591330053023
AR6_SSP1-2.6,year_CE,2002.0,0.8250270252808701,0.8007933272287872,0.8506796817031921
AR6_SSP1-2.6,year_CE,2003.0,0.8432092526105157,0.8243862979244199,0.8644888294470009
AR6_SSP1-2.6,year_CE,2004.0,0.8581748680639734,0.844395765160433,0.8760687205307259
AR6_SSP1-2.6,year_CE,2005.0,0.8705350453390539,0.8582952481430609,0.8872308980102792
AR6_SSP1-2.6,year_CE,2006.0,0.8845965862057957,0.8723179645106784,0.9009021660467383
AR6_SSP1-2.6,year_CE,2007.0,0.9002327340447229,0.8851159868371946,0.9185854958583621
AR6_SSP1-2.6,year_CE,2008.0,0.9265588477048825,0.9053869996274333,0.9508944087271404
AR6_SSP1-2.6,year_CE,2009.0,0.9527743550552954,0.9238792633362777,0.9854354699834014
AR6_SSP1-2.6,year_CE,2010.0,0.9730355435507053,0.9383227622508847,1.0131452685436224
AR6_SSP1-2.6,year_CE,2011.0,1.0049982972379423,0.9635644459739824,1.0527349156334163
AR6_SSP1-2.6,year_CE,2012.0,1.0312400441383303,0.9815990462231694,1.0867322014339984
AR6_SSP1-2.6,year_CE,2013.0,1.0630958518663263,1.0044501466060813,1.1295284172089004
AR6_SSP1-2.6,year_CE,2014.0,1.0893556065465173,1.0227866517710933,1.1679548394306893
AR6_SSP1-2.6,year_CE,2015.0,1.1118747350995473,1.0400503751044514,1.1975749486481764
AR6_SSP1-2.6,year_CE,2016.0,1.1338809819759723,1.0557332628624483,1.2297970815113544
AR6_SSP1-2.6,year_CE,2017.0,1.1570807953995295,1.0707048021894114,1.2609501830978602
AR6_SSP1-2.6,year_CE,2018.0,1.1814134718081752,1.0890560815760955,1.2933850630148185
AR6_SSP1-2.6,year_CE,2019.0,1.2064729566872103,1.1043272814576164,1.3267475301819314
AR6_SSP1-2.6,year_CE,2020.0,1.2327806814920392,1.1211948177679703,1.3624813045580173
AR6_SSP1-2.6,year_CE,2021.0,1.2620530376452552,1.1394551123894754,1.4023973273747994
AR6_SSP1-2.6,year_CE,2022.0,1.2936598549007083,1.1571375848461973,1.4471589769120243
AR6_SSP1-2.6,year_CE,2023.0,1.3247680260293444,1.1743386372931854,1.4931288849270623
AR6_SSP1-2.6,year_CE,2024.0,1.3536623927318523,1.1897604525123353,1.5390100696268725
AR6_SSP1-2.6,year_CE,2025.0,1.3783837780549675,1.2017152555686363,1.5776721026313063
AR6_SSP1-2.6,year_CE,2026.0,1.4007350518426374,1.2123729597481314,1.6127356375883934
AR6_SSP1-2.6,year_CE,2027.0,1.4214042184050002,1.2217534912015144,1.6446741805479412
AR6_SSP1-2.6,year_CE,2028.0,1.4422196057000582,1.2315159332444003,1.6765454392588315
AR6_SSP1-2.6,year_CE,2029.0,1.4625769877182373,1.2411400883335655,1.7060619944228392
AR6_SSP1-2.6,year_CE,2030.0,1.4821382482647454,1.2508718192886774,1.7347565281421824
AR6_SSP1-2.6,year_CE,2031.0,1.5001156289028854,1.2602576120733453,1.7626175298097864
AR6_SSP1-2.6,year_CE,2032.0,1.5185123238054063,1.2704039834779344,1.7950901465700524
AR6_SSP1-2.6,year_CE,2033.0,1.5392018195046213,1.2817924108765233,1.8273190027782564
AR6_SSP1-2.6,year_CE,2034.0,1.5629023746475865,1.2946392778012463,1.8637012256574734
AR6_SSP1-2.6,year_CE,2035.0,1.5852198160649174,1.3062199082784622,1.8979733976805733
AR6_SSP1-2.6,year_CE,2036.0,1.6067495540528465,1.3175387652406794,1.9317920956097534
AR6_SSP1-2.6,year_CE,2037.0,1.6247966972287693,1.3267425747648405,1.9602862380539434
AR6_SSP1-2.6,year_CE,2038.0,1.6412258764406724,1.3353805193184565,1.9875211580097534
AR6_SSP1-2.6,year_CE,2039.0,1.6547345241723364,1.3422559093856814,2.0084994500146136
AR6_SSP1-2.6,year_CE,2040.0,1.6654127897814135,1.3477095038812223,2.0288359174660733
AR6_SSP1-2.6,year_CE,2041.0,1.6742003497178324,1.3520138309328904,2.044705334703673
AR6_SSP1-2.6,year_CE,2042.0,1.6829934684687804,1.3524461614111754,2.0602704768898135
AR6_SSP1-2.6,year_CE,2043.0,1.6926800612680015,1.3559839492555683,2.0777629536196134
AR6_SSP1-2.6,year_CE,2044.0,1.7037230484061403,1.3622860432972073,2.097262848025683
AR6_SSP1-2.6,year_CE,2045.0,1.7178509586256805,1.3721969644126464,2.119374202051853
AR6_SSP1-2.6,year_CE,2046.0,1.7331308209643033,1.3799582174660874,2.1418993315020236
AR6_SSP1-2.6,year_CE,2047.0,1.7488872353347944,1.3868720172506235,2.1649737895621834
AR6_SSP1-2.6,year_CE,2048.0,1.7626123440022745,1.3924448302838814,2.1881843720353733
AR6_SSP1-2.6,year_CE,2049.0,1.7720484601498563,1.3958161380323524,2.2057289968214535
AR6_SSP1-2.6,year_CE,2050.0,1.7769130596781575,1.3968813592661804,2.216488253634793
AR6_SSP1-2.6,year_CE,2051.0,1.7800414641052815,1.3975917237043243,2.2238849376842134
AR6_SSP1-2.6,year_CE,2052.0,1.7827267639866204,1.3981512120772364,2.2321937852035036
AR6_SSP1-2.6,year_CE,2053.0,1.7853847281440614,1.3987657534286884,2.2383369642083535
AR6_SSP1-2.6,year_CE,2054.0,1.7893950280253563,1.4000685171654395,2.2489023526037233
AR6_SSP1-2.6,year_CE,2055.0,1.7959985313495812,1.4025873850479913,2.2614468899587035
AR6_SSP1-2.6,year_CE,2056.0,1.8048348634043925,1.4059573978238893,2.2758848269583534
AR6_SSP1-2.6,year_CE,2057.0,1.8125396133351324,1.4083287126962403,2.289540892187463
AR6_SSP1-2.6,year_CE,2058.0,1.8191802146723703,1.4102756199652513,2.3020380577968234
AR6_SSP1-2.6,year_CE,2059.0,1.8252353591249122,1.4124073832811312,2.313815327684093
AR6_SSP1-2.6,year_CE,2060.0,1.8282610319187205,1.4126169285864314,2.3229127708118633
AR6_SSP1-2.6,year_CE,2061.0,1.8288363938106353,1.4112015042657262,2.3290940824607733
AR6_SSP1-2.6,year_CE,2062.0,1.8282985716188702,1.4097650181536754,2.3336881805380534
AR6_SSP1-2.6,year_CE,2063.0,1.8279542730863163,1.4085665798988494,2.3377487418236833
AR6_SSP1-2.6,year_CE,2064.0,1.8281126573484094,1.4075440939841024,2.3414348247465333
AR6_SSP1-2.6,year_CE,2065.0,1.8292532674447193,1.4067426706895465,2.3463368135444433
AR6_SSP1-2.6,year_CE,2066.0,1.8331608987400063,1.4078972887319785,2.3533797157343432
AR6_SSP1-2.6,year_CE,2067.0,1.8388441269923943,1.4101522810095364,2.3640188039286634
AR6_SSP1-2.6,year_CE,2068.0,1.8442438695590995,1.4120930904472835,2.3709570467428134
AR6_SSP1-2.6,year_CE,2069.0,1.8472396608964532,1.4123078236954245,2.3773916642189032
AR6_SSP1-2.6,year_CE,2070.0,1.8473998718219105,1.4104856372946624,2.3811655301214434
AR6_SSP1-2.6,year_CE,2071.0,1.8450722448199564,1.4069366407073574,2.382423143359153
AR6_SSP1-2.6,year_CE,2072.0,1.8420850797378003,1.4030105173618952,2.3809408178897233
AR6_SSP1-2.6,year_CE,2073.0,1.8390880219077954,1.3991404477166933,2.3809050115805634
AR6_SSP1-2.6,year_CE,2074.0,1.8355344858075193,1.3954745240041913,2.3802568345243933
AR6_SSP1-2.6,year_CE,2075.0,1.8320040631205123,1.3917833822140173,2.3793565059123334
AR6_SSP1-2.6,year_CE,2076.0,1.8284842121499665,1.3879741187900774,2.3810138181047034
AR6_SSP1-2.6,year_CE,2077.0,1.8258396604424023,1.3845683152748274,2.3807332077775136
AR6_SSP1-2.6,year_CE,2078.0,1.8249381373356872,1.3819418005630855,2.3817648322328235
AR6_SSP1-2.6,year_CE,2079.0,1.8253179935240542,1.3797494389117784,2.383951591870903
AR6_SSP1-2.6,year_CE,2080.0,1.8256959533988213,1.3773729340749503,2.386133449662533
AR6_SSP1-2.6,year_CE,2081.0,1.8245512709575702,1.3741076454160415,2.3868227347165134
AR6_SSP1-2.6,year_CE,2082.0,1.8220059004048115,1.3702104532836783,2.3859616909118735
AR6_SSP1-2.6,year_CE,2083.0,1.8173636628242202,1.3652304240942004,2.3826683884035633
AR6_SSP1-2.6,year_CE,2084.0,1.8118642269918794,1.3600009529103694,2.3776220729207234
AR6_SSP1-2.6,year_CE,2085.0,1.8046144715270493,1.3537599315761304,2.3706088530338634
AR6_SSP1-2.6,year_CE,2086.0,1.7967541398737834,1.3473614361769244,2.3625016200409434
AR6_SSP1-2.6,year_CE,2087.0,1.7897838126466494,1.3414715943460025,2.354913290036543
AR6_SSP1-2.6,year_CE,2088.0,1.7837376869456305,1.3359265560376024,2.3485164147935333
AR6_SSP1-2.6,year_CE,2089.0,1.7796017655227705,1.3314060296951633,2.3445482025428834
AR6_SSP1-2.6,year_CE,2090.0,1.7781228661286994,1.3284250188068474,2.3428611834396333
AR6_SSP1-2.6,year_CE,2091.0,1.7778862537481133,1.3278546932519284,2.3423222217063833
AR6_SSP1-2.6,year_CE,2092.0,1.7788148441880773,1.3269393471613222,2.3429405121171034
AR6_SSP1-2.6,year_CE,2093.0,1.7771525334805114,1.3224332495597504,2.3422240397224936
AR6_SSP1-2.6,year_CE,2094.0,1.7720220422737203,1.3154424728212584,2.342633867261563
AR6_SSP1-2.6,year_CE,2095.0,1.7652418955274154,1.3076386173380374,2.3345984212136033
AR6_SSP1-2.6,year_CE,2096.0,1.7574108594638642,1.2993486545295714,2.3243999597428333
AR6_SSP1-2.6,year_CE,2097.0,1.7501470465135194,1.2929097224420414,2.3179372653434034
AR6_SSP1-2.6,year_CE,2098.0,1.7435804459973934,1.2867708114991163,2.3120641707663534
AR6_SSP1-2.6,year_CE,2099.0,1.7388903501680644,1.2816892003008813,2.3077638030889234
AR6_SSP1-2.6,year_CE,2100.0,1.7364325110349743,1.2777394520178704,2.3052176051185835
AR6_SSP1-2.6,year_CE,2101.0,1.7354037066466552,1.2745698864606323,2.303583617686713
AR6_SSP1-2.6,year_CE,2102.0,1.7327885074071434,1.2705128686697393,2.3004482223798632
AR6_SSP1-2.6,year_CE,2103.0,1.7287264392119863,1.2660283119591353,2.2958905375096634
AR6_SSP1-2.6,year_CE,2104.0,1.7230715068412925,1.2609283649884644,2.2898810012970734
AR6_SSP1-2.6,year_CE,2105.0,1.7153280613782673,1.2547815654470043,2.2819664084401037
AR6_SSP1-2.6,year_CE,2106.0,1.7070339773361434,1.2490821970608084,2.273407099866583
AR6_SSP1-2.6,year_CE,2107.0,1.6988933876636654,1.2435381888684753,2.2648812591377334
AR6_SSP1-2.6,year_CE,2108.0,1.6916875547864243,1.2372417766954504,2.2570609686766034
AR6_SSP1-2.6,year_CE,2109.0,1.6859449607160713,1.2325275771543183,2.2503577327049733
AR6_SSP1-2.6,year_CE,2110.0,1.6825838712686605,1.2294844360564723,2.2457097685458436
AR6_SSP1-2.6,year_CE,2111.0,1.6831461368950955,1.2302448465722253,2.2445607141322834
AR6_SSP1-2.6,year_CE,2112.0,1.6826695985439173,1.2280556221502883,2.2472744238130433
AR6_SSP1-2.6,year_CE,2113.0,1.6806035668657535,1.2253135983415964,2.2478241902931133
AR6_SSP1-2.6,year_CE,2114.0,1.6752843452478454,1.2208635212505283,2.243991254936283
AR6_SSP1-2.6,year_CE,2115.0,1.6691155570004883,1.2164751987700504,2.238762050906163
AR6_SSP1-2.6,year_CE,2116.0,1.6616987018903435,1.2110454584794934,2.2317897934442734
AR6_SSP1-2.6,year_CE,2117.0,1.6540686843882355,1.2041183879433874,2.2217099948145633
AR6_SSP1-2.6,year_CE,2118.0,1.6469501882571205,1.1971443862797984,2.2116303528908636
AR6_SSP1-2.6,year_CE,2119.0,1.6408542440556384,1.1921226667347233,2.2030979437995937
AR6_SSP1-2.6,year_CE,2120.0,1.6373672546620124,1.1891738109440384,2.1994620043861035
AR6_SSP1-2.6,year_CE,2121.0,1.6369388922864314,1.1902584718300224,2.1993527458650535
AR6_SSP1-2.6,year_CE,2122.0,1.6387549207023615,1.1910466241644384,2.202114136546613
AR6_SSP1-2.6,year_CE,2123.0,1.6370730980978454,1.1872609309666844,2.2017831187103436
AR6_SSP1-2.6,year_CE,2124.0,1.6343540735328732,1.1846541745068093,2.1998850187462833
AR6_SSP1-2.6,year_CE,2125.0,1.6289367343811323,1.1798702531195684,2.1949451610939033
AR6_SSP1-2.6,year_CE,2126.0,1.6214048043268905,1.1742748542053603,2.1872543659235735
AR6_SSP1-2.6,year_CE,2127.0,1.6139162507556144,1.1683446318666293,2.1790800880822836
AR6_SSP1-2.6,year_CE,2128.0,1.6068951645845213,1.1612991756829383,2.1712360870030434
AR6_SSP1-2.6,year_CE,2129.0,1.6012612542343183,1.1569130342787723,2.1649082713018535
AR6_SSP1-2.6,year_CE,2130.0,1.5983553592644753,1.1542129574524083,2.161692411288503
AR6_SSP1-2.6,year_CE,2131.0,1.6004532467481813,1.1584175334568823,2.1641585368466933
AR6_SSP1-2.6,year_CE,2132.0,1.6021413611462445,1.1592361998290974,2.1670992216464935
AR6_SSP1-2.6,year_CE,2133.0,1.6026197047625463,1.1588247892958523,2.1688902630717832
AR6_SSP1-2.6,year_CE,2134.0,1.6001877066659622,1.1563387199709263,2.1675125172028435
AR6_SSP1-2.6,year_CE,2135.0,1.5946421218180094,1.1516837847218975,2.1627847286985933
AR6_SSP1-2.6,year_CE,2136.0,1.5867053339420094,1.1446943920114994,2.1545676612821634
AR6_SSP1-2.6,year_CE,2137.0,1.5792523291572662,1.1351874342531443,2.1459378576924633
AR6_SSP1-2.6,year_CE,2138.0,1.5725705020522582,1.1303130215570283,2.1383555764453734
AR6_SSP1-2.6,year_CE,2139.0,1.5666327610434325,1.1254472419290504,2.131756750887363
AR6_SSP1-2.6,year_CE,2140.0,1.5619350083342134,1.1218574963239862,2.1266190912901832
AR6_SSP1-2.6,year_CE,2141.0,1.5597693769409595,1.1196479917107194,2.1246911012255234
AR6_SSP1-2.6,year_CE,2142.0,1.5596057488084554,1.1193055908440703,2.1261093139045433
AR6_SSP1-2.6,year_CE,2143.0,1.5588915885096704,1.1178449774817443,2.1275098745171332
AR6_SSP1-2.6,year_CE,2144.0,1.5576661584858864,1.1161635128691183,2.1282841574570837
AR6_SSP1-2.6,year_CE,2145.0,1.5555780626328604,1.1139722542721693,2.1279416694596236
AR6_SSP1-2.6,year_CE,2146.0,1.5514347678095115,1.1104958333779824,2.1249360588411434
AR6_SSP1-2.6,year_CE,2147.0,1.5473454870882803,1.1072969836610005,2.1212689162102434
AR6_SSP1-2.6,year_CE,2148.0,1.5427956300420522,1.1026245210593333,2.116958432902443
AR6_SSP1-2.6,year_CE,2149.0,1.5381942630497965,1.0983286950239224,2.1123435262222934
AR6_SSP1-2.6,year_CE,2150.0,1.5340842304654994,1.0951363070070155,2.1082379534948332
AR6_SSP1-2.6,year_CE,2151.0,1.5306806370200965,1.0923155613568043,2.1050494662329933
AR6_SSP1-2.6,year_CE,2152.0,1.5294582210520362,1.0907406017865693,2.1033369926982735
AR6_SSP1-2.6,year_CE,2153.0,1.5315673295727752,1.0924274291279072,2.1044010526486434
AR6_SSP1-2.6,year_CE,2154.0,1.5352567798778654,1.0927884803386894,2.1072422361263334
AR6_SSP1-2.6,year_CE,2155.0,1.5370646639599284,1.0943608146493153,2.1087882700699137
AR6_SSP1-2.6,year_CE,2156.0,1.5368516888960104,1.0942982673415123,2.1084711829983633
AR6_SSP1-2.6,year_CE,2157.0,1.5344625244008254,1.0916562763947513,2.1062356121312433
AR6_SSP1-2.6,year_CE,2158.0,1.5298685753505954,1.0865587563032284,2.101810254351653
AR6_SSP1-2.6,year_CE,2159.0,1.5242297611879305,1.0804415709715043,2.0958686647474236
AR6_SSP1-2.6,year_CE,2160.0,1.5189172768807033,1.0761021795539434,2.0903370777473933
AR6_SSP1-2.6,year_CE,2161.0,1.5150672877637574,1.0733214270903204,2.086091344510053
AR6_SSP1-2.6,year_CE,2162.0,1.5138730074163513,1.0719497974582124,2.0845326345970534
AR6_SSP1-2.6,year_CE,2163.0,1.5163261145251532,1.0737533953638374,2.0875857112457634
AR6_SSP1-2.6,year_CE,2164.0,1.5212576385693923,1.0787165178181644,2.0938750097953136
AR6_SSP1-2.6,year_CE,2165.0,1.5232669648211372,1.0789656569197315,2.097577873439433
AR6_SSP1-2.6,year_CE,2166.0,1.5240899637720835,1.0786534986757115,2.099706755821053
AR6_SSP1-2.6,year_CE,2167.0,1.5211979105249225,1.0752906090327694,2.097687141979513
AR6_SSP1-2.6,year_CE,2168.0,1.5160456312150332,1.0706218822580305,2.0926599512071333
AR6_SSP1-2.6,year_CE,2169.0,1.5105898882820643,1.0659899588568504,2.0868666036813734
AR6_SSP1-2.6,year_CE,2170.0,1.5057412771584224,1.0618106191552543,2.0815728330425833
AR6_SSP1-2.6,year_CE,2171.0,1.5020117393377463,1.0578831006133613,2.0772774469986133
AR6_SSP1-2.6,year_CE,2172.0,1.5002552741745754,1.0562380674384293,2.0753663960665634
AR6_SSP1-2.6,year_CE,2173.0,1.5019166712104923,1.0580550174441414,2.0770778942450634
AR6_SSP1-2.6,year_CE,2174.0,1.5048626467416293,1.0600923596872254,2.0820727127931633
AR6_SSP1-2.6,year_CE,2175.0,1.5080393431461405,1.0622308154637643,2.0867196951097835
AR6_SSP1-2.6,year_CE,2176.0,1.5099967932941323,1.0627830307036934,2.0901799758032835
AR6_SSP1-2.6,year_CE,2177.0,1.5093590807772213,1.0608319234901225,2.090734712140783
AR6_SSP1-2.6,year_CE,2178.0,1.5062292251763194,1.0570275187666864,2.087570907686893
AR6_SSP1-2.6,year_CE,2179.0,1.5024207033334642,1.0533941306413743,2.081752958897513
AR6_SSP1-2.6,year_CE,2180.0,1.4983023504015953,1.0496290764391705,2.0763309784356236
AR6_SSP1-2.6,year_CE,2181.0,1.4944641349354764,1.0462954352837193,2.0739772090062933
AR6_SSP1-2.6,year_CE,2182.0,1.4910041945323882,1.0426836392126073,2.0717663640639334
AR6_SSP1-2.6,year_CE,2183.0,1.4882001676103522,1.0400746525017104,2.069947846004993
AR6_SSP1-2.6,year_CE,2184.0,1.4865526419806665,1.0385794998665683,2.0689020217035035
AR6_SSP1-2.6,year_CE,2185.0,1.4867275429795184,1.0386029300380384,2.0691315337811336
AR6_SSP1-2.6,year_CE,2186.0,1.4900287744561653,1.0406358383112284,2.0716185793088133
AR6_SSP1-2.6,year_CE,2187.0,1.4930346228828344,1.0429656016424633,2.0738101321773437
AR6_SSP1-2.6,year_CE,2188.0,1.4956001077077654,1.0447502920570733,2.0759577995071634
AR6_SSP1-2.6,year_CE,2189.0,1.4979676710922114,1.0459464245256664,2.0781136488147633
AR6_SSP1-2.6,year_CE,2190.0,1.4974197240911433,1.0436457477077123,2.0782210266312933
AR6_SSP1-2.6,year_CE,2191.0,1.4947480957627803,1.0403069422814124,2.077019297438423
AR6_SSP1-2.6,year_CE,2192.0,1.4916689914672494,1.0371282742571213,2.0755408786796936
AR6_SSP1-2.6,year_CE,2193.0,1.4892685910255563,1.0344171662582125,2.0744454111955033
AR6_SSP1-2.6,year_CE,2194.0,1.4876105590474553,1.0326549274428884,2.0737435248627833
AR6_SSP1-2.6,year_CE,2195.0,1.4873376085120542,1.0319829793641484,2.0739775504553633
AR6_SSP1-2.6,year_CE,2196.0,1.4901167583425114,1.0337576548829983,2.0763825058865835
AR6_SSP1-2.6,year_CE,2197.0,1.4953233223762905,1.0395456755625243,2.080458678097103
AR6_SSP1-2.6,year_CE,2198.0,1.5006858305734463,1.0437767783821963,2.0902348002228233
AR6_SSP1-2.6,year_CE,2199.0,1.5035057576907473,1.0459064430202885,2.096299409507983
AR6_SSP1-2.6,year_CE,2200.0,1.5036736239980304,1.0449688385697513,2.0980827985226234
AR6_SSP1-2.6,year_CE,2201.0,1.5012206310919263,1.0411405601120314,2.0956909998348734
AR6_SSP1-2.6,year_CE,2202.0,1.4983979668329694,1.0374104345933384,2.0924481684560536
AR6_SSP1-2.6,year_CE,2203.0,1.4959049647182454,1.0342972292515613,2.089727350454563
AR6_SSP1-2.6,year_CE,2204.0,1.4929985457210364,1.0306338449783303,2.0864871491394936
AR6_SSP1-2.6,year_CE,2205.0,1.4904619186837433,1.0275033118184584,2.0837644643636235
AR6_SSP1-2.6,year_CE,2206.0,1.4882344019231664,1.0252063645565173,2.0819116084421836
AR6_SSP1-2.6,year_CE,2207.0,1.4872429894950052,1.0242525648548664,2.0816884123318236
AR6_SSP1-2.6,year_CE,2208.0,1.4884217208501003,1.0250748533087644,2.0843044030982134
AR6_SSP1-2.6,year_CE,2209.0,1.4913327339018054,1.0278230064157594,2.0901616167689436
AR6_SSP1-2.6,year_CE,2210.0,1.4948245474625925,1.0301541181026754,2.097053238746743
AR6_SSP1-2.6,year_CE,2211.0,1.4971435325170503,1.0315632810033184,2.102244557888663
AR6_SSP1-2.6,year_CE,2212.0,1.4982869979180233,1.0320277432813163,2.1055039559998034
AR6_SSP1-2.6,year_CE,2213.0,1.4975155019033664,1.0300871049301015,2.1057957918899435
AR6_SSP1-2.6,year_CE,2214.0,1.4959554456848725,1.0275879800596524,2.104674605662983
AR6_SSP1-2.6,year_CE,2215.0,1.4927648036108585,1.0229340152091915,2.1011087576176233
AR6_SSP1-2.6,year_CE,2216.0,1.4891190891877264,1.0199418874726494,2.0966796937872436
AR6_SSP1-2.6,year_CE,2217.0,1.4865801622988255,1.0179520037422314,2.0938854904759934
AR6_SSP1-2.6,year_CE,2218.0,1.4852235065929613,1.0167111696390703,2.0930157931809736
AR6_SSP1-2.6,year_CE,2219.0,1.4860199725519294,1.0171146862076603,2.0954725019492937
AR6_SSP1-2.6,year_CE,2220.0,1.4893720026383592,1.0193788867383333,2.1019721287737037
AR6_SSP1-2.6,year_CE,2221.0,1.4937870535175004,1.0224796095820534,2.108816655495043
AR6_SSP1-2.6,year_CE,2222.0,1.4995666491653874,1.0279773100813583,2.1164790035046437
AR6_SSP1-2.6,year_CE,2223.0,1.5024454966580063,1.0298838206535523,2.1213134705296435
AR6_SSP1-2.6,year_CE,2224.0,1.5016960509030584,1.0277026166079795,2.1219421742386033
AR6_SSP1-2.6,year_CE,2225.0,1.4990803390635472,1.0238209661310305,2.1200337201991233
AR6_SSP1-2.6,year_CE,2226.0,1.4950553756195535,1.0183640548984654,2.1162647151941933
AR6_SSP1-2.6,year_CE,2227.0,1.4916749145146304,1.0154401911884154,2.1129042912820934
AR6_SSP1-2.6,year_CE,2228.0,1.4886780939475424,1.0129361476504413,2.1100128457304033
AR6_SSP1-2.6,year_CE,2229.0,1.4875896247934275,1.0120709107265085,2.1092086962013337
AR6_SSP1-2.6,year_CE,2230.0,1.4894770440141514,1.0133136950595965,2.111837968930783
AR6_SSP1-2.6,year_CE,2231.0,1.4925985804680773,1.0149562722833674,2.1162346377253134
AR6_SSP1-2.6,year_CE,2232.0,1.4950120404215383,1.0157753418446334,2.1201450174710734
AR6_SSP1-2.6,year_CE,2233.0,1.4973267473249274,1.0176462429343873,2.1239003250863835
AR6_SSP1-2.6,year_CE,2234.0,1.4977961015328662,1.0171053565535404,2.1256854766458435
AR6_SSP1-2.6,year_CE,2235.0,1.4967952363980244,1.0151047367424795,2.1256382651111334
AR6_SSP1-2.6,year_CE,2236.0,1.4938250961786064,1.0116210269646895,2.1232689509420837
AR6_SSP1-2.6,year_CE,2237.0,1.4906830299972045,1.0089869711980324,2.1210683911257333
AR6_SSP1-2.6,year_CE,2238.0,1.4881013813074024,1.0064031409139094,2.1208218266148333
AR6_SSP1-2.6,year_CE,2239.0,1.4865129320515345,1.0033491597577933,2.1212022921199334
AR6_SSP1-2.6,year_CE,2240.0,1.4866925324531235,1.0030008404914004,2.1227049268867635
AR6_SSP1-2.6,year_CE,2241.0,1.4898672298597904,1.0059904523342404,2.1261149622846434
AR6_SSP1-2.6,year_CE,2242.0,1.4949268217635052,1.0100028598725743,2.1308242254434133
AR6_SSP1-2.6,year_CE,2243.0,1.4987434007328744,1.0120329312861993,2.1348634646909233
AR6_SSP1-2.6,year_CE,2244.0,1.5006392469285954,1.0123229239845823,2.1376614646943835
AR6_SSP1-2.6,year_CE,2245.0,1.4997986000812382,1.0106209363342253,2.138716582293603
AR6_SSP1-2.6,year_CE,2246.0,1.4969330260756604,1.0077787550565274,2.1384092564992736
AR6_SSP1-2.6,year_CE,2247.0,1.4940526372897154,1.0039613365007884,2.138006960732353
AR6_SSP1-2.6,year_CE,2248.0,1.4909044057339975,0.9998550717842813,2.137457743318893
AR6_SSP1-2.6,year_CE,2249.0,1.4878619972187284,0.9967670878434863,2.1369510263141334
AR6_SSP1-2.6,year_CE,2250.0,1.4850528954087554,0.9939404975297393,2.136430681474663
AR6_SSP1-2.6,year_CE,2251.0,1.4827519813441454,0.9918184513131304,2.1359244887011433
AR6_SSP1-2.6,year_CE,2252.0,1.4819086374632122,0.9913346341649664,2.1361430392435534
AR6_SSP1-2.6,year_CE,2253.0,1.4832086771764403,0.9928585370831384,2.1376492304755637
AR6_SSP1-2.6,year_CE,2254.0,1.4862989163787983,0.9956902138354673,2.1402947175771336
AR6_SSP1-2.6,year_CE,2255.0,1.4886488488850933,0.9968959772458674,2.1425390338726333
AR6_SSP1-2.6,year_CE,2256.0,1.4903399140351423,0.9979293296521303,2.144301190475513
AR6_SSP1-2.6,year_CE,2257.0,1.4908749357375883,0.9976964933747984,2.1453199297739634
AR6_SSP1-2.6,year_CE,2258.0,1.4894492418479444,0.9956151958397264,2.1450737001300033
AR6_SSP1-2.6,year_CE,2259.0,1.4870726126267864,0.9932681915042983,2.1441408202406036
AR6_SSP1-2.6,year_CE,2260.0,1.4833018839288985,0.9894206602004944,2.142315843703133
AR6_SSP1-2.6,year_CE,2261.0,1.4794262737919863,0.9861588568502304,2.140339327620893
AR6_SSP1-2.6,year_CE,2262.0,1.4767809762064843,0.9842848471676283,2.1383074643478235
AR6_SSP1-2.6,year_CE,2263.0,1.4753588999088953,0.9833219523679424,2.136893550138393
AR6_SSP1-2.6,year_CE,2264.0,1.4762811036645482,0.9848039383845284,2.139015485583953
AR6_SSP1-2.6,year_CE,2265.0,1.4798181661659764,0.9884245805968883,2.1424477531866932
AR6_SSP1-2.6,year_CE,2266.0,1.4844159239596002,0.9922722447498044,2.1459587208219033
AR6_SSP1-2.6,year_CE,2267.0,1.4893801529607362,0.9959673695844854,2.1497311767100933
AR6_SSP1-2.6,year_CE,2268.0,1.4904449566562135,0.9952959596753014,2.151158561911563
AR6_SSP1-2.6,year_CE,2269.0,1.4887092559670934,0.9933771610345994,2.1506616642343634
AR6_SSP1-2.6,year_CE,2270.0,1.4850962888156094,0.9893579169262694,2.1489124783106934
AR6_SSP1-2.6,year_CE,2271.0,1.4810719550711373,0.9859221151568693,2.146821384965773
AR6_SSP1-2.6,year_CE,2272.0,1.4770387925558852,0.9824494710364063,2.1447138391234235
AR6_SSP1-2.6,year_CE,2273.0,1.4741634565416555,0.9804440312987204,2.143217783244263
AR6_SSP1-2.6,year_CE,2274.0,1.4737837640347113,0.9809195047792684,2.1431730724822833
AR6_SSP1-2.6,year_CE,2275.0,1.4758852865645744,0.9833176358999783,2.1452525574438734
AR6_SSP1-2.6,year_CE,2276.0,1.4789565998716934,0.9858742150436334,2.1477484212883633
AR6_SSP1-2.6,year_CE,2277.0,1.4808128242417924,0.9865813719189703,2.149539248788053
AR6_SSP1-2.6,year_CE,2278.0,1.4813138976239033,0.9864175561434914,2.150430385798553
AR6_SSP1-2.6,year_CE,2279.0,1.4801956189262704,0.9849746068903024,2.1502754719575035
AR6_SSP1-2.6,year_CE,2280.0,1.4769602739837895,0.9814428257467493,2.1487515055771036
AR6_SSP1-2.6,year_CE,2281.0,1.4732795733143442,0.9783170338758653,2.146846799859113
AR6_SSP1-2.6,year_CE,2282.0,1.4702979441919255,0.9760279739856513,2.143966703432663
AR6_SSP1-2.6,year_CE,2283.0,1.4680187827912135,0.9742436177215353,2.1410584747518233
AR6_SSP1-2.6,year_CE,2284.0,1.4674445175580355,0.9743217610477873,2.1407213602526936
AR6_SSP1-2.6,year_CE,2285.0,1.4697849720977794,0.9771989194769484,2.1448364530955937
AR6_SSP1-2.6,year_CE,2286.0,1.4743630446450053,0.9805680978459623,2.1496430342482036
AR6_SSP1-2.6,year_CE,2287.0,1.4783961867155984,0.9828809391492753,2.152816449448573
AR6_SSP1-2.6,year_CE,2288.0,1.4806776770185892,0.9844367434003883,2.155806016318923
AR6_SSP1-2.6,year_CE,2289.0,1.4786957714699702,0.9814110014047613,2.155410752603343
AR6_SSP1-2.6,year_CE,2290.0,1.4759383707166203,0.9793080061154563,2.1531450665526632
AR6_SSP1-2.6,year_CE,2291.0,1.4724960224816193,0.9765878629013903,2.1512135027549433
AR6_SSP1-2.6,year_CE,2292.0,1.4684969897816362,0.9730884742236734,2.1481549370176234
AR6_SSP1-2.6,year_CE,2293.0,1.4648346789752533,0.9701387452226533,2.1430412083507333
AR6_SSP1-2.6,year_CE,2294.0,1.4629091406162442,0.9691465825411204,2.140522107214683
AR6_SSP1-2.6,year_CE,2295.0,1.4641538667266354,0.9710027924020234,2.1428511424983236
AR6_SSP1-2.6,year_CE,2296.0,1.4673989925424593,0.9732921453009854,2.1484945901808237
AR6_SSP1-2.6,year_CE,2297.0,1.4718763848314542,0.9763114450803674,2.153269629315873
AR6_SSP1-2.6,year_CE,2298.0,1.4749055439269565,0.9777825031573574,2.156901544843853
AR6_SSP1-2.6,year_CE,2299.0,1.4746965822015685,0.9767996049303374,2.1584766994919136
AR6_SSP1-2.6,year_CE,2300.0,1.4739007772781565,0.9760121423196564,2.1586543146684734
AR6_SSP2-4.5,year_CE,1850.0,-0.038016237110377604,-0.16034230798743665,0.10027107992746631
AR6_SSP2-4.5,year_CE,1851.0,-0.008337186355043658,-0.12740140210147066,0.1250914170143913
AR6_SSP2-4.5,year_CE,1852.0,-0.005581685260195646,-0.1256348931940946,0.12872458203112536
AR6_SSP2-4.5,year_CE,1853.0,-0.008374990816088612,-0.12711651541147662,0.12463242092838234
AR6_SSP2-4.5,year_CE,1854.0,-0.02535842487810469,-0.14359906372843667,0.10991809516299333
AR6_SSP2-4.5,year_CE,1855.0,-0.03028020070125159,-0.15042854246495674,0.10741479929243236
AR6_SSP2-4.5,year_CE,1856.0,-0.02237600082042268,-0.14214271398543865,0.11470204206003631
AR6_SSP2-4.5,year_CE,1857.0,-0.02383097078310059,-0.14276516177190868,0.11243867483468939
AR6_SSP2-4.5,year_CE,1858.0,-0.032556712863775594,-0.1535114551724166,0.10440255367088636
AR6_SSP2-4.5,year_CE,1859.0,-0.021943211761219605,-0.14253024002043468,0.11463142906800938
AR6_SSP2-4.5,year_CE,1860.0,-0.010790012543543614,-0.13055090134758962,0.1243245041306763
AR6_SSP2-4.5,year_CE,1861.0,-0.0036993701884225905,-0.12368382399823163,0.13115690556780035
AR6_SSP2-4.5,year_CE,1862.0,-0.022886932772803625,-0.1400051065795257,0.10987142417548035
AR6_SSP2-4.5,year_CE,1863.0,-0.07268145834848161,-0.1953270674393066,0.06390590529186135
AR6_SSP2-4.5,year_CE,1864.0,-0.06213110570891067,-0.1869336928420966,0.07658494589029341
AR6_SSP2-4.5,year_CE,1865.0,-0.03691458771737066,-0.16031488540873662,0.09998309943555239
AR6_SSP2-4.5,year_CE,1866.0,-0.018071136858107684,-0.1397845079912936,0.11603082191020941
AR6_SSP2-4.5,year_CE,1867.0,-0.005386924874575594,-0.12535043201062568,0.12728175991635837
AR6_SSP2-4.5,year_CE,1868.0,0.0015003717791173266,-0.11850660587178263,0.13368202023774034
AR6_SSP2-4.5,year_CE,1869.0,0.012676544146317359,-0.10616034175481959,0.14462799219693234
AR6_SSP2-4.5,year_CE,1870.0,0.018940561959902347,-0.09909976269400567,0.15044335189210334
AR6_SSP2-4.5,year_CE,1871.0,0.02516979807589137,-0.09195233687979465,0.15648441153360937
AR6_SSP2-4.5,year_CE,1872.0,0.03067735591149534,-0.08549497786982063,0.16026889038957137
AR6_SSP2-4.5,year_CE,1873.0,0.025999050098905352,-0.08955148214591269,0.15491721220496035
AR6_SSP2-4.5,year_CE,1874.0,0.010534698963520328,-0.10485266855509667,0.1397907690966994
AR6_SSP2-4.5,year_CE,1875.0,0.01410367692087533,-0.10209561732210459,0.1447853768835894
AR6_SSP2-4.5,year_CE,1876.0,0.015261091889495315,-0.10064085771472864,0.1461502945272114
AR6_SSP2-4.5,year_CE,1877.0,0.01812942282192831,-0.09819762022249168,0.1499258918304084
AR6_SSP2-4.5,year_CE,1878.0,0.022777159109075407,-0.09454933339386962,0.15556930351705034
AR6_SSP2-4.5,year_CE,1879.0,0.026477593392381316,-0.09184524283558859,0.1597534627114484
AR6_SSP2-4.5,year_CE,1880.0,0.029692159564499332,-0.08802481487938263,0.1615780488320704
AR6_SSP2-4.5,year_CE,1881.0,0.030993335502349395,-0.08655486744901364,0.1621176784495314
AR6_SSP2-4.5,year_CE,1882.0,0.037764818972242375,-0.07959996425367966,0.16795061123397137
AR6_SSP2-4.5,year_CE,1883.0,0.03080611249178533,-0.08300098717412463,0.1579777665730484
AR6_SSP2-4.5,year_CE,1884.0,-0.05287762330748469,-0.17004932681759666,0.08132459595369734
AR6_SSP2-4.5,year_CE,1885.0,-0.16191542536093673,-0.3103332589712866,0.0008572670796693771
AR6_SSP2-4.5,year_CE,1886.0,-0.1200093031601126,-0.25895674326124674,0.035122245370327376
AR6_SSP2-4.5,year_CE,1887.0,-0.06787277592654462,-0.19688719705731672,0.07434956804983639
AR6_SSP2-4.5,year_CE,1888.0,-0.04026928880485359,-0.1647445838873367,0.09655100685328233
AR6_SSP2-4.5,year_CE,1889.0,-0.010111819279850609,-0.1284513388239017,0.12265547325156734
AR6_SSP2-4.5,year_CE,1890.0,0.0066194015311193954,-0.1089835094260766,0.13797977398085537
AR6_SSP2-4.5,year_CE,1891.0,0.006810766716616401,-0.10792412073253166,0.13459237815109337
AR6_SSP2-4.5,year_CE,1892.0,0.005355128702656309,-0.11047281627877059,0.1341595035626284
AR6_SSP2-4.5,year_CE,1893.0,0.02778343200923239,-0.08542783603993565,0.1553733179595823
AR6_SSP2-4.5,year_CE,1894.0,0.04895498065682535,-0.0646817305098566,0.1731454188260484
AR6_SSP2-4.5,year_CE,1895.0,0.06135850812328336,-0.05286121578945768,0.1865242321330034
AR6_SSP2-4.5,year_CE,1896.0,0.07091040604645138,-0.041012578476620654,0.1916282083209614
AR6_SSP2-4.5,year_CE,1897.0,0.07534262548802839,-0.03511227251081561,0.19639190823977537
AR6_SSP2-4.5,year_CE,1898.0,0.07934938292031635,-0.0312571041034736,0.19833285307266035
AR6_SSP2-4.5,year_CE,1899.0,0.08228117358268139,-0.02750372809979562,0.2012271441931064
AR6_SSP2-4.5,year_CE,1900.0,0.08600382882458835,-0.022252641192520684,0.2053831779476204
AR6_SSP2-4.5,year_CE,1901.0,0.0881373753040493,-0.019938223525338694,0.20530038542932538
AR6_SSP2-4.5,year_CE,1902.0,0.08956501241574732,-0.01857892070892364,0.20739578031716532
AR6_SSP2-4.5,year_CE,1903.0,0.06325500335405732,-0.04169627139415866,0.18094982765332135
AR6_SSP2-4.5,year_CE,1904.0,0.007582396752143339,-0.10538987149294365,0.13538333848617234
AR6_SSP2-4.5,year_CE,1905.0,0.024177594435210392,-0.09069986667759167,0.14947753527360141
AR6_SSP2-4.5,year_CE,1906.0,0.057623269213569306,-0.052814501229961675,0.1784480011364573
AR6_SSP2-4.5,year_CE,1907.0,0.07499963999263137,-0.029355873939715615,0.1923731667710764
AR6_SSP2-4.5,year_CE,1908.0,0.07736726702327734,-0.02584809491815765,0.1944975928328384
AR6_SSP2-4.5,year_CE,1909.0,0.0897178436868784,-0.013924712772529602,0.20732241840452037
AR6_SSP2-4.5,year_CE,1910.0,0.10092416304766838,-0.0018723095379996613,0.2192337260546804
AR6_SSP2-4.5,year_CE,1911.0,0.11032067245826738,0.006269433491739362,0.2265196981334704
AR6_SSP2-4.5,year_CE,1912.0,0.10113966757014936,-0.0032571406349676257,0.21548315879449131
AR6_SSP2-4.5,year_CE,1913.0,0.056750461062856306,-0.05362662848774069,0.17430395048332437
AR6_SSP2-4.5,year_CE,1914.0,0.04753629383865432,-0.06836379622116162,0.16988694751898537
AR6_SSP2-4.5,year_CE,1915.0,0.08424734940998435,-0.027581698116966646,0.20403030575514736
AR6_SSP2-4.5,year_CE,1916.0,0.11794912640916333,0.012925371048625345,0.23124962226203538
AR6_SSP2-4.5,year_CE,1917.0,0.14014172141054337,0.03840579652259335,0.2520865049020824
AR6_SSP2-4.5,year_CE,1918.0,0.1553351313775324,0.05358608029954037,0.26626399135748735
AR6_SSP2-4.5,year_CE,1919.0,0.16667416736662233,0.0667603002513194,0.2732449581019274
AR6_SSP2-4.5,year_CE,1920.0,0.17242321498710234,0.07473939095753235,0.2762531382026183
AR6_SSP2-4.5,year_CE,1921.0,0.17981313311612335,0.08431248070351138,0.2829414377035293
AR6_SSP2-4.5,year_CE,1922.0,0.18376036310521038,0.0891298407162383,0.2847961029812933
AR6_SSP2-4.5,year_CE,1923.0,0.17579880075591536,0.07987700404795339,0.27749180787033734
AR6_SSP2-4.5,year_CE,1924.0,0.1824386418439644,0.08787290766034439,0.28493726856875734
AR6_SSP2-4.5,year_CE,1925.0,0.19378836107801733,0.10057328124445841,0.2941588881659064
AR6_SSP2-4.5,year_CE,1926.0,0.20252078614482938,0.11010161753055436,0.30200935393766637
AR6_SSP2-4.5,year_CE,1927.0,0.20957048830666136,0.1178390049305793,0.30817731085235534
AR6_SSP2-4.5,year_CE,1928.0,0.21293299417817735,0.12151597013478932,0.3107408099401243
AR6_SSP2-4.5,year_CE,1929.0,0.20903097501473333,0.11938810852349235,0.3082556668453834
AR6_SSP2-4.5,year_CE,1930.0,0.1992449862252823,0.11054082572213131,0.3005443907713603
AR6_SSP2-4.5,year_CE,1931.0,0.21316600623208837,0.12336952306875437,0.31290079445701335
AR6_SSP2-4.5,year_CE,1932.0,0.21561019759665634,0.12564346359136036,0.31498058540007334
AR6_SSP2-4.5,year_CE,1933.0,0.2123678297545144,0.12327062415329038,0.31383690497324235
AR6_SSP2-4.5,year_CE,1934.0,0.2187831064691954,0.12959268253619138,0.3177559514488554
AR6_SSP2-4.5,year_CE,1935.0,0.22830319396965837,0.1397701909444884,0.32512987310396935
AR6_SSP2-4.5,year_CE,1936.0,0.23878068695916832,0.15383314755742838,0.3365196556080493
AR6_SSP2-4.5,year_CE,1937.0,0.24876528504186235,0.16417781885222038,0.3449445579548134
AR6_SSP2-4.5,year_CE,1938.0,0.2590323779376503,0.17411114434341135,0.3532542104547354
AR6_SSP2-4.5,year_CE,1939.0,0.26426250203567037,0.18010832239825336,0.35718156951978636
AR6_SSP2-4.5,year_CE,1940.0,0.26825002520773733,0.18533207001885832,0.36020735356297934
AR6_SSP2-4.5,year_CE,1941.0,0.2703296086757754,0.18768675970738335,0.3627575852907934
AR6_SSP2-4.5,year_CE,1942.0,0.26990988341804134,0.18723812013107732,0.36254727700533934
AR6_SSP2-4.5,year_CE,1943.0,0.2703661233613843,0.18673106244755933,0.36323214885767935
AR6_SSP2-4.5,year_CE,1944.0,0.27104854868017936,0.1862050700947694,0.36419713468315235
AR6_SSP2-4.5,year_CE,1945.0,0.2791404928311544,0.1937942120831243,0.37194748883115536
AR6_SSP2-4.5,year_CE,1946.0,0.2903812200928234,0.20836152819538833,0.3820960494248384
AR6_SSP2-4.5,year_CE,1947.0,0.2987935777656163,0.21646687300473633,0.38886123698007835
AR6_SSP2-4.5,year_CE,1948.0,0.30316440786341836,0.22124692259017031,0.39215007819076136
AR6_SSP2-4.5,year_CE,1949.0,0.3076885005415464,0.2261987666812334,0.3959600028191674
AR6_SSP2-4.5,year_CE,1950.0,0.30312470147042536,0.22253036045591335,0.39150508034302434
AR6_SSP2-4.5,year_CE,1951.0,0.2974131096260244,0.21485626130823132,0.38786449916419435
AR6_SSP2-4.5,year_CE,1952.0,0.2921374271014694,0.20859685706512032,0.38360278101042333
AR6_SSP2-4.5,year_CE,1953.0,0.2892198794066093,0.2055216753601724,0.38154036959467436
AR6_SSP2-4.5,year_CE,1954.0,0.2883195865461293,0.20275876579646934,0.38286449613097234
AR6_SSP2-4.5,year_CE,1955.0,0.2895846146365374,0.20363428008738138,0.3871672283875904
AR6_SSP2-4.5,year_CE,1956.0,0.2930550170940004,0.20830509394370933,0.38892948965358537
AR6_SSP2-4.5,year_CE,1957.0,0.29865015052636934,0.21140102725620136,0.39646071979217135
AR6_SSP2-4.5,year_CE,1958.0,0.3102532565635644,0.2239436264009954,0.40825978280175934
AR6_SSP2-4.5,year_CE,1959.0,0.31843166359965136,0.2339023391881574,0.41340738461070636
AR6_SSP2-4.5,year_CE,1960.0,0.32273921726065335,0.2389741469544594,0.41729340065502335
AR6_SSP2-4.5,year_CE,1961.0,0.30928768932824935,0.2223685584282694,0.40465872717664736
AR6_SSP2-4.5,year_CE,1962.0,0.29882946415693135,0.2086160311174493,0.39691354872868334
AR6_SSP2-4.5,year_CE,1963.0,0.2587296182380724,0.1656982186139604,0.3590879185348714
AR6_SSP2-4.5,year_CE,1964.0,0.20266478320087633,0.10004587909830831,0.30794352077509635
AR6_SSP2-4.5,year_CE,1965.0,0.18287921538690233,0.07116249300526933,0.2939905151933474
AR6_SSP2-4.5,year_CE,1966.0,0.20419998070014633,0.09517411566083234,0.3172780321213483
AR6_SSP2-4.5,year_CE,1967.0,0.2392617935153314,0.12977061916618537,0.3482195884470234
AR6_SSP2-4.5,year_CE,1968.0,0.2504089003644544,0.13952356075613037,0.3562020772048404
AR6_SSP2-4.5,year_CE,1969.0,0.27080168686757133,0.1616905589944133,0.37607043632104636
AR6_SSP2-4.5,year_CE,1970.0,0.2893624729205424,0.1802356391708193,0.39419800022990437
AR6_SSP2-4.5,year_CE,1971.0,0.30565341623064235,0.1969102617795334,0.40872747403057735
AR6_SSP2-4.5,year_CE,1972.0,0.3108721132161144,0.19998469558325938,0.4173663076595864
AR6_SSP2-4.5,year_CE,1973.0,0.3340761135619984,0.22416399384064933,0.44017904018862136
AR6_SSP2-4.5,year_CE,1974.0,0.3587977317170424,0.2520154723292014,0.4638317609208514
AR6_SSP2-4.5,year_CE,1975.0,0.36747318971166437,0.2625244965088993,0.46889820505888336
AR6_SSP2-4.5,year_CE,1976.0,0.3554904952233814,0.2491370474925163,0.45698897723618137
AR6_SSP2-4.5,year_CE,1977.0,0.38343401777374436,0.27739684490918737,0.4868470055991724
AR6_SSP2-4.5,year_CE,1978.0,0.42030702988728336,0.31548473421774137,0.5209799640133623
AR6_SSP2-4.5,year_CE,1979.0,0.45638501178053736,0.35942991673735536,0.5531626356855484
AR6_SSP2-4.5,year_CE,1980.0,0.4839126838862204,0.38938617786567536,0.5767434937455054
AR6_SSP2-4.5,year_CE,1981.0,0.5056549008244513,0.41543846714894234,0.5930661586324044
AR6_SSP2-4.5,year_CE,1982.0,0.5015338894769494,0.41405895077350535,0.5852650787805784
AR6_SSP2-4.5,year_CE,1983.0,0.4744436491140194,0.38139008562182336,0.5621078486828134
AR6_SSP2-4.5,year_CE,1984.0,0.43566396179935635,0.3333159606322994,0.5299335107522574
AR6_SSP2-4.5,year_CE,1985.0,0.46570167432066534,0.36202011128817835,0.5613407681825313
AR6_SSP2-4.5,year_CE,1986.0,0.5035420471104133,0.40849470440764435,0.5915902918973523
AR6_SSP2-4.5,year_CE,1987.0,0.5280986448702774,0.43944133652732836,0.6103419886122744
AR6_SSP2-4.5,year_CE,1988.0,0.5634765353374853,0.4817105534575344,0.6393375042628504
AR6_SSP2-4.5,year_CE,1989.0,0.6084862822916773,0.5332970398715884,0.6776253732179833
AR6_SSP2-4.5,year_CE,1990.0,0.6427048529119074,0.5745639428177624,0.7037618211614654
AR6_SSP2-4.5,year_CE,1991.0,0.6301603378400453,0.5689441241786173,0.6827321891531514
AR6_SSP2-4.5,year_CE,1992.0,0.5611651396557684,0.4831320738308574,0.6279948448201804
AR6_SSP2-4.5,year_CE,1993.0,0.44791593145516334,0.3189361626341324,0.5507756900445284
AR6_SSP2-4.5,year_CE,1994.0,0.47079213500714634,0.33849407880726934,0.5732013142000953
AR6_SSP2-4.5,year_CE,1995.0,0.5481732192900743,0.4533783530771134,0.6293105171552403
AR6_SSP2-4.5,year_CE,1996.0,0.6112245320258654,0.5368694941207044,0.6742450468975404
AR6_SSP2-4.5,year_CE,1997.0,0.6385502205373863,0.5781326262798454,0.6935308336381744
AR6_SSP2-4.5,year_CE,1998.0,0.6771138489103073,0.6194848893609813,0.7279510276218414
AR6_SSP2-4.5,year_CE,1999.0,0.7285322384094773,0.6813433503475094,0.7671958969973607
AR6_SSP2-4.5,year_CE,2000.0,0.7716795422784015,0.7354916344728504,0.7998440477270553
AR6_SSP2-4.5,year_CE,2001.0,0.8037589220060217,0.7762111135746729,0.8321591330053023
AR6_SSP2-4.5,year_CE,2002.0,0.8250270252808701,0.8007933272287872,0.8506796817031921
AR6_SSP2-4.5,year_CE,2003.0,0.8432092526105157,0.8243862979244199,0.8644888294470009
AR6_SSP2-4.5,year_CE,2004.0,0.8581748680639734,0.844395765160433,0.8760687205307259
AR6_SSP2-4.5,year_CE,2005.0,0.8705350453390539,0.8582952481430609,0.8872308980102792
AR6_SSP2-4.5,year_CE,2006.0,0.8845965862057957,0.8723179645106784,0.9009021660467383
AR6_SSP2-4.5,year_CE,2007.0,0.9002327340447229,0.8851159868371946,0.9185854958583621
AR6_SSP2-4.5,year_CE,2008.0,0.9265588477048825,0.9053869996274333,0.9508944087271404
AR6_SSP2-4.5,year_CE,2009.0,0.9527743550552954,0.9238792633362777,0.9854354699834014
AR6_SSP2-4.5,year_CE,2010.0,0.9730355435507053,0.9383227622508847,1.0131452685436224
AR6_SSP2-4.5,year_CE,2011.0,1.0049982972379423,0.9635644459739824,1.0527349156334163
AR6_SSP2-4.5,year_CE,2012.0,1.0312400441383303,0.9815990462231694,1.0867322014339984
AR6_SSP2-4.5,year_CE,2013.0,1.0630958518663263,1.0044501466060813,1.1295284172089004
AR6_SSP2-4.5,year_CE,2014.0,1.0893556065465173,1.0227866517710933,1.1679548394306893
AR6_SSP2-4.5,year_CE,2015.0,1.1118134586145034,1.0399750434197583,1.1975021928991882
AR6_SSP2-4.5,year_CE,2016.0,1.1332530831718184,1.0554262306929774,1.2295887736395574
AR6_SSP2-4.5,year_CE,2017.0,1.1560945460788734,1.0697021971202103,1.2566544178259225
AR6_SSP2-4.5,year_CE,2018.0,1.1805825752943473,1.0860777717482024,1.2939005142733593
AR6_SSP2-4.5,year_CE,2019.0,1.2062912486662154,1.1022914462529685,1.3298466920750964
AR6_SSP2-4.5,year_CE,2020.0,1.2328418505926124,1.1211152290658344,1.3686796440542293
AR6_SSP2-4.5,year_CE,2021.0,1.2611663074282393,1.1410000973217453,1.4078044524825044
AR6_SSP2-4.5,year_CE,2022.0,1.2916052020770574,1.1620782030900094,1.4480707645626174
AR6_SSP2-4.5,year_CE,2023.0,1.3217545305452894,1.1822588474259954,1.4884561854973404
AR6_SSP2-4.5,year_CE,2024.0,1.3499706242651155,1.2000506995647404,1.5269876862051155
AR6_SSP2-4.5,year_CE,2025.0,1.3742604002123633,1.2152216375308305,1.5619494367546083
AR6_SSP2-4.5,year_CE,2026.0,1.3963540732411563,1.2313015772806863,1.5918407105840393
AR6_SSP2-4.5,year_CE,2027.0,1.4169658464250774,1.2454689507533854,1.6223692968625523
AR6_SSP2-4.5,year_CE,2028.0,1.4379891379957284,1.2600206726368943,1.6528510117911512
AR6_SSP2-4.5,year_CE,2029.0,1.4588459371137683,1.2740919683682284,1.6769715569211763
AR6_SSP2-4.5,year_CE,2030.0,1.4806137013069574,1.2888895354028393,1.7052677466208204
AR6_SSP2-4.5,year_CE,2031.0,1.5038550278406524,1.3043918333912483,1.7372430086188935
AR6_SSP2-4.5,year_CE,2032.0,1.5287716071598925,1.3213885265061402,1.7704746697474913
AR6_SSP2-4.5,year_CE,2033.0,1.5566291012183924,1.3398645488573333,1.8058394287161934
AR6_SSP2-4.5,year_CE,2034.0,1.5881498659607605,1.3606988735557723,1.8459391846483164
AR6_SSP2-4.5,year_CE,2035.0,1.6189147419102583,1.3808243281669894,1.8848524329189134
AR6_SSP2-4.5,year_CE,2036.0,1.6495239969031754,1.4002049036928925,1.9235730690297133
AR6_SSP2-4.5,year_CE,2037.0,1.6772822373240115,1.4170541644471295,1.9651394567112535
AR6_SSP2-4.5,year_CE,2038.0,1.7040127135756222,1.4338155850051022,2.0064605346974633
AR6_SSP2-4.5,year_CE,2039.0,1.7283802465350093,1.4485852992076633,2.0400516406171634
AR6_SSP2-4.5,year_CE,2040.0,1.7507762386505803,1.4622470372191172,2.0710276790327833
AR6_SSP2-4.5,year_CE,2041.0,1.7723835215587254,1.4767991863028764,2.101384532571063
AR6_SSP2-4.5,year_CE,2042.0,1.7948855591009394,1.4923318342893883,2.1313897926886334
AR6_SSP2-4.5,year_CE,2043.0,1.8188975080197594,1.5090783778584682,2.1640426640815535
AR6_SSP2-4.5,year_CE,2044.0,1.8447493529520274,1.5275473342796575,2.198473775734353
AR6_SSP2-4.5,year_CE,2045.0,1.8740952662086234,1.5481957198988372,2.2381911257571536
AR6_SSP2-4.5,year_CE,2046.0,1.9049303170952134,1.5686386329948974,2.2817151166849334
AR6_SSP2-4.5,year_CE,2047.0,1.9365285165538833,1.5873178340623924,2.326239680959663
AR6_SSP2-4.5,year_CE,2048.0,1.9663294077242133,1.6065838894613882,2.3655662498132934
AR6_SSP2-4.5,year_CE,2049.0,1.9920098550707734,1.6229137275072762,2.405203520166343
AR6_SSP2-4.5,year_CE,2050.0,2.0132710188911034,1.6363969466292974,2.4408988636006637
AR6_SSP2-4.5,year_CE,2051.0,2.0331034957744336,1.6495894845114782,2.475225421091423
AR6_SSP2-4.5,year_CE,2052.0,2.052563005719743,1.6620636363061374,2.5079047222895534
AR6_SSP2-4.5,year_CE,2053.0,2.0719983458284235,1.6740353235367915,2.5377365356498234
AR6_SSP2-4.5,year_CE,2054.0,2.0928233572156234,1.6881063545195603,2.571525477959013
AR6_SSP2-4.5,year_CE,2055.0,2.1163111429336734,1.7036811199196333,2.6082059496165435
AR6_SSP2-4.5,year_CE,2056.0,2.1421035911098434,1.7203516386693383,2.647446344608233
AR6_SSP2-4.5,year_CE,2057.0,2.166804638001233,1.7360399590991373,2.6854288963721733
AR6_SSP2-4.5,year_CE,2058.0,2.1904700950495735,1.7513912869198305,2.7179777546760935
AR6_SSP2-4.5,year_CE,2059.0,2.213596058331923,1.7664818081857894,2.7494765805166033
AR6_SSP2-4.5,year_CE,2060.0,2.2337633521538836,1.7796671668370394,2.7777173923513634
AR6_SSP2-4.5,year_CE,2061.0,2.2516098884535136,1.7914945747688855,2.8028991311032536
AR6_SSP2-4.5,year_CE,2062.0,2.2684658767138233,1.8015977032307973,2.8271898494437133
AR6_SSP2-4.5,year_CE,2063.0,2.2856282405882036,1.8128708982151454,2.858691877717533
AR6_SSP2-4.5,year_CE,2064.0,2.3033941555393334,1.8249214931563944,2.8906484642504835
AR6_SSP2-4.5,year_CE,2065.0,2.3222423894166133,1.8377605534461654,2.9235058726784033
AR6_SSP2-4.5,year_CE,2066.0,2.3439825668940832,1.8521112893516034,2.9589191068266634
AR6_SSP2-4.5,year_CE,2067.0,2.3676225564390734,1.8673941804429635,2.995898300047003
AR6_SSP2-4.5,year_CE,2068.0,2.3910678779188332,1.8820472376748434,3.0295712022387136
AR6_SSP2-4.5,year_CE,2069.0,2.4121574471291134,1.8949170220267935,3.0597992466246433
AR6_SSP2-4.5,year_CE,2070.0,2.4302954447440634,1.9056075610506134,3.0883137749631033
AR6_SSP2-4.5,year_CE,2071.0,2.4456814153606237,1.9145570361303335,3.1143561129254635
AR6_SSP2-4.5,year_CE,2072.0,2.4603895211102134,1.9232459735773935,3.1390782458979936
AR6_SSP2-4.5,year_CE,2073.0,2.4751335795428835,1.9315982998514034,3.1636522164073533
AR6_SSP2-4.5,year_CE,2074.0,2.4893237881837633,1.9398656226749733,3.1810132969933735
AR6_SSP2-4.5,year_CE,2075.0,2.5035348575900533,1.9483123304818633,3.2044221131931834
AR6_SSP2-4.5,year_CE,2076.0,2.5177551323998935,1.9566306605565933,3.2275566863962832
AR6_SSP2-4.5,year_CE,2077.0,2.5328645954689333,1.9654088814101034,3.2478071556231733
AR6_SSP2-4.5,year_CE,2078.0,2.5497591404342534,1.9749225035136633,3.2700617389087734
AR6_SSP2-4.5,year_CE,2079.0,2.5679763612486033,1.9848548902331233,3.2892958092716333
AR6_SSP2-4.5,year_CE,2080.0,2.586352667510053,1.9947559561868933,3.3104000576304533
AR6_SSP2-4.5,year_CE,2081.0,2.6034902934960233,2.0043595969799837,3.3350669981993035
AR6_SSP2-4.5,year_CE,2082.0,2.6192202586192135,2.0131207703482135,3.358070288964443
AR6_SSP2-4.5,year_CE,2083.0,2.6326731847112637,2.0203653357051135,3.3800360401897533
AR6_SSP2-4.5,year_CE,2084.0,2.6450649120010636,2.0269734850071033,3.4035221682541232
AR6_SSP2-4.5,year_CE,2085.0,2.655459687386333,2.0323978823612636,3.4228412742331535
AR6_SSP2-4.5,year_CE,2086.0,2.6649924839733936,2.0377846168129534,3.4360498120769534
AR6_SSP2-4.5,year_CE,2087.0,2.6752100285754237,2.0435098696593634,3.4520344640990035
AR6_SSP2-4.5,year_CE,2088.0,2.6861507463607333,2.0483354767541835,3.4732553146301632
AR6_SSP2-4.5,year_CE,2089.0,2.6988185113961634,2.0551099472438334,3.4952093606449934
AR6_SSP2-4.5,year_CE,2090.0,2.7135921945975334,2.063907882890623,3.517871203944923
AR6_SSP2-4.5,year_CE,2091.0,2.7287089822104535,2.0723447474814334,3.539966529431853
AR6_SSP2-4.5,year_CE,2092.0,2.7443710029715134,2.0814409767064435,3.5619220948957535
AR6_SSP2-4.5,year_CE,2093.0,2.7568663540195235,2.0883253661141232,3.5814355708306636
AR6_SSP2-4.5,year_CE,2094.0,2.7653019591178936,2.0924755128801134,3.5979820367021533
AR6_SSP2-4.5,year_CE,2095.0,2.771558486205853,2.0945735640255734,3.6128271864774932
AR6_SSP2-4.5,year_CE,2096.0,2.776284259243673,2.0965721585334034,3.6263748267539033
AR6_SSP2-4.5,year_CE,2097.0,2.7811618875864736,2.0991570342428534,3.6354207737953934
AR6_SSP2-4.5,year_CE,2098.0,2.7863618987379333,2.101545445231923,3.6429526576365134
AR6_SSP2-4.5,year_CE,2099.0,2.7931011424960435,2.1050159137908433,3.6523680538943433
AR6_SSP2-4.5,year_CE,2100.0,2.8021502333386934,2.1101681558078633,3.6656671490877133
AR6_SSP2-4.5,year_CE,2101.0,2.8129719458598434,2.1167028914326234,3.6821677587820836
AR6_SSP2-4.5,year_CE,2102.0,2.8222333361736736,2.1218431623893332,3.697311096803823
AR6_SSP2-4.5,year_CE,2103.0,2.8299105374143734,2.125989588809153,3.7111726078042335
AR6_SSP2-4.5,year_CE,2104.0,2.8358146259787835,2.129271053685353,3.7237014320862034
AR6_SSP2-4.5,year_CE,2105.0,2.8394136436295834,2.1311327793893335,3.7344001400910334
AR6_SSP2-4.5,year_CE,2106.0,2.842282706158313,2.1323468392972034,3.7444254978776934
AR6_SSP2-4.5,year_CE,2107.0,2.8451661312438334,2.1336579409548833,3.7543083756052633
AR6_SSP2-4.5,year_CE,2108.0,2.8488804366729035,2.1355892735674935,3.7645916266809434
AR6_SSP2-4.5,year_CE,2109.0,2.8539782240295235,2.1384926202120234,3.7748992792000533
AR6_SSP2-4.5,year_CE,2110.0,2.8614271526706534,2.143219822815073,3.7849472077405832
AR6_SSP2-4.5,year_CE,2111.0,2.8728343956189435,2.1514661800364037,3.7982450390248235
AR6_SSP2-4.5,year_CE,2112.0,2.8830958838906233,2.1565804453812434,3.8110253513354233
AR6_SSP2-4.5,year_CE,2113.0,2.8915648178607634,2.1612304318698734,3.822099754300403
AR6_SSP2-4.5,year_CE,2114.0,2.8965366608601633,2.1636997382081433,3.8303013597702735
AR6_SSP2-4.5,year_CE,2115.0,2.9004681646141135,2.1659317522961534,3.8372906304537935
AR6_SSP2-4.5,year_CE,2116.0,2.9029957054950732,2.1675502035082435,3.8430743182293834
AR6_SSP2-4.5,year_CE,2117.0,2.9051799705852632,2.1691347818551834,3.8483865702652733
AR6_SSP2-4.5,year_CE,2118.0,2.9078042641552835,2.1709335141401933,3.8539779634903932
AR6_SSP2-4.5,year_CE,2119.0,2.9114130167985035,2.173211300945863,3.860054330812053
AR6_SSP2-4.5,year_CE,2120.0,2.9176589523439134,2.176861288489813,3.8668177700906132
AR6_SSP2-4.5,year_CE,2121.0,2.9270241734922733,2.1819626700502432,3.8757912253969735
AR6_SSP2-4.5,year_CE,2122.0,2.9386595185728632,2.188027578380513,3.8906158706301834
AR6_SSP2-4.5,year_CE,2123.0,2.9466058271720232,2.1917441455442033,3.9041510523717333
AR6_SSP2-4.5,year_CE,2124.0,2.9533173790735634,2.1953970421155935,3.9136222917190935
AR6_SSP2-4.5,year_CE,2125.0,2.9571394780933034,2.1973200574326133,3.9207190379277335
AR6_SSP2-4.5,year_CE,2126.0,2.9586409363010935,2.1973340799339534,3.925629462533933
AR6_SSP2-4.5,year_CE,2127.0,2.960084151210163,2.1974538519534335,3.9302541136691733
AR6_SSP2-4.5,year_CE,2128.0,2.9619418729801334,2.1979434278163734,3.9351727920499835
AR6_SSP2-4.5,year_CE,2129.0,2.965182227767673,2.1994583401565135,3.9411913374459835
AR6_SSP2-4.5,year_CE,2130.0,2.9712114167672734,2.2029946078516334,3.9495404763244633
AR6_SSP2-4.5,year_CE,2131.0,2.9824144773920933,2.2102603889884533,3.962254157352483
AR6_SSP2-4.5,year_CE,2132.0,2.9932038853833434,2.216930248228043,3.9751746662745235
AR6_SSP2-4.5,year_CE,2133.0,3.0026461064724934,2.222183646984363,3.9869632172822334
AR6_SSP2-4.5,year_CE,2134.0,3.0089765741282135,2.225158136127093,3.9962005384243633
AR6_SSP2-4.5,year_CE,2135.0,3.0119530529932734,2.2265165449142437,4.0024527468294835
AR6_SSP2-4.5,year_CE,2136.0,3.0123361399916933,2.2258722370349733,4.0063113805383335
AR6_SSP2-4.5,year_CE,2137.0,3.0131295193563634,2.2257096302640935,4.010203486483354
AR6_SSP2-4.5,year_CE,2138.0,3.014694199409753,2.2261851848328735,4.016326861338163
AR6_SSP2-4.5,year_CE,2139.0,3.0170027516830933,2.2271464658097635,4.023093657969653
AR6_SSP2-4.5,year_CE,2140.0,3.020569956557613,2.2289507599232334,4.030680083999464
AR6_SSP2-4.5,year_CE,2141.0,3.0267434051827133,2.2325428430370735,4.039975105469173
AR6_SSP2-4.5,year_CE,2142.0,3.0349743851385034,2.2374733797781934,4.050635500327143
AR6_SSP2-4.5,year_CE,2143.0,3.0425691295322035,2.2418142235104632,4.060932646718504
AR6_SSP2-4.5,year_CE,2144.0,3.0495060173610735,2.245664459153513,4.0707498564322036
AR6_SSP2-4.5,year_CE,2145.0,3.0554224940568835,2.2488225412382734,4.079891429758023
AR6_SSP2-4.5,year_CE,2146.0,3.0590663669233433,2.2504145221415133,4.087507649851194
AR6_SSP2-4.5,year_CE,2147.0,3.062613934933933,2.2520506397095335,4.0949642386420635
AR6_SSP2-4.5,year_CE,2148.0,3.0655758898263135,2.2533214881639436,4.102055146985734
AR6_SSP2-4.5,year_CE,2149.0,3.0683651017540834,2.254494109457333,4.108976904099033
AR6_SSP2-4.5,year_CE,2150.0,3.0715602058731335,2.2559716631061733,4.116143918997274
AR6_SSP2-4.5,year_CE,2151.0,3.0753931805810235,2.257886378144243,4.123719684313363
AR6_SSP2-4.5,year_CE,2152.0,3.0814037627771134,2.2613171585985334,4.132718591700323
AR6_SSP2-4.5,year_CE,2153.0,3.0908262615933833,2.2670807030090034,4.144018783960464
AR6_SSP2-4.5,year_CE,2154.0,3.101836460144263,2.2738026104860234,4.156473118450903
AR6_SSP2-4.5,year_CE,2155.0,3.1107908124685233,2.278161541792583,4.167601980397164
AR6_SSP2-4.5,year_CE,2156.0,3.1174681778866233,2.281303173837143,4.177134862936113
AR6_SSP2-4.5,year_CE,2157.0,3.1217138284875032,2.2832841848346836,4.185005955862524
AR6_SSP2-4.5,year_CE,2158.0,3.1234976773991434,2.284111188073683,4.191160646946013
AR6_SSP2-4.5,year_CE,2159.0,3.1240402420536535,2.2842834658064133,4.196388291760943
AR6_SSP2-4.5,year_CE,2160.0,3.1247993447450435,2.284116100487413,4.201680951091683
AR6_SSP2-4.5,year_CE,2161.0,3.1269861521375635,2.2849777594583034,4.207869586670043
AR6_SSP2-4.5,year_CE,2162.0,3.1318753866416533,2.287698611241133,4.215825777386403
AR6_SSP2-4.5,year_CE,2163.0,3.1405259694696133,2.292959620885793,4.226294699034733
AR6_SSP2-4.5,year_CE,2164.0,3.1517260349053036,2.298774927751613,4.238537478839723
AR6_SSP2-4.5,year_CE,2165.0,3.159796232532113,2.3021485436923435,4.249596569074763
AR6_SSP2-4.5,year_CE,2166.0,3.1664338529154734,2.3052496979316133,4.260320988384383
AR6_SSP2-4.5,year_CE,2167.0,3.1690489724872033,2.3060722600129133,4.267003365338454
AR6_SSP2-4.5,year_CE,2168.0,3.1690985805959335,2.3059727290103234,4.270725775238594
AR6_SSP2-4.5,year_CE,2169.0,3.1686828345897533,2.3057846535005835,4.273745843486113
AR6_SSP2-4.5,year_CE,2170.0,3.1687893619291834,2.3058635608552334,4.277711697081923
AR6_SSP2-4.5,year_CE,2171.0,3.1699764391655134,2.3061820893306333,4.282878532245213
AR6_SSP2-4.5,year_CE,2172.0,3.1731512353366935,2.307694110993613,4.289324367259973
AR6_SSP2-4.5,year_CE,2173.0,3.179840228765303,2.3112951806852733,4.298091946920273
AR6_SSP2-4.5,year_CE,2174.0,3.1878389218187135,2.3149099950355834,4.309775570121854
AR6_SSP2-4.5,year_CE,2175.0,3.1959846144259334,2.318546665271163,4.321733173286083
AR6_SSP2-4.5,year_CE,2176.0,3.2027410970271535,2.3214110205014933,4.332384350764723
AR6_SSP2-4.5,year_CE,2177.0,3.206626200580953,2.3227944687073934,4.340094914926693
AR6_SSP2-4.5,year_CE,2178.0,3.2077292060389335,2.3228799362833734,4.346930488788253
AR6_SSP2-4.5,year_CE,2179.0,3.2079600727950233,2.3227880698076433,4.353008440479883
AR6_SSP2-4.5,year_CE,2180.0,3.207745796139623,2.321393478292383,4.358157701156074
AR6_SSP2-4.5,year_CE,2181.0,3.2077108783479034,2.3199595352774933,4.362993625733804
AR6_SSP2-4.5,year_CE,2182.0,3.2079768333470535,2.3187979088665434,4.366526505507943
AR6_SSP2-4.5,year_CE,2183.0,3.2088331147278133,2.318131067145023,4.369970895506784
AR6_SSP2-4.5,year_CE,2184.0,3.2108172484996733,2.3183433978010934,4.374293702666224
AR6_SSP2-4.5,year_CE,2185.0,3.2146392660451832,2.3199606880054233,4.380119892515833
AR6_SSP2-4.5,year_CE,2186.0,3.2216814932315434,2.3240361859516434,4.388668061191233
AR6_SSP2-4.5,year_CE,2187.0,3.2283755225199133,2.3274584591589536,4.397079561556433
AR6_SSP2-4.5,year_CE,2188.0,3.2344643956110435,2.3305044812440237,4.404981196998263
AR6_SSP2-4.5,year_CE,2189.0,3.2402167895998635,2.3332160173267136,4.413419502069933
AR6_SSP2-4.5,year_CE,2190.0,3.2427826619727336,2.3331900485089534,4.419634438253944
AR6_SSP2-4.5,year_CE,2191.0,3.2429317323958036,2.3314064006746134,4.423134044290993
AR6_SSP2-4.5,year_CE,2192.0,3.2425103502398334,2.3295090789286634,4.425840170239793
AR6_SSP2-4.5,year_CE,2193.0,3.242721888943503,2.3282967206306235,4.429066464071953
AR6_SSP2-4.5,year_CE,2194.0,3.243670820893813,2.3276853904435635,4.433013752387893
AR6_SSP2-4.5,year_CE,2195.0,3.2460384286933133,2.3282041233103836,4.439358974299243
AR6_SSP2-4.5,year_CE,2196.0,3.2515978780001733,2.3312006217714933,4.447597201128064
AR6_SSP2-4.5,year_CE,2197.0,3.2597269573623735,2.3360203021568533,4.458609386173324
AR6_SSP2-4.5,year_CE,2198.0,3.268015474500823,2.3408064636083634,4.470598339372503
AR6_SSP2-4.5,year_CE,2199.0,3.2735725723181632,2.3431357154509533,4.479931986268463
AR6_SSP2-4.5,year_CE,2200.0,3.2762282786201236,2.3431548443961336,4.486171132079243
AR6_SSP2-4.5,year_CE,2201.0,3.276022575064683,2.341004158367073,4.489251302418613
AR6_SSP2-4.5,year_CE,2202.0,3.2753210926140133,2.338817679151103,4.491426301826113
AR6_SSP2-4.5,year_CE,2203.0,3.274920395244733,2.3370069810001532,4.495154837025254
AR6_SSP2-4.5,year_CE,2204.0,3.2740520924393532,2.3348664624730033,4.499286484576153
AR6_SSP2-4.5,year_CE,2205.0,3.2735254846540234,2.3331651178590533,4.5035728836150435
AR6_SSP2-4.5,year_CE,2206.0,3.2732952395064134,2.3316854803167635,4.507989690403513
AR6_SSP2-4.5,year_CE,2207.0,3.2743245113220834,2.3312385019474435,4.510627208040813
AR6_SSP2-4.5,year_CE,2208.0,3.2776221308631235,2.332520424703003,4.516164459589014
AR6_SSP2-4.5,year_CE,2209.0,3.2827444257650136,2.3350565422033234,4.524623139641833
AR6_SSP2-4.5,year_CE,2210.0,3.2884609819432833,2.3379711643196632,4.534225646335333
AR6_SSP2-4.5,year_CE,2211.0,3.2929028541618433,2.3396714046375635,4.542121990231044
AR6_SSP2-4.5,year_CE,2212.0,3.2960233167233635,2.3403202474440135,4.548031426332743
AR6_SSP2-4.5,year_CE,2213.0,3.2970480839046434,2.339289950583823,4.550734825332873
AR6_SSP2-4.5,year_CE,2214.0,3.2971451750464436,2.3377055182660635,4.551785915715593
AR6_SSP2-4.5,year_CE,2215.0,3.2954666329130733,2.3347320186972134,4.5498215777558135
AR6_SSP2-4.5,year_CE,2216.0,3.2932236086077236,2.3315819064126333,4.548980475284873
AR6_SSP2-4.5,year_CE,2217.0,3.2920897620676834,2.3294832618120433,4.548287077378453
AR6_SSP2-4.5,year_CE,2218.0,3.2921833077635534,2.3283250706463834,4.548628669458763
AR6_SSP2-4.5,year_CE,2219.0,3.294519719256013,2.3289174603950134,4.552936745551403
AR6_SSP2-4.5,year_CE,2220.0,3.2995493930616036,2.3314750887884337,4.562169647499143
AR6_SSP2-4.5,year_CE,2221.0,3.3057098662348334,2.334785491283373,4.573685251796883
AR6_SSP2-4.5,year_CE,2222.0,3.3132642457744734,2.339100269378873,4.585567016034313
AR6_SSP2-4.5,year_CE,2223.0,3.3177447135063636,2.340556717619063,4.593493432208094
AR6_SSP2-4.5,year_CE,2224.0,3.3182668845743932,2.3389210281460833,4.5970378820449636
AR6_SSP2-4.5,year_CE,2225.0,3.3166881066495435,2.3358627137767534,4.5965023682380535
AR6_SSP2-4.5,year_CE,2226.0,3.3135310413913834,2.3317356142940735,4.5946765869302935
AR6_SSP2-4.5,year_CE,2227.0,3.310969095558203,2.3283743011834734,4.5943854793629635
AR6_SSP2-4.5,year_CE,2228.0,3.3087856108469835,2.3253823710302335,4.594625913786113
AR6_SSP2-4.5,year_CE,2229.0,3.3085710171293035,2.3240843930154633,4.597096280485813
AR6_SSP2-4.5,year_CE,2230.0,3.3114981224689433,2.3251764275271634,4.603287744486553
AR6_SSP2-4.5,year_CE,2231.0,3.3157484775227033,2.3271222897243633,4.611332432933203
AR6_SSP2-4.5,year_CE,2232.0,3.3192268684568735,2.3282225372730636,4.616013465349133
AR6_SSP2-4.5,year_CE,2233.0,3.3225253396313232,2.3291710001669133,4.619665131512994
AR6_SSP2-4.5,year_CE,2234.0,3.3238262105351133,2.328380903440533,4.622109955914223
AR6_SSP2-4.5,year_CE,2235.0,3.3234695499428133,2.3263845303157633,4.623472910120223
AR6_SSP2-4.5,year_CE,2236.0,3.3209536648332234,2.322717804596853,4.623414663558533
AR6_SSP2-4.5,year_CE,2237.0,3.3181558765770833,2.3190863525377736,4.6230388746398035
AR6_SSP2-4.5,year_CE,2238.0,3.3159002751605633,2.316024634880243,4.622877558488003
AR6_SSP2-4.5,year_CE,2239.0,3.3146534778504932,2.3138374009613933,4.6232297908039435
AR6_SSP2-4.5,year_CE,2240.0,3.315248466267873,2.3130842598489534,4.624658596107363
AR6_SSP2-4.5,year_CE,2241.0,3.3189933437356536,2.3147742958425934,4.628045290075104
AR6_SSP2-4.5,year_CE,2242.0,3.3247418789965035,2.3178708857532833,4.632761185557904
AR6_SSP2-4.5,year_CE,2243.0,3.329168785349433,2.3195727464516533,4.636750196896813
AR6_SSP2-4.5,year_CE,2244.0,3.3314790369316434,2.3195242786585135,4.639470514383683
AR6_SSP2-4.5,year_CE,2245.0,3.3308045604931835,2.3170846790176434,4.640337072052573
AR6_SSP2-4.5,year_CE,2246.0,3.3278704398950936,2.3130395112602935,4.639705473014914
AR6_SSP2-4.5,year_CE,2247.0,3.3248250493171234,2.309178686277443,4.638876692408573
AR6_SSP2-4.5,year_CE,2248.0,3.3214708262166734,2.3051403794924834,4.637727733792783
AR6_SSP2-4.5,year_CE,2249.0,3.318193869638513,2.3013312925573235,4.6364878930930535
AR6_SSP2-4.5,year_CE,2250.0,3.3150174456756134,2.297772872345093,4.6349527128791435
AR6_SSP2-4.5,year_CE,2251.0,3.3121107538979935,2.2946542733827835,4.633014940748123
AR6_SSP2-4.5,year_CE,2252.0,3.3106427562873733,2.2928324575479433,4.631649984931663
AR6_SSP2-4.5,year_CE,2253.0,3.3114570356361934,2.2928210529385336,4.631580330325633
AR6_SSP2-4.5,year_CE,2254.0,3.3142223511759235,2.2942278782554433,4.6326168585784036
AR6_SSP2-4.5,year_CE,2255.0,3.3162797260017234,2.2948770941933336,4.633258470139833
AR6_SSP2-4.5,year_CE,2256.0,3.3176489843244332,2.2950500523187634,4.633683823148783
AR6_SSP2-4.5,year_CE,2257.0,3.3178182279080235,2.2942445573685935,4.634266566669243
AR6_SSP2-4.5,year_CE,2258.0,3.315925120346513,2.2918339127766933,4.633440621166864
AR6_SSP2-4.5,year_CE,2259.0,3.3130200254230835,2.2888619155111334,4.631866115640873
AR6_SSP2-4.5,year_CE,2260.0,3.3086577793218432,2.2848728548157933,4.629303638173754
AR6_SSP2-4.5,year_CE,2261.0,3.3041833452574534,2.2810285008609332,4.626590736236033
AR6_SSP2-4.5,year_CE,2262.0,3.301043361645353,2.278354422480623,4.6247603493748235
AR6_SSP2-4.5,year_CE,2263.0,3.2992649785064434,2.2767293425970934,4.623873905989614
AR6_SSP2-4.5,year_CE,2264.0,3.300026178794383,2.2770978913368634,4.624704968398904
AR6_SSP2-4.5,year_CE,2265.0,3.3036473297290634,2.2795511706119234,4.627540120948003
AR6_SSP2-4.5,year_CE,2266.0,3.3084871984771835,2.2826842486230934,4.631300970082883
AR6_SSP2-4.5,year_CE,2267.0,3.3137591481390034,2.2860896097388537,4.635404112556893
AR6_SSP2-4.5,year_CE,2268.0,3.3149539896380134,2.285947777397423,4.636863525205913
AR6_SSP2-4.5,year_CE,2269.0,3.3131036103229334,2.2836000865688533,4.6361411418412235
AR6_SSP2-4.5,year_CE,2270.0,3.3092199132257334,2.2798717370162733,4.634016275851113
AR6_SSP2-4.5,year_CE,2271.0,3.3048678421350135,2.2761168409304333,4.631511980087163
AR6_SSP2-4.5,year_CE,2272.0,3.3005170129624335,2.2724918346860834,4.628999109621294
AR6_SSP2-4.5,year_CE,2273.0,3.297404787441663,2.2700332554143037,4.627282916385243
AR6_SSP2-4.5,year_CE,2274.0,3.2969770491308434,2.2698421346180435,4.627380282165893
AR6_SSP2-4.5,year_CE,2275.0,3.2992523752444134,2.2712595766632133,4.629359185509314
AR6_SSP2-4.5,year_CE,2276.0,3.3026375908696433,2.2733687337585033,4.632163038689214
AR6_SSP2-4.5,year_CE,2277.0,3.3047793491635633,2.2743757618888734,4.634178328621013
AR6_SSP2-4.5,year_CE,2278.0,3.3054652762090035,2.2742528059785236,4.635181479665413
AR6_SSP2-4.5,year_CE,2279.0,3.3044119103534935,2.2728032107502436,4.635006961106873
AR6_SSP2-4.5,year_CE,2280.0,3.301088726838813,2.2697772583882436,4.633272932711304
AR6_SSP2-4.5,year_CE,2281.0,3.2972414738005136,2.2671123752611635,4.631105011733853
AR6_SSP2-4.5,year_CE,2282.0,3.2941280538208435,2.2650203693300135,4.629415052012123
AR6_SSP2-4.5,year_CE,2283.0,3.2917841346281733,2.2633492715368533,4.628252429267203
AR6_SSP2-4.5,year_CE,2284.0,3.2912720601176435,2.263007248193003,4.628308574061034
AR6_SSP2-4.5,year_CE,2285.0,3.2938916822791335,2.2647961964732635,4.628820905305783
AR6_SSP2-4.5,year_CE,2286.0,3.2989654249713634,2.267933205690773,4.633280790881473
AR6_SSP2-4.5,year_CE,2287.0,3.3035319109417633,2.2702601518785537,4.637585679213323
AR6_SSP2-4.5,year_CE,2288.0,3.3062312228651134,2.2715323195931534,4.640339263866654
AR6_SSP2-4.5,year_CE,2289.0,3.3043892391128633,2.2691918808607934,4.639910409690773
AR6_SSP2-4.5,year_CE,2290.0,3.3016018207888633,2.2673076570438235,4.638618207412783
AR6_SSP2-4.5,year_CE,2291.0,3.2980776190823335,2.264747924212493,4.636829720700043
AR6_SSP2-4.5,year_CE,2292.0,3.293942875841293,2.261875023540603,4.634563514054183
AR6_SSP2-4.5,year_CE,2293.0,3.2901600579570234,2.2588123381749137,4.632480388486494
AR6_SSP2-4.5,year_CE,2294.0,3.2882322718007035,2.256191597813263,4.6316117605025635
AR6_SSP2-4.5,year_CE,2295.0,3.2897107015361535,2.2580260505054035,4.633050602430293
AR6_SSP2-4.5,year_CE,2296.0,3.2933999955997235,2.2615668608344732,4.636069207275954
AR6_SSP2-4.5,year_CE,2297.0,3.2984422207682633,2.264583189915103,4.6400403413455935
AR6_SSP2-4.5,year_CE,2298.0,3.301989117565243,2.266211095959523,4.643078846074124
AR6_SSP2-4.5,year_CE,2299.0,3.3020763936080235,2.2654649713706534,4.643756549718104
AR6_SSP2-4.5,year_CE,2300.0,3.3014471623937633,2.2649053205087433,4.643839731323384
AR6_SSP3-7.0,year_CE,1850.0,-0.038016237110377604,-0.16043563704256003,0.10017775087234293
AR6_SSP3-7.0,year_CE,1851.0,-0.008337186355043658,-0.12749473115659404,0.12499808795926792
AR6_SSP3-7.0,year_CE,1852.0,-0.005581685260195646,-0.12572822224921798,0.12863125297600198
AR6_SSP3-7.0,year_CE,1853.0,-0.008374990816088612,-0.1272098444666,0.12453909187325896
AR6_SSP3-7.0,year_CE,1854.0,-0.02535842487810469,-0.14369239278356005,0.10982476610786995
AR6_SSP3-7.0,year_CE,1855.0,-0.03028020070125159,-0.15052187152008012,0.10732147023730898
AR6_SSP3-7.0,year_CE,1856.0,-0.02237600082042268,-0.14223604304056203,0.11460871300491293
AR6_SSP3-7.0,year_CE,1857.0,-0.02383097078310059,-0.14285849082703206,0.11234534577956601
AR6_SSP3-7.0,year_CE,1858.0,-0.032556712863775594,-0.15360478422753998,0.10430922461576297
AR6_SSP3-7.0,year_CE,1859.0,-0.021943211761219605,-0.14262356907555807,0.114538100012886
AR6_SSP3-7.0,year_CE,1860.0,-0.010790012543543614,-0.130644230402713,0.12423117507555292
AR6_SSP3-7.0,year_CE,1861.0,-0.0036993701884225905,-0.12377715305335502,0.13106357651267697
AR6_SSP3-7.0,year_CE,1862.0,-0.022886932772803625,-0.14009843563464908,0.10977809512035697
AR6_SSP3-7.0,year_CE,1863.0,-0.07268145834848161,-0.19542039649443,0.06381257623673797
AR6_SSP3-7.0,year_CE,1864.0,-0.06213110570891067,-0.18702702189721998,0.07649161683517003
AR6_SSP3-7.0,year_CE,1865.0,-0.03691458771737066,-0.16040821446386,0.09988977038042901
AR6_SSP3-7.0,year_CE,1866.0,-0.018071136858107684,-0.139877837046417,0.11593749285508603
AR6_SSP3-7.0,year_CE,1867.0,-0.005386924874575594,-0.12544376106574906,0.127188430861235
AR6_SSP3-7.0,year_CE,1868.0,0.0015003717791173266,-0.11859993492690601,0.13358869118261696
AR6_SSP3-7.0,year_CE,1869.0,0.012676544146317359,-0.10625367080994297,0.14453466314180896
AR6_SSP3-7.0,year_CE,1870.0,0.018940561959902347,-0.09919309174912905,0.15035002283697996
AR6_SSP3-7.0,year_CE,1871.0,0.02516979807589137,-0.09204566593491803,0.156391082478486
AR6_SSP3-7.0,year_CE,1872.0,0.03067735591149534,-0.08558830692494401,0.160175561334448
AR6_SSP3-7.0,year_CE,1873.0,0.025999050098905352,-0.08964481120103607,0.15482388314983697
AR6_SSP3-7.0,year_CE,1874.0,0.010534698963520328,-0.10494599761022005,0.13969744004157603
AR6_SSP3-7.0,year_CE,1875.0,0.01410367692087533,-0.10218894637722797,0.144692047828466
AR6_SSP3-7.0,year_CE,1876.0,0.015261091889495315,-0.10073418676985202,0.14605696547208802
AR6_SSP3-7.0,year_CE,1877.0,0.01812942282192831,-0.09829094927761506,0.149832562775285
AR6_SSP3-7.0,year_CE,1878.0,0.022777159109075407,-0.094642662448993,0.15547597446192696
AR6_SSP3-7.0,year_CE,1879.0,0.026477593392381316,-0.09193857189071197,0.15966013365632503
AR6_SSP3-7.0,year_CE,1880.0,0.029692159564499332,-0.08811814393450601,0.161484719776947
AR6_SSP3-7.0,year_CE,1881.0,0.030993335502349395,-0.08664819650413702,0.16202434939440802
AR6_SSP3-7.0,year_CE,1882.0,0.037764818972242375,-0.07969329330880304,0.167857282178848
AR6_SSP3-7.0,year_CE,1883.0,0.03080611249178533,-0.08309431622924801,0.15788443751792502
AR6_SSP3-7.0,year_CE,1884.0,-0.05287762330748469,-0.17014265587272004,0.08123126689857396
AR6_SSP3-7.0,year_CE,1885.0,-0.16191542536093673,-0.31042658802641,0.0007639380245459959
AR6_SSP3-7.0,year_CE,1886.0,-0.1200093031601126,-0.2590500723163701,0.035028916315203995
AR6_SSP3-7.0,year_CE,1887.0,-0.06787277592654462,-0.1969805261124401,0.07425623899471301
AR6_SSP3-7.0,year_CE,1888.0,-0.04026928880485359,-0.16483791294246009,0.09645767779815895
AR6_SSP3-7.0,year_CE,1889.0,-0.010111819279850609,-0.12854466787902508,0.12256214419644396
AR6_SSP3-7.0,year_CE,1890.0,0.0066194015311193954,-0.10907683848119998,0.137886444925732
AR6_SSP3-7.0,year_CE,1891.0,0.006810766716616401,-0.10801744978765504,0.13449904909597
AR6_SSP3-7.0,year_CE,1892.0,0.005355128702656309,-0.11056614533389397,0.13406617450750502
AR6_SSP3-7.0,year_CE,1893.0,0.02778343200923239,-0.08552116509505903,0.15527998890445893
AR6_SSP3-7.0,year_CE,1894.0,0.04895498065682535,-0.06477505956497998,0.173052089770925
AR6_SSP3-7.0,year_CE,1895.0,0.06135850812328336,-0.052954544844581064,0.18643090307788002
AR6_SSP3-7.0,year_CE,1896.0,0.07091040604645138,-0.041105907531744035,0.191534879265838
AR6_SSP3-7.0,year_CE,1897.0,0.07534262548802839,-0.03520560156593899,0.196298579184652
AR6_SSP3-7.0,year_CE,1898.0,0.07934938292031635,-0.03135043315859698,0.19823952401753697
AR6_SSP3-7.0,year_CE,1899.0,0.08228117358268139,-0.027597057154919002,0.201133815137983
AR6_SSP3-7.0,year_CE,1900.0,0.08600382882458835,-0.022345970247644065,0.20528984889249702
AR6_SSP3-7.0,year_CE,1901.0,0.0881373753040493,-0.020031552580462075,0.205207056374202
AR6_SSP3-7.0,year_CE,1902.0,0.08956501241574732,-0.018672249764047022,0.20730245126204194
AR6_SSP3-7.0,year_CE,1903.0,0.06325500335405732,-0.04178960044928204,0.18085649859819797
AR6_SSP3-7.0,year_CE,1904.0,0.007582396752143339,-0.10548320054806704,0.13529000943104896
AR6_SSP3-7.0,year_CE,1905.0,0.024177594435210392,-0.09079319573271505,0.14938420621847803
AR6_SSP3-7.0,year_CE,1906.0,0.057623269213569306,-0.052907830285085056,0.17835467208133393
AR6_SSP3-7.0,year_CE,1907.0,0.07499963999263137,-0.029449202994838997,0.19227983771595303
AR6_SSP3-7.0,year_CE,1908.0,0.07736726702327734,-0.02594142397328103,0.19440426377771503
AR6_SSP3-7.0,year_CE,1909.0,0.0897178436868784,-0.014018041827652983,0.207229089349397
AR6_SSP3-7.0,year_CE,1910.0,0.10092416304766838,-0.0019656385931230425,0.219140396999557
AR6_SSP3-7.0,year_CE,1911.0,0.11032067245826738,0.006176104436615981,0.226426369078347
AR6_SSP3-7.0,year_CE,1912.0,0.10113966757014936,-0.003350469690091007,0.21538982973936793
AR6_SSP3-7.0,year_CE,1913.0,0.056750461062856306,-0.05371995754286407,0.17421062142820098
AR6_SSP3-7.0,year_CE,1914.0,0.04753629383865432,-0.068457125276285,0.16979361846386198
AR6_SSP3-7.0,year_CE,1915.0,0.08424734940998435,-0.027675027172090028,0.20393697670002398
AR6_SSP3-7.0,year_CE,1916.0,0.11794912640916333,0.012832041993501964,0.231156293206912
AR6_SSP3-7.0,year_CE,1917.0,0.14014172141054337,0.03831246746746997,0.251993175846959
AR6_SSP3-7.0,year_CE,1918.0,0.1553351313775324,0.05349275124441699,0.26617066230236397
AR6_SSP3-7.0,year_CE,1919.0,0.16667416736662233,0.06666697119619602,0.273151629046804
AR6_SSP3-7.0,year_CE,1920.0,0.17242321498710234,0.07464606190240897,0.27615980914749494
AR6_SSP3-7.0,year_CE,1921.0,0.17981313311612335,0.084219151648388,0.2828481086484059
AR6_SSP3-7.0,year_CE,1922.0,0.18376036310521038,0.08903651166111493,0.28470277392616994
AR6_SSP3-7.0,year_CE,1923.0,0.17579880075591536,0.07978367499283001,0.27739847881521396
AR6_SSP3-7.0,year_CE,1924.0,0.1824386418439644,0.08777957860522101,0.28484393951363396
AR6_SSP3-7.0,year_CE,1925.0,0.19378836107801733,0.10047995218933503,0.294065559110783
AR6_SSP3-7.0,year_CE,1926.0,0.20252078614482938,0.11000828847543098,0.301916024882543
AR6_SSP3-7.0,year_CE,1927.0,0.20957048830666136,0.11774567587545592,0.30808398179723195
AR6_SSP3-7.0,year_CE,1928.0,0.21293299417817735,0.12142264107966594,0.31064748088500094
AR6_SSP3-7.0,year_CE,1929.0,0.20903097501473333,0.11929477946836897,0.30816233779026003
AR6_SSP3-7.0,year_CE,1930.0,0.1992449862252823,0.11044749666700793,0.3004510617162369
AR6_SSP3-7.0,year_CE,1931.0,0.21316600623208837,0.12327619401363099,0.31280746540189
AR6_SSP3-7.0,year_CE,1932.0,0.21561019759665634,0.12555013453623698,0.31488725634494996
AR6_SSP3-7.0,year_CE,1933.0,0.2123678297545144,0.123177295098167,0.31374357591811897
AR6_SSP3-7.0,year_CE,1934.0,0.2187831064691954,0.129499353481068,0.317662622393732
AR6_SSP3-7.0,year_CE,1935.0,0.22830319396965837,0.139676861889365,0.32503654404884597
AR6_SSP3-7.0,year_CE,1936.0,0.23878068695916832,0.153739818502305,0.3364263265529259
AR6_SSP3-7.0,year_CE,1937.0,0.24876528504186235,0.164084489797097,0.34485122889969
AR6_SSP3-7.0,year_CE,1938.0,0.2590323779376503,0.17401781528828797,0.353160881399612
AR6_SSP3-7.0,year_CE,1939.0,0.26426250203567037,0.18001499334312998,0.357088240464663
AR6_SSP3-7.0,year_CE,1940.0,0.26825002520773733,0.18523874096373494,0.36011402450785596
AR6_SSP3-7.0,year_CE,1941.0,0.2703296086757754,0.18759343065225997,0.36266425623567
AR6_SSP3-7.0,year_CE,1942.0,0.26990988341804134,0.18714479107595394,0.36245394795021596
AR6_SSP3-7.0,year_CE,1943.0,0.2703661233613843,0.18663773339243594,0.36313881980255597
AR6_SSP3-7.0,year_CE,1944.0,0.27104854868017936,0.186111741039646,0.36410380562802896
AR6_SSP3-7.0,year_CE,1945.0,0.2791404928311544,0.19370088302800093,0.371854159776032
AR6_SSP3-7.0,year_CE,1946.0,0.2903812200928234,0.20826819914026495,0.382002720369715
AR6_SSP3-7.0,year_CE,1947.0,0.2987935777656163,0.21637354394961295,0.38876790792495497
AR6_SSP3-7.0,year_CE,1948.0,0.30316440786341836,0.22115359353504693,0.392056749135638
AR6_SSP3-7.0,year_CE,1949.0,0.3076885005415464,0.22610543762611002,0.395866673764044
AR6_SSP3-7.0,year_CE,1950.0,0.30312470147042536,0.22243703140078996,0.39141175128790096
AR6_SSP3-7.0,year_CE,1951.0,0.2974131096260244,0.21476293225310794,0.387771170109071
AR6_SSP3-7.0,year_CE,1952.0,0.2921374271014694,0.20850352800999694,0.38350945195529995
AR6_SSP3-7.0,year_CE,1953.0,0.2892198794066093,0.20542834630504903,0.381447040539551
AR6_SSP3-7.0,year_CE,1954.0,0.2883195865461293,0.20266543674134596,0.38277116707584896
AR6_SSP3-7.0,year_CE,1955.0,0.2895846146365374,0.203540951032258,0.387073899332467
AR6_SSP3-7.0,year_CE,1956.0,0.2930550170940004,0.20821176488858595,0.388836160598462
AR6_SSP3-7.0,year_CE,1957.0,0.29865015052636934,0.21130769820107798,0.39636739073704796
AR6_SSP3-7.0,year_CE,1958.0,0.3102532565635644,0.22385029734587203,0.40816645374663596
AR6_SSP3-7.0,year_CE,1959.0,0.31843166359965136,0.233809010133034,0.413314055555583
AR6_SSP3-7.0,year_CE,1960.0,0.32273921726065335,0.23888081789933602,0.41720007159989997
AR6_SSP3-7.0,year_CE,1961.0,0.30928768932824935,0.22227522937314603,0.404565398121524
AR6_SSP3-7.0,year_CE,1962.0,0.29882946415693135,0.20852270206232593,0.39682021967355996
AR6_SSP3-7.0,year_CE,1963.0,0.2587296182380724,0.165604889558837,0.358994589479748
AR6_SSP3-7.0,year_CE,1964.0,0.20266478320087633,0.09995255004318493,0.30785019171997297
AR6_SSP3-7.0,year_CE,1965.0,0.18287921538690233,0.07106916395014595,0.293897186138224
AR6_SSP3-7.0,year_CE,1966.0,0.20419998070014633,0.09508078660570896,0.3171847030662249
AR6_SSP3-7.0,year_CE,1967.0,0.2392617935153314,0.129677290111062,0.3481262593919
AR6_SSP3-7.0,year_CE,1968.0,0.2504089003644544,0.139430231701007,0.356108748149717
AR6_SSP3-7.0,year_CE,1969.0,0.27080168686757133,0.16159722993928993,0.375977107265923
AR6_SSP3-7.0,year_CE,1970.0,0.2893624729205424,0.18014231011569592,0.394104671174781
AR6_SSP3-7.0,year_CE,1971.0,0.30565341623064235,0.19681693272441003,0.408634144975454
AR6_SSP3-7.0,year_CE,1972.0,0.3108721132161144,0.199891366528136,0.417272978604463
AR6_SSP3-7.0,year_CE,1973.0,0.3340761135619984,0.22407066478552595,0.440085711133498
AR6_SSP3-7.0,year_CE,1974.0,0.3587977317170424,0.251922143274078,0.463738431865728
AR6_SSP3-7.0,year_CE,1975.0,0.36747318971166437,0.2624311674537759,0.46880487600376
AR6_SSP3-7.0,year_CE,1976.0,0.3554904952233814,0.24904371843739292,0.456895648181058
AR6_SSP3-7.0,year_CE,1977.0,0.38343401777374436,0.277303515854064,0.486753676544049
AR6_SSP3-7.0,year_CE,1978.0,0.42030702988728336,0.315391405162618,0.5208866349582391
AR6_SSP3-7.0,year_CE,1979.0,0.45638501178053736,0.359336587682232,0.553069306630425
AR6_SSP3-7.0,year_CE,1980.0,0.4839126838862204,0.389292848810552,0.576650164690382
AR6_SSP3-7.0,year_CE,1981.0,0.5056549008244513,0.41534513809381896,0.5929728295772809
AR6_SSP3-7.0,year_CE,1982.0,0.5015338894769494,0.41396562171838197,0.5851717497254549
AR6_SSP3-7.0,year_CE,1983.0,0.4744436491140194,0.3812967565667,0.56201451962769
AR6_SSP3-7.0,year_CE,1984.0,0.43566396179935635,0.333222631577176,0.529840181697134
AR6_SSP3-7.0,year_CE,1985.0,0.46570167432066534,0.36192678223305497,0.561247439127408
AR6_SSP3-7.0,year_CE,1986.0,0.5035420471104133,0.40840137535252097,0.591496962842229
AR6_SSP3-7.0,year_CE,1987.0,0.5280986448702774,0.439348007472205,0.610248659557151
AR6_SSP3-7.0,year_CE,1988.0,0.5634765353374853,0.481617224402411,0.6392441752077269
AR6_SSP3-7.0,year_CE,1989.0,0.6084862822916773,0.533203710816465,0.67753204416286
AR6_SSP3-7.0,year_CE,1990.0,0.6427048529119074,0.574470613762639,0.703668492106342
AR6_SSP3-7.0,year_CE,1991.0,0.6301603378400453,0.568850795123494,0.682638860098028
AR6_SSP3-7.0,year_CE,1992.0,0.5611651396557684,0.483038744775734,0.6279015157650569
AR6_SSP3-7.0,year_CE,1993.0,0.44791593145516334,0.318842833579009,0.5506823609894049
AR6_SSP3-7.0,year_CE,1994.0,0.47079213500714634,0.33840074975214596,0.573107985144972
AR6_SSP3-7.0,year_CE,1995.0,0.5481732192900743,0.45328502402199,0.629217188100117
AR6_SSP3-7.0,year_CE,1996.0,0.6112245320258654,0.5367761650655809,0.674151717842417
AR6_SSP3-7.0,year_CE,1997.0,0.6385502205373863,0.5780392972247219,0.693437504583051
AR6_SSP3-7.0,year_CE,1998.0,0.6771138489103073,0.619391560305858,0.727857698566718
AR6_SSP3-7.0,year_CE,1999.0,0.7285322384094773,0.681250021292386,0.7671025679422373
AR6_SSP3-7.0,year_CE,2000.0,0.7716795422784015,0.735398305417727,0.7997507186719319
AR6_SSP3-7.0,year_CE,2001.0,0.8037589220060217,0.7761177845195495,0.8320658039501789
AR6_SSP3-7.0,year_CE,2002.0,0.8250270252808701,0.8006999981736638,0.8505863526480687
AR6_SSP3-7.0,year_CE,2003.0,0.8432092526105157,0.8242929688692965,0.8643955003918775
AR6_SSP3-7.0,year_CE,2004.0,0.8581748680639734,0.8443024361053096,0.8759753914756025
AR6_SSP3-7.0,year_CE,2005.0,0.8705350453390539,0.8582019190879375,0.8871375689551558
AR6_SSP3-7.0,year_CE,2006.0,0.8845965862057957,0.8722246354555551,0.900808836991615
AR6_SSP3-7.0,year_CE,2007.0,0.9002327340447229,0.8850226577820712,0.9184921668032388
AR6_SSP3-7.0,year_CE,2008.0,0.9265588477048825,0.9052936705723099,0.950801079672017
AR6_SSP3-7.0,year_CE,2009.0,0.9527743550552954,0.9237859342811543,0.985342140928278
AR6_SSP3-7.0,year_CE,2010.0,0.9730355435507053,0.9382294331957614,1.013051939488499
AR6_SSP3-7.0,year_CE,2011.0,1.0049982972379423,0.963471116918859,1.052641586578293
AR6_SSP3-7.0,year_CE,2012.0,1.0312400441383303,0.9815057171680459,1.086638872378875
AR6_SSP3-7.0,year_CE,2013.0,1.0630958518663263,1.004356817550958,1.129435088153777
AR6_SSP3-7.0,year_CE,2014.0,1.0893556065465173,1.02269332271597,1.167861510375566
AR6_SSP3-7.0,year_CE,2015.0,1.1115197615030004,1.039521829647174,1.197059190967628
AR6_SSP3-7.0,year_CE,2016.0,1.1307033422131043,1.052941143457154,1.225558403920446
AR6_SSP3-7.0,year_CE,2017.0,1.1508240830715983,1.067054770937409,1.25118995148814
AR6_SSP3-7.0,year_CE,2018.0,1.1728355258350074,1.083304481102127,1.280776912622911
AR6_SSP3-7.0,year_CE,2019.0,1.1963744762315593,1.099500244370067,1.313840054790988
AR6_SSP3-7.0,year_CE,2020.0,1.2220902532308773,1.116859366109853,1.3508439515055821
AR6_SSP3-7.0,year_CE,2021.0,1.2519133660531803,1.1379387767553029,1.391449551192855
AR6_SSP3-7.0,year_CE,2022.0,1.2848012202230243,1.162016676816003,1.43253965977228
AR6_SSP3-7.0,year_CE,2023.0,1.3178860385010225,1.186847172970865,1.475489499823388
AR6_SSP3-7.0,year_CE,2024.0,1.3495688471795804,1.209626737551899,1.5189679649745331
AR6_SSP3-7.0,year_CE,2025.0,1.3779171605051355,1.228302786569678,1.558061761041772
AR6_SSP3-7.0,year_CE,2026.0,1.4046816144713965,1.245795698788171,1.593613865804169
AR6_SSP3-7.0,year_CE,2027.0,1.4305500232785322,1.264882656943906,1.6283608528148839
AR6_SSP3-7.0,year_CE,2028.0,1.4573479080044462,1.283544746773752,1.662882358206105
AR6_SSP3-7.0,year_CE,2029.0,1.4844431157538982,1.302501164819132,1.696430300260864
AR6_SSP3-7.0,year_CE,2030.0,1.5123555995863125,1.321458674968474,1.732304128454899
AR6_SSP3-7.0,year_CE,2031.0,1.5411646139655764,1.341271695221494,1.7720257600520681
AR6_SSP3-7.0,year_CE,2032.0,1.5714952485318254,1.36422396697564,1.80991601054451
AR6_SSP3-7.0,year_CE,2033.0,1.6048849211508944,1.3872881386296259,1.8515397225834698
AR6_SSP3-7.0,year_CE,2034.0,1.6421673831013224,1.417615055190784,1.9006758879108099
AR6_SSP3-7.0,year_CE,2035.0,1.6789671071335224,1.445187792544157,1.9521858985420302
AR6_SSP3-7.0,year_CE,2036.0,1.7158851777658715,1.473081613884897,1.99936354405546
AR6_SSP3-7.0,year_CE,2037.0,1.7502243327023044,1.499450902211166,2.04061302142007
AR6_SSP3-7.0,year_CE,2038.0,1.7838133718448304,1.523886592579859,2.08312719563368
AR6_SSP3-7.0,year_CE,2039.0,1.8153183719021233,1.5458711547173198,2.12447980071308
AR6_SSP3-7.0,year_CE,2040.0,1.8450194255514993,1.567089698443729,2.17031540813242
AR6_SSP3-7.0,year_CE,2041.0,1.8740305373044734,1.5899702797352768,2.20532850256044
AR6_SSP3-7.0,year_CE,2042.0,1.9040443660756734,1.613111901339146,2.2404768810945
AR6_SSP3-7.0,year_CE,2043.0,1.9357837068010935,1.636436774254648,2.28689792679268
AR6_SSP3-7.0,year_CE,2044.0,1.9696374798997633,1.6637214037466,2.33027474381315
AR6_SSP3-7.0,year_CE,2045.0,2.0072859304655335,1.694342504578767,2.37249974960336
AR6_SSP3-7.0,year_CE,2046.0,2.0467323625746836,1.724511562884424,2.41990313224231
AR6_SSP3-7.0,year_CE,2047.0,2.0872435755738934,1.751060480910843,2.46546496793879
AR6_SSP3-7.0,year_CE,2048.0,2.1262669657522233,1.777185971083908,2.52129517412491
AR6_SSP3-7.0,year_CE,2049.0,2.1614886593952334,1.8021457061893291,2.56715346735494
AR6_SSP3-7.0,year_CE,2050.0,2.1930186507076836,1.823507827589514,2.60624218068839
AR6_SSP3-7.0,year_CE,2051.0,2.224168928448943,1.845039294608552,2.64393943879367
AR6_SSP3-7.0,year_CE,2052.0,2.255633045371713,1.86820595315139,2.6851070927469
AR6_SSP3-7.0,year_CE,2053.0,2.2876042628189435,1.8920635748280201,2.72145608766892
AR6_SSP3-7.0,year_CE,2054.0,2.3214894477216337,1.9151724440391802,2.76331977418185
AR6_SSP3-7.0,year_CE,2055.0,2.3585477268752832,1.9422327534170098,2.81698534503524
AR6_SSP3-7.0,year_CE,2056.0,2.3984141574894435,1.9724343470500698,2.87509418681533
AR6_SSP3-7.0,year_CE,2057.0,2.4376566331107035,2.00133246463669,2.92654359950878
AR6_SSP3-7.0,year_CE,2058.0,2.4763088768316535,2.02972486938603,2.97818145795009
AR6_SSP3-7.0,year_CE,2059.0,2.5148478599378135,2.05794124524518,3.02685274964342
AR6_SSP3-7.0,year_CE,2060.0,2.5510058222976735,2.08337596785253,3.07824699468664
AR6_SSP3-7.0,year_CE,2061.0,2.5855168348766435,2.1073889255008,3.12854749836666
AR6_SSP3-7.0,year_CE,2062.0,2.6196380984254937,2.13125118190816,3.17807986868492
AR6_SSP3-7.0,year_CE,2063.0,2.654594048084113,2.15621742670925,3.22939096192719
AR6_SSP3-7.0,year_CE,2064.0,2.6906205453638634,2.18231164173414,3.28033413128407
AR6_SSP3-7.0,year_CE,2065.0,2.7281784320345936,2.2099930312626,3.33319706358136
AR6_SSP3-7.0,year_CE,2066.0,2.7690876154204034,2.24120504171556,3.38968090280186
AR6_SSP3-7.0,year_CE,2067.0,2.8123358146133133,2.27436525935526,3.44311263707726
AR6_SSP3-7.0,year_CE,2068.0,2.8557945036203836,2.30721076565248,3.49719393276551
AR6_SSP3-7.0,year_CE,2069.0,2.8972618665178733,2.33755666074774,3.55468104069929
AR6_SSP3-7.0,year_CE,2070.0,2.9361941846635133,2.36525441216402,3.61215459964533
AR6_SSP3-7.0,year_CE,2071.0,2.9728795906866234,2.39095397666504,3.6676222703169
AR6_SSP3-7.0,year_CE,2072.0,3.0093048277837533,2.41686878660521,3.7226939883921
AR6_SSP3-7.0,year_CE,2073.0,3.0462274082132534,2.44345045485771,3.77802663796992
AR6_SSP3-7.0,year_CE,2074.0,3.0831121939390833,2.4702895680131,3.83133727116237
AR6_SSP3-7.0,year_CE,2075.0,3.1205583505079435,2.49978103342001,3.8807298650208
AR6_SSP3-7.0,year_CE,2076.0,3.1585703528108535,2.5273038320243,3.94675135878981
AR6_SSP3-7.0,year_CE,2077.0,3.1980398926183033,2.5557128475791,4.00419501036629
AR6_SSP3-7.0,year_CE,2078.0,3.2398899656150433,2.58578016006924,4.06402244654104
AR6_SSP3-7.0,year_CE,2079.0,3.2836533385969835,2.61862124018946,4.12687007310598
AR6_SSP3-7.0,year_CE,2080.0,3.3280730097747133,2.65205365788639,4.1908957636226
AR6_SSP3-7.0,year_CE,2081.0,3.3716002521300235,2.6843135191327,4.24937971881
AR6_SSP3-7.0,year_CE,2082.0,3.4141876906994435,2.71574845245972,4.304030408287
AR6_SSP3-7.0,year_CE,2083.0,3.455011139984493,2.74525570007852,4.35661245625822
AR6_SSP3-7.0,year_CE,2084.0,3.4952767485207534,2.77450895091988,4.4082790319950895
AR6_SSP3-7.0,year_CE,2085.0,3.5340552611052836,2.80327632203716,4.45827357370772
AR6_SSP3-7.0,year_CE,2086.0,3.5724833100081734,2.83051733691314,4.51629667758725
AR6_SSP3-7.0,year_CE,2087.0,3.6121533436883535,2.85854479296603,4.57560374245429
AR6_SSP3-7.0,year_CE,2088.0,3.6531218435600934,2.89410058779713,4.64188282434044
AR6_SSP3-7.0,year_CE,2089.0,3.6963890082464834,2.92499613923027,4.71243174451578
AR6_SSP3-7.0,year_CE,2090.0,3.7426904165092734,2.9576820263277,4.77827300219308
AR6_SSP3-7.0,year_CE,2091.0,3.790505603079873,2.99443864240285,4.84501351174576
AR6_SSP3-7.0,year_CE,2092.0,3.8397022087612633,3.0364182425176103,4.913893535176579
AR6_SSP3-7.0,year_CE,2093.0,3.8863235354141734,3.07009557396145,4.979091108500199
AR6_SSP3-7.0,year_CE,2094.0,3.9293276445646232,3.10103121757923,5.03867050464192
AR6_SSP3-7.0,year_CE,2095.0,3.970598890062133,3.12760949315093,5.095351963173529
AR6_SSP3-7.0,year_CE,2096.0,4.010806880877013,3.15468967789504,5.15019549322734
AR6_SSP3-7.0,year_CE,2097.0,4.0516542626728835,3.18094190239819,5.20563320664283
AR6_SSP3-7.0,year_CE,2098.0,4.093322809100654,3.20818134664949,5.262136822304989
AR6_SSP3-7.0,year_CE,2099.0,4.137086111207323,3.23822115533224,5.32153222193782
AR6_SSP3-7.0,year_CE,2100.0,4.183847688454913,3.27228128090983,5.38648491329613
AR6_SSP3-7.0,year_CE,2101.0,4.2332372189068135,3.30973061069062,5.4549940839175
AR6_SSP3-7.0,year_CE,2102.0,4.281338300515343,3.34340150114122,5.52283918689764
AR6_SSP3-7.0,year_CE,2103.0,4.3277329793843435,3.3751664615790102,5.58927184064559
AR6_SSP3-7.0,year_CE,2104.0,4.372074772705773,3.40449510460612,5.65396309087296
AR6_SSP3-7.0,year_CE,2105.0,4.4137028422770035,3.43650525696661,5.716282881402139
AR6_SSP3-7.0,year_CE,2106.0,4.454176460140744,3.4614290142368502,5.77303073696805
AR6_SSP3-7.0,year_CE,2107.0,4.494263967846363,3.4863547220944002,5.828747952198199
AR6_SSP3-7.0,year_CE,2108.0,4.534809989345414,3.51242595257698,5.88460578688861
AR6_SSP3-7.0,year_CE,2109.0,4.576402909009673,3.54034852448998,5.94110698907977
AR6_SSP3-7.0,year_CE,2110.0,4.620062512835453,3.57154466982167,5.999088437598109
AR6_SSP3-7.0,year_CE,2111.0,4.667497308418923,3.60846290011485,6.059985876374969
AR6_SSP3-7.0,year_CE,2112.0,4.713449638495364,3.6422554956090702,6.119550604190009
AR6_SSP3-7.0,year_CE,2113.0,4.757141427043823,3.6726154799479,6.1768796843464
AR6_SSP3-7.0,year_CE,2114.0,4.796775128460924,3.6970676295252702,6.23204078864627
AR6_SSP3-7.0,year_CE,2115.0,4.834843859977793,3.7201693607537,6.28495719522413
AR6_SSP3-7.0,year_CE,2116.0,4.871025692360224,3.74104945200693,6.33516351212874
AR6_SSP3-7.0,year_CE,2117.0,4.906419579328423,3.76147568243156,6.38415079120849
AR6_SSP3-7.0,year_CE,2118.0,4.941881497818953,3.78256172715655,6.43323574221468
AR6_SSP3-7.0,year_CE,2119.0,4.977998840120984,3.80505645559401,6.4833049072055395
AR6_SSP3-7.0,year_CE,2120.0,5.0165013375690535,3.83150083974879,6.53696214396547
AR6_SSP3-7.0,year_CE,2121.0,5.057977300902273,3.85767644795175,6.5951743520083195
AR6_SSP3-7.0,year_CE,2122.0,5.101574561527343,3.8885969120462,6.65675313161667
AR6_SSP3-7.0,year_CE,2123.0,5.1410260197312425,3.91471713184681,6.7125961098491596
AR6_SSP3-7.0,year_CE,2124.0,5.178768360544824,3.93954454067178,6.76583227326306
AR6_SSP3-7.0,year_CE,2125.0,5.213116456369324,3.95993350406141,6.814225127484709
AR6_SSP3-7.0,year_CE,2126.0,5.244608904357424,3.97929238943851,6.858341796688659
AR6_SSP3-7.0,year_CE,2127.0,5.275634437370623,4.00029716087891,6.901929980110039
AR6_SSP3-7.0,year_CE,2128.0,5.3067423571034436,4.01780707272123,6.94854164748637
AR6_SSP3-7.0,year_CE,2129.0,5.338957260420484,4.03736907302732,6.99768815842159
AR6_SSP3-7.0,year_CE,2130.0,5.373829505337413,4.06120814053438,7.05165848470236
AR6_SSP3-7.0,year_CE,2131.0,5.413899919628443,4.09297968477214,7.1150315300406595
AR6_SSP3-7.0,year_CE,2132.0,5.453394429789384,4.12120934996264,7.1748907947461396
AR6_SSP3-7.0,year_CE,2133.0,5.491199886927854,4.14625267886635,7.2306398117349096
AR6_SSP3-7.0,year_CE,2134.0,5.525443574500153,4.16855793179963,7.2762377854863995
AR6_SSP3-7.0,year_CE,2135.0,5.555791050221513,4.18779696745263,7.319277049097
AR6_SSP3-7.0,year_CE,2136.0,5.583016989030973,4.2002937893056895,7.36190858522152
AR6_SSP3-7.0,year_CE,2137.0,5.610293935430654,4.21403467431421,7.40463118035947
AR6_SSP3-7.0,year_CE,2138.0,5.638089934805993,4.22910513868299,7.44773674805211
AR6_SSP3-7.0,year_CE,2139.0,5.666404217404434,4.24521303336163,7.4913618246233
AR6_SSP3-7.0,year_CE,2140.0,5.695795205224464,4.26314285452001,7.528030691657859
AR6_SSP3-7.0,year_CE,2141.0,5.727715594758804,4.28506326824475,7.56665067724248
AR6_SSP3-7.0,year_CE,2142.0,5.761643071215033,4.3097776566388,7.60718454578274
AR6_SSP3-7.0,year_CE,2143.0,5.794728409731544,4.33269514586829,7.64758362311283
AR6_SSP3-7.0,year_CE,2144.0,5.826858959462893,4.35422295008083,7.68728478594091
AR6_SSP3-7.0,year_CE,2145.0,5.8576384367748435,4.37391859166775,7.730208939536849
AR6_SSP3-7.0,year_CE,2146.0,5.8857268892403525,4.392010715561669,7.77035862214887
AR6_SSP3-7.0,year_CE,2147.0,5.9133819892472435,4.406682858667629,7.80978840531936
AR6_SSP3-7.0,year_CE,2148.0,5.940167168397473,4.42214809329415,7.8480161539393
AR6_SSP3-7.0,year_CE,2149.0,5.966484178813243,4.4382908271304,7.8855418359788
AR6_SSP3-7.0,year_CE,2150.0,5.9929818568247235,4.45496768135286,7.92330414722651
AR6_SSP3-7.0,year_CE,2151.0,6.019922953676513,4.47259080809149,7.961688545982169
AR6_SSP3-7.0,year_CE,2152.0,6.048973918006084,4.49167381348501,8.00306129319101
AR6_SSP3-7.0,year_CE,2153.0,6.081504358492424,4.5152285777260195,8.04947759761911
AR6_SSP3-7.0,year_CE,2154.0,6.115667240977453,4.54350146171251,8.0983951474614
AR6_SSP3-7.0,year_CE,2155.0,6.147548951320294,4.567410826178119,8.14421466285331
AR6_SSP3-7.0,year_CE,2156.0,6.176807074764074,4.58834836599491,8.18630318895632
AR6_SSP3-7.0,year_CE,2157.0,6.2032440247371525,4.6036179819259795,8.22443266528578
AR6_SSP3-7.0,year_CE,2158.0,6.226790314504804,4.61683637217764,8.26008041513916
AR6_SSP3-7.0,year_CE,2159.0,6.2487276644377925,4.62924362380285,8.296132679036731
AR6_SSP3-7.0,year_CE,2160.0,6.270647731032984,4.64200462110826,8.331660533920811
AR6_SSP3-7.0,year_CE,2161.0,6.293910188166873,4.65605227757811,8.36844744024607
AR6_SSP3-7.0,year_CE,2162.0,6.319911095249093,4.67236189565376,8.40834960211283
AR6_SSP3-7.0,year_CE,2163.0,6.349853196798893,4.6917981298111,8.45303513723977
AR6_SSP3-7.0,year_CE,2164.0,6.382527483308703,4.71676114927538,8.50149711299997
AR6_SSP3-7.0,year_CE,2165.0,6.411843317769803,4.74189097165407,8.55420231758809
AR6_SSP3-7.0,year_CE,2166.0,6.439396283157404,4.76397382034848,8.60285452864066
AR6_SSP3-7.0,year_CE,2167.0,6.462477102521344,4.7788909656789995,8.636689247696161
AR6_SSP3-7.0,year_CE,2168.0,6.4825035326741425,4.78894464047822,8.67363799393333
AR6_SSP3-7.0,year_CE,2169.0,6.5017678420074425,4.79796505396327,8.71568217685028
AR6_SSP3-7.0,year_CE,2170.0,6.521385878210154,4.80793232366054,8.75765358776165
AR6_SSP3-7.0,year_CE,2171.0,6.542001767704374,4.8199254585438,8.80007530033321
AR6_SSP3-7.0,year_CE,2172.0,6.564624124452264,4.835480102896359,8.84371021654735
AR6_SSP3-7.0,year_CE,2173.0,6.590942241272824,4.85716074981488,8.889801584836599
AR6_SSP3-7.0,year_CE,2174.0,6.618670586903054,4.879322826519689,8.93634736875821
AR6_SSP3-7.0,year_CE,2175.0,6.646512400598214,4.898146488184819,8.982986565972059
AR6_SSP3-7.0,year_CE,2176.0,6.672787758646354,4.914403410551819,9.02849282502757
AR6_SSP3-7.0,year_CE,2177.0,6.695852620309193,4.92610203755848,9.07155234495232
AR6_SSP3-7.0,year_CE,2178.0,6.715687453244554,4.9337740942215795,9.11202426999272
AR6_SSP3-7.0,year_CE,2179.0,6.734306831075923,4.94060741739197,9.15127798123059
AR6_SSP3-7.0,year_CE,2180.0,6.752258836070833,4.9467698106658,9.18976175018407
AR6_SSP3-7.0,year_CE,2181.0,6.770220105563013,4.95338864491413,9.22796921007526
AR6_SSP3-7.0,year_CE,2182.0,6.788343979975924,4.96040326305897,9.266065790457679
AR6_SSP3-7.0,year_CE,2183.0,6.8069592825497836,4.9683339496520595,9.304299048319569
AR6_SSP3-7.0,year_CE,2184.0,6.826669957712893,4.977962188919499,9.343142379306009
AR6_SSP3-7.0,year_CE,2185.0,6.848255352549993,4.99036512764041,9.38323054640216
AR6_SSP3-7.0,year_CE,2186.0,6.8732791413391325,5.007706065353809,9.423723791654119
AR6_SSP3-7.0,year_CE,2187.0,6.897972290079743,5.0234002537587,9.46168940638558
AR6_SSP3-7.0,year_CE,2188.0,6.921905966366124,5.038484247065649,9.498941827426979
AR6_SSP3-7.0,year_CE,2189.0,6.9453546952848235,5.05435566214947,9.544378949794499
AR6_SSP3-7.0,year_CE,2190.0,6.965238362992244,5.0651440013495295,9.58715410540656
AR6_SSP3-7.0,year_CE,2191.0,6.982266915802244,5.072851299130869,9.614980808189129
AR6_SSP3-7.0,year_CE,2192.0,6.998424297847313,5.08023691505017,9.64066881943779
AR6_SSP3-7.0,year_CE,2193.0,7.0150710551695035,5.088831349138689,9.666206287165659
AR6_SSP3-7.0,year_CE,2194.0,7.032376742568593,5.09849037094075,9.69047846102252
AR6_SSP3-7.0,year_CE,2195.0,7.051098831120914,5.1102308781873695,9.716678555843929
AR6_SSP3-7.0,year_CE,2196.0,7.073183042705153,5.12652001883513,9.74746708612339
AR6_SSP3-7.0,year_CE,2197.0,7.098054368949834,5.146123962887289,9.7826277771431
AR6_SSP3-7.0,year_CE,2198.0,7.123129202244314,5.16525580440859,9.82379882604508
AR6_SSP3-7.0,year_CE,2199.0,7.145212007908924,5.17977545421409,9.86785912079599
AR6_SSP3-7.0,year_CE,2200.0,7.163976040067004,5.189184165318999,9.90802716706911
AR6_SSP3-7.0,year_CE,2201.0,7.179420121228004,5.1966560136181394,9.9410725073935
AR6_SSP3-7.0,year_CE,2202.0,7.194052152088773,5.2031973978072,9.96536137523955
AR6_SSP3-7.0,year_CE,2203.0,7.2088189224057135,5.21034960224332,9.99001911018359
AR6_SSP3-7.0,year_CE,2204.0,7.222954119053014,5.21672069584604,10.013619647621269
AR6_SSP3-7.0,year_CE,2205.0,7.2373030122008135,5.2237343993865695,10.03751754680445
AR6_SSP3-7.0,year_CE,2206.0,7.251861971988863,5.23109618384955,10.06168406096015
AR6_SSP3-7.0,year_CE,2207.0,7.267665763254513,5.240371248160479,10.0878145872883
AR6_SSP3-7.0,year_CE,2208.0,7.285849826350674,5.251540765799249,10.11825612713478
AR6_SSP3-7.0,year_CE,2209.0,7.306020897736813,5.26214837491173,10.152343322662489
AR6_SSP3-7.0,year_CE,2210.0,7.326826209730154,5.272873226431019,10.18767404297537
AR6_SSP3-7.0,year_CE,2211.0,7.346216321568603,5.2825059327765995,10.22055055046233
AR6_SSP3-7.0,year_CE,2212.0,7.364037398239503,5.29120587765318,10.250615600582039
AR6_SSP3-7.0,year_CE,2213.0,7.379436937150903,5.29846278894334,10.276464618674689
AR6_SSP3-7.0,year_CE,2214.0,7.393619582491594,5.30520367186898,10.30010756696828
AR6_SSP3-7.0,year_CE,2215.0,7.4057147871628235,5.31072881781222,10.3201644342309
AR6_SSP3-7.0,year_CE,2216.0,7.416970163387484,5.315971192441189,10.33865852025517
AR6_SSP3-7.0,year_CE,2217.0,7.429255344363954,5.32198272459301,10.35902793232713
AR6_SSP3-7.0,year_CE,2218.0,7.442769886454073,5.328693836427989,10.38169778638659
AR6_SSP3-7.0,year_CE,2219.0,7.458649681322964,5.3367888651039594,10.40859304874219
AR6_SSP3-7.0,year_CE,2220.0,7.477445009667823,5.34645728790926,10.44062478146564
AR6_SSP3-7.0,year_CE,2221.0,7.497499307864633,5.3565451925674195,10.47495095248769
AR6_SSP3-7.0,year_CE,2222.0,7.5190647807989635,5.367366333119359,10.51191762208121
AR6_SSP3-7.0,year_CE,2223.0,7.537325828564843,5.375755400789879,10.54335709770554
AR6_SSP3-7.0,year_CE,2224.0,7.551088215022013,5.381525843344759,10.56674001584968
AR6_SSP3-7.0,year_CE,2225.0,7.562282071217544,5.38609611214938,10.585561094307579
AR6_SSP3-7.0,year_CE,2226.0,7.571509785590813,5.389728879524309,10.60103916389912
AR6_SSP3-7.0,year_CE,2227.0,7.581146712473354,5.3939106542991695,10.61719708760679
AR6_SSP3-7.0,year_CE,2228.0,7.591064218725844,5.39827360006396,10.63401274108594
AR6_SSP3-7.0,year_CE,2229.0,7.603006587725613,5.40399789964747,10.65429188964019
AR6_SSP3-7.0,year_CE,2230.0,7.618321448174134,5.4115236287467,10.68058735997246
AR6_SSP3-7.0,year_CE,2231.0,7.6351393204580535,5.419634867017,10.70968058279167
AR6_SSP3-7.0,year_CE,2232.0,7.651115838945364,5.42696349970821,10.73734557285362
AR6_SSP3-7.0,year_CE,2233.0,7.666806413579323,5.434096862919899,10.764419113962
AR6_SSP3-7.0,year_CE,2234.0,7.680256048368824,5.43973841950051,10.78769980056288
AR6_SSP3-7.0,year_CE,2235.0,7.691708335657534,5.44431844272296,10.80741134484472
AR6_SSP3-7.0,year_CE,2236.0,7.700625824467913,5.44757357105481,10.822761802528259
AR6_SSP3-7.0,year_CE,2237.0,7.708996024565003,5.45085115009971,10.837064049191989
AR6_SSP3-7.0,year_CE,2238.0,7.717799020678173,5.45446044633678,10.8522305713339
AR6_SSP3-7.0,year_CE,2239.0,7.727586962183393,5.458635778009319,10.8691644805845
AR6_SSP3-7.0,year_CE,2240.0,7.739307587357464,5.4638556275699095,10.8895167758552
AR6_SSP3-7.0,year_CE,2241.0,7.754436758335993,5.47089950765164,10.9159024606564
AR6_SSP3-7.0,year_CE,2242.0,7.771833510445044,5.4788808860775395,10.9464417894997
AR6_SSP3-7.0,year_CE,2243.0,7.7878640895134925,5.485689381734169,10.9746885499679
AR6_SSP3-7.0,year_CE,2244.0,7.801469422422183,5.491921810871729,10.998629022806199
AR6_SSP3-7.0,year_CE,2245.0,7.811668398339293,5.49569941908666,11.016613606534
AR6_SSP3-7.0,year_CE,2246.0,7.819134313292164,5.497647795053029,11.029777054561
AR6_SSP3-7.0,year_CE,2247.0,7.8262338008015035,5.49959168099163,11.042271692102199
AR6_SSP3-7.0,year_CE,2248.0,7.8328233892432735,5.50128631087279,11.0540155980902
AR6_SSP3-7.0,year_CE,2249.0,7.839324457409713,5.503137877588809,11.0717842644916
AR6_SSP3-7.0,year_CE,2250.0,7.845464092850563,5.50500453948445,11.0900149362922
AR6_SSP3-7.0,year_CE,2251.0,7.851119256214643,5.5066429460282595,11.107035656034
AR6_SSP3-7.0,year_CE,2252.0,7.857918838016493,5.509468331436049,11.124034974415
AR6_SSP3-7.0,year_CE,2253.0,7.867041434010984,5.51435489558148,11.1420680874188
AR6_SSP3-7.0,year_CE,2254.0,7.878249757259914,5.5207706119155295,11.1611604877123
AR6_SSP3-7.0,year_CE,2255.0,7.888692094131464,5.52645507817771,11.179526455411999
AR6_SSP3-7.0,year_CE,2256.0,7.898291003977993,5.53156112272424,11.1970860684845
AR6_SSP3-7.0,year_CE,2257.0,7.906480986683793,5.535695333810559,11.2135080532854
AR6_SSP3-7.0,year_CE,2258.0,7.912290082333824,5.53813189962976,11.2281094041165
AR6_SSP3-7.0,year_CE,2259.0,7.916805930814874,5.539848623862929,11.241569723730999
AR6_SSP3-7.0,year_CE,2260.0,7.919598764817993,5.54047915063798,11.253622584096199
AR6_SSP3-7.0,year_CE,2261.0,7.922106256361523,5.54124725427218,11.2651773843527
AR6_SSP3-7.0,year_CE,2262.0,7.925975428594654,5.54326267653666,11.2773834904444
AR6_SSP3-7.0,year_CE,2263.0,7.931321128410204,5.5464476426981495,11.290386342936
AR6_SSP3-7.0,year_CE,2264.0,7.939468422154313,5.55173757832136,11.3050980850036
AR6_SSP3-7.0,year_CE,2265.0,7.9508492314988235,5.559444169413769,11.321925001262999
AR6_SSP3-7.0,year_CE,2266.0,7.963722136497813,5.56800708774939,11.3397857992352
AR6_SSP3-7.0,year_CE,2267.0,7.977168456982463,5.576946615724189,11.3580693150257
AR6_SSP3-7.0,year_CE,2268.0,7.986247237244033,5.582133753473929,11.3735070991975
AR6_SSP3-7.0,year_CE,2269.0,7.991793848477984,5.58471922418389,11.3864540325471
AR6_SSP3-7.0,year_CE,2270.0,7.994942269795343,5.58571424147364,11.397639135084999
AR6_SSP3-7.0,year_CE,2271.0,7.997371498986693,5.58652665594273,11.4081310291766
AR6_SSP3-7.0,year_CE,2272.0,7.999696595820893,5.5875230707118595,11.418356170142
AR6_SSP3-7.0,year_CE,2273.0,8.003296254944953,5.58974699842757,11.4292362357207
AR6_SSP3-7.0,year_CE,2274.0,8.009829066488223,5.59437034822093,11.4419358256547
AR6_SSP3-7.0,year_CE,2275.0,8.019425597751123,5.60127810453137,11.4566374295517
AR6_SSP3-7.0,year_CE,2276.0,8.030389007804283,5.60898316550803,11.472291504970599
AR6_SSP3-7.0,year_CE,2277.0,8.040103886858603,5.61541292221013,11.4871544289472
AR6_SSP3-7.0,year_CE,2278.0,8.048190629991673,5.62048360469532,11.5009120852887
AR6_SSP3-7.0,year_CE,2279.0,8.054298628096292,5.62403030108932,11.5133116055533
AR6_SSP3-7.0,year_CE,2280.0,8.057810110839863,5.62565789378243,11.523886441046699
AR6_SSP3-7.0,year_CE,2281.0,8.060560739959623,5.62698529275783,11.533790496288999
AR6_SSP3-7.0,year_CE,2282.0,8.064009280659493,5.629097187941429,11.544014156536699
AR6_SSP3-7.0,year_CE,2283.0,8.068277607730584,5.63195225116559,11.554665882663299
AR6_SSP3-7.0,year_CE,2284.0,8.074544141850723,5.636452427089649,11.5665474790092
AR6_SSP3-7.0,year_CE,2285.0,8.084310148507234,5.64368399250846,11.580734163426799
AR6_SSP3-7.0,year_CE,2286.0,8.096940924908223,5.652908818144289,11.596907603996499
AR6_SSP3-7.0,year_CE,2287.0,8.109180754059473,5.66212331620101,11.6129554704339
AR6_SSP3-7.0,year_CE,2288.0,8.119411046177124,5.6711335254921895,11.6277205675334
AR6_SSP3-7.0,year_CE,2289.0,8.124637974015773,5.67245497755095,11.639154998290099
AR6_SSP3-7.0,year_CE,2290.0,8.128547069011793,5.67280151600235,11.6495411115511
AR6_SSP3-7.0,year_CE,2291.0,8.131523406985353,5.6742107389781395,11.6592132614733
AR6_SSP3-7.0,year_CE,2292.0,8.133717734291913,5.67529961739165,11.6682021857811
AR6_SSP3-7.0,year_CE,2293.0,8.136190114241014,5.67685067256872,11.6772179376935
AR6_SSP3-7.0,year_CE,2294.0,8.140672565826854,5.68017683961365,11.6874241078841
AR6_SSP3-7.0,year_CE,2295.0,8.148929646307373,5.6864969180559894,11.7000858826844
AR6_SSP3-7.0,year_CE,2296.0,8.159783125144333,5.69457923124435,11.7145394262867
AR6_SSP3-7.0,year_CE,2297.0,8.172281621168933,5.706936144967529,11.730162941575
AR6_SSP3-7.0,year_CE,2298.0,8.183290599501454,5.71746204048419,11.744916167722499
AR6_SSP3-7.0,year_CE,2299.0,8.190472061971864,5.721991949992369,11.757158393660399
AR6_SSP3-7.0,year_CE,2300.0,8.196680430176544,5.72573033131219,11.7686634379708
