date,decimal_year,anomaly_C,source
1000-01-01,1000.0,0.07,proxy reconstruction (pre-1880)
1001-01-01,1001.0,-0.01,proxy reconstruction (pre-1880)
1002-01-01,1002.0,-0.01,proxy reconstruction (pre-1880)
1003-01-01,1003.0,0.03,proxy reconstruction (pre-1880)
1004-01-01,1004.0,-0.04,proxy reconstruction (pre-1880)
1005-01-01,1005.0,-0.15,proxy reconstruction (pre-1880)
1006-01-01,1006.0,-0.02,proxy reconstruction (pre-1880)
1007-01-01,1007.0,0.2,proxy reconstruction (pre-1880)
1008-01-01,1008.0,0.19,proxy reconstruction (pre-1880)
1009-01-01,1009.0,0.08,proxy reconstruction (pre-1880)
1010-01-01,1010.0,0.07,proxy reconstruction (pre-1880)
1011-01-01,1011.0,0.11,proxy reconstruction (pre-1880)
1012-01-01,1012.0,0.1,proxy reconstruction (pre-1880)
1013-01-01,1013.0,0.02,proxy reconstruction (pre-1880)
1014-01-01,1014.0,0.02,proxy reconstruction (pre-1880)
1015-01-01,1015.0,0.19,proxy reconstruction (pre-1880)
1016-01-01,1016.0,0.37,proxy reconstruction (pre-1880)
1017-01-01,1017.0,0.4,proxy reconstruction (pre-1880)
1018-01-01,1018.0,0.29,proxy reconstruction (pre-1880)
1019-01-01,1019.0,0.21,proxy reconstruction (pre-1880)
1020-01-01,1020.0,0.17,proxy reconstruction (pre-1880)
1021-01-01,1021.0,0.04,proxy reconstruction (pre-1880)
1022-01-01,1022.0,0.02,proxy reconstruction (pre-1880)
1023-01-01,1023.0,0.18,proxy reconstruction (pre-1880)
1024-01-01,1024.0,0.21,proxy reconstruction (pre-1880)
1025-01-01,1025.0,0.07,proxy reconstruction (pre-1880)
1026-01-01,1026.0,0.01,proxy reconstruction (pre-1880)
1027-01-01,1027.0,0.1,proxy reconstruction (pre-1880)
1028-01-01,1028.0,0.18,proxy reconstruction (pre-1880)
1029-01-01,1029.0,0.19,proxy reconstruction (pre-1880)
1030-01-01,1030.0,0.2,proxy reconstruction (pre-1880)
1031-01-01,1031.0,0.16,proxy reconstruction (pre-1880)
1032-01-01,1032.0,0.05,proxy reconstruction (pre-1880)
1033-01-01,1033.0,-0.03,proxy reconstruction (pre-1880)
1034-01-01,1034.0,-0.06,proxy reconstruction (pre-1880)
1035-01-01,1035.0,-0.1,proxy reconstruction (pre-1880)
1036-01-01,1036.0,-0.07,proxy reconstruction (pre-1880)
1037-01-01,1037.0,0.02,proxy reconstruction (pre-1880)
1038-01-01,1038.0,0.06,proxy reconstruction (pre-1880)
1039-01-01,1039.0,0.06,proxy reconstruction (pre-1880)
1040-01-01,1040.0,0.11,proxy reconstruction (pre-1880)
1041-01-01,1041.0,0.18,proxy reconstruction (pre-1880)
1042-01-01,1042.0,0.08,proxy reconstruction (pre-1880)
1043-01-01,1043.0,-0.13,proxy reconstruction (pre-1880)
1044-01-01,1044.0,-0.18,proxy reconstruction (pre-1880)
1045-01-01,1045.0,-0.06,proxy reconstruction (pre-1880)
1046-01-01,1046.0,0.03,proxy reconstruction (pre-1880)
1047-01-01,1047.0,-0.06,proxy reconstruction (pre-1880)
1048-01-01,1048.0,-0.24,proxy reconstruction (pre-1880)
1049-01-01,1049.0,-0.22,proxy reconstruction (pre-1880)
1050-01-01,1050.0,-0.08,proxy reconstruction (pre-1880)
1051-01-01,1051.0,-0.03,proxy reconstruction (pre-1880)
1052-01-01,1052.0,-0.07,proxy reconstruction (pre-1880)
1053-01-01,1053.0,-0.1,proxy reconstruction (pre-1880)
1054-01-01,1054.0,-0.12,proxy reconstruction (pre-1880)
1055-01-01,1055.0,-0.18,proxy reconstruction (pre-1880)
1056-01-01,1056.0,-0.15,proxy reconstruction (pre-1880)
1057-01-01,1057.0,-0.08,proxy reconstruction (pre-1880)
1058-01-01,1058.0,-0.1,proxy reconstruction (pre-1880)
1059-01-01,1059.0,-0.1,proxy reconstruction (pre-1880)
1060-01-01,1060.0,0.08,proxy reconstruction (pre-1880)
1061-01-01,1061.0,0.23,proxy reconstruction (pre-1880)
1062-01-01,1062.0,0.1,proxy reconstruction (pre-1880)
1063-01-01,1063.0,-0.03,proxy reconstruction (pre-1880)
1064-01-01,1064.0,0.09,proxy reconstruction (pre-1880)
1065-01-01,1065.0,0.17,proxy reconstruction (pre-1880)
1066-01-01,1066.0,-0.02,proxy reconstruction (pre-1880)
1067-01-01,1067.0,-0.24,proxy reconstruction (pre-1880)
1068-01-01,1068.0,-0.3,proxy reconstruction (pre-1880)
1069-01-01,1069.0,-0.32,proxy reconstruction (pre-1880)
1070-01-01,1070.0,-0.31,proxy reconstruction (pre-1880)
1071-01-01,1071.0,-0.22,proxy reconstruction (pre-1880)
1072-01-01,1072.0,-0.16,proxy reconstruction (pre-1880)
1073-01-01,1073.0,-0.17,proxy reconstruction (pre-1880)
1074-01-01,1074.0,-0.14,proxy reconstruction (pre-1880)
1075-01-01,1075.0,-0.06,proxy reconstruction (pre-1880)
1076-01-01,1076.0,-0.05,proxy reconstruction (pre-1880)
1077-01-01,1077.0,-0.11,proxy reconstruction (pre-1880)
1078-01-01,1078.0,-0.13,proxy reconstruction (pre-1880)
1079-01-01,1079.0,-0.02,proxy reconstruction (pre-1880)
1080-01-01,1080.0,0.09,proxy reconstruction (pre-1880)
1081-01-01,1081.0,0.14,proxy reconstruction (pre-1880)
1082-01-01,1082.0,0.12,proxy reconstruction (pre-1880)
1083-01-01,1083.0,0.07,proxy reconstruction (pre-1880)
1084-01-01,1084.0,0.09,proxy reconstruction (pre-1880)
1085-01-01,1085.0,0.14,proxy reconstruction (pre-1880)
1086-01-01,1086.0,0.21,proxy reconstruction (pre-1880)
1087-01-01,1087.0,0.23,proxy reconstruction (pre-1880)
1088-01-01,1088.0,0.18,proxy reconstruction (pre-1880)
1089-01-01,1089.0,0.16,proxy reconstruction (pre-1880)
1090-01-01,1090.0,0.23,proxy reconstruction (pre-1880)
1091-01-01,1091.0,0.28,proxy reconstruction (pre-1880)
1092-01-01,1092.0,0.21,proxy reconstruction (pre-1880)
1093-01-01,1093.0,0.1,proxy reconstruction (pre-1880)
1094-01-01,1094.0,0.08,proxy reconstruction (pre-1880)
1095-01-01,1095.0,0.06,proxy reconstruction (pre-1880)
1096-01-01,1096.0,0.0,proxy reconstruction (pre-1880)
1097-01-01,1097.0,-0.14,proxy reconstruction (pre-1880)
1098-01-01,1098.0,-0.24,proxy reconstruction (pre-1880)
1099-01-01,1099.0,-0.08,proxy reconstruction (pre-1880)
1100-01-01,1100.0,0.06,proxy reconstruction (pre-1880)
1101-01-01,1101.0,0.02,proxy reconstruction (pre-1880)
1102-01-01,1102.0,-0.1,proxy reconstruction (pre-1880)
1103-01-01,1103.0,-0.11,proxy reconstruction (pre-1880)
1104-01-01,1104.0,0.19,proxy reconstruction (pre-1880)
1105-01-01,1105.0,0.47,proxy reconstruction (pre-1880)
1106-01-01,1106.0,0.43,proxy reconstruction (pre-1880)
1107-01-01,1107.0,0.22,proxy reconstruction (pre-1880)
1108-01-01,1108.0,0.12,proxy reconstruction (pre-1880)
1109-01-01,1109.0,0.14,proxy reconstruction (pre-1880)
1110-01-01,1110.0,0.14,proxy reconstruction (pre-1880)
1111-01-01,1111.0,0.17,proxy reconstruction (pre-1880)
1112-01-01,1112.0,0.19,proxy reconstruction (pre-1880)
1113-01-01,1113.0,0.13,proxy reconstruction (pre-1880)
1114-01-01,1114.0,0.14,proxy reconstruction (pre-1880)
1115-01-01,1115.0,0.24,proxy reconstruction (pre-1880)
1116-01-01,1116.0,0.27,proxy reconstruction (pre-1880)
1117-01-01,1117.0,0.21,proxy reconstruction (pre-1880)
1118-01-01,1118.0,0.15,proxy reconstruction (pre-1880)
1119-01-01,1119.0,0.13,proxy reconstruction (pre-1880)
1120-01-01,1120.0,0.05,proxy reconstruction (pre-1880)
1121-01-01,1121.0,-0.04,proxy reconstruction (pre-1880)
1122-01-01,1122.0,-0.05,proxy reconstruction (pre-1880)
1123-01-01,1123.0,-0.08,proxy reconstruction (pre-1880)
1124-01-01,1124.0,-0.07,proxy reconstruction (pre-1880)
1125-01-01,1125.0,-0.09,proxy reconstruction (pre-1880)
1126-01-01,1126.0,-0.26,proxy reconstruction (pre-1880)
1127-01-01,1127.0,-0.31,proxy reconstruction (pre-1880)
1128-01-01,1128.0,-0.14,proxy reconstruction (pre-1880)
1129-01-01,1129.0,0.0,proxy reconstruction (pre-1880)
1130-01-01,1130.0,0.06,proxy reconstruction (pre-1880)
1131-01-01,1131.0,0.02,proxy reconstruction (pre-1880)
1132-01-01,1132.0,-0.18,proxy reconstruction (pre-1880)
1133-01-01,1133.0,-0.33,proxy reconstruction (pre-1880)
1134-01-01,1134.0,-0.24,proxy reconstruction (pre-1880)
1135-01-01,1135.0,-0.11,proxy reconstruction (pre-1880)
1136-01-01,1136.0,-0.05,proxy reconstruction (pre-1880)
1137-01-01,1137.0,0.0,proxy reconstruction (pre-1880)
1138-01-01,1138.0,-0.04,proxy reconstruction (pre-1880)
1139-01-01,1139.0,-0.14,proxy reconstruction (pre-1880)
1140-01-01,1140.0,-0.16,proxy reconstruction (pre-1880)
1141-01-01,1141.0,-0.11,proxy reconstruction (pre-1880)
1142-01-01,1142.0,-0.02,proxy reconstruction (pre-1880)
1143-01-01,1143.0,0.1,proxy reconstruction (pre-1880)
1144-01-01,1144.0,0.15,proxy reconstruction (pre-1880)
1145-01-01,1145.0,0.06,proxy reconstruction (pre-1880)
1146-01-01,1146.0,-0.04,proxy reconstruction (pre-1880)
1147-01-01,1147.0,-0.11,proxy reconstruction (pre-1880)
1148-01-01,1148.0,-0.12,proxy reconstruction (pre-1880)
1149-01-01,1149.0,-0.13,proxy reconstruction (pre-1880)
1150-01-01,1150.0,-0.27,proxy reconstruction (pre-1880)
1151-01-01,1151.0,-0.34,proxy reconstruction (pre-1880)
1152-01-01,1152.0,-0.2,proxy reconstruction (pre-1880)
1153-01-01,1153.0,-0.09,proxy reconstruction (pre-1880)
1154-01-01,1154.0,-0.05,proxy reconstruction (pre-1880)
1155-01-01,1155.0,-0.01,proxy reconstruction (pre-1880)
1156-01-01,1156.0,-0.04,proxy reconstruction (pre-1880)
1157-01-01,1157.0,-0.06,proxy reconstruction (pre-1880)
1158-01-01,1158.0,0.02,proxy reconstruction (pre-1880)
1159-01-01,1159.0,0.09,proxy reconstruction (pre-1880)
1160-01-01,1160.0,0.07,proxy reconstruction (pre-1880)
1161-01-01,1161.0,-0.05,proxy reconstruction (pre-1880)
1162-01-01,1162.0,-0.14,proxy reconstruction (pre-1880)
1163-01-01,1163.0,-0.12,proxy reconstruction (pre-1880)
1164-01-01,1164.0,-0.07,proxy reconstruction (pre-1880)
1165-01-01,1165.0,0.0,proxy reconstruction (pre-1880)
1166-01-01,1166.0,0.05,proxy reconstruction (pre-1880)
1167-01-01,1167.0,0.01,proxy reconstruction (pre-1880)
1168-01-01,1168.0,-0.03,proxy reconstruction (pre-1880)
1169-01-01,1169.0,-0.03,proxy reconstruction (pre-1880)
1170-01-01,1170.0,-0.14,proxy reconstruction (pre-1880)
1171-01-01,1171.0,-0.25,proxy reconstruction (pre-1880)
1172-01-01,1172.0,-0.19,proxy reconstruction (pre-1880)
1173-01-01,1173.0,-0.05,proxy reconstruction (pre-1880)
1174-01-01,1174.0,-0.02,proxy reconstruction (pre-1880)
1175-01-01,1175.0,-0.09,proxy reconstruction (pre-1880)
1176-01-01,1176.0,-0.09,proxy reconstruction (pre-1880)
1177-01-01,1177.0,0.01,proxy reconstruction (pre-1880)
1178-01-01,1178.0,0.1,proxy reconstruction (pre-1880)
1179-01-01,1179.0,0.03,proxy reconstruction (pre-1880)
1180-01-01,1180.0,-0.05,proxy reconstruction (pre-1880)
1181-01-01,1181.0,0.01,proxy reconstruction (pre-1880)
1182-01-01,1182.0,0.08,proxy reconstruction (pre-1880)
1183-01-01,1183.0,0.06,proxy reconstruction (pre-1880)
1184-01-01,1184.0,0.02,proxy reconstruction (pre-1880)
1185-01-01,1185.0,-0.05,proxy reconstruction (pre-1880)
1186-01-01,1186.0,-0.14,proxy reconstruction (pre-1880)
1187-01-01,1187.0,-0.14,proxy reconstruction (pre-1880)
1188-01-01,1188.0,-0.1,proxy reconstruction (pre-1880)
1189-01-01,1189.0,-0.08,proxy reconstruction (pre-1880)
1190-01-01,1190.0,-0.08,proxy reconstruction (pre-1880)
1191-01-01,1191.0,-0.1,proxy reconstruction (pre-1880)
1192-01-01,1192.0,-0.13,proxy reconstruction (pre-1880)
1193-01-01,1193.0,-0.18,proxy reconstruction (pre-1880)
1194-01-01,1194.0,-0.2,proxy reconstruction (pre-1880)
1195-01-01,1195.0,-0.21,proxy reconstruction (pre-1880)
1196-01-01,1196.0,-0.27,proxy reconstruction (pre-1880)
1197-01-01,1197.0,-0.24,proxy reconstruction (pre-1880)
1198-01-01,1198.0,-0.23,proxy reconstruction (pre-1880)
1199-01-01,1199.0,-0.28,proxy reconstruction (pre-1880)
1200-01-01,1200.0,-0.21,proxy reconstruction (pre-1880)
1201-01-01,1201.0,-0.09,proxy reconstruction (pre-1880)
1202-01-01,1202.0,-0.01,proxy reconstruction (pre-1880)
1203-01-01,1203.0,0.03,proxy reconstruction (pre-1880)
1204-01-01,1204.0,0.02,proxy reconstruction (pre-1880)
1205-01-01,1205.0,-0.11,proxy reconstruction (pre-1880)
1206-01-01,1206.0,-0.27,proxy reconstruction (pre-1880)
1207-01-01,1207.0,-0.35,proxy reconstruction (pre-1880)
1208-01-01,1208.0,-0.34,proxy reconstruction (pre-1880)
1209-01-01,1209.0,-0.23,proxy reconstruction (pre-1880)
1210-01-01,1210.0,-0.1,proxy reconstruction (pre-1880)
1211-01-01,1211.0,-0.02,proxy reconstruction (pre-1880)
1212-01-01,1212.0,0.0,proxy reconstruction (pre-1880)
1213-01-01,1213.0,-0.03,proxy reconstruction (pre-1880)
1214-01-01,1214.0,-0.11,proxy reconstruction (pre-1880)
1215-01-01,1215.0,-0.19,proxy reconstruction (pre-1880)
1216-01-01,1216.0,-0.29,proxy reconstruction (pre-1880)
1217-01-01,1217.0,-0.48,proxy reconstruction (pre-1880)
1218-01-01,1218.0,-0.47,proxy reconstruction (pre-1880)
1219-01-01,1219.0,-0.21,proxy reconstruction (pre-1880)
1220-01-01,1220.0,-0.07,proxy reconstruction (pre-1880)
1221-01-01,1221.0,-0.07,proxy reconstruction (pre-1880)
1222-01-01,1222.0,-0.02,proxy reconstruction (pre-1880)
1223-01-01,1223.0,0.0,proxy reconstruction (pre-1880)
1224-01-01,1224.0,-0.01,proxy reconstruction (pre-1880)
1225-01-01,1225.0,0.0,proxy reconstruction (pre-1880)
1226-01-01,1226.0,-0.07,proxy reconstruction (pre-1880)
1227-01-01,1227.0,-0.15,proxy reconstruction (pre-1880)
1228-01-01,1228.0,0.03,proxy reconstruction (pre-1880)
1229-01-01,1229.0,0.2,proxy reconstruction (pre-1880)
1230-01-01,1230.0,0.17,proxy reconstruction (pre-1880)
1231-01-01,1231.0,0.08,proxy reconstruction (pre-1880)
1232-01-01,1232.0,-0.06,proxy reconstruction (pre-1880)
1233-01-01,1233.0,-0.23,proxy reconstruction (pre-1880)
1234-01-01,1234.0,-0.3,proxy reconstruction (pre-1880)
1235-01-01,1235.0,-0.33,proxy reconstruction (pre-1880)
1236-01-01,1236.0,-0.36,proxy reconstruction (pre-1880)
1237-01-01,1237.0,-0.29,proxy reconstruction (pre-1880)
1238-01-01,1238.0,-0.17,proxy reconstruction (pre-1880)
1239-01-01,1239.0,-0.11,proxy reconstruction (pre-1880)
1240-01-01,1240.0,-0.06,proxy reconstruction (pre-1880)
1241-01-01,1241.0,-0.03,proxy reconstruction (pre-1880)
1242-01-01,1242.0,-0.09,proxy reconstruction (pre-1880)
1243-01-01,1243.0,-0.17,proxy reconstruction (pre-1880)
1244-01-01,1244.0,-0.17,proxy reconstruction (pre-1880)
1245-01-01,1245.0,-0.18,proxy reconstruction (pre-1880)
1246-01-01,1246.0,-0.24,proxy reconstruction (pre-1880)
1247-01-01,1247.0,-0.17,proxy reconstruction (pre-1880)
1248-01-01,1248.0,0.02,proxy reconstruction (pre-1880)
1249-01-01,1249.0,0.1,proxy reconstruction (pre-1880)
1250-01-01,1250.0,-0.01,proxy reconstruction (pre-1880)
1251-01-01,1251.0,-0.16,proxy reconstruction (pre-1880)
1252-01-01,1252.0,-0.24,proxy reconstruction (pre-1880)
1253-01-01,1253.0,-0.36,proxy reconstruction (pre-1880)
1254-01-01,1254.0,-0.48,proxy reconstruction (pre-1880)
1255-01-01,1255.0,-0.42,proxy reconstruction (pre-1880)
1256-01-01,1256.0,-0.3,proxy reconstruction (pre-1880)
1257-01-01,1257.0,-0.34,proxy reconstruction (pre-1880)
1258-01-01,1258.0,-0.43,proxy reconstruction (pre-1880)
1259-01-01,1259.0,-0.3,proxy reconstruction (pre-1880)
1260-01-01,1260.0,-0.11,proxy reconstruction (pre-1880)
1261-01-01,1261.0,-0.05,proxy reconstruction (pre-1880)
1262-01-01,1262.0,-0.1,proxy reconstruction (pre-1880)
1263-01-01,1263.0,-0.27,proxy reconstruction (pre-1880)
1264-01-01,1264.0,-0.46,proxy reconstruction (pre-1880)
1265-01-01,1265.0,-0.36,proxy reconstruction (pre-1880)
1266-01-01,1266.0,-0.1,proxy reconstruction (pre-1880)
1267-01-01,1267.0,0.01,proxy reconstruction (pre-1880)
1268-01-01,1268.0,-0.11,proxy reconstruction (pre-1880)
1269-01-01,1269.0,-0.28,proxy reconstruction (pre-1880)
1270-01-01,1270.0,-0.28,proxy reconstruction (pre-1880)
1271-01-01,1271.0,-0.19,proxy reconstruction (pre-1880)
1272-01-01,1272.0,-0.23,proxy reconstruction (pre-1880)
1273-01-01,1273.0,-0.34,proxy reconstruction (pre-1880)
1274-01-01,1274.0,-0.21,proxy reconstruction (pre-1880)
1275-01-01,1275.0,-0.1,proxy reconstruction (pre-1880)
1276-01-01,1276.0,-0.23,proxy reconstruction (pre-1880)
1277-01-01,1277.0,-0.34,proxy reconstruction (pre-1880)
1278-01-01,1278.0,-0.26,proxy reconstruction (pre-1880)
1279-01-01,1279.0,-0.12,proxy reconstruction (pre-1880)
1280-01-01,1280.0,-0.12,proxy reconstruction (pre-1880)
1281-01-01,1281.0,-0.24,proxy reconstruction (pre-1880)
1282-01-01,1282.0,-0.29,proxy reconstruction (pre-1880)
1283-01-01,1283.0,-0.32,proxy reconstruction (pre-1880)
1284-01-01,1284.0,-0.52,proxy reconstruction (pre-1880)
1285-01-01,1285.0,-0.66,proxy reconstruction (pre-1880)
1286-01-01,1286.0,-0.47,proxy reconstruction (pre-1880)
1287-01-01,1287.0,-0.33,proxy reconstruction (pre-1880)
1288-01-01,1288.0,-0.44,proxy reconstruction (pre-1880)
1289-01-01,1289.0,-0.45,proxy reconstruction (pre-1880)
1290-01-01,1290.0,-0.33,proxy reconstruction (pre-1880)
1291-01-01,1291.0,-0.36,proxy reconstruction (pre-1880)
1292-01-01,1292.0,-0.5,proxy reconstruction (pre-1880)
1293-01-01,1293.0,-0.51,proxy reconstruction (pre-1880)
1294-01-01,1294.0,-0.47,proxy reconstruction (pre-1880)
1295-01-01,1295.0,-0.5,proxy reconstruction (pre-1880)
1296-01-01,1296.0,-0.53,proxy reconstruction (pre-1880)
1297-01-01,1297.0,-0.48,proxy reconstruction (pre-1880)
1298-01-01,1298.0,-0.5,proxy reconstruction (pre-1880)
1299-01-01,1299.0,-0.54,proxy reconstruction (pre-1880)
1300-01-01,1300.0,-0.48,proxy reconstruction (pre-1880)
1301-01-01,1301.0,-0.37,proxy reconstruction (pre-1880)
1302-01-01,1302.0,-0.3,proxy reconstruction (pre-1880)
1303-01-01,1303.0,-0.32,proxy reconstruction (pre-1880)
1304-01-01,1304.0,-0.34,proxy reconstruction (pre-1880)
1305-01-01,1305.0,-0.33,proxy reconstruction (pre-1880)
1306-01-01,1306.0,-0.38,proxy reconstruction (pre-1880)
1307-01-01,1307.0,-0.41,proxy reconstruction (pre-1880)
1308-01-01,1308.0,-0.35,proxy reconstruction (pre-1880)
1309-01-01,1309.0,-0.29,proxy reconstruction (pre-1880)
1310-01-01,1310.0,-0.21,proxy reconstruction (pre-1880)
1311-01-01,1311.0,-0.16,proxy reconstruction (pre-1880)
1312-01-01,1312.0,-0.2,proxy reconstruction (pre-1880)
1313-01-01,1313.0,-0.18,proxy reconstruction (pre-1880)
1314-01-01,1314.0,-0.16,proxy reconstruction (pre-1880)
1315-01-01,1315.0,-0.29,proxy reconstruction (pre-1880)
1316-01-01,1316.0,-0.37,proxy reconstruction (pre-1880)
1317-01-01,1317.0,-0.39,proxy reconstruction (pre-1880)
1318-01-01,1318.0,-0.45,proxy reconstruction (pre-1880)
1319-01-01,1319.0,-0.42,proxy reconstruction (pre-1880)
1320-01-01,1320.0,-0.26,proxy reconstruction (pre-1880)
1321-01-01,1321.0,-0.18,proxy reconstruction (pre-1880)
1322-01-01,1322.0,-0.28,proxy reconstruction (pre-1880)
1323-01-01,1323.0,-0.37,proxy reconstruction (pre-1880)
1324-01-01,1324.0,-0.27,proxy reconstruction (pre-1880)
1325-01-01,1325.0,-0.13,proxy reconstruction (pre-1880)
1326-01-01,1326.0,-0.05,proxy reconstruction (pre-1880)
1327-01-01,1327.0,-0.08,proxy reconstruction (pre-1880)
1328-01-01,1328.0,-0.24,proxy reconstruction (pre-1880)
1329-01-01,1329.0,-0.28,proxy reconstruction (pre-1880)
1330-01-01,1330.0,-0.09,proxy reconstruction (pre-1880)
1331-01-01,1331.0,0.02,proxy reconstruction (pre-1880)
1332-01-01,1332.0,-0.01,proxy reconstruction (pre-1880)
1333-01-01,1333.0,-0.09,proxy reconstruction (pre-1880)
1334-01-01,1334.0,-0.23,proxy reconstruction (pre-1880)
1335-01-01,1335.0,-0.41,proxy reconstruction (pre-1880)
1336-01-01,1336.0,-0.47,proxy reconstruction (pre-1880)
1337-01-01,1337.0,-0.45,proxy reconstruction (pre-1880)
1338-01-01,1338.0,-0.5,proxy reconstruction (pre-1880)
1339-01-01,1339.0,-0.44,proxy reconstruction (pre-1880)
1340-01-01,1340.0,-0.3,proxy reconstruction (pre-1880)
1341-01-01,1341.0,-0.16,proxy reconstruction (pre-1880)
1342-01-01,1342.0,-0.07,proxy reconstruction (pre-1880)
1343-01-01,1343.0,-0.08,proxy reconstruction (pre-1880)
1344-01-01,1344.0,-0.16,proxy reconstruction (pre-1880)
1345-01-01,1345.0,-0.19,proxy reconstruction (pre-1880)
1346-01-01,1346.0,-0.19,proxy reconstruction (pre-1880)
1347-01-01,1347.0,-0.21,proxy reconstruction (pre-1880)
1348-01-01,1348.0,-0.22,proxy reconstruction (pre-1880)
1349-01-01,1349.0,-0.24,proxy reconstruction (pre-1880)
1350-01-01,1350.0,-0.33,proxy reconstruction (pre-1880)
1351-01-01,1351.0,-0.36,proxy reconstruction (pre-1880)
1352-01-01,1352.0,-0.19,proxy reconstruction (pre-1880)
1353-01-01,1353.0,-0.1,proxy reconstruction (pre-1880)
1354-01-01,1354.0,-0.13,proxy reconstruction (pre-1880)
1355-01-01,1355.0,-0.04,proxy reconstruction (pre-1880)
1356-01-01,1356.0,0.11,proxy reconstruction (pre-1880)
1357-01-01,1357.0,0.09,proxy reconstruction (pre-1880)
1358-01-01,1358.0,-0.04,proxy reconstruction (pre-1880)
1359-01-01,1359.0,-0.1,proxy reconstruction (pre-1880)
1360-01-01,1360.0,-0.18,proxy reconstruction (pre-1880)
1361-01-01,1361.0,-0.3,proxy reconstruction (pre-1880)
1362-01-01,1362.0,-0.31,proxy reconstruction (pre-1880)
1363-01-01,1363.0,-0.23,proxy reconstruction (pre-1880)
1364-01-01,1364.0,-0.26,proxy reconstruction (pre-1880)
1365-01-01,1365.0,-0.3,proxy reconstruction (pre-1880)
1366-01-01,1366.0,-0.18,proxy reconstruction (pre-1880)
1367-01-01,1367.0,-0.04,proxy reconstruction (pre-1880)
1368-01-01,1368.0,-0.05,proxy reconstruction (pre-1880)
1369-01-01,1369.0,-0.16,proxy reconstruction (pre-1880)
1370-01-01,1370.0,-0.24,proxy reconstruction (pre-1880)
1371-01-01,1371.0,-0.35,proxy reconstruction (pre-1880)
1372-01-01,1372.0,-0.37,proxy reconstruction (pre-1880)
1373-01-01,1373.0,-0.23,proxy reconstruction (pre-1880)
1374-01-01,1374.0,-0.13,proxy reconstruction (pre-1880)
1375-01-01,1375.0,-0.18,proxy reconstruction (pre-1880)
1376-01-01,1376.0,-0.32,proxy reconstruction (pre-1880)
1377-01-01,1377.0,-0.43,proxy reconstruction (pre-1880)
1378-01-01,1378.0,-0.44,proxy reconstruction (pre-1880)
1379-01-01,1379.0,-0.44,proxy reconstruction (pre-1880)
1380-01-01,1380.0,-0.38,proxy reconstruction (pre-1880)
1381-01-01,1381.0,-0.32,proxy reconstruction (pre-1880)
1382-01-01,1382.0,-0.31,proxy reconstruction (pre-1880)
1383-01-01,1383.0,-0.22,proxy reconstruction (pre-1880)
1384-01-01,1384.0,-0.09,proxy reconstruction (pre-1880)
1385-01-01,1385.0,-0.01,proxy reconstruction (pre-1880)
1386-01-01,1386.0,-0.05,proxy reconstruction (pre-1880)
1387-01-01,1387.0,-0.12,proxy reconstruction (pre-1880)
1388-01-01,1388.0,-0.13,proxy reconstruction (pre-1880)
1389-01-01,1389.0,-0.19,proxy reconstruction (pre-1880)
1390-01-01,1390.0,-0.27,proxy reconstruction (pre-1880)
1391-01-01,1391.0,-0.23,proxy reconstruction (pre-1880)
1392-01-01,1392.0,-0.19,proxy reconstruction (pre-1880)
1393-01-01,1393.0,-0.15,proxy reconstruction (pre-1880)
1394-01-01,1394.0,-0.1,proxy reconstruction (pre-1880)
1395-01-01,1395.0,-0.18,proxy reconstruction (pre-1880)
1396-01-01,1396.0,-0.32,proxy reconstruction (pre-1880)
1397-01-01,1397.0,-0.35,proxy reconstruction (pre-1880)
1398-01-01,1398.0,-0.34,proxy reconstruction (pre-1880)
1399-01-01,1399.0,-0.37,proxy reconstruction (pre-1880)
1400-01-01,1400.0,-0.39,proxy reconstruction (pre-1880)
1401-01-01,1401.0,-0.36,proxy reconstruction (pre-1880)
1402-01-01,1402.0,-0.29,proxy reconstruction (pre-1880)
1403-01-01,1403.0,-0.25,proxy reconstruction (pre-1880)
1404-01-01,1404.0,-0.16,proxy reconstruction (pre-1880)
1405-01-01,1405.0,-0.01,proxy reconstruction (pre-1880)
1406-01-01,1406.0,0.02,proxy reconstruction (pre-1880)
1407-01-01,1407.0,-0.12,proxy reconstruction (pre-1880)
1408-01-01,1408.0,-0.15,proxy reconstruction (pre-1880)
1409-01-01,1409.0,-0.1,proxy reconstruction (pre-1880)
1410-01-01,1410.0,-0.1,proxy reconstruction (pre-1880)
1411-01-01,1411.0,-0.09,proxy reconstruction (pre-1880)
1412-01-01,1412.0,-0.11,proxy reconstruction (pre-1880)
1413-01-01,1413.0,-0.24,proxy reconstruction (pre-1880)
1414-01-01,1414.0,-0.3,proxy reconstruction (pre-1880)
1415-01-01,1415.0,-0.23,proxy reconstruction (pre-1880)
1416-01-01,1416.0,-0.07,proxy reconstruction (pre-1880)
1417-01-01,1417.0,0.08,proxy reconstruction (pre-1880)
1418-01-01,1418.0,0.08,proxy reconstruction (pre-1880)
1419-01-01,1419.0,-0.01,proxy reconstruction (pre-1880)
1420-01-01,1420.0,-0.08,proxy reconstruction (pre-1880)
1421-01-01,1421.0,-0.12,proxy reconstruction (pre-1880)
1422-01-01,1422.0,-0.05,proxy reconstruction (pre-1880)
1423-01-01,1423.0,0.1,proxy reconstruction (pre-1880)
1424-01-01,1424.0,0.1,proxy reconstruction (pre-1880)
1425-01-01,1425.0,-0.05,proxy reconstruction (pre-1880)
1426-01-01,1426.0,-0.12,proxy reconstruction (pre-1880)
1427-01-01,1427.0,0.0,proxy reconstruction (pre-1880)
1428-01-01,1428.0,0.07,proxy reconstruction (pre-1880)
1429-01-01,1429.0,-0.02,proxy reconstruction (pre-1880)
1430-01-01,1430.0,-0.13,proxy reconstruction (pre-1880)
1431-01-01,1431.0,-0.2,proxy reconstruction (pre-1880)
1432-01-01,1432.0,-0.22,proxy reconstruction (pre-1880)
1433-01-01,1433.0,-0.28,proxy reconstruction (pre-1880)
1434-01-01,1434.0,-0.33,proxy reconstruction (pre-1880)
1435-01-01,1435.0,-0.21,proxy reconstruction (pre-1880)
1436-01-01,1436.0,-0.12,proxy reconstruction (pre-1880)
1437-01-01,1437.0,-0.21,proxy reconstruction (pre-1880)
1438-01-01,1438.0,-0.29,proxy reconstruction (pre-1880)
1439-01-01,1439.0,-0.22,proxy reconstruction (pre-1880)
1440-01-01,1440.0,-0.16,proxy reconstruction (pre-1880)
1441-01-01,1441.0,-0.23,proxy reconstruction (pre-1880)
1442-01-01,1442.0,-0.24,proxy reconstruction (pre-1880)
1443-01-01,1443.0,-0.11,proxy reconstruction (pre-1880)
1444-01-01,1444.0,-0.11,proxy reconstruction (pre-1880)
1445-01-01,1445.0,-0.25,proxy reconstruction (pre-1880)
1446-01-01,1446.0,-0.36,proxy reconstruction (pre-1880)
1447-01-01,1447.0,-0.45,proxy reconstruction (pre-1880)
1448-01-01,1448.0,-0.54,proxy reconstruction (pre-1880)
1449-01-01,1449.0,-0.61,proxy reconstruction (pre-1880)
1450-01-01,1450.0,-0.63,proxy reconstruction (pre-1880)
1451-01-01,1451.0,-0.56,proxy reconstruction (pre-1880)
1452-01-01,1452.0,-0.52,proxy reconstruction (pre-1880)
1453-01-01,1453.0,-0.49,proxy reconstruction (pre-1880)
1454-01-01,1454.0,-0.47,proxy reconstruction (pre-1880)
1455-01-01,1455.0,-0.58,proxy reconstruction (pre-1880)
1456-01-01,1456.0,-0.74,proxy reconstruction (pre-1880)
1457-01-01,1457.0,-0.71,proxy reconstruction (pre-1880)
1458-01-01,1458.0,-0.49,proxy reconstruction (pre-1880)
1459-01-01,1459.0,-0.38,proxy reconstruction (pre-1880)
1460-01-01,1460.0,-0.47,proxy reconstruction (pre-1880)
1461-01-01,1461.0,-0.56,proxy reconstruction (pre-1880)
1462-01-01,1462.0,-0.51,proxy reconstruction (pre-1880)
1463-01-01,1463.0,-0.49,proxy reconstruction (pre-1880)
1464-01-01,1464.0,-0.61,proxy reconstruction (pre-1880)
1465-01-01,1465.0,-0.61,proxy reconstruction (pre-1880)
1466-01-01,1466.0,-0.48,proxy reconstruction (pre-1880)
1467-01-01,1467.0,-0.46,proxy reconstruction (pre-1880)
1468-01-01,1468.0,-0.51,proxy reconstruction (pre-1880)
1469-01-01,1469.0,-0.38,proxy reconstruction (pre-1880)
1470-01-01,1470.0,-0.22,proxy reconstruction (pre-1880)
1471-01-01,1471.0,-0.24,proxy reconstruction (pre-1880)
1472-01-01,1472.0,-0.33,proxy reconstruction (pre-1880)
1473-01-01,1473.0,-0.42,proxy reconstruction (pre-1880)
1474-01-01,1474.0,-0.55,proxy reconstruction (pre-1880)
1475-01-01,1475.0,-0.6,proxy reconstruction (pre-1880)
1476-01-01,1476.0,-0.46,proxy reconstruction (pre-1880)
1477-01-01,1477.0,-0.31,proxy reconstruction (pre-1880)
1478-01-01,1478.0,-0.37,proxy reconstruction (pre-1880)
1479-01-01,1479.0,-0.5,proxy reconstruction (pre-1880)
1480-01-01,1480.0,-0.47,proxy reconstruction (pre-1880)
1481-01-01,1481.0,-0.42,proxy reconstruction (pre-1880)
1482-01-01,1482.0,-0.47,proxy reconstruction (pre-1880)
1483-01-01,1483.0,-0.35,proxy reconstruction (pre-1880)
1484-01-01,1484.0,-0.1,proxy reconstruction (pre-1880)
1485-01-01,1485.0,-0.01,proxy reconstruction (pre-1880)
1486-01-01,1486.0,-0.01,proxy reconstruction (pre-1880)
1487-01-01,1487.0,-0.02,proxy reconstruction (pre-1880)
1488-01-01,1488.0,-0.02,proxy reconstruction (pre-1880)
1489-01-01,1489.0,0.08,proxy reconstruction (pre-1880)
1490-01-01,1490.0,0.07,proxy reconstruction (pre-1880)
1491-01-01,1491.0,-0.21,proxy reconstruction (pre-1880)
1492-01-01,1492.0,-0.48,proxy reconstruction (pre-1880)
1493-01-01,1493.0,-0.38,proxy reconstruction (pre-1880)
1494-01-01,1494.0,-0.24,proxy reconstruction (pre-1880)
1495-01-01,1495.0,-0.37,proxy reconstruction (pre-1880)
1496-01-01,1496.0,-0.62,proxy reconstruction (pre-1880)
1497-01-01,1497.0,-0.68,proxy reconstruction (pre-1880)
1498-01-01,1498.0,-0.53,proxy reconstruction (pre-1880)
1499-01-01,1499.0,-0.5,proxy reconstruction (pre-1880)
1500-01-01,1500.0,-0.59,proxy reconstruction (pre-1880)
1501-01-01,1501.0,-0.49,proxy reconstruction (pre-1880)
1502-01-01,1502.0,-0.35,proxy reconstruction (pre-1880)
1503-01-01,1503.0,-0.36,proxy reconstruction (pre-1880)
1504-01-01,1504.0,-0.43,proxy reconstruction (pre-1880)
1505-01-01,1505.0,-0.48,proxy reconstruction (pre-1880)
1506-01-01,1506.0,-0.48,proxy reconstruction (pre-1880)
1507-01-01,1507.0,-0.44,proxy reconstruction (pre-1880)
1508-01-01,1508.0,-0.38,proxy reconstruction (pre-1880)
1509-01-01,1509.0,-0.28,proxy reconstruction (pre-1880)
1510-01-01,1510.0,-0.24,proxy reconstruction (pre-1880)
1511-01-01,1511.0,-0.32,proxy reconstruction (pre-1880)
1512-01-01,1512.0,-0.45,proxy reconstruction (pre-1880)
1513-01-01,1513.0,-0.5,proxy reconstruction (pre-1880)
1514-01-01,1514.0,-0.49,proxy reconstruction (pre-1880)
1515-01-01,1515.0,-0.47,proxy reconstruction (pre-1880)
1516-01-01,1516.0,-0.41,proxy reconstruction (pre-1880)
1517-01-01,1517.0,-0.37,proxy reconstruction (pre-1880)
1518-01-01,1518.0,-0.34,proxy reconstruction (pre-1880)
1519-01-01,1519.0,-0.27,proxy reconstruction (pre-1880)
1520-01-01,1520.0,-0.32,proxy reconstruction (pre-1880)
1521-01-01,1521.0,-0.58,proxy reconstruction (pre-1880)
1522-01-01,1522.0,-0.84,proxy reconstruction (pre-1880)
1523-01-01,1523.0,-0.87,proxy reconstruction (pre-1880)
1524-01-01,1524.0,-0.69,proxy reconstruction (pre-1880)
1525-01-01,1525.0,-0.54,proxy reconstruction (pre-1880)
1526-01-01,1526.0,-0.49,proxy reconstruction (pre-1880)
1527-01-01,1527.0,-0.57,proxy reconstruction (pre-1880)
1528-01-01,1528.0,-0.76,proxy reconstruction (pre-1880)
1529-01-01,1529.0,-0.84,proxy reconstruction (pre-1880)
1530-01-01,1530.0,-0.79,proxy reconstruction (pre-1880)
1531-01-01,1531.0,-0.73,proxy reconstruction (pre-1880)
1532-01-01,1532.0,-0.7,proxy reconstruction (pre-1880)
1533-01-01,1533.0,-0.69,proxy reconstruction (pre-1880)
1534-01-01,1534.0,-0.57,proxy reconstruction (pre-1880)
1535-01-01,1535.0,-0.4,proxy reconstruction (pre-1880)
1536-01-01,1536.0,-0.33,proxy reconstruction (pre-1880)
1537-01-01,1537.0,-0.36,proxy reconstruction (pre-1880)
1538-01-01,1538.0,-0.36,proxy reconstruction (pre-1880)
1539-01-01,1539.0,-0.31,proxy reconstruction (pre-1880)
1540-01-01,1540.0,-0.47,proxy reconstruction (pre-1880)
1541-01-01,1541.0,-0.84,proxy reconstruction (pre-1880)
1542-01-01,1542.0,-0.98,proxy reconstruction (pre-1880)
1543-01-01,1543.0,-0.88,proxy reconstruction (pre-1880)
1544-01-01,1544.0,-0.87,proxy reconstruction (pre-1880)
1545-01-01,1545.0,-0.88,proxy reconstruction (pre-1880)
1546-01-01,1546.0,-0.82,proxy reconstruction (pre-1880)
1547-01-01,1547.0,-0.76,proxy reconstruction (pre-1880)
1548-01-01,1548.0,-0.65,proxy reconstruction (pre-1880)
1549-01-01,1549.0,-0.47,proxy reconstruction (pre-1880)
1550-01-01,1550.0,-0.38,proxy reconstruction (pre-1880)
1551-01-01,1551.0,-0.39,proxy reconstruction (pre-1880)
1552-01-01,1552.0,-0.35,proxy reconstruction (pre-1880)
1553-01-01,1553.0,-0.29,proxy reconstruction (pre-1880)
1554-01-01,1554.0,-0.36,proxy reconstruction (pre-1880)
1555-01-01,1555.0,-0.41,proxy reconstruction (pre-1880)
1556-01-01,1556.0,-0.36,proxy reconstruction (pre-1880)
1557-01-01,1557.0,-0.41,proxy reconstruction (pre-1880)
1558-01-01,1558.0,-0.54,proxy reconstruction (pre-1880)
1559-01-01,1559.0,-0.55,proxy reconstruction (pre-1880)
1560-01-01,1560.0,-0.44,proxy reconstruction (pre-1880)
1561-01-01,1561.0,-0.34,proxy reconstruction (pre-1880)
1562-01-01,1562.0,-0.29,proxy reconstruction (pre-1880)
1563-01-01,1563.0,-0.28,proxy reconstruction (pre-1880)
1564-01-01,1564.0,-0.27,proxy reconstruction (pre-1880)
1565-01-01,1565.0,-0.35,proxy reconstruction (pre-1880)
1566-01-01,1566.0,-0.41,proxy reconstruction (pre-1880)
1567-01-01,1567.0,-0.35,proxy reconstruction (pre-1880)
1568-01-01,1568.0,-0.33,proxy reconstruction (pre-1880)
1569-01-01,1569.0,-0.42,proxy reconstruction (pre-1880)
1570-01-01,1570.0,-0.58,proxy reconstruction (pre-1880)
1571-01-01,1571.0,-0.7,proxy reconstruction (pre-1880)
1572-01-01,1572.0,-0.64,proxy reconstruction (pre-1880)
1573-01-01,1573.0,-0.56,proxy reconstruction (pre-1880)
1574-01-01,1574.0,-0.56,proxy reconstruction (pre-1880)
1575-01-01,1575.0,-0.66,proxy reconstruction (pre-1880)
1576-01-01,1576.0,-0.73,proxy reconstruction (pre-1880)
1577-01-01,1577.0,-0.74,proxy reconstruction (pre-1880)
1578-01-01,1578.0,-0.89,proxy reconstruction (pre-1880)
1579-01-01,1579.0,-1.16,proxy reconstruction (pre-1880)
1580-01-01,1580.0,-1.13,proxy reconstruction (pre-1880)
1581-01-01,1581.0,-0.76,proxy reconstruction (pre-1880)
1582-01-01,1582.0,-0.52,proxy reconstruction (pre-1880)
1583-01-01,1583.0,-0.53,proxy reconstruction (pre-1880)
1584-01-01,1584.0,-0.65,proxy reconstruction (pre-1880)
1585-01-01,1585.0,-0.74,proxy reconstruction (pre-1880)
1586-01-01,1586.0,-0.68,proxy reconstruction (pre-1880)
1587-01-01,1587.0,-0.57,proxy reconstruction (pre-1880)
1588-01-01,1588.0,-0.58,proxy reconstruction (pre-1880)
1589-01-01,1589.0,-0.73,proxy reconstruction (pre-1880)
1590-01-01,1590.0,-0.86,proxy reconstruction (pre-1880)
1591-01-01,1591.0,-0.84,proxy reconstruction (pre-1880)
1592-01-01,1592.0,-0.82,proxy reconstruction (pre-1880)
1593-01-01,1593.0,-0.7,proxy reconstruction (pre-1880)
1594-01-01,1594.0,-0.53,proxy reconstruction (pre-1880)
1595-01-01,1595.0,-0.52,proxy reconstruction (pre-1880)
1596-01-01,1596.0,-0.55,proxy reconstruction (pre-1880)
1597-01-01,1597.0,-0.51,proxy reconstruction (pre-1880)
1598-01-01,1598.0,-0.48,proxy reconstruction (pre-1880)
1599-01-01,1599.0,-0.61,proxy reconstruction (pre-1880)
1600-01-01,1600.0,-0.77,proxy reconstruction (pre-1880)
1601-01-01,1601.0,-0.68,proxy reconstruction (pre-1880)
1602-01-01,1602.0,-0.55,proxy reconstruction (pre-1880)
1603-01-01,1603.0,-0.54,proxy reconstruction (pre-1880)
1604-01-01,1604.0,-0.54,proxy reconstruction (pre-1880)
1605-01-01,1605.0,-0.53,proxy reconstruction (pre-1880)
1606-01-01,1606.0,-0.58,proxy reconstruction (pre-1880)
1607-01-01,1607.0,-0.66,proxy reconstruction (pre-1880)
1608-01-01,1608.0,-0.65,proxy reconstruction (pre-1880)
1609-01-01,1609.0,-0.53,proxy reconstruction (pre-1880)
1610-01-01,1610.0,-0.45,proxy reconstruction (pre-1880)
1611-01-01,1611.0,-0.47,proxy reconstruction (pre-1880)
1612-01-01,1612.0,-0.56,proxy reconstruction (pre-1880)
1613-01-01,1613.0,-0.61,proxy reconstruction (pre-1880)
1614-01-01,1614.0,-0.54,proxy reconstruction (pre-1880)
1615-01-01,1615.0,-0.38,proxy reconstruction (pre-1880)
1616-01-01,1616.0,-0.28,proxy reconstruction (pre-1880)
1617-01-01,1617.0,-0.32,proxy reconstruction (pre-1880)
1618-01-01,1618.0,-0.42,proxy reconstruction (pre-1880)
1619-01-01,1619.0,-0.42,proxy reconstruction (pre-1880)
1620-01-01,1620.0,-0.37,proxy reconstruction (pre-1880)
1621-01-01,1621.0,-0.42,proxy reconstruction (pre-1880)
1622-01-01,1622.0,-0.51,proxy reconstruction (pre-1880)
1623-01-01,1623.0,-0.53,proxy reconstruction (pre-1880)
1624-01-01,1624.0,-0.48,proxy reconstruction (pre-1880)
1625-01-01,1625.0,-0.44,proxy reconstruction (pre-1880)
1626-01-01,1626.0,-0.53,proxy reconstruction (pre-1880)
1627-01-01,1627.0,-0.51,proxy reconstruction (pre-1880)
1628-01-01,1628.0,-0.43,proxy reconstruction (pre-1880)
1629-01-01,1629.0,-0.44,proxy reconstruction (pre-1880)
1630-01-01,1630.0,-0.57,proxy reconstruction (pre-1880)
1631-01-01,1631.0,-0.75,proxy reconstruction (pre-1880)
1632-01-01,1632.0,-0.77,proxy reconstruction (pre-1880)
1633-01-01,1633.0,-0.58,proxy reconstruction (pre-1880)
1634-01-01,1634.0,-0.42,proxy reconstruction (pre-1880)
1635-01-01,1635.0,-0.36,proxy reconstruction (pre-1880)
1636-01-01,1636.0,-0.37,proxy reconstruction (pre-1880)
1637-01-01,1637.0,-0.45,proxy reconstruction (pre-1880)
1638-01-01,1638.0,-0.45,proxy reconstruction (pre-1880)
1639-01-01,1639.0,-0.33,proxy reconstruction (pre-1880)
1640-01-01,1640.0,-0.34,proxy reconstruction (pre-1880)
1641-01-01,1641.0,-0.61,proxy reconstruction (pre-1880)
1642-01-01,1642.0,-0.8,proxy reconstruction (pre-1880)
1643-01-01,1643.0,-0.74,proxy reconstruction (pre-1880)
1644-01-01,1644.0,-0.64,proxy reconstruction (pre-1880)
1645-01-01,1645.0,-0.62,proxy reconstruction (pre-1880)
1646-01-01,1646.0,-0.64,proxy reconstruction (pre-1880)
1647-01-01,1647.0,-0.58,proxy reconstruction (pre-1880)
1648-01-01,1648.0,-0.4,proxy reconstruction (pre-1880)
1649-01-01,1649.0,-0.29,proxy reconstruction (pre-1880)
1650-01-01,1650.0,-0.28,proxy reconstruction (pre-1880)
1651-01-01,1651.0,-0.36,proxy reconstruction (pre-1880)
1652-01-01,1652.0,-0.52,proxy reconstruction (pre-1880)
1653-01-01,1653.0,-0.62,proxy reconstruction (pre-1880)
1654-01-01,1654.0,-0.69,proxy reconstruction (pre-1880)
1655-01-01,1655.0,-0.71,proxy reconstruction (pre-1880)
1656-01-01,1656.0,-0.6,proxy reconstruction (pre-1880)
1657-01-01,1657.0,-0.47,proxy reconstruction (pre-1880)
1658-01-01,1658.0,-0.45,proxy reconstruction (pre-1880)
1659-01-01,1659.0,-0.45,proxy reconstruction (pre-1880)
1660-01-01,1660.0,-0.41,proxy reconstruction (pre-1880)
1661-01-01,1661.0,-0.39,proxy reconstruction (pre-1880)
1662-01-01,1662.0,-0.44,proxy reconstruction (pre-1880)
1663-01-01,1663.0,-0.48,proxy reconstruction (pre-1880)
1664-01-01,1664.0,-0.5,proxy reconstruction (pre-1880)
1665-01-01,1665.0,-0.5,proxy reconstruction (pre-1880)
1666-01-01,1666.0,-0.43,proxy reconstruction (pre-1880)
1667-01-01,1667.0,-0.51,proxy reconstruction (pre-1880)
1668-01-01,1668.0,-0.72,proxy reconstruction (pre-1880)
1669-01-01,1669.0,-0.75,proxy reconstruction (pre-1880)
1670-01-01,1670.0,-0.58,proxy reconstruction (pre-1880)
1671-01-01,1671.0,-0.39,proxy reconstruction (pre-1880)
1672-01-01,1672.0,-0.34,proxy reconstruction (pre-1880)
1673-01-01,1673.0,-0.41,proxy reconstruction (pre-1880)
1674-01-01,1674.0,-0.51,proxy reconstruction (pre-1880)
1675-01-01,1675.0,-0.61,proxy reconstruction (pre-1880)
1676-01-01,1676.0,-0.64,proxy reconstruction (pre-1880)
1677-01-01,1677.0,-0.6,proxy reconstruction (pre-1880)
1678-01-01,1678.0,-0.56,proxy reconstruction (pre-1880)
1679-01-01,1679.0,-0.55,proxy reconstruction (pre-1880)
1680-01-01,1680.0,-0.59,proxy reconstruction (pre-1880)
1681-01-01,1681.0,-0.58,proxy reconstruction (pre-1880)
1682-01-01,1682.0,-0.44,proxy reconstruction (pre-1880)
1683-01-01,1683.0,-0.44,proxy reconstruction (pre-1880)
1684-01-01,1684.0,-0.63,proxy reconstruction (pre-1880)
1685-01-01,1685.0,-0.76,proxy reconstruction (pre-1880)
1686-01-01,1686.0,-0.74,proxy reconstruction (pre-1880)
1687-01-01,1687.0,-0.59,proxy reconstruction (pre-1880)
1688-01-01,1688.0,-0.53,proxy reconstruction (pre-1880)
1689-01-01,1689.0,-0.66,proxy reconstruction (pre-1880)
1690-01-01,1690.0,-0.74,proxy reconstruction (pre-1880)
1691-01-01,1691.0,-0.63,proxy reconstruction (pre-1880)
1692-01-01,1692.0,-0.54,proxy reconstruction (pre-1880)
1693-01-01,1693.0,-0.52,proxy reconstruction (pre-1880)
1694-01-01,1694.0,-0.5,proxy reconstruction (pre-1880)
1695-01-01,1695.0,-0.52,proxy reconstruction (pre-1880)
1696-01-01,1696.0,-0.61,proxy reconstruction (pre-1880)
1697-01-01,1697.0,-0.69,proxy reconstruction (pre-1880)
1698-01-01,1698.0,-0.73,proxy reconstruction (pre-1880)
1699-01-01,1699.0,-0.7,proxy reconstruction (pre-1880)
1700-01-01,1700.0,-0.57,proxy reconstruction (pre-1880)
1701-01-01,1701.0,-0.48,proxy reconstruction (pre-1880)
1702-01-01,1702.0,-0.5,proxy reconstruction (pre-1880)
1703-01-01,1703.0,-0.58,proxy reconstruction (pre-1880)
1704-01-01,1704.0,-0.53,proxy reconstruction (pre-1880)
1705-01-01,1705.0,-0.4,proxy reconstruction (pre-1880)
1706-01-01,1706.0,-0.47,proxy reconstruction (pre-1880)
1707-01-01,1707.0,-0.72,proxy reconstruction (pre-1880)
1708-01-01,1708.0,-0.78,proxy reconstruction (pre-1880)
1709-01-01,1709.0,-0.62,proxy reconstruction (pre-1880)
1710-01-01,1710.0,-0.49,proxy reconstruction (pre-1880)
1711-01-01,1711.0,-0.46,proxy reconstruction (pre-1880)
1712-01-01,1712.0,-0.46,proxy reconstruction (pre-1880)
1713-01-01,1713.0,-0.47,proxy reconstruction (pre-1880)
1714-01-01,1714.0,-0.49,proxy reconstruction (pre-1880)
1715-01-01,1715.0,-0.52,proxy reconstruction (pre-1880)
1716-01-01,1716.0,-0.55,proxy reconstruction (pre-1880)
1717-01-01,1717.0,-0.53,proxy reconstruction (pre-1880)
1718-01-01,1718.0,-0.46,proxy reconstruction (pre-1880)
1719-01-01,1719.0,-0.34,proxy reconstruction (pre-1880)
1720-01-01,1720.0,-0.22,proxy reconstruction (pre-1880)
1721-01-01,1721.0,-0.29,proxy reconstruction (pre-1880)
1722-01-01,1722.0,-0.49,proxy reconstruction (pre-1880)
1723-01-01,1723.0,-0.53,proxy reconstruction (pre-1880)
1724-01-01,1724.0,-0.39,proxy reconstruction (pre-1880)
1725-01-01,1725.0,-0.23,proxy reconstruction (pre-1880)
1726-01-01,1726.0,-0.1,proxy reconstruction (pre-1880)
1727-01-01,1727.0,-0.09,proxy reconstruction (pre-1880)
1728-01-01,1728.0,-0.29,proxy reconstruction (pre-1880)
1729-01-01,1729.0,-0.54,proxy reconstruction (pre-1880)
1730-01-01,1730.0,-0.57,proxy reconstruction (pre-1880)
1731-01-01,1731.0,-0.51,proxy reconstruction (pre-1880)
1732-01-01,1732.0,-0.53,proxy reconstruction (pre-1880)
1733-01-01,1733.0,-0.58,proxy reconstruction (pre-1880)
1734-01-01,1734.0,-0.67,proxy reconstruction (pre-1880)
1735-01-01,1735.0,-0.74,proxy reconstruction (pre-1880)
1736-01-01,1736.0,-0.64,proxy reconstruction (pre-1880)
1737-01-01,1737.0,-0.6,proxy reconstruction (pre-1880)
1738-01-01,1738.0,-0.66,proxy reconstruction (pre-1880)
1739-01-01,1739.0,-0.68,proxy reconstruction (pre-1880)
1740-01-01,1740.0,-0.6,proxy reconstruction (pre-1880)
1741-01-01,1741.0,-0.51,proxy reconstruction (pre-1880)
1742-01-01,1742.0,-0.49,proxy reconstruction (pre-1880)
1743-01-01,1743.0,-0.44,proxy reconstruction (pre-1880)
1744-01-01,1744.0,-0.42,proxy reconstruction (pre-1880)
1745-01-01,1745.0,-0.37,proxy reconstruction (pre-1880)
1746-01-01,1746.0,-0.19,proxy reconstruction (pre-1880)
1747-01-01,1747.0,-0.12,proxy reconstruction (pre-1880)
1748-01-01,1748.0,-0.25,proxy reconstruction (pre-1880)
1749-01-01,1749.0,-0.32,proxy reconstruction (pre-1880)
1750-01-01,1750.0,-0.3,proxy reconstruction (pre-1880)
1751-01-01,1751.0,-0.39,proxy reconstruction (pre-1880)
1752-01-01,1752.0,-0.6,proxy reconstruction (pre-1880)
1753-01-01,1753.0,-0.69,proxy reconstruction (pre-1880)
1754-01-01,1754.0,-0.53,proxy reconstruction (pre-1880)
1755-01-01,1755.0,-0.36,proxy reconstruction (pre-1880)
1756-01-01,1756.0,-0.32,proxy reconstruction (pre-1880)
1757-01-01,1757.0,-0.31,proxy reconstruction (pre-1880)
1758-01-01,1758.0,-0.29,proxy reconstruction (pre-1880)
1759-01-01,1759.0,-0.27,proxy reconstruction (pre-1880)
1760-01-01,1760.0,-0.16,proxy reconstruction (pre-1880)
1761-01-01,1761.0,-0.1,proxy reconstruction (pre-1880)
1762-01-01,1762.0,-0.2,proxy reconstruction (pre-1880)
1763-01-01,1763.0,-0.32,proxy reconstruction (pre-1880)
1764-01-01,1764.0,-0.31,proxy reconstruction (pre-1880)
1765-01-01,1765.0,-0.24,proxy reconstruction (pre-1880)
1766-01-01,1766.0,-0.18,proxy reconstruction (pre-1880)
1767-01-01,1767.0,-0.16,proxy reconstruction (pre-1880)
1768-01-01,1768.0,-0.23,proxy reconstruction (pre-1880)
1769-01-01,1769.0,-0.3,proxy reconstruction (pre-1880)
1770-01-01,1770.0,-0.31,proxy reconstruction (pre-1880)
1771-01-01,1771.0,-0.31,proxy reconstruction (pre-1880)
1772-01-01,1772.0,-0.32,proxy reconstruction (pre-1880)
1773-01-01,1773.0,-0.31,proxy reconstruction (pre-1880)
1774-01-01,1774.0,-0.27,proxy reconstruction (pre-1880)
1775-01-01,1775.0,-0.22,proxy reconstruction (pre-1880)
1776-01-01,1776.0,-0.28,proxy reconstruction (pre-1880)
1777-01-01,1777.0,-0.36,proxy reconstruction (pre-1880)
1778-01-01,1778.0,-0.27,proxy reconstruction (pre-1880)
1779-01-01,1779.0,-0.2,proxy reconstruction (pre-1880)
1780-01-01,1780.0,-0.31,proxy reconstruction (pre-1880)
1781-01-01,1781.0,-0.54,proxy reconstruction (pre-1880)
1782-01-01,1782.0,-0.71,proxy reconstruction (pre-1880)
1783-01-01,1783.0,-0.6,proxy reconstruction (pre-1880)
1784-01-01,1784.0,-0.39,proxy reconstruction (pre-1880)
1785-01-01,1785.0,-0.33,proxy reconstruction (pre-1880)
1786-01-01,1786.0,-0.37,proxy reconstruction (pre-1880)
1787-01-01,1787.0,-0.39,proxy reconstruction (pre-1880)
1788-01-01,1788.0,-0.39,proxy reconstruction (pre-1880)
1789-01-01,1789.0,-0.36,proxy reconstruction (pre-1880)
1790-01-01,1790.0,-0.3,proxy reconstruction (pre-1880)
1791-01-01,1791.0,-0.24,proxy reconstruction (pre-1880)
1792-01-01,1792.0,-0.22,proxy reconstruction (pre-1880)
1793-01-01,1793.0,-0.27,proxy reconstruction (pre-1880)
1794-01-01,1794.0,-0.4,proxy reconstruction (pre-1880)
1795-01-01,1795.0,-0.5,proxy reconstruction (pre-1880)
1796-01-01,1796.0,-0.36,proxy reconstruction (pre-1880)
1797-01-01,1797.0,-0.26,proxy reconstruction (pre-1880)
1798-01-01,1798.0,-0.28,proxy reconstruction (pre-1880)
1799-01-01,1799.0,-0.26,proxy reconstruction (pre-1880)
1800-01-01,1800.0,-0.28,proxy reconstruction (pre-1880)
1801-01-01,1801.0,-0.32,proxy reconstruction (pre-1880)
1802-01-01,1802.0,-0.21,proxy reconstruction (pre-1880)
1803-01-01,1803.0,-0.17,proxy reconstruction (pre-1880)
1804-01-01,1804.0,-0.25,proxy reconstruction (pre-1880)
1805-01-01,1805.0,-0.3,proxy reconstruction (pre-1880)
1806-01-01,1806.0,-0.32,proxy reconstruction (pre-1880)
1807-01-01,1807.0,-0.32,proxy reconstruction (pre-1880)
1808-01-01,1808.0,-0.28,proxy reconstruction (pre-1880)
1809-01-01,1809.0,-0.23,proxy reconstruction (pre-1880)
1810-01-01,1810.0,-0.26,proxy reconstruction (pre-1880)
1811-01-01,1811.0,-0.44,proxy reconstruction (pre-1880)
1812-01-01,1812.0,-0.74,proxy reconstruction (pre-1880)
1813-01-01,1813.0,-0.88,proxy reconstruction (pre-1880)
1814-01-01,1814.0,-0.76,proxy reconstruction (pre-1880)
1815-01-01,1815.0,-0.64,proxy reconstruction (pre-1880)
1816-01-01,1816.0,-0.57,proxy reconstruction (pre-1880)
1817-01-01,1817.0,-0.47,proxy reconstruction (pre-1880)
1818-01-01,1818.0,-0.47,proxy reconstruction (pre-1880)
1819-01-01,1819.0,-0.53,proxy reconstruction (pre-1880)
1820-01-01,1820.0,-0.49,proxy reconstruction (pre-1880)
1821-01-01,1821.0,-0.43,proxy reconstruction (pre-1880)
1822-01-01,1822.0,-0.5,proxy reconstruction (pre-1880)
1823-01-01,1823.0,-0.6,proxy reconstruction (pre-1880)
1824-01-01,1824.0,-0.6,proxy reconstruction (pre-1880)
1825-01-01,1825.0,-0.47,proxy reconstruction (pre-1880)
1826-01-01,1826.0,-0.3,proxy reconstruction (pre-1880)
1827-01-01,1827.0,-0.19,proxy reconstruction (pre-1880)
1828-01-01,1828.0,-0.2,proxy reconstruction (pre-1880)
1829-01-01,1829.0,-0.27,proxy reconstruction (pre-1880)
1830-01-01,1830.0,-0.28,proxy reconstruction (pre-1880)
1831-01-01,1831.0,-0.32,proxy reconstruction (pre-1880)
1832-01-01,1832.0,-0.37,proxy reconstruction (pre-1880)
1833-01-01,1833.0,-0.38,proxy reconstruction (pre-1880)
1834-01-01,1834.0,-0.48,proxy reconstruction (pre-1880)
1835-01-01,1835.0,-0.63,proxy reconstruction (pre-1880)
1836-01-01,1836.0,-0.68,proxy reconstruction (pre-1880)
1837-01-01,1837.0,-0.57,proxy reconstruction (pre-1880)
1838-01-01,1838.0,-0.4,proxy reconstruction (pre-1880)
1839-01-01,1839.0,-0.32,proxy reconstruction (pre-1880)
1840-01-01,1840.0,-0.35,proxy reconstruction (pre-1880)
1841-01-01,1841.0,-0.46,proxy reconstruction (pre-1880)
1842-01-01,1842.0,-0.52,proxy reconstruction (pre-1880)
1843-01-01,1843.0,-0.5,proxy reconstruction (pre-1880)
1844-01-01,1844.0,-0.53,proxy reconstruction (pre-1880)
1845-01-01,1845.0,-0.5,proxy reconstruction (pre-1880)
1846-01-01,1846.0,-0.39,proxy reconstruction (pre-1880)
1847-01-01,1847.0,-0.32,proxy reconstruction (pre-1880)
1848-01-01,1848.0,-0.27,proxy reconstruction (pre-1880)
1849-01-01,1849.0,-0.25,proxy reconstruction (pre-1880)
1850-01-01,1850.0,-0.31,proxy reconstruction (pre-1880)
1851-01-01,1851.0,-0.31,proxy reconstruction (pre-1880)
1852-01-01,1852.0,-0.25,proxy reconstruction (pre-1880)
1853-01-01,1853.0,-0.16,proxy reconstruction (pre-1880)
1854-01-01,1854.0,-0.06,proxy reconstruction (pre-1880)
1855-01-01,1855.0,-0.16,proxy reconstruction (pre-1880)
1856-01-01,1856.0,-0.44,proxy reconstruction (pre-1880)
1857-01-01,1857.0,-0.48,proxy reconstruction (pre-1880)
1858-01-01,1858.0,-0.33,proxy reconstruction (pre-1880)
1859-01-01,1859.0,-0.2,proxy reconstruction (pre-1880)
1860-01-01,1860.0,-0.11,proxy reconstruction (pre-1880)
1861-01-01,1861.0,-0.11,proxy reconstruction (pre-1880)
1862-01-01,1862.0,-0.18,proxy reconstruction (pre-1880)
1863-01-01,1863.0,-0.26,proxy reconstruction (pre-1880)
1864-01-01,1864.0,-0.31,proxy reconstruction (pre-1880)
1865-01-01,1865.0,-0.34,proxy reconstruction (pre-1880)
1866-01-01,1866.0,-0.26,proxy reconstruction (pre-1880)
1867-01-01,1867.0,-0.12,proxy reconstruction (pre-1880)
1868-01-01,1868.0,-0.01,proxy reconstruction (pre-1880)
1869-01-01,1869.0,-0.01,proxy reconstruction (pre-1880)
1870-01-01,1870.0,-0.06,proxy reconstruction (pre-1880)
1871-01-01,1871.0,-0.05,proxy reconstruction (pre-1880)
1872-01-01,1872.0,-0.07,proxy reconstruction (pre-1880)
1873-01-01,1873.0,-0.15,proxy reconstruction (pre-1880)
1874-01-01,1874.0,-0.14,proxy reconstruction (pre-1880)
1875-01-01,1875.0,-0.12,proxy reconstruction (pre-1880)
1876-01-01,1876.0,-0.16,proxy reconstruction (pre-1880)
1877-01-01,1877.0,-0.18,proxy reconstruction (pre-1880)
1878-01-01,1878.0,-0.18,proxy reconstruction (pre-1880)
1879-01-01,1879.0,-0.25,proxy reconstruction (pre-1880)
1880-01-01,1880.0,-0.18,instrumental (1880+)
1880-02-01,1880.085,-0.24,instrumental (1880+)
1880-03-01,1880.164,-0.09,instrumental (1880+)
1880-04-01,1880.249,-0.16,instrumental (1880+)
1880-05-01,1880.331,-0.1,instrumental (1880+)
1880-06-01,1880.416,-0.21,instrumental (1880+)
1880-07-01,1880.498,-0.18,instrumental (1880+)
1880-08-01,1880.583,-0.1,instrumental (1880+)
1880-09-01,1880.668,-0.15,instrumental (1880+)
1880-10-01,1880.75,-0.24,instrumental (1880+)
1880-11-01,1880.835,-0.22,instrumental (1880+)
1880-12-01,1880.917,-0.18,instrumental (1880+)
1881-01-01,1881.0,-0.2,instrumental (1880+)
1881-02-01,1881.085,-0.14,instrumental (1880+)
1881-03-01,1881.162,0.03,instrumental (1880+)
1881-04-01,1881.246,0.05,instrumental (1880+)
1881-05-01,1881.329,0.06,instrumental (1880+)
1881-06-01,1881.413,-0.18,instrumental (1880+)
1881-07-01,1881.496,0.0,instrumental (1880+)
1881-08-01,1881.58,-0.03,instrumental (1880+)
1881-09-01,1881.665,-0.15,instrumental (1880+)
1881-10-01,1881.747,-0.22,instrumental (1880+)
1881-11-01,1881.832,-0.18,instrumental (1880+)
1881-12-01,1881.914,-0.07,instrumental (1880+)
1882-01-01,1882.0,0.17,instrumental (1880+)
1882-02-01,1882.085,0.14,instrumental (1880+)
1882-03-01,1882.162,0.05,instrumental (1880+)
1882-04-01,1882.246,-0.16,instrumental (1880+)
1882-05-01,1882.329,-0.14,instrumental (1880+)
1882-06-01,1882.413,-0.22,instrumental (1880+)
1882-07-01,1882.496,-0.16,instrumental (1880+)
1882-08-01,1882.58,-0.07,instrumental (1880+)
1882-09-01,1882.665,-0.14,instrumental (1880+)
1882-10-01,1882.747,-0.24,instrumental (1880+)
1882-11-01,1882.832,-0.16,instrumental (1880+)
1882-12-01,1882.914,-0.36,instrumental (1880+)
1883-01-01,1883.0,-0.29,instrumental (1880+)
1883-02-01,1883.085,-0.36,instrumental (1880+)
1883-03-01,1883.162,-0.12,instrumental (1880+)
1883-04-01,1883.246,-0.18,instrumental (1880+)
1883-05-01,1883.329,-0.18,instrumental (1880+)
1883-06-01,1883.413,-0.07,instrumental (1880+)
1883-07-01,1883.496,-0.07,instrumental (1880+)
1883-08-01,1883.58,-0.14,instrumental (1880+)
1883-09-01,1883.665,-0.22,instrumental (1880+)
1883-10-01,1883.747,-0.11,instrumental (1880+)
1883-11-01,1883.832,-0.24,instrumental (1880+)
1883-12-01,1883.914,-0.11,instrumental (1880+)
1884-01-01,1884.0,-0.13,instrumental (1880+)
1884-02-01,1884.085,-0.08,instrumental (1880+)
1884-03-01,1884.164,-0.37,instrumental (1880+)
1884-04-01,1884.249,-0.4,instrumental (1880+)
1884-05-01,1884.331,-0.34,instrumental (1880+)
1884-06-01,1884.416,-0.35,instrumental (1880+)
1884-07-01,1884.498,-0.33,instrumental (1880+)
1884-08-01,1884.583,-0.27,instrumental (1880+)
1884-09-01,1884.668,-0.27,instrumental (1880+)
1884-10-01,1884.75,-0.25,instrumental (1880+)
1884-11-01,1884.835,-0.33,instrumental (1880+)
1884-12-01,1884.917,-0.31,instrumental (1880+)
1885-01-01,1885.0,-0.58,instrumental (1880+)
1885-02-01,1885.085,-0.33,instrumental (1880+)
1885-03-01,1885.162,-0.26,instrumental (1880+)
1885-04-01,1885.246,-0.42,instrumental (1880+)
1885-05-01,1885.329,-0.45,instrumental (1880+)
1885-06-01,1885.413,-0.43,instrumental (1880+)
1885-07-01,1885.496,-0.33,instrumental (1880+)
1885-08-01,1885.58,-0.3,instrumental (1880+)
1885-09-01,1885.665,-0.28,instrumental (1880+)
1885-10-01,1885.747,-0.23,instrumental (1880+)
1885-11-01,1885.832,-0.23,instrumental (1880+)
1885-12-01,1885.914,-0.09,instrumental (1880+)
1886-01-01,1886.0,-0.43,instrumental (1880+)
1886-02-01,1886.085,-0.5,instrumental (1880+)
1886-03-01,1886.162,-0.43,instrumental (1880+)
1886-04-01,1886.246,-0.27,instrumental (1880+)
1886-05-01,1886.329,-0.24,instrumental (1880+)
1886-06-01,1886.413,-0.34,instrumental (1880+)
1886-07-01,1886.496,-0.17,instrumental (1880+)
1886-08-01,1886.58,-0.3,instrumental (1880+)
1886-09-01,1886.665,-0.24,instrumental (1880+)
1886-10-01,1886.747,-0.27,instrumental (1880+)
1886-11-01,1886.832,-0.27,instrumental (1880+)
1886-12-01,1886.914,-0.25,instrumental (1880+)
1887-01-01,1887.0,-0.71,instrumental (1880+)
1887-02-01,1887.085,-0.56,instrumental (1880+)
1887-03-01,1887.162,-0.35,instrumental (1880+)
1887-04-01,1887.246,-0.34,instrumental (1880+)
1887-05-01,1887.329,-0.3,instrumental (1880+)
1887-06-01,1887.413,-0.24,instrumental (1880+)
1887-07-01,1887.496,-0.25,instrumental (1880+)
1887-08-01,1887.58,-0.34,instrumental (1880+)
1887-09-01,1887.665,-0.25,instrumental (1880+)
1887-10-01,1887.747,-0.35,instrumental (1880+)
1887-11-01,1887.832,-0.26,instrumental (1880+)
1887-12-01,1887.914,-0.33,instrumental (1880+)
1888-01-01,1888.0,-0.33,instrumental (1880+)
1888-02-01,1888.085,-0.35,instrumental (1880+)
1888-03-01,1888.164,-0.41,instrumental (1880+)
1888-04-01,1888.249,-0.2,instrumental (1880+)
1888-05-01,1888.331,-0.22,instrumental (1880+)
1888-06-01,1888.416,-0.17,instrumental (1880+)
1888-07-01,1888.498,-0.1,instrumental (1880+)
1888-08-01,1888.583,-0.15,instrumental (1880+)
1888-09-01,1888.668,-0.12,instrumental (1880+)
1888-10-01,1888.75,0.02,instrumental (1880+)
1888-11-01,1888.835,0.04,instrumental (1880+)
1888-12-01,1888.917,-0.04,instrumental (1880+)
1889-01-01,1889.0,-0.08,instrumental (1880+)
1889-02-01,1889.085,0.18,instrumental (1880+)
1889-03-01,1889.162,0.06,instrumental (1880+)
1889-04-01,1889.246,0.1,instrumental (1880+)
1889-05-01,1889.329,-0.01,instrumental (1880+)
1889-06-01,1889.413,-0.1,instrumental (1880+)
1889-07-01,1889.496,-0.07,instrumental (1880+)
1889-08-01,1889.58,-0.2,instrumental (1880+)
1889-09-01,1889.665,-0.24,instrumental (1880+)
1889-10-01,1889.747,-0.26,instrumental (1880+)
1889-11-01,1889.832,-0.33,instrumental (1880+)
1889-12-01,1889.914,-0.29,instrumental (1880+)
1890-01-01,1890.0,-0.42,instrumental (1880+)
1890-02-01,1890.085,-0.45,instrumental (1880+)
1890-03-01,1890.162,-0.4,instrumental (1880+)
1890-04-01,1890.246,-0.3,instrumental (1880+)
1890-05-01,1890.329,-0.4,instrumental (1880+)
1890-06-01,1890.413,-0.25,instrumental (1880+)
1890-07-01,1890.496,-0.28,instrumental (1880+)
1890-08-01,1890.58,-0.39,instrumental (1880+)
1890-09-01,1890.665,-0.37,instrumental (1880+)
1890-10-01,1890.747,-0.25,instrumental (1880+)
1890-11-01,1890.832,-0.44,instrumental (1880+)
1890-12-01,1890.914,-0.31,instrumental (1880+)
1891-01-01,1891.0,-0.33,instrumental (1880+)
1891-02-01,1891.085,-0.47,instrumental (1880+)
1891-03-01,1891.162,-0.18,instrumental (1880+)
1891-04-01,1891.246,-0.27,instrumental (1880+)
1891-05-01,1891.329,-0.16,instrumental (1880+)
1891-06-01,1891.413,-0.2,instrumental (1880+)
1891-07-01,1891.496,-0.17,instrumental (1880+)
1891-08-01,1891.58,-0.17,instrumental (1880+)
1891-09-01,1891.665,-0.15,instrumental (1880+)
1891-10-01,1891.747,-0.22,instrumental (1880+)
1891-11-01,1891.832,-0.31,instrumental (1880+)
1891-12-01,1891.914,-0.04,instrumental (1880+)
1892-01-01,1892.0,-0.28,instrumental (1880+)
1892-02-01,1892.085,-0.1,instrumental (1880+)
1892-03-01,1892.164,-0.4,instrumental (1880+)
1892-04-01,1892.249,-0.33,instrumental (1880+)
1892-05-01,1892.331,-0.23,instrumental (1880+)
1892-06-01,1892.416,-0.22,instrumental (1880+)
1892-07-01,1892.498,-0.31,instrumental (1880+)
1892-08-01,1892.583,-0.27,instrumental (1880+)
1892-09-01,1892.668,-0.16,instrumental (1880+)
1892-10-01,1892.75,-0.14,instrumental (1880+)
1892-11-01,1892.835,-0.41,instrumental (1880+)
1892-12-01,1892.917,-0.38,instrumental (1880+)
1893-01-01,1893.0,-0.8,instrumental (1880+)
1893-02-01,1893.085,-0.56,instrumental (1880+)
1893-03-01,1893.162,-0.22,instrumental (1880+)
1893-04-01,1893.246,-0.27,instrumental (1880+)
1893-05-01,1893.329,-0.34,instrumental (1880+)
1893-06-01,1893.413,-0.25,instrumental (1880+)
1893-07-01,1893.496,-0.14,instrumental (1880+)
1893-08-01,1893.58,-0.25,instrumental (1880+)
1893-09-01,1893.665,-0.23,instrumental (1880+)
1893-10-01,1893.747,-0.19,instrumental (1880+)
1893-11-01,1893.832,-0.19,instrumental (1880+)
1893-12-01,1893.914,-0.32,instrumental (1880+)
1894-01-01,1894.0,-0.52,instrumental (1880+)
1894-02-01,1894.085,-0.28,instrumental (1880+)
1894-03-01,1894.162,-0.22,instrumental (1880+)
1894-04-01,1894.246,-0.44,instrumental (1880+)
1894-05-01,1894.329,-0.3,instrumental (1880+)
1894-06-01,1894.413,-0.4,instrumental (1880+)
1894-07-01,1894.496,-0.24,instrumental (1880+)
1894-08-01,1894.58,-0.23,instrumental (1880+)
1894-09-01,1894.665,-0.28,instrumental (1880+)
1894-10-01,1894.747,-0.22,instrumental (1880+)
1894-11-01,1894.832,-0.25,instrumental (1880+)
1894-12-01,1894.914,-0.21,instrumental (1880+)
1895-01-01,1895.0,-0.4,instrumental (1880+)
1895-02-01,1895.085,-0.42,instrumental (1880+)
1895-03-01,1895.162,-0.32,instrumental (1880+)
1895-04-01,1895.246,-0.21,instrumental (1880+)
1895-05-01,1895.329,-0.27,instrumental (1880+)
1895-06-01,1895.413,-0.21,instrumental (1880+)
1895-07-01,1895.496,-0.16,instrumental (1880+)
1895-08-01,1895.58,-0.16,instrumental (1880+)
1895-09-01,1895.665,-0.12,instrumental (1880+)
1895-10-01,1895.747,-0.1,instrumental (1880+)
1895-11-01,1895.832,-0.16,instrumental (1880+)
1895-12-01,1895.914,-0.13,instrumental (1880+)
1896-01-01,1896.0,-0.21,instrumental (1880+)
1896-02-01,1896.085,-0.12,instrumental (1880+)
1896-03-01,1896.164,-0.26,instrumental (1880+)
1896-04-01,1896.249,-0.3,instrumental (1880+)
1896-05-01,1896.331,-0.16,instrumental (1880+)
1896-06-01,1896.416,-0.11,instrumental (1880+)
1896-07-01,1896.498,-0.02,instrumental (1880+)
1896-08-01,1896.583,-0.05,instrumental (1880+)
1896-09-01,1896.668,-0.07,instrumental (1880+)
1896-10-01,1896.75,0.06,instrumental (1880+)
1896-11-01,1896.835,-0.04,instrumental (1880+)
1896-12-01,1896.917,-0.04,instrumental (1880+)
1897-01-01,1897.0,-0.15,instrumental (1880+)
1897-02-01,1897.085,-0.17,instrumental (1880+)
1897-03-01,1897.162,-0.13,instrumental (1880+)
1897-04-01,1897.246,-0.02,instrumental (1880+)
1897-05-01,1897.329,-0.02,instrumental (1880+)
1897-06-01,1897.413,-0.11,instrumental (1880+)
1897-07-01,1897.496,-0.02,instrumental (1880+)
1897-08-01,1897.58,-0.09,instrumental (1880+)
1897-09-01,1897.665,-0.09,instrumental (1880+)
1897-10-01,1897.747,-0.12,instrumental (1880+)
1897-11-01,1897.832,-0.19,instrumental (1880+)
1897-12-01,1897.914,-0.2,instrumental (1880+)
1898-01-01,1898.0,-0.01,instrumental (1880+)
1898-02-01,1898.085,-0.29,instrumental (1880+)
1898-03-01,1898.162,-0.5,instrumental (1880+)
1898-04-01,1898.246,-0.29,instrumental (1880+)
1898-05-01,1898.329,-0.3,instrumental (1880+)
1898-06-01,1898.413,-0.18,instrumental (1880+)
1898-07-01,1898.496,-0.22,instrumental (1880+)
1898-08-01,1898.58,-0.26,instrumental (1880+)
1898-09-01,1898.665,-0.21,instrumental (1880+)
1898-10-01,1898.747,-0.35,instrumental (1880+)
1898-11-01,1898.832,-0.37,instrumental (1880+)
1898-12-01,1898.914,-0.23,instrumental (1880+)
1899-01-01,1899.0,-0.16,instrumental (1880+)
1899-02-01,1899.085,-0.38,instrumental (1880+)
1899-03-01,1899.162,-0.36,instrumental (1880+)
1899-04-01,1899.246,-0.21,instrumental (1880+)
1899-05-01,1899.329,-0.24,instrumental (1880+)
1899-06-01,1899.413,-0.32,instrumental (1880+)
1899-07-01,1899.496,-0.16,instrumental (1880+)
1899-08-01,1899.58,-0.08,instrumental (1880+)
1899-09-01,1899.665,-0.05,instrumental (1880+)
1899-10-01,1899.747,-0.04,instrumental (1880+)
1899-11-01,1899.832,0.12,instrumental (1880+)
1899-12-01,1899.914,-0.26,instrumental (1880+)
1900-01-01,1900.0,-0.35,instrumental (1880+)
1900-02-01,1900.085,-0.05,instrumental (1880+)
1900-03-01,1900.162,0.01,instrumental (1880+)
1900-04-01,1900.246,-0.09,instrumental (1880+)
1900-05-01,1900.329,-0.08,instrumental (1880+)
1900-06-01,1900.413,-0.1,instrumental (1880+)
1900-07-01,1900.496,-0.13,instrumental (1880+)
1900-08-01,1900.58,-0.09,instrumental (1880+)
1900-09-01,1900.665,-0.05,instrumental (1880+)
1900-10-01,1900.747,0.1,instrumental (1880+)
1900-11-01,1900.832,-0.07,instrumental (1880+)
1900-12-01,1900.914,-0.06,instrumental (1880+)
1901-01-01,1901.0,-0.23,instrumental (1880+)
1901-02-01,1901.085,-0.11,instrumental (1880+)
1901-03-01,1901.162,0.06,instrumental (1880+)
1901-04-01,1901.246,-0.02,instrumental (1880+)
1901-05-01,1901.329,-0.16,instrumental (1880+)
1901-06-01,1901.413,-0.12,instrumental (1880+)
1901-07-01,1901.496,-0.15,instrumental (1880+)
1901-08-01,1901.58,-0.2,instrumental (1880+)
1901-09-01,1901.665,-0.22,instrumental (1880+)
1901-10-01,1901.747,-0.3,instrumental (1880+)
1901-11-01,1901.832,-0.18,instrumental (1880+)
1901-12-01,1901.914,-0.28,instrumental (1880+)
1902-01-01,1902.0,-0.19,instrumental (1880+)
1902-02-01,1902.085,-0.07,instrumental (1880+)
1902-03-01,1902.162,-0.28,instrumental (1880+)
1902-04-01,1902.246,-0.28,instrumental (1880+)
1902-05-01,1902.329,-0.32,instrumental (1880+)
1902-06-01,1902.413,-0.31,instrumental (1880+)
1902-07-01,1902.496,-0.29,instrumental (1880+)
1902-08-01,1902.58,-0.3,instrumental (1880+)
1902-09-01,1902.665,-0.3,instrumental (1880+)
1902-10-01,1902.747,-0.3,instrumental (1880+)
1902-11-01,1902.832,-0.36,instrumental (1880+)
1902-12-01,1902.914,-0.42,instrumental (1880+)
1903-01-01,1903.0,-0.24,instrumental (1880+)
1903-02-01,1903.085,-0.06,instrumental (1880+)
1903-03-01,1903.162,-0.23,instrumental (1880+)
1903-04-01,1903.246,-0.41,instrumental (1880+)
1903-05-01,1903.329,-0.4,instrumental (1880+)
1903-06-01,1903.413,-0.42,instrumental (1880+)
1903-07-01,1903.496,-0.36,instrumental (1880+)
1903-08-01,1903.58,-0.45,instrumental (1880+)
1903-09-01,1903.665,-0.5,instrumental (1880+)
1903-10-01,1903.747,-0.49,instrumental (1880+)
1903-11-01,1903.832,-0.43,instrumental (1880+)
1903-12-01,1903.914,-0.51,instrumental (1880+)
1904-01-01,1904.0,-0.64,instrumental (1880+)
1904-02-01,1904.085,-0.58,instrumental (1880+)
1904-03-01,1904.164,-0.49,instrumental (1880+)
1904-04-01,1904.249,-0.5,instrumental (1880+)
1904-05-01,1904.331,-0.52,instrumental (1880+)
1904-06-01,1904.416,-0.49,instrumental (1880+)
1904-07-01,1904.498,-0.52,instrumental (1880+)
1904-08-01,1904.583,-0.49,instrumental (1880+)
1904-09-01,1904.668,-0.56,instrumental (1880+)
1904-10-01,1904.75,-0.4,instrumental (1880+)
1904-11-01,1904.835,-0.18,instrumental (1880+)
1904-12-01,1904.917,-0.34,instrumental (1880+)
1905-01-01,1905.0,-0.35,instrumental (1880+)
1905-02-01,1905.085,-0.6,instrumental (1880+)
1905-03-01,1905.162,-0.22,instrumental (1880+)
1905-04-01,1905.246,-0.33,instrumental (1880+)
1905-05-01,1905.329,-0.3,instrumental (1880+)
1905-06-01,1905.413,-0.28,instrumental (1880+)
1905-07-01,1905.496,-0.27,instrumental (1880+)
1905-08-01,1905.58,-0.21,instrumental (1880+)
1905-09-01,1905.665,-0.2,instrumental (1880+)
1905-10-01,1905.747,-0.25,instrumental (1880+)
1905-11-01,1905.832,-0.07,instrumental (1880+)
1905-12-01,1905.914,-0.14,instrumental (1880+)
1906-01-01,1906.0,-0.28,instrumental (1880+)
1906-02-01,1906.085,-0.31,instrumental (1880+)
1906-03-01,1906.162,-0.19,instrumental (1880+)
1906-04-01,1906.246,-0.05,instrumental (1880+)
1906-05-01,1906.329,-0.26,instrumental (1880+)
1906-06-01,1906.413,-0.2,instrumental (1880+)
1906-07-01,1906.496,-0.24,instrumental (1880+)
1906-08-01,1906.58,-0.2,instrumental (1880+)
1906-09-01,1906.665,-0.29,instrumental (1880+)
1906-10-01,1906.747,-0.21,instrumental (1880+)
1906-11-01,1906.832,-0.38,instrumental (1880+)
1906-12-01,1906.914,-0.15,instrumental (1880+)
1907-01-01,1907.0,-0.43,instrumental (1880+)
1907-02-01,1907.085,-0.52,instrumental (1880+)
1907-03-01,1907.162,-0.28,instrumental (1880+)
1907-04-01,1907.246,-0.38,instrumental (1880+)
1907-05-01,1907.329,-0.47,instrumental (1880+)
1907-06-01,1907.413,-0.42,instrumental (1880+)
1907-07-01,1907.496,-0.35,instrumental (1880+)
1907-08-01,1907.58,-0.34,instrumental (1880+)
1907-09-01,1907.665,-0.35,instrumental (1880+)
1907-10-01,1907.747,-0.24,instrumental (1880+)
1907-11-01,1907.832,-0.48,instrumental (1880+)
1907-12-01,1907.914,-0.48,instrumental (1880+)
1908-01-01,1908.0,-0.45,instrumental (1880+)
1908-02-01,1908.085,-0.33,instrumental (1880+)
1908-03-01,1908.164,-0.56,instrumental (1880+)
1908-04-01,1908.249,-0.45,instrumental (1880+)
1908-05-01,1908.331,-0.38,instrumental (1880+)
1908-06-01,1908.416,-0.38,instrumental (1880+)
1908-07-01,1908.498,-0.36,instrumental (1880+)
1908-08-01,1908.583,-0.46,instrumental (1880+)
1908-09-01,1908.668,-0.36,instrumental (1880+)
1908-10-01,1908.75,-0.45,instrumental (1880+)
1908-11-01,1908.835,-0.52,instrumental (1880+)
1908-12-01,1908.917,-0.5,instrumental (1880+)
1909-01-01,1909.0,-0.73,instrumental (1880+)
1909-02-01,1909.085,-0.47,instrumental (1880+)
1909-03-01,1909.162,-0.55,instrumental (1880+)
1909-04-01,1909.246,-0.59,instrumental (1880+)
1909-05-01,1909.329,-0.55,instrumental (1880+)
1909-06-01,1909.413,-0.52,instrumental (1880+)
1909-07-01,1909.496,-0.46,instrumental (1880+)
1909-08-01,1909.58,-0.34,instrumental (1880+)
1909-09-01,1909.665,-0.39,instrumental (1880+)
1909-10-01,1909.747,-0.4,instrumental (1880+)
1909-11-01,1909.832,-0.32,instrumental (1880+)
1909-12-01,1909.914,-0.57,instrumental (1880+)
1910-01-01,1910.0,-0.43,instrumental (1880+)
1910-02-01,1910.085,-0.43,instrumental (1880+)
1910-03-01,1910.162,-0.51,instrumental (1880+)
1910-04-01,1910.246,-0.43,instrumental (1880+)
1910-05-01,1910.329,-0.35,instrumental (1880+)
1910-06-01,1910.413,-0.39,instrumental (1880+)
1910-07-01,1910.496,-0.35,instrumental (1880+)
1910-08-01,1910.58,-0.37,instrumental (1880+)
1910-09-01,1910.665,-0.39,instrumental (1880+)
1910-10-01,1910.747,-0.42,instrumental (1880+)
1910-11-01,1910.832,-0.56,instrumental (1880+)
1910-12-01,1910.914,-0.68,instrumental (1880+)
1911-01-01,1911.0,-0.63,instrumental (1880+)
1911-02-01,1911.085,-0.58,instrumental (1880+)
1911-03-01,1911.162,-0.62,instrumental (1880+)
1911-04-01,1911.246,-0.54,instrumental (1880+)
1911-05-01,1911.329,-0.52,instrumental (1880+)
1911-06-01,1911.413,-0.5,instrumental (1880+)
1911-07-01,1911.496,-0.42,instrumental (1880+)
1911-08-01,1911.58,-0.44,instrumental (1880+)
1911-09-01,1911.665,-0.41,instrumental (1880+)
1911-10-01,1911.747,-0.27,instrumental (1880+)
1911-11-01,1911.832,-0.21,instrumental (1880+)
1911-12-01,1911.914,-0.22,instrumental (1880+)
1912-01-01,1912.0,-0.26,instrumental (1880+)
1912-02-01,1912.085,-0.14,instrumental (1880+)
1912-03-01,1912.164,-0.38,instrumental (1880+)
1912-04-01,1912.249,-0.18,instrumental (1880+)
1912-05-01,1912.331,-0.22,instrumental (1880+)
1912-06-01,1912.416,-0.24,instrumental (1880+)
1912-07-01,1912.498,-0.43,instrumental (1880+)
1912-08-01,1912.583,-0.55,instrumental (1880+)
1912-09-01,1912.668,-0.58,instrumental (1880+)
1912-10-01,1912.75,-0.59,instrumental (1880+)
1912-11-01,1912.835,-0.39,instrumental (1880+)
1912-12-01,1912.917,-0.44,instrumental (1880+)
1913-01-01,1913.0,-0.4,instrumental (1880+)
1913-02-01,1913.085,-0.46,instrumental (1880+)
1913-03-01,1913.162,-0.43,instrumental (1880+)
1913-04-01,1913.246,-0.4,instrumental (1880+)
1913-05-01,1913.329,-0.45,instrumental (1880+)
1913-06-01,1913.413,-0.46,instrumental (1880+)
1913-07-01,1913.496,-0.37,instrumental (1880+)
1913-08-01,1913.58,-0.33,instrumental (1880+)
1913-09-01,1913.665,-0.36,instrumental (1880+)
1913-10-01,1913.747,-0.33,instrumental (1880+)
1913-11-01,1913.832,-0.21,instrumental (1880+)
1913-12-01,1913.914,-0.03,instrumental (1880+)
1914-01-01,1914.0,0.04,instrumental (1880+)
1914-02-01,1914.085,-0.1,instrumental (1880+)
1914-03-01,1914.162,-0.25,instrumental (1880+)
1914-04-01,1914.246,-0.3,instrumental (1880+)
1914-05-01,1914.329,-0.22,instrumental (1880+)
1914-06-01,1914.413,-0.26,instrumental (1880+)
1914-07-01,1914.496,-0.24,instrumental (1880+)
1914-08-01,1914.58,-0.17,instrumental (1880+)
1914-09-01,1914.665,-0.18,instrumental (1880+)
1914-10-01,1914.747,-0.04,instrumental (1880+)
1914-11-01,1914.832,-0.16,instrumental (1880+)
1914-12-01,1914.914,-0.05,instrumental (1880+)
1915-01-01,1915.0,-0.21,instrumental (1880+)
1915-02-01,1915.085,-0.04,instrumental (1880+)
1915-03-01,1915.162,-0.1,instrumental (1880+)
1915-04-01,1915.246,0.05,instrumental (1880+)
1915-05-01,1915.329,-0.06,instrumental (1880+)
1915-06-01,1915.413,-0.22,instrumental (1880+)
1915-07-01,1915.496,-0.13,instrumental (1880+)
1915-08-01,1915.58,-0.22,instrumental (1880+)
1915-09-01,1915.665,-0.21,instrumental (1880+)
1915-10-01,1915.747,-0.25,instrumental (1880+)
1915-11-01,1915.832,-0.13,instrumental (1880+)
1915-12-01,1915.914,-0.22,instrumental (1880+)
1916-01-01,1916.0,-0.13,instrumental (1880+)
1916-02-01,1916.085,-0.15,instrumental (1880+)
1916-03-01,1916.164,-0.28,instrumental (1880+)
1916-04-01,1916.249,-0.31,instrumental (1880+)
1916-05-01,1916.331,-0.35,instrumental (1880+)
1916-06-01,1916.416,-0.5,instrumental (1880+)
1916-07-01,1916.498,-0.37,instrumental (1880+)
1916-08-01,1916.583,-0.28,instrumental (1880+)
1916-09-01,1916.668,-0.37,instrumental (1880+)
1916-10-01,1916.75,-0.33,instrumental (1880+)
1916-11-01,1916.835,-0.47,instrumental (1880+)
1916-12-01,1916.917,-0.82,instrumental (1880+)
1917-01-01,1917.0,-0.57,instrumental (1880+)
1917-02-01,1917.085,-0.63,instrumental (1880+)
1917-03-01,1917.162,-0.65,instrumental (1880+)
1917-04-01,1917.246,-0.56,instrumental (1880+)
1917-05-01,1917.329,-0.56,instrumental (1880+)
1917-06-01,1917.413,-0.44,instrumental (1880+)
1917-07-01,1917.496,-0.26,instrumental (1880+)
1917-08-01,1917.58,-0.23,instrumental (1880+)
1917-09-01,1917.665,-0.24,instrumental (1880+)
1917-10-01,1917.747,-0.45,instrumental (1880+)
1917-11-01,1917.832,-0.34,instrumental (1880+)
1917-12-01,1917.914,-0.68,instrumental (1880+)
1918-01-01,1918.0,-0.48,instrumental (1880+)
1918-02-01,1918.085,-0.35,instrumental (1880+)
1918-03-01,1918.162,-0.26,instrumental (1880+)
1918-04-01,1918.246,-0.45,instrumental (1880+)
1918-05-01,1918.329,-0.44,instrumental (1880+)
1918-06-01,1918.413,-0.37,instrumental (1880+)
1918-07-01,1918.496,-0.32,instrumental (1880+)
1918-08-01,1918.58,-0.32,instrumental (1880+)
1918-09-01,1918.665,-0.19,instrumental (1880+)
1918-10-01,1918.747,-0.07,instrumental (1880+)
1918-11-01,1918.832,-0.12,instrumental (1880+)
1918-12-01,1918.914,-0.3,instrumental (1880+)
1919-01-01,1919.0,-0.21,instrumental (1880+)
1919-02-01,1919.085,-0.25,instrumental (1880+)
1919-03-01,1919.162,-0.22,instrumental (1880+)
1919-04-01,1919.246,-0.13,instrumental (1880+)
1919-05-01,1919.329,-0.29,instrumental (1880+)
1919-06-01,1919.413,-0.37,instrumental (1880+)
1919-07-01,1919.496,-0.3,instrumental (1880+)
1919-08-01,1919.58,-0.34,instrumental (1880+)
1919-09-01,1919.665,-0.26,instrumental (1880+)
1919-10-01,1919.747,-0.21,instrumental (1880+)
1919-11-01,1919.832,-0.42,instrumental (1880+)
1919-12-01,1919.914,-0.43,instrumental (1880+)
1920-01-01,1920.0,-0.25,instrumental (1880+)
1920-02-01,1920.085,-0.27,instrumental (1880+)
1920-03-01,1920.164,-0.13,instrumental (1880+)
1920-04-01,1920.249,-0.25,instrumental (1880+)
1920-05-01,1920.331,-0.28,instrumental (1880+)
1920-06-01,1920.416,-0.36,instrumental (1880+)
1920-07-01,1920.498,-0.31,instrumental (1880+)
1920-08-01,1920.583,-0.28,instrumental (1880+)
1920-09-01,1920.668,-0.23,instrumental (1880+)
1920-10-01,1920.75,-0.28,instrumental (1880+)
1920-11-01,1920.835,-0.28,instrumental (1880+)
1920-12-01,1920.917,-0.47,instrumental (1880+)
1921-01-01,1921.0,-0.05,instrumental (1880+)
1921-02-01,1921.085,-0.18,instrumental (1880+)
1921-03-01,1921.162,-0.24,instrumental (1880+)
1921-04-01,1921.246,-0.31,instrumental (1880+)
1921-05-01,1921.329,-0.31,instrumental (1880+)
1921-06-01,1921.413,-0.28,instrumental (1880+)
1921-07-01,1921.496,-0.15,instrumental (1880+)
1921-08-01,1921.58,-0.26,instrumental (1880+)
1921-09-01,1921.665,-0.2,instrumental (1880+)
1921-10-01,1921.747,-0.04,instrumental (1880+)
1921-11-01,1921.832,-0.14,instrumental (1880+)
1921-12-01,1921.914,-0.18,instrumental (1880+)
1922-01-01,1922.0,-0.33,instrumental (1880+)
1922-02-01,1922.085,-0.45,instrumental (1880+)
1922-03-01,1922.162,-0.15,instrumental (1880+)
1922-04-01,1922.246,-0.23,instrumental (1880+)
1922-05-01,1922.329,-0.34,instrumental (1880+)
1922-06-01,1922.413,-0.31,instrumental (1880+)
1922-07-01,1922.496,-0.28,instrumental (1880+)
1922-08-01,1922.58,-0.33,instrumental (1880+)
1922-09-01,1922.665,-0.37,instrumental (1880+)
1922-10-01,1922.747,-0.33,instrumental (1880+)
1922-11-01,1922.832,-0.15,instrumental (1880+)
1922-12-01,1922.914,-0.19,instrumental (1880+)
1923-01-01,1923.0,-0.29,instrumental (1880+)
1923-02-01,1923.085,-0.4,instrumental (1880+)
1923-03-01,1923.162,-0.34,instrumental (1880+)
1923-04-01,1923.246,-0.42,instrumental (1880+)
1923-05-01,1923.329,-0.34,instrumental (1880+)
1923-06-01,1923.413,-0.3,instrumental (1880+)
1923-07-01,1923.496,-0.31,instrumental (1880+)
1923-08-01,1923.58,-0.33,instrumental (1880+)
1923-09-01,1923.665,-0.32,instrumental (1880+)
1923-10-01,1923.747,-0.14,instrumental (1880+)
1923-11-01,1923.832,-0.03,instrumental (1880+)
1923-12-01,1923.914,-0.05,instrumental (1880+)
1924-01-01,1924.0,-0.24,instrumental (1880+)
1924-02-01,1924.085,-0.24,instrumental (1880+)
1924-03-01,1924.164,-0.09,instrumental (1880+)
1924-04-01,1924.249,-0.32,instrumental (1880+)
1924-05-01,1924.331,-0.19,instrumental (1880+)
1924-06-01,1924.416,-0.27,instrumental (1880+)
1924-07-01,1924.498,-0.3,instrumental (1880+)
1924-08-01,1924.583,-0.36,instrumental (1880+)
1924-09-01,1924.668,-0.33,instrumental (1880+)
1924-10-01,1924.75,-0.36,instrumental (1880+)
1924-11-01,1924.835,-0.22,instrumental (1880+)
1924-12-01,1924.917,-0.43,instrumental (1880+)
1925-01-01,1925.0,-0.39,instrumental (1880+)
1925-02-01,1925.085,-0.41,instrumental (1880+)
1925-03-01,1925.162,-0.28,instrumental (1880+)
1925-04-01,1925.246,-0.26,instrumental (1880+)
1925-05-01,1925.329,-0.3,instrumental (1880+)
1925-06-01,1925.413,-0.33,instrumental (1880+)
1925-07-01,1925.496,-0.27,instrumental (1880+)
1925-08-01,1925.58,-0.2,instrumental (1880+)
1925-09-01,1925.665,-0.2,instrumental (1880+)
1925-10-01,1925.747,-0.18,instrumental (1880+)
1925-11-01,1925.832,0.04,instrumental (1880+)
1925-12-01,1925.914,0.06,instrumental (1880+)
1926-01-01,1926.0,0.2,instrumental (1880+)
1926-02-01,1926.085,0.02,instrumental (1880+)
1926-03-01,1926.162,0.1,instrumental (1880+)
1926-04-01,1926.246,-0.13,instrumental (1880+)
1926-05-01,1926.329,-0.24,instrumental (1880+)
1926-06-01,1926.413,-0.26,instrumental (1880+)
1926-07-01,1926.496,-0.28,instrumental (1880+)
1926-08-01,1926.58,-0.14,instrumental (1880+)
1926-09-01,1926.665,-0.16,instrumental (1880+)
1926-10-01,1926.747,-0.12,instrumental (1880+)
1926-11-01,1926.832,-0.07,instrumental (1880+)
1926-12-01,1926.914,-0.3,instrumental (1880+)
1927-01-01,1927.0,-0.28,instrumental (1880+)
1927-02-01,1927.085,-0.19,instrumental (1880+)
1927-03-01,1927.162,-0.39,instrumental (1880+)
1927-04-01,1927.246,-0.31,instrumental (1880+)
1927-05-01,1927.329,-0.26,instrumental (1880+)
1927-06-01,1927.413,-0.28,instrumental (1880+)
1927-07-01,1927.496,-0.2,instrumental (1880+)
1927-08-01,1927.58,-0.24,instrumental (1880+)
1927-09-01,1927.665,-0.13,instrumental (1880+)
1927-10-01,1927.747,-0.02,instrumental (1880+)
1927-11-01,1927.832,-0.06,instrumental (1880+)
1927-12-01,1927.914,-0.34,instrumental (1880+)
1928-01-01,1928.0,-0.03,instrumental (1880+)
1928-02-01,1928.085,-0.09,instrumental (1880+)
1928-03-01,1928.164,-0.26,instrumental (1880+)
1928-04-01,1928.249,-0.29,instrumental (1880+)
1928-05-01,1928.331,-0.3,instrumental (1880+)
1928-06-01,1928.416,-0.39,instrumental (1880+)
1928-07-01,1928.498,-0.2,instrumental (1880+)
1928-08-01,1928.583,-0.23,instrumental (1880+)
1928-09-01,1928.668,-0.22,instrumental (1880+)
1928-10-01,1928.75,-0.2,instrumental (1880+)
1928-11-01,1928.835,-0.09,instrumental (1880+)
1928-12-01,1928.917,-0.17,instrumental (1880+)
1929-01-01,1929.0,-0.46,instrumental (1880+)
1929-02-01,1929.085,-0.59,instrumental (1880+)
1929-03-01,1929.162,-0.34,instrumental (1880+)
1929-04-01,1929.246,-0.42,instrumental (1880+)
1929-05-01,1929.329,-0.39,instrumental (1880+)
1929-06-01,1929.413,-0.44,instrumental (1880+)
1929-07-01,1929.496,-0.37,instrumental (1880+)
1929-08-01,1929.58,-0.32,instrumental (1880+)
1929-09-01,1929.665,-0.26,instrumental (1880+)
1929-10-01,1929.747,-0.15,instrumental (1880+)
1929-11-01,1929.832,-0.12,instrumental (1880+)
1929-12-01,1929.914,-0.55,instrumental (1880+)
1930-01-01,1930.0,-0.3,instrumental (1880+)
1930-02-01,1930.085,-0.27,instrumental (1880+)
1930-03-01,1930.162,-0.12,instrumental (1880+)
1930-04-01,1930.246,-0.26,instrumental (1880+)
1930-05-01,1930.329,-0.25,instrumental (1880+)
1930-06-01,1930.413,-0.22,instrumental (1880+)
1930-07-01,1930.496,-0.22,instrumental (1880+)
1930-08-01,1930.58,-0.16,instrumental (1880+)
1930-09-01,1930.665,-0.16,instrumental (1880+)
1930-10-01,1930.747,-0.12,instrumental (1880+)
1930-11-01,1930.832,0.17,instrumental (1880+)
1930-12-01,1930.914,-0.06,instrumental (1880+)
1931-01-01,1931.0,-0.1,instrumental (1880+)
1931-02-01,1931.085,-0.21,instrumental (1880+)
1931-03-01,1931.162,-0.11,instrumental (1880+)
1931-04-01,1931.246,-0.23,instrumental (1880+)
1931-05-01,1931.329,-0.2,instrumental (1880+)
1931-06-01,1931.413,-0.08,instrumental (1880+)
1931-07-01,1931.496,-0.04,instrumental (1880+)
1931-08-01,1931.58,-0.04,instrumental (1880+)
1931-09-01,1931.665,-0.07,instrumental (1880+)
1931-10-01,1931.747,0.04,instrumental (1880+)
1931-11-01,1931.832,-0.06,instrumental (1880+)
1931-12-01,1931.914,-0.06,instrumental (1880+)
1932-01-01,1932.0,0.14,instrumental (1880+)
1932-02-01,1932.085,-0.18,instrumental (1880+)
1932-03-01,1932.164,-0.18,instrumental (1880+)
1932-04-01,1932.249,-0.06,instrumental (1880+)
1932-05-01,1932.331,-0.18,instrumental (1880+)
1932-06-01,1932.416,-0.29,instrumental (1880+)
1932-07-01,1932.498,-0.25,instrumental (1880+)
1932-08-01,1932.583,-0.22,instrumental (1880+)
1932-09-01,1932.668,-0.11,instrumental (1880+)
1932-10-01,1932.75,-0.09,instrumental (1880+)
1932-11-01,1932.835,-0.28,instrumental (1880+)
1932-12-01,1932.917,-0.26,instrumental (1880+)
1933-01-01,1933.0,-0.24,instrumental (1880+)
1933-02-01,1933.085,-0.3,instrumental (1880+)
1933-03-01,1933.162,-0.3,instrumental (1880+)
1933-04-01,1933.246,-0.25,instrumental (1880+)
1933-05-01,1933.329,-0.3,instrumental (1880+)
1933-06-01,1933.413,-0.35,instrumental (1880+)
1933-07-01,1933.496,-0.21,instrumental (1880+)
1933-08-01,1933.58,-0.24,instrumental (1880+)
1933-09-01,1933.665,-0.3,instrumental (1880+)
1933-10-01,1933.747,-0.26,instrumental (1880+)
1933-11-01,1933.832,-0.31,instrumental (1880+)
1933-12-01,1933.914,-0.45,instrumental (1880+)
1934-01-01,1934.0,-0.22,instrumental (1880+)
1934-02-01,1934.085,-0.03,instrumental (1880+)
1934-03-01,1934.162,-0.3,instrumental (1880+)
1934-04-01,1934.246,-0.31,instrumental (1880+)
1934-05-01,1934.329,-0.1,instrumental (1880+)
1934-06-01,1934.413,-0.16,instrumental (1880+)
1934-07-01,1934.496,-0.11,instrumental (1880+)
1934-08-01,1934.58,-0.13,instrumental (1880+)
1934-09-01,1934.665,-0.16,instrumental (1880+)
1934-10-01,1934.747,-0.07,instrumental (1880+)
1934-11-01,1934.832,0.03,instrumental (1880+)
1934-12-01,1934.914,-0.03,instrumental (1880+)
1935-01-01,1935.0,-0.34,instrumental (1880+)
1935-02-01,1935.085,0.14,instrumental (1880+)
1935-03-01,1935.162,-0.15,instrumental (1880+)
1935-04-01,1935.246,-0.37,instrumental (1880+)
1935-05-01,1935.329,-0.3,instrumental (1880+)
1935-06-01,1935.413,-0.27,instrumental (1880+)
1935-07-01,1935.496,-0.22,instrumental (1880+)
1935-08-01,1935.58,-0.22,instrumental (1880+)
1935-09-01,1935.665,-0.22,instrumental (1880+)
1935-10-01,1935.747,-0.06,instrumental (1880+)
1935-11-01,1935.832,-0.27,instrumental (1880+)
1935-12-01,1935.914,-0.18,instrumental (1880+)
1936-01-01,1936.0,-0.28,instrumental (1880+)
1936-02-01,1936.085,-0.39,instrumental (1880+)
1936-03-01,1936.164,-0.22,instrumental (1880+)
1936-04-01,1936.249,-0.2,instrumental (1880+)
1936-05-01,1936.331,-0.17,instrumental (1880+)
1936-06-01,1936.416,-0.22,instrumental (1880+)
1936-07-01,1936.498,-0.1,instrumental (1880+)
1936-08-01,1936.583,-0.13,instrumental (1880+)
1936-09-01,1936.668,-0.1,instrumental (1880+)
1936-10-01,1936.75,-0.04,instrumental (1880+)
1936-11-01,1936.835,0.01,instrumental (1880+)
1936-12-01,1936.917,-0.02,instrumental (1880+)
1937-01-01,1937.0,-0.08,instrumental (1880+)
1937-02-01,1937.085,0.02,instrumental (1880+)
1937-03-01,1937.162,-0.21,instrumental (1880+)
1937-04-01,1937.246,-0.16,instrumental (1880+)
1937-05-01,1937.329,-0.06,instrumental (1880+)
1937-06-01,1937.413,-0.05,instrumental (1880+)
1937-07-01,1937.496,-0.04,instrumental (1880+)
1937-08-01,1937.58,0.01,instrumental (1880+)
1937-09-01,1937.665,0.08,instrumental (1880+)
1937-10-01,1937.747,0.08,instrumental (1880+)
1937-11-01,1937.832,0.08,instrumental (1880+)
1937-12-01,1937.914,-0.07,instrumental (1880+)
1938-01-01,1938.0,0.08,instrumental (1880+)
1938-02-01,1938.085,0.03,instrumental (1880+)
1938-03-01,1938.162,0.09,instrumental (1880+)
1938-04-01,1938.246,0.05,instrumental (1880+)
1938-05-01,1938.329,-0.1,instrumental (1880+)
1938-06-01,1938.413,-0.18,instrumental (1880+)
1938-07-01,1938.496,-0.1,instrumental (1880+)
1938-08-01,1938.58,-0.06,instrumental (1880+)
1938-09-01,1938.665,0.0,instrumental (1880+)
1938-10-01,1938.747,0.14,instrumental (1880+)
1938-11-01,1938.832,0.07,instrumental (1880+)
1938-12-01,1938.914,-0.13,instrumental (1880+)
1939-01-01,1939.0,-0.06,instrumental (1880+)
1939-02-01,1939.085,-0.07,instrumental (1880+)
1939-03-01,1939.162,-0.18,instrumental (1880+)
1939-04-01,1939.246,-0.1,instrumental (1880+)
1939-05-01,1939.329,-0.05,instrumental (1880+)
1939-06-01,1939.413,-0.07,instrumental (1880+)
1939-07-01,1939.496,-0.06,instrumental (1880+)
1939-08-01,1939.58,-0.06,instrumental (1880+)
1939-09-01,1939.665,-0.08,instrumental (1880+)
1939-10-01,1939.747,-0.04,instrumental (1880+)
1939-11-01,1939.832,0.06,instrumental (1880+)
1939-12-01,1939.914,0.43,instrumental (1880+)
1940-01-01,1940.0,-0.01,instrumental (1880+)
1940-02-01,1940.085,0.08,instrumental (1880+)
1940-03-01,1940.164,0.09,instrumental (1880+)
1940-04-01,1940.249,0.17,instrumental (1880+)
1940-05-01,1940.331,0.1,instrumental (1880+)
1940-06-01,1940.416,0.11,instrumental (1880+)
1940-07-01,1940.498,0.12,instrumental (1880+)
1940-08-01,1940.583,0.07,instrumental (1880+)
1940-09-01,1940.668,0.15,instrumental (1880+)
1940-10-01,1940.75,0.11,instrumental (1880+)
1940-11-01,1940.835,0.16,instrumental (1880+)
1940-12-01,1940.917,0.31,instrumental (1880+)
1941-01-01,1941.0,0.18,instrumental (1880+)
1941-02-01,1941.085,0.31,instrumental (1880+)
1941-03-01,1941.162,0.09,instrumental (1880+)
1941-04-01,1941.246,0.16,instrumental (1880+)
1941-05-01,1941.329,0.16,instrumental (1880+)
1941-06-01,1941.413,0.12,instrumental (1880+)
1941-07-01,1941.496,0.21,instrumental (1880+)
1941-08-01,1941.58,0.15,instrumental (1880+)
1941-09-01,1941.665,0.02,instrumental (1880+)
1941-10-01,1941.747,0.34,instrumental (1880+)
1941-11-01,1941.832,0.22,instrumental (1880+)
1941-12-01,1941.914,0.21,instrumental (1880+)
1942-01-01,1942.0,0.29,instrumental (1880+)
1942-02-01,1942.085,0.02,instrumental (1880+)
1942-03-01,1942.162,0.05,instrumental (1880+)
1942-04-01,1942.246,0.09,instrumental (1880+)
1942-05-01,1942.329,0.1,instrumental (1880+)
1942-06-01,1942.413,0.04,instrumental (1880+)
1942-07-01,1942.496,0.0,instrumental (1880+)
1942-08-01,1942.58,-0.04,instrumental (1880+)
1942-09-01,1942.665,-0.04,instrumental (1880+)
1942-10-01,1942.747,0.01,instrumental (1880+)
1942-11-01,1942.832,0.09,instrumental (1880+)
1942-12-01,1942.914,0.12,instrumental (1880+)
1943-01-01,1943.0,-0.01,instrumental (1880+)
1943-02-01,1943.085,0.17,instrumental (1880+)
1943-03-01,1943.162,-0.04,instrumental (1880+)
1943-04-01,1943.246,0.1,instrumental (1880+)
1943-05-01,1943.329,0.06,instrumental (1880+)
1943-06-01,1943.413,-0.06,instrumental (1880+)
1943-07-01,1943.496,0.08,instrumental (1880+)
1943-08-01,1943.58,0.01,instrumental (1880+)
1943-09-01,1943.665,0.05,instrumental (1880+)
1943-10-01,1943.747,0.22,instrumental (1880+)
1943-11-01,1943.832,0.19,instrumental (1880+)
1943-12-01,1943.914,0.23,instrumental (1880+)
1944-01-01,1944.0,0.36,instrumental (1880+)
1944-02-01,1944.085,0.24,instrumental (1880+)
1944-03-01,1944.164,0.26,instrumental (1880+)
1944-04-01,1944.249,0.19,instrumental (1880+)
1944-05-01,1944.331,0.18,instrumental (1880+)
1944-06-01,1944.416,0.15,instrumental (1880+)
1944-07-01,1944.498,0.17,instrumental (1880+)
1944-08-01,1944.583,0.18,instrumental (1880+)
1944-09-01,1944.668,0.27,instrumental (1880+)
1944-10-01,1944.75,0.26,instrumental (1880+)
1944-11-01,1944.835,0.1,instrumental (1880+)
1944-12-01,1944.917,0.03,instrumental (1880+)
1945-01-01,1945.0,0.09,instrumental (1880+)
1945-02-01,1945.085,0.0,instrumental (1880+)
1945-03-01,1945.162,0.05,instrumental (1880+)
1945-04-01,1945.246,0.19,instrumental (1880+)
1945-05-01,1945.329,0.05,instrumental (1880+)
1945-06-01,1945.413,0.0,instrumental (1880+)
1945-07-01,1945.496,0.03,instrumental (1880+)
1945-08-01,1945.58,0.26,instrumental (1880+)
1945-09-01,1945.665,0.2,instrumental (1880+)
1945-10-01,1945.747,0.18,instrumental (1880+)
1945-11-01,1945.832,0.06,instrumental (1880+)
1945-12-01,1945.914,-0.07,instrumental (1880+)
1946-01-01,1946.0,0.15,instrumental (1880+)
1946-02-01,1946.085,0.02,instrumental (1880+)
1946-03-01,1946.162,0.01,instrumental (1880+)
1946-04-01,1946.246,0.05,instrumental (1880+)
1946-05-01,1946.329,-0.08,instrumental (1880+)
1946-06-01,1946.413,-0.22,instrumental (1880+)
1946-07-01,1946.496,-0.13,instrumental (1880+)
1946-08-01,1946.58,-0.21,instrumental (1880+)
1946-09-01,1946.665,-0.09,instrumental (1880+)
1946-10-01,1946.747,-0.08,instrumental (1880+)
1946-11-01,1946.832,-0.06,instrumental (1880+)
1946-12-01,1946.914,-0.31,instrumental (1880+)
1947-01-01,1947.0,-0.07,instrumental (1880+)
1947-02-01,1947.085,-0.08,instrumental (1880+)
1947-03-01,1947.162,0.06,instrumental (1880+)
1947-04-01,1947.246,0.06,instrumental (1880+)
1947-05-01,1947.329,-0.02,instrumental (1880+)
1947-06-01,1947.413,-0.02,instrumental (1880+)
1947-07-01,1947.496,-0.05,instrumental (1880+)
1947-08-01,1947.58,-0.07,instrumental (1880+)
1947-09-01,1947.665,-0.13,instrumental (1880+)
1947-10-01,1947.747,0.07,instrumental (1880+)
1947-11-01,1947.832,0.02,instrumental (1880+)
1947-12-01,1947.914,-0.14,instrumental (1880+)
1948-01-01,1948.0,0.06,instrumental (1880+)
1948-02-01,1948.085,-0.15,instrumental (1880+)
1948-03-01,1948.164,-0.25,instrumental (1880+)
1948-04-01,1948.249,-0.12,instrumental (1880+)
1948-05-01,1948.331,-0.01,instrumental (1880+)
1948-06-01,1948.416,-0.05,instrumental (1880+)
1948-07-01,1948.498,-0.12,instrumental (1880+)
1948-08-01,1948.583,-0.12,instrumental (1880+)
1948-09-01,1948.668,-0.15,instrumental (1880+)
1948-10-01,1948.75,-0.06,instrumental (1880+)
1948-11-01,1948.835,-0.13,instrumental (1880+)
1948-12-01,1948.917,-0.24,instrumental (1880+)
1949-01-01,1949.0,0.06,instrumental (1880+)
1949-02-01,1949.085,-0.15,instrumental (1880+)
1949-03-01,1949.162,-0.03,instrumental (1880+)
1949-04-01,1949.246,-0.11,instrumental (1880+)
1949-05-01,1949.329,-0.11,instrumental (1880+)
1949-06-01,1949.413,-0.28,instrumental (1880+)
1949-07-01,1949.496,-0.13,instrumental (1880+)
1949-08-01,1949.58,-0.13,instrumental (1880+)
1949-09-01,1949.665,-0.15,instrumental (1880+)
1949-10-01,1949.747,-0.07,instrumental (1880+)
1949-11-01,1949.832,-0.11,instrumental (1880+)
1949-12-01,1949.914,-0.18,instrumental (1880+)
1950-01-01,1950.0,-0.26,instrumental (1880+)
1950-02-01,1950.085,-0.27,instrumental (1880+)
1950-03-01,1950.162,-0.08,instrumental (1880+)
1950-04-01,1950.246,-0.21,instrumental (1880+)
1950-05-01,1950.329,-0.12,instrumental (1880+)
1950-06-01,1950.413,-0.05,instrumental (1880+)
1950-07-01,1950.496,-0.09,instrumental (1880+)
1950-08-01,1950.58,-0.16,instrumental (1880+)
1950-09-01,1950.665,-0.12,instrumental (1880+)
1950-10-01,1950.747,-0.21,instrumental (1880+)
1950-11-01,1950.832,-0.34,instrumental (1880+)
1950-12-01,1950.914,-0.22,instrumental (1880+)
1951-01-01,1951.0,-0.34,instrumental (1880+)
1951-02-01,1951.085,-0.42,instrumental (1880+)
1951-03-01,1951.162,-0.21,instrumental (1880+)
1951-04-01,1951.246,-0.14,instrumental (1880+)
1951-05-01,1951.329,-0.01,instrumental (1880+)
1951-06-01,1951.413,-0.07,instrumental (1880+)
1951-07-01,1951.496,-0.01,instrumental (1880+)
1951-08-01,1951.58,0.06,instrumental (1880+)
1951-09-01,1951.665,0.05,instrumental (1880+)
1951-10-01,1951.747,0.07,instrumental (1880+)
1951-11-01,1951.832,-0.01,instrumental (1880+)
1951-12-01,1951.914,0.15,instrumental (1880+)
1952-01-01,1952.0,0.11,instrumental (1880+)
1952-02-01,1952.085,0.11,instrumental (1880+)
1952-03-01,1952.164,-0.08,instrumental (1880+)
1952-04-01,1952.249,0.03,instrumental (1880+)
1952-05-01,1952.331,-0.03,instrumental (1880+)
1952-06-01,1952.416,-0.03,instrumental (1880+)
1952-07-01,1952.498,0.04,instrumental (1880+)
1952-08-01,1952.583,0.05,instrumental (1880+)
1952-09-01,1952.668,0.06,instrumental (1880+)
1952-10-01,1952.75,-0.01,instrumental (1880+)
1952-11-01,1952.835,-0.13,instrumental (1880+)
1952-12-01,1952.917,-0.02,instrumental (1880+)
1953-01-01,1953.0,0.07,instrumental (1880+)
1953-02-01,1953.085,0.14,instrumental (1880+)
1953-03-01,1953.162,0.1,instrumental (1880+)
1953-04-01,1953.246,0.19,instrumental (1880+)
1953-05-01,1953.329,0.11,instrumental (1880+)
1953-06-01,1953.413,0.11,instrumental (1880+)
1953-07-01,1953.496,0.0,instrumental (1880+)
1953-08-01,1953.58,0.05,instrumental (1880+)
1953-09-01,1953.665,0.04,instrumental (1880+)
1953-10-01,1953.747,0.07,instrumental (1880+)
1953-11-01,1953.832,-0.03,instrumental (1880+)
1953-12-01,1953.914,0.04,instrumental (1880+)
1954-01-01,1954.0,-0.24,instrumental (1880+)
1954-02-01,1954.085,-0.1,instrumental (1880+)
1954-03-01,1954.162,-0.15,instrumental (1880+)
1954-04-01,1954.246,-0.14,instrumental (1880+)
1954-05-01,1954.329,-0.2,instrumental (1880+)
1954-06-01,1954.413,-0.19,instrumental (1880+)
1954-07-01,1954.496,-0.19,instrumental (1880+)
1954-08-01,1954.58,-0.18,instrumental (1880+)
1954-09-01,1954.665,-0.1,instrumental (1880+)
1954-10-01,1954.747,-0.02,instrumental (1880+)
1954-11-01,1954.832,0.08,instrumental (1880+)
1954-12-01,1954.914,-0.18,instrumental (1880+)
1955-01-01,1955.0,0.13,instrumental (1880+)
1955-02-01,1955.085,-0.16,instrumental (1880+)
1955-03-01,1955.162,-0.32,instrumental (1880+)
1955-04-01,1955.246,-0.22,instrumental (1880+)
1955-05-01,1955.329,-0.2,instrumental (1880+)
1955-06-01,1955.413,-0.14,instrumental (1880+)
1955-07-01,1955.496,-0.12,instrumental (1880+)
1955-08-01,1955.58,0.02,instrumental (1880+)
1955-09-01,1955.665,-0.11,instrumental (1880+)
1955-10-01,1955.747,-0.06,instrumental (1880+)
1955-11-01,1955.832,-0.25,instrumental (1880+)
1955-12-01,1955.914,-0.28,instrumental (1880+)
1956-01-01,1956.0,-0.13,instrumental (1880+)
1956-02-01,1956.085,-0.24,instrumental (1880+)
1956-03-01,1956.164,-0.21,instrumental (1880+)
1956-04-01,1956.249,-0.28,instrumental (1880+)
1956-05-01,1956.331,-0.29,instrumental (1880+)
1956-06-01,1956.416,-0.16,instrumental (1880+)
1956-07-01,1956.498,-0.09,instrumental (1880+)
1956-08-01,1956.583,-0.26,instrumental (1880+)
1956-09-01,1956.668,-0.19,instrumental (1880+)
1956-10-01,1956.75,-0.23,instrumental (1880+)
1956-11-01,1956.835,-0.15,instrumental (1880+)
1956-12-01,1956.917,-0.06,instrumental (1880+)
1957-01-01,1957.0,-0.09,instrumental (1880+)
1957-02-01,1957.085,-0.03,instrumental (1880+)
1957-03-01,1957.162,-0.04,instrumental (1880+)
1957-04-01,1957.246,0.01,instrumental (1880+)
1957-05-01,1957.329,0.09,instrumental (1880+)
1957-06-01,1957.413,0.16,instrumental (1880+)
1957-07-01,1957.496,0.03,instrumental (1880+)
1957-08-01,1957.58,0.13,instrumental (1880+)
1957-09-01,1957.665,0.07,instrumental (1880+)
1957-10-01,1957.747,0.0,instrumental (1880+)
1957-11-01,1957.832,0.07,instrumental (1880+)
1957-12-01,1957.914,0.14,instrumental (1880+)
1958-01-01,1958.0,0.39,instrumental (1880+)
1958-02-01,1958.085,0.21,instrumental (1880+)
1958-03-01,1958.162,0.09,instrumental (1880+)
1958-04-01,1958.246,0.01,instrumental (1880+)
1958-05-01,1958.329,0.05,instrumental (1880+)
1958-06-01,1958.413,-0.07,instrumental (1880+)
1958-07-01,1958.496,0.06,instrumental (1880+)
1958-08-01,1958.58,-0.03,instrumental (1880+)
1958-09-01,1958.665,-0.02,instrumental (1880+)
1958-10-01,1958.747,0.04,instrumental (1880+)
1958-11-01,1958.832,0.02,instrumental (1880+)
1958-12-01,1958.914,0.01,instrumental (1880+)
1959-01-01,1959.0,0.08,instrumental (1880+)
1959-02-01,1959.085,0.07,instrumental (1880+)
1959-03-01,1959.162,0.17,instrumental (1880+)
1959-04-01,1959.246,0.14,instrumental (1880+)
1959-05-01,1959.329,0.05,instrumental (1880+)
1959-06-01,1959.413,0.03,instrumental (1880+)
1959-07-01,1959.496,0.03,instrumental (1880+)
1959-08-01,1959.58,0.0,instrumental (1880+)
1959-09-01,1959.665,-0.06,instrumental (1880+)
1959-10-01,1959.747,-0.06,instrumental (1880+)
1959-11-01,1959.832,-0.08,instrumental (1880+)
1959-12-01,1959.914,-0.01,instrumental (1880+)
1960-01-01,1960.0,0.0,instrumental (1880+)
1960-02-01,1960.085,0.14,instrumental (1880+)
1960-03-01,1960.164,-0.34,instrumental (1880+)
1960-04-01,1960.249,-0.15,instrumental (1880+)
1960-05-01,1960.331,-0.08,instrumental (1880+)
1960-06-01,1960.416,-0.05,instrumental (1880+)
1960-07-01,1960.498,-0.04,instrumental (1880+)
1960-08-01,1960.583,0.03,instrumental (1880+)
1960-09-01,1960.668,0.06,instrumental (1880+)
1960-10-01,1960.75,0.05,instrumental (1880+)
1960-11-01,1960.835,-0.11,instrumental (1880+)
1960-12-01,1960.917,0.19,instrumental (1880+)
1961-01-01,1961.0,0.07,instrumental (1880+)
1961-02-01,1961.085,0.19,instrumental (1880+)
1961-03-01,1961.162,0.1,instrumental (1880+)
1961-04-01,1961.246,0.12,instrumental (1880+)
1961-05-01,1961.329,0.13,instrumental (1880+)
1961-06-01,1961.413,0.11,instrumental (1880+)
1961-07-01,1961.496,0.01,instrumental (1880+)
1961-08-01,1961.58,0.01,instrumental (1880+)
1961-09-01,1961.665,0.08,instrumental (1880+)
1961-10-01,1961.747,0.02,instrumental (1880+)
1961-11-01,1961.832,0.03,instrumental (1880+)
1961-12-01,1961.914,-0.16,instrumental (1880+)
1962-01-01,1962.0,0.06,instrumental (1880+)
1962-02-01,1962.085,0.16,instrumental (1880+)
1962-03-01,1962.162,0.11,instrumental (1880+)
1962-04-01,1962.246,0.06,instrumental (1880+)
1962-05-01,1962.329,-0.07,instrumental (1880+)
1962-06-01,1962.413,0.05,instrumental (1880+)
1962-07-01,1962.496,0.02,instrumental (1880+)
1962-08-01,1962.58,-0.02,instrumental (1880+)
1962-09-01,1962.665,0.02,instrumental (1880+)
1962-10-01,1962.747,0.02,instrumental (1880+)
1962-11-01,1962.832,0.06,instrumental (1880+)
1962-12-01,1962.914,-0.03,instrumental (1880+)
1963-01-01,1963.0,-0.03,instrumental (1880+)
1963-02-01,1963.085,0.19,instrumental (1880+)
1963-03-01,1963.162,-0.13,instrumental (1880+)
1963-04-01,1963.246,-0.07,instrumental (1880+)
1963-05-01,1963.329,-0.06,instrumental (1880+)
1963-06-01,1963.413,0.03,instrumental (1880+)
1963-07-01,1963.496,0.07,instrumental (1880+)
1963-08-01,1963.58,0.22,instrumental (1880+)
1963-09-01,1963.665,0.18,instrumental (1880+)
1963-10-01,1963.747,0.14,instrumental (1880+)
1963-11-01,1963.832,0.14,instrumental (1880+)
1963-12-01,1963.914,-0.03,instrumental (1880+)
1964-01-01,1964.0,-0.09,instrumental (1880+)
1964-02-01,1964.085,-0.1,instrumental (1880+)
1964-03-01,1964.164,-0.22,instrumental (1880+)
1964-04-01,1964.249,-0.32,instrumental (1880+)
1964-05-01,1964.331,-0.25,instrumental (1880+)
1964-06-01,1964.416,-0.05,instrumental (1880+)
1964-07-01,1964.498,-0.05,instrumental (1880+)
1964-08-01,1964.583,-0.21,instrumental (1880+)
1964-09-01,1964.668,-0.3,instrumental (1880+)
1964-10-01,1964.75,-0.31,instrumental (1880+)
1964-11-01,1964.835,-0.22,instrumental (1880+)
1964-12-01,1964.917,-0.3,instrumental (1880+)
1965-01-01,1965.0,-0.08,instrumental (1880+)
1965-02-01,1965.085,-0.17,instrumental (1880+)
1965-03-01,1965.162,-0.13,instrumental (1880+)
1965-04-01,1965.246,-0.2,instrumental (1880+)
1965-05-01,1965.329,-0.11,instrumental (1880+)
1965-06-01,1965.413,-0.08,instrumental (1880+)
1965-07-01,1965.496,-0.14,instrumental (1880+)
1965-08-01,1965.58,-0.05,instrumental (1880+)
1965-09-01,1965.665,-0.14,instrumental (1880+)
1965-10-01,1965.747,-0.06,instrumental (1880+)
1965-11-01,1965.832,-0.06,instrumental (1880+)
1965-12-01,1965.914,-0.08,instrumental (1880+)
1966-01-01,1966.0,-0.19,instrumental (1880+)
1966-02-01,1966.085,-0.05,instrumental (1880+)
1966-03-01,1966.162,0.03,instrumental (1880+)
1966-04-01,1966.246,-0.14,instrumental (1880+)
1966-05-01,1966.329,-0.12,instrumental (1880+)
1966-06-01,1966.413,-0.01,instrumental (1880+)
1966-07-01,1966.496,0.08,instrumental (1880+)
1966-08-01,1966.58,-0.08,instrumental (1880+)
1966-09-01,1966.665,-0.03,instrumental (1880+)
1966-10-01,1966.747,-0.16,instrumental (1880+)
1966-11-01,1966.832,-0.01,instrumental (1880+)
1966-12-01,1966.914,-0.03,instrumental (1880+)
1967-01-01,1967.0,-0.08,instrumental (1880+)
1967-02-01,1967.085,-0.21,instrumental (1880+)
1967-03-01,1967.162,0.05,instrumental (1880+)
1967-04-01,1967.246,-0.04,instrumental (1880+)
1967-05-01,1967.329,0.11,instrumental (1880+)
1967-06-01,1967.413,-0.08,instrumental (1880+)
1967-07-01,1967.496,0.03,instrumental (1880+)
1967-08-01,1967.58,-0.01,instrumental (1880+)
1967-09-01,1967.665,-0.05,instrumental (1880+)
1967-10-01,1967.747,0.1,instrumental (1880+)
1967-11-01,1967.832,-0.04,instrumental (1880+)
1967-12-01,1967.914,-0.05,instrumental (1880+)
1968-01-01,1968.0,-0.26,instrumental (1880+)
1968-02-01,1968.085,-0.15,instrumental (1880+)
1968-03-01,1968.164,0.2,instrumental (1880+)
1968-04-01,1968.249,-0.06,instrumental (1880+)
1968-05-01,1968.331,-0.13,instrumental (1880+)
1968-06-01,1968.416,-0.07,instrumental (1880+)
1968-07-01,1968.498,-0.12,instrumental (1880+)
1968-08-01,1968.583,-0.08,instrumental (1880+)
1968-09-01,1968.668,-0.17,instrumental (1880+)
1968-10-01,1968.75,0.09,instrumental (1880+)
1968-11-01,1968.835,-0.05,instrumental (1880+)
1968-12-01,1968.917,-0.14,instrumental (1880+)
1969-01-01,1969.0,-0.11,instrumental (1880+)
1969-02-01,1969.085,-0.17,instrumental (1880+)
1969-03-01,1969.162,0.01,instrumental (1880+)
1969-04-01,1969.246,0.17,instrumental (1880+)
1969-05-01,1969.329,0.18,instrumental (1880+)
1969-06-01,1969.413,0.04,instrumental (1880+)
1969-07-01,1969.496,-0.04,instrumental (1880+)
1969-08-01,1969.58,0.04,instrumental (1880+)
1969-09-01,1969.665,0.08,instrumental (1880+)
1969-10-01,1969.747,0.1,instrumental (1880+)
1969-11-01,1969.832,0.12,instrumental (1880+)
1969-12-01,1969.914,0.24,instrumental (1880+)
1970-01-01,1970.0,0.08,instrumental (1880+)
1970-02-01,1970.085,0.22,instrumental (1880+)
1970-03-01,1970.162,0.06,instrumental (1880+)
1970-04-01,1970.246,0.05,instrumental (1880+)
1970-05-01,1970.329,-0.04,instrumental (1880+)
1970-06-01,1970.413,-0.03,instrumental (1880+)
1970-07-01,1970.496,0.01,instrumental (1880+)
1970-08-01,1970.58,-0.1,instrumental (1880+)
1970-09-01,1970.665,0.11,instrumental (1880+)
1970-10-01,1970.747,0.03,instrumental (1880+)
1970-11-01,1970.832,0.02,instrumental (1880+)
1970-12-01,1970.914,-0.12,instrumental (1880+)
1971-01-01,1971.0,-0.03,instrumental (1880+)
1971-02-01,1971.085,-0.16,instrumental (1880+)
1971-03-01,1971.162,-0.18,instrumental (1880+)
1971-04-01,1971.246,-0.07,instrumental (1880+)
1971-05-01,1971.329,-0.05,instrumental (1880+)
1971-06-01,1971.413,-0.17,instrumental (1880+)
1971-07-01,1971.496,-0.08,instrumental (1880+)
1971-08-01,1971.58,-0.01,instrumental (1880+)
1971-09-01,1971.665,-0.06,instrumental (1880+)
1971-10-01,1971.747,-0.04,instrumental (1880+)
1971-11-01,1971.832,-0.07,instrumental (1880+)
1971-12-01,1971.914,-0.08,instrumental (1880+)
1972-01-01,1972.0,-0.22,instrumental (1880+)
1972-02-01,1972.085,-0.18,instrumental (1880+)
1972-03-01,1972.164,0.02,instrumental (1880+)
1972-04-01,1972.249,0.0,instrumental (1880+)
1972-05-01,1972.331,-0.03,instrumental (1880+)
1972-06-01,1972.416,0.04,instrumental (1880+)
1972-07-01,1972.498,0.01,instrumental (1880+)
1972-08-01,1972.583,0.16,instrumental (1880+)
1972-09-01,1972.668,0.02,instrumental (1880+)
1972-10-01,1972.75,0.08,instrumental (1880+)
1972-11-01,1972.835,0.03,instrumental (1880+)
1972-12-01,1972.917,0.17,instrumental (1880+)
1973-01-01,1973.0,0.29,instrumental (1880+)
1973-02-01,1973.085,0.33,instrumental (1880+)
1973-03-01,1973.162,0.29,instrumental (1880+)
1973-04-01,1973.246,0.28,instrumental (1880+)
1973-05-01,1973.329,0.23,instrumental (1880+)
1973-06-01,1973.413,0.19,instrumental (1880+)
1973-07-01,1973.496,0.13,instrumental (1880+)
1973-08-01,1973.58,0.05,instrumental (1880+)
1973-09-01,1973.665,0.09,instrumental (1880+)
1973-10-01,1973.747,0.1,instrumental (1880+)
1973-11-01,1973.832,0.05,instrumental (1880+)
1973-12-01,1973.914,-0.06,instrumental (1880+)
1974-01-01,1974.0,-0.1,instrumental (1880+)
1974-02-01,1974.085,-0.27,instrumental (1880+)
1974-03-01,1974.162,-0.05,instrumental (1880+)
1974-04-01,1974.246,-0.11,instrumental (1880+)
1974-05-01,1974.329,-0.04,instrumental (1880+)
1974-06-01,1974.413,-0.05,instrumental (1880+)
1974-07-01,1974.496,-0.03,instrumental (1880+)
1974-08-01,1974.58,0.11,instrumental (1880+)
1974-09-01,1974.665,-0.07,instrumental (1880+)
1974-10-01,1974.747,-0.05,instrumental (1880+)
1974-11-01,1974.832,-0.07,instrumental (1880+)
1974-12-01,1974.914,-0.08,instrumental (1880+)
1975-01-01,1975.0,0.11,instrumental (1880+)
1975-02-01,1975.085,0.08,instrumental (1880+)
1975-03-01,1975.162,0.13,instrumental (1880+)
1975-04-01,1975.246,0.04,instrumental (1880+)
1975-05-01,1975.329,0.16,instrumental (1880+)
1975-06-01,1975.413,-0.01,instrumental (1880+)
1975-07-01,1975.496,-0.01,instrumental (1880+)
1975-08-01,1975.58,-0.17,instrumental (1880+)
1975-09-01,1975.665,-0.03,instrumental (1880+)
1975-10-01,1975.747,-0.11,instrumental (1880+)
1975-11-01,1975.832,-0.17,instrumental (1880+)
1975-12-01,1975.914,-0.17,instrumental (1880+)
1976-01-01,1976.0,-0.03,instrumental (1880+)
1976-02-01,1976.085,-0.06,instrumental (1880+)
1976-03-01,1976.164,-0.21,instrumental (1880+)
1976-04-01,1976.249,-0.07,instrumental (1880+)
1976-05-01,1976.331,-0.2,instrumental (1880+)
1976-06-01,1976.416,-0.12,instrumental (1880+)
1976-07-01,1976.498,-0.1,instrumental (1880+)
1976-08-01,1976.583,-0.12,instrumental (1880+)
1976-09-01,1976.668,-0.06,instrumental (1880+)
1976-10-01,1976.75,-0.24,instrumental (1880+)
1976-11-01,1976.835,-0.06,instrumental (1880+)
1976-12-01,1976.917,0.11,instrumental (1880+)
1977-01-01,1977.0,0.18,instrumental (1880+)
1977-02-01,1977.085,0.23,instrumental (1880+)
1977-03-01,1977.162,0.25,instrumental (1880+)
1977-04-01,1977.246,0.27,instrumental (1880+)
1977-05-01,1977.329,0.33,instrumental (1880+)
1977-06-01,1977.413,0.27,instrumental (1880+)
1977-07-01,1977.496,0.2,instrumental (1880+)
1977-08-01,1977.58,0.18,instrumental (1880+)
1977-09-01,1977.665,0.02,instrumental (1880+)
1977-10-01,1977.747,0.03,instrumental (1880+)
1977-11-01,1977.832,0.16,instrumental (1880+)
1977-12-01,1977.914,0.03,instrumental (1880+)
1978-01-01,1978.0,0.06,instrumental (1880+)
1978-02-01,1978.085,0.1,instrumental (1880+)
1978-03-01,1978.162,0.19,instrumental (1880+)
1978-04-01,1978.246,0.17,instrumental (1880+)
1978-05-01,1978.329,0.09,instrumental (1880+)
1978-06-01,1978.413,-0.01,instrumental (1880+)
1978-07-01,1978.496,0.05,instrumental (1880+)
1978-08-01,1978.58,-0.13,instrumental (1880+)
1978-09-01,1978.665,0.06,instrumental (1880+)
1978-10-01,1978.747,0.03,instrumental (1880+)
1978-11-01,1978.832,0.14,instrumental (1880+)
1978-12-01,1978.914,0.08,instrumental (1880+)
1979-01-01,1979.0,0.09,instrumental (1880+)
1979-02-01,1979.085,-0.1,instrumental (1880+)
1979-03-01,1979.162,0.19,instrumental (1880+)
1979-04-01,1979.246,0.15,instrumental (1880+)
1979-05-01,1979.329,0.04,instrumental (1880+)
1979-06-01,1979.413,0.14,instrumental (1880+)
1979-07-01,1979.496,0.04,instrumental (1880+)
1979-08-01,1979.58,0.17,instrumental (1880+)
1979-09-01,1979.665,0.25,instrumental (1880+)
1979-10-01,1979.747,0.26,instrumental (1880+)
1979-11-01,1979.832,0.29,instrumental (1880+)
1979-12-01,1979.914,0.48,instrumental (1880+)
1980-01-01,1980.0,0.3,instrumental (1880+)
1980-02-01,1980.085,0.4,instrumental (1880+)
1980-03-01,1980.164,0.3,instrumental (1880+)
1980-04-01,1980.249,0.31,instrumental (1880+)
1980-05-01,1980.331,0.35,instrumental (1880+)
1980-06-01,1980.416,0.2,instrumental (1880+)
1980-07-01,1980.498,0.22,instrumental (1880+)
1980-08-01,1980.583,0.19,instrumental (1880+)
1980-09-01,1980.668,0.21,instrumental (1880+)
1980-10-01,1980.75,0.13,instrumental (1880+)
1980-11-01,1980.835,0.3,instrumental (1880+)
1980-12-01,1980.917,0.22,instrumental (1880+)
1981-01-01,1981.0,0.53,instrumental (1880+)
1981-02-01,1981.085,0.42,instrumental (1880+)
1981-03-01,1981.162,0.48,instrumental (1880+)
1981-04-01,1981.246,0.33,instrumental (1880+)
1981-05-01,1981.329,0.25,instrumental (1880+)
1981-06-01,1981.413,0.29,instrumental (1880+)
1981-07-01,1981.496,0.32,instrumental (1880+)
1981-08-01,1981.58,0.35,instrumental (1880+)
1981-09-01,1981.665,0.15,instrumental (1880+)
1981-10-01,1981.747,0.12,instrumental (1880+)
1981-11-01,1981.832,0.23,instrumental (1880+)
1981-12-01,1981.914,0.41,instrumental (1880+)
1982-01-01,1982.0,0.05,instrumental (1880+)
1982-02-01,1982.085,0.16,instrumental (1880+)
1982-03-01,1982.162,0.03,instrumental (1880+)
1982-04-01,1982.246,0.15,instrumental (1880+)
1982-05-01,1982.329,0.18,instrumental (1880+)
1982-06-01,1982.413,0.06,instrumental (1880+)
1982-07-01,1982.496,0.15,instrumental (1880+)
1982-08-01,1982.58,0.04,instrumental (1880+)
1982-09-01,1982.665,0.14,instrumental (1880+)
1982-10-01,1982.747,0.13,instrumental (1880+)
1982-11-01,1982.832,0.18,instrumental (1880+)
1982-12-01,1982.914,0.42,instrumental (1880+)
1983-01-01,1983.0,0.53,instrumental (1880+)
1983-02-01,1983.085,0.43,instrumental (1880+)
1983-03-01,1983.162,0.42,instrumental (1880+)
1983-04-01,1983.246,0.28,instrumental (1880+)
1983-05-01,1983.329,0.33,instrumental (1880+)
1983-06-01,1983.413,0.23,instrumental (1880+)
1983-07-01,1983.496,0.18,instrumental (1880+)
1983-08-01,1983.58,0.35,instrumental (1880+)
1983-09-01,1983.665,0.37,instrumental (1880+)
1983-10-01,1983.747,0.16,instrumental (1880+)
1983-11-01,1983.832,0.3,instrumental (1880+)
1983-12-01,1983.914,0.17,instrumental (1880+)
1984-01-01,1984.0,0.31,instrumental (1880+)
1984-02-01,1984.085,0.14,instrumental (1880+)
1984-03-01,1984.164,0.26,instrumental (1880+)
1984-04-01,1984.249,0.06,instrumental (1880+)
1984-05-01,1984.331,0.33,instrumental (1880+)
1984-06-01,1984.416,0.02,instrumental (1880+)
1984-07-01,1984.498,0.19,instrumental (1880+)
1984-08-01,1984.583,0.19,instrumental (1880+)
1984-09-01,1984.668,0.21,instrumental (1880+)
1984-10-01,1984.75,0.14,instrumental (1880+)
1984-11-01,1984.835,0.07,instrumental (1880+)
1984-12-01,1984.917,-0.04,instrumental (1880+)
1985-01-01,1985.0,0.22,instrumental (1880+)
1985-02-01,1985.085,-0.03,instrumental (1880+)
1985-03-01,1985.162,0.17,instrumental (1880+)
1985-04-01,1985.246,0.12,instrumental (1880+)
1985-05-01,1985.329,0.15,instrumental (1880+)
1985-06-01,1985.413,0.15,instrumental (1880+)
1985-07-01,1985.496,0.04,instrumental (1880+)
1985-08-01,1985.58,0.17,instrumental (1880+)
1985-09-01,1985.665,0.13,instrumental (1880+)
1985-10-01,1985.747,0.11,instrumental (1880+)
1985-11-01,1985.832,0.05,instrumental (1880+)
1985-12-01,1985.914,0.13,instrumental (1880+)
1986-01-01,1986.0,0.28,instrumental (1880+)
1986-02-01,1986.085,0.37,instrumental (1880+)
1986-03-01,1986.162,0.3,instrumental (1880+)
1986-04-01,1986.246,0.23,instrumental (1880+)
1986-05-01,1986.329,0.21,instrumental (1880+)
1986-06-01,1986.413,0.12,instrumental (1880+)
1986-07-01,1986.496,0.11,instrumental (1880+)
1986-08-01,1986.58,0.16,instrumental (1880+)
1986-09-01,1986.665,0.03,instrumental (1880+)
1986-10-01,1986.747,0.15,instrumental (1880+)
1986-11-01,1986.832,0.11,instrumental (1880+)
1986-12-01,1986.914,0.14,instrumental (1880+)
1987-01-01,1987.0,0.33,instrumental (1880+)
1987-02-01,1987.085,0.43,instrumental (1880+)
1987-03-01,1987.162,0.18,instrumental (1880+)
1987-04-01,1987.246,0.25,instrumental (1880+)
1987-05-01,1987.329,0.25,instrumental (1880+)
1987-06-01,1987.413,0.35,instrumental (1880+)
1987-07-01,1987.496,0.4,instrumental (1880+)
1987-08-01,1987.58,0.25,instrumental (1880+)
1987-09-01,1987.665,0.35,instrumental (1880+)
1987-10-01,1987.747,0.32,instrumental (1880+)
1987-11-01,1987.832,0.29,instrumental (1880+)
1987-12-01,1987.914,0.47,instrumental (1880+)
1988-01-01,1988.0,0.57,instrumental (1880+)
1988-02-01,1988.085,0.45,instrumental (1880+)
1988-03-01,1988.164,0.51,instrumental (1880+)
1988-04-01,1988.249,0.43,instrumental (1880+)
1988-05-01,1988.331,0.44,instrumental (1880+)
1988-06-01,1988.416,0.4,instrumental (1880+)
1988-07-01,1988.498,0.33,instrumental (1880+)
1988-08-01,1988.583,0.39,instrumental (1880+)
1988-09-01,1988.668,0.36,instrumental (1880+)
1988-10-01,1988.75,0.38,instrumental (1880+)
1988-11-01,1988.835,0.12,instrumental (1880+)
1988-12-01,1988.917,0.28,instrumental (1880+)
1989-01-01,1989.0,0.12,instrumental (1880+)
1989-02-01,1989.085,0.3,instrumental (1880+)
1989-03-01,1989.162,0.36,instrumental (1880+)
1989-04-01,1989.246,0.29,instrumental (1880+)
1989-05-01,1989.329,0.17,instrumental (1880+)
1989-06-01,1989.413,0.17,instrumental (1880+)
1989-07-01,1989.496,0.34,instrumental (1880+)
1989-08-01,1989.58,0.34,instrumental (1880+)
1989-09-01,1989.665,0.35,instrumental (1880+)
1989-10-01,1989.747,0.29,instrumental (1880+)
1989-11-01,1989.832,0.19,instrumental (1880+)
1989-12-01,1989.914,0.37,instrumental (1880+)
1990-01-01,1990.0,0.42,instrumental (1880+)
1990-02-01,1990.085,0.44,instrumental (1880+)
1990-03-01,1990.162,0.8,instrumental (1880+)
1990-04-01,1990.246,0.57,instrumental (1880+)
1990-05-01,1990.329,0.46,instrumental (1880+)
1990-06-01,1990.413,0.39,instrumental (1880+)
1990-07-01,1990.496,0.46,instrumental (1880+)
1990-08-01,1990.58,0.35,instrumental (1880+)
1990-09-01,1990.665,0.24,instrumental (1880+)
1990-10-01,1990.747,0.45,instrumental (1880+)
1990-11-01,1990.832,0.47,instrumental (1880+)
1990-12-01,1990.914,0.41,instrumental (1880+)
1991-01-01,1991.0,0.43,instrumental (1880+)
1991-02-01,1991.085,0.5,instrumental (1880+)
1991-03-01,1991.162,0.35,instrumental (1880+)
1991-04-01,1991.246,0.51,instrumental (1880+)
1991-05-01,1991.329,0.34,instrumental (1880+)
1991-06-01,1991.413,0.53,instrumental (1880+)
1991-07-01,1991.496,0.47,instrumental (1880+)
1991-08-01,1991.58,0.4,instrumental (1880+)
1991-09-01,1991.665,0.44,instrumental (1880+)
1991-10-01,1991.747,0.28,instrumental (1880+)
1991-11-01,1991.832,0.3,instrumental (1880+)
1991-12-01,1991.914,0.32,instrumental (1880+)
1992-01-01,1992.0,0.47,instrumental (1880+)
1992-02-01,1992.085,0.41,instrumental (1880+)
1992-03-01,1992.164,0.48,instrumental (1880+)
1992-04-01,1992.249,0.27,instrumental (1880+)
1992-05-01,1992.331,0.3,instrumental (1880+)
1992-06-01,1992.416,0.26,instrumental (1880+)
1992-07-01,1992.498,0.09,instrumental (1880+)
1992-08-01,1992.583,0.08,instrumental (1880+)
1992-09-01,1992.668,0.0,instrumental (1880+)
1992-10-01,1992.75,0.06,instrumental (1880+)
1992-11-01,1992.835,0.03,instrumental (1880+)
1992-12-01,1992.917,0.21,instrumental (1880+)
1993-01-01,1993.0,0.34,instrumental (1880+)
1993-02-01,1993.085,0.37,instrumental (1880+)
1993-03-01,1993.162,0.36,instrumental (1880+)
1993-04-01,1993.246,0.28,instrumental (1880+)
1993-05-01,1993.329,0.29,instrumental (1880+)
1993-06-01,1993.413,0.23,instrumental (1880+)
1993-07-01,1993.496,0.25,instrumental (1880+)
1993-08-01,1993.58,0.11,instrumental (1880+)
1993-09-01,1993.665,0.12,instrumental (1880+)
1993-10-01,1993.747,0.23,instrumental (1880+)
1993-11-01,1993.832,0.04,instrumental (1880+)
1993-12-01,1993.914,0.18,instrumental (1880+)
1994-01-01,1994.0,0.26,instrumental (1880+)
1994-02-01,1994.085,0.03,instrumental (1880+)
1994-03-01,1994.162,0.3,instrumental (1880+)
1994-04-01,1994.246,0.41,instrumental (1880+)
1994-05-01,1994.329,0.28,instrumental (1880+)
1994-06-01,1994.413,0.44,instrumental (1880+)
1994-07-01,1994.496,0.3,instrumental (1880+)
1994-08-01,1994.58,0.22,instrumental (1880+)
1994-09-01,1994.665,0.3,instrumental (1880+)
1994-10-01,1994.747,0.42,instrumental (1880+)
1994-11-01,1994.832,0.45,instrumental (1880+)
1994-12-01,1994.914,0.38,instrumental (1880+)
1995-01-01,1995.0,0.52,instrumental (1880+)
1995-02-01,1995.085,0.79,instrumental (1880+)
1995-03-01,1995.162,0.47,instrumental (1880+)
1995-04-01,1995.246,0.47,instrumental (1880+)
1995-05-01,1995.329,0.28,instrumental (1880+)
1995-06-01,1995.413,0.43,instrumental (1880+)
1995-07-01,1995.496,0.46,instrumental (1880+)
1995-08-01,1995.58,0.46,instrumental (1880+)
1995-09-01,1995.665,0.34,instrumental (1880+)
1995-10-01,1995.747,0.48,instrumental (1880+)
1995-11-01,1995.832,0.45,instrumental (1880+)
1995-12-01,1995.914,0.26,instrumental (1880+)
1996-01-01,1996.0,0.23,instrumental (1880+)
1996-02-01,1996.085,0.47,instrumental (1880+)
1996-03-01,1996.164,0.33,instrumental (1880+)
1996-04-01,1996.249,0.32,instrumental (1880+)
1996-05-01,1996.331,0.28,instrumental (1880+)
1996-06-01,1996.416,0.26,instrumental (1880+)
1996-07-01,1996.498,0.36,instrumental (1880+)
1996-08-01,1996.583,0.48,instrumental (1880+)
1996-09-01,1996.668,0.26,instrumental (1880+)
1996-10-01,1996.75,0.2,instrumental (1880+)
1996-11-01,1996.835,0.39,instrumental (1880+)
1996-12-01,1996.917,0.37,instrumental (1880+)
1997-01-01,1997.0,0.3,instrumental (1880+)
1997-02-01,1997.085,0.42,instrumental (1880+)
1997-03-01,1997.162,0.52,instrumental (1880+)
1997-04-01,1997.246,0.35,instrumental (1880+)
1997-05-01,1997.329,0.36,instrumental (1880+)
1997-06-01,1997.413,0.54,instrumental (1880+)
1997-07-01,1997.496,0.34,instrumental (1880+)
1997-08-01,1997.58,0.43,instrumental (1880+)
1997-09-01,1997.665,0.53,instrumental (1880+)
1997-10-01,1997.747,0.6,instrumental (1880+)
1997-11-01,1997.832,0.64,instrumental (1880+)
1997-12-01,1997.914,0.58,instrumental (1880+)
1998-01-01,1998.0,0.59,instrumental (1880+)
1998-02-01,1998.085,0.88,instrumental (1880+)
1998-03-01,1998.162,0.64,instrumental (1880+)
1998-04-01,1998.246,0.64,instrumental (1880+)
1998-05-01,1998.329,0.67,instrumental (1880+)
1998-06-01,1998.413,0.76,instrumental (1880+)
1998-07-01,1998.496,0.68,instrumental (1880+)
1998-08-01,1998.58,0.66,instrumental (1880+)
1998-09-01,1998.665,0.42,instrumental (1880+)
1998-10-01,1998.747,0.43,instrumental (1880+)
1998-11-01,1998.832,0.44,instrumental (1880+)
1998-12-01,1998.914,0.56,instrumental (1880+)
1999-01-01,1999.0,0.49,instrumental (1880+)
1999-02-01,1999.085,0.65,instrumental (1880+)
1999-03-01,1999.162,0.33,instrumental (1880+)
1999-04-01,1999.246,0.33,instrumental (1880+)
1999-05-01,1999.329,0.28,instrumental (1880+)
1999-06-01,1999.413,0.36,instrumental (1880+)
1999-07-01,1999.496,0.39,instrumental (1880+)
1999-08-01,1999.58,0.33,instrumental (1880+)
1999-09-01,1999.665,0.39,instrumental (1880+)
1999-10-01,1999.747,0.35,instrumental (1880+)
1999-11-01,1999.832,0.38,instrumental (1880+)
1999-12-01,1999.914,0.41,instrumental (1880+)
2000-01-01,2000.0,0.26,instrumental (1880+)
2000-02-01,2000.085,0.57,instrumental (1880+)
2000-03-01,2000.164,0.55,instrumental (1880+)
2000-04-01,2000.249,0.58,instrumental (1880+)
2000-05-01,2000.331,0.36,instrumental (1880+)
2000-06-01,2000.416,0.4,instrumental (1880+)
2000-07-01,2000.498,0.38,instrumental (1880+)
2000-08-01,2000.583,0.43,instrumental (1880+)
2000-09-01,2000.668,0.4,instrumental (1880+)
2000-10-01,2000.75,0.28,instrumental (1880+)
2000-11-01,2000.835,0.31,instrumental (1880+)
2000-12-01,2000.917,0.29,instrumental (1880+)
2001-01-01,2001.0,0.45,instrumental (1880+)
2001-02-01,2001.085,0.44,instrumental (1880+)
2001-03-01,2001.162,0.55,instrumental (1880+)
2001-04-01,2001.246,0.5,instrumental (1880+)
2001-05-01,2001.329,0.57,instrumental (1880+)
2001-06-01,2001.413,0.52,instrumental (1880+)
2001-07-01,2001.496,0.59,instrumental (1880+)
2001-08-01,2001.58,0.48,instrumental (1880+)
2001-09-01,2001.665,0.51,instrumental (1880+)
2001-10-01,2001.747,0.5,instrumental (1880+)
2001-11-01,2001.832,0.72,instrumental (1880+)
2001-12-01,2001.914,0.55,instrumental (1880+)
2002-01-01,2002.0,0.77,instrumental (1880+)
2002-02-01,2002.085,0.78,instrumental (1880+)
2002-03-01,2002.162,0.88,instrumental (1880+)
2002-04-01,2002.246,0.58,instrumental (1880+)
2002-05-01,2002.329,0.64,instrumental (1880+)
2002-06-01,2002.413,0.53,instrumental (1880+)
2002-07-01,2002.496,0.61,instrumental (1880+)
2002-08-01,2002.58,0.53,instrumental (1880+)
2002-09-01,2002.665,0.64,instrumental (1880+)
2002-10-01,2002.747,0.54,instrumental (1880+)
2002-11-01,2002.832,0.59,instrumental (1880+)
2002-12-01,2002.914,0.44,instrumental (1880+)
2003-01-01,2003.0,0.74,instrumental (1880+)
2003-02-01,2003.085,0.58,instrumental (1880+)
2003-03-01,2003.162,0.6,instrumental (1880+)
2003-04-01,2003.246,0.55,instrumental (1880+)
2003-05-01,2003.329,0.6,instrumental (1880+)
2003-06-01,2003.413,0.48,instrumental (1880+)
2003-07-01,2003.496,0.58,instrumental (1880+)
2003-08-01,2003.58,0.64,instrumental (1880+)
2003-09-01,2003.665,0.62,instrumental (1880+)
2003-10-01,2003.747,0.72,instrumental (1880+)
2003-11-01,2003.832,0.53,instrumental (1880+)
2003-12-01,2003.914,0.75,instrumental (1880+)
2004-01-01,2004.0,0.58,instrumental (1880+)
2004-02-01,2004.085,0.72,instrumental (1880+)
2004-03-01,2004.164,0.63,instrumental (1880+)
2004-04-01,2004.249,0.61,instrumental (1880+)
2004-05-01,2004.331,0.37,instrumental (1880+)
2004-06-01,2004.416,0.44,instrumental (1880+)
2004-07-01,2004.498,0.26,instrumental (1880+)
2004-08-01,2004.583,0.45,instrumental (1880+)
2004-09-01,2004.668,0.5,instrumental (1880+)
2004-10-01,2004.75,0.61,instrumental (1880+)
2004-11-01,2004.835,0.73,instrumental (1880+)
2004-12-01,2004.917,0.5,instrumental (1880+)
2005-01-01,2005.0,0.75,instrumental (1880+)
2005-02-01,2005.085,0.6,instrumental (1880+)
2005-03-01,2005.162,0.74,instrumental (1880+)
2005-04-01,2005.246,0.67,instrumental (1880+)
2005-05-01,2005.329,0.63,instrumental (1880+)
2005-06-01,2005.413,0.65,instrumental (1880+)
2005-07-01,2005.496,0.61,instrumental (1880+)
2005-08-01,2005.58,0.6,instrumental (1880+)
2005-09-01,2005.665,0.72,instrumental (1880+)
2005-10-01,2005.747,0.76,instrumental (1880+)
2005-11-01,2005.832,0.74,instrumental (1880+)
2005-12-01,2005.914,0.68,instrumental (1880+)
2006-01-01,2006.0,0.56,instrumental (1880+)
2006-02-01,2006.085,0.74,instrumental (1880+)
2006-03-01,2006.162,0.63,instrumental (1880+)
2006-04-01,2006.246,0.47,instrumental (1880+)
2006-05-01,2006.329,0.48,instrumental (1880+)
2006-06-01,2006.413,0.67,instrumental (1880+)
2006-07-01,2006.496,0.54,instrumental (1880+)
2006-08-01,2006.58,0.71,instrumental (1880+)
2006-09-01,2006.665,0.66,instrumental (1880+)
2006-10-01,2006.747,0.71,instrumental (1880+)
2006-11-01,2006.832,0.74,instrumental (1880+)
2006-12-01,2006.914,0.79,instrumental (1880+)
2007-01-01,2007.0,1.01,instrumental (1880+)
2007-02-01,2007.085,0.7,instrumental (1880+)
2007-03-01,2007.162,0.72,instrumental (1880+)
2007-04-01,2007.246,0.77,instrumental (1880+)
2007-05-01,2007.329,0.69,instrumental (1880+)
2007-06-01,2007.413,0.61,instrumental (1880+)
2007-07-01,2007.496,0.6,instrumental (1880+)
2007-08-01,2007.58,0.6,instrumental (1880+)
2007-09-01,2007.665,0.61,instrumental (1880+)
2007-10-01,2007.747,0.59,instrumental (1880+)
2007-11-01,2007.832,0.59,instrumental (1880+)
2007-12-01,2007.914,0.5,instrumental (1880+)
2008-01-01,2008.0,0.3,instrumental (1880+)
2008-02-01,2008.085,0.38,instrumental (1880+)
2008-03-01,2008.164,0.75,instrumental (1880+)
2008-04-01,2008.249,0.54,instrumental (1880+)
2008-05-01,2008.331,0.5,instrumental (1880+)
2008-06-01,2008.416,0.5,instrumental (1880+)
2008-07-01,2008.498,0.6,instrumental (1880+)
2008-08-01,2008.583,0.45,instrumental (1880+)
2008-09-01,2008.668,0.61,instrumental (1880+)
2008-10-01,2008.75,0.67,instrumental (1880+)
2008-11-01,2008.835,0.7,instrumental (1880+)
2008-12-01,2008.917,0.54,instrumental (1880+)
2009-01-01,2009.0,0.65,instrumental (1880+)
2009-02-01,2009.085,0.53,instrumental (1880+)
2009-03-01,2009.162,0.53,instrumental (1880+)
2009-04-01,2009.246,0.61,instrumental (1880+)
2009-05-01,2009.329,0.65,instrumental (1880+)
2009-06-01,2009.413,0.64,instrumental (1880+)
2009-07-01,2009.496,0.74,instrumental (1880+)
2009-08-01,2009.58,0.69,instrumental (1880+)
2009-09-01,2009.665,0.72,instrumental (1880+)
2009-10-01,2009.747,0.65,instrumental (1880+)
2009-11-01,2009.832,0.8,instrumental (1880+)
2009-12-01,2009.914,0.67,instrumental (1880+)
2010-01-01,2010.0,0.75,instrumental (1880+)
2010-02-01,2010.085,0.84,instrumental (1880+)
2010-03-01,2010.162,0.92,instrumental (1880+)
2010-04-01,2010.246,0.85,instrumental (1880+)
2010-05-01,2010.329,0.75,instrumental (1880+)
2010-06-01,2010.413,0.68,instrumental (1880+)
2010-07-01,2010.496,0.63,instrumental (1880+)
2010-08-01,2010.58,0.67,instrumental (1880+)
2010-09-01,2010.665,0.63,instrumental (1880+)
2010-10-01,2010.747,0.71,instrumental (1880+)
2010-11-01,2010.832,0.82,instrumental (1880+)
2010-12-01,2010.914,0.45,instrumental (1880+)
2011-01-01,2011.0,0.52,instrumental (1880+)
2011-02-01,2011.085,0.47,instrumental (1880+)
2011-03-01,2011.162,0.65,instrumental (1880+)
2011-04-01,2011.246,0.64,instrumental (1880+)
2011-05-01,2011.329,0.53,instrumental (1880+)
2011-06-01,2011.413,0.62,instrumental (1880+)
2011-07-01,2011.496,0.71,instrumental (1880+)
2011-08-01,2011.58,0.75,instrumental (1880+)
2011-09-01,2011.665,0.56,instrumental (1880+)
2011-10-01,2011.747,0.65,instrumental (1880+)
2011-11-01,2011.832,0.59,instrumental (1880+)
2011-12-01,2011.914,0.6,instrumental (1880+)
2012-01-01,2012.0,0.47,instrumental (1880+)
2012-02-01,2012.085,0.48,instrumental (1880+)
2012-03-01,2012.164,0.57,instrumental (1880+)
2012-04-01,2012.249,0.73,instrumental (1880+)
2012-05-01,2012.331,0.78,instrumental (1880+)
2012-06-01,2012.416,0.65,instrumental (1880+)
2012-07-01,2012.498,0.59,instrumental (1880+)
2012-08-01,2012.583,0.66,instrumental (1880+)
2012-09-01,2012.668,0.72,instrumental (1880+)
2012-10-01,2012.75,0.8,instrumental (1880+)
2012-11-01,2012.835,0.78,instrumental (1880+)
2012-12-01,2012.917,0.53,instrumental (1880+)
2013-01-01,2013.0,0.71,instrumental (1880+)
2013-02-01,2013.085,0.62,instrumental (1880+)
2013-03-01,2013.162,0.67,instrumental (1880+)
2013-04-01,2013.246,0.53,instrumental (1880+)
2013-05-01,2013.329,0.6,instrumental (1880+)
2013-06-01,2013.413,0.7,instrumental (1880+)
2013-07-01,2013.496,0.6,instrumental (1880+)
2013-08-01,2013.58,0.71,instrumental (1880+)
2013-09-01,2013.665,0.77,instrumental (1880+)
2013-10-01,2013.747,0.69,instrumental (1880+)
2013-11-01,2013.832,0.83,instrumental (1880+)
2013-12-01,2013.914,0.7,instrumental (1880+)
2014-01-01,2014.0,0.76,instrumental (1880+)
2014-02-01,2014.085,0.55,instrumental (1880+)
2014-03-01,2014.162,0.78,instrumental (1880+)
2014-04-01,2014.246,0.81,instrumental (1880+)
2014-05-01,2014.329,0.86,instrumental (1880+)
2014-06-01,2014.413,0.67,instrumental (1880+)
2014-07-01,2014.496,0.58,instrumental (1880+)
2014-08-01,2014.58,0.84,instrumental (1880+)
2014-09-01,2014.665,0.88,instrumental (1880+)
2014-10-01,2014.747,0.8,instrumental (1880+)
2014-11-01,2014.832,0.67,instrumental (1880+)
2014-12-01,2014.914,0.79,instrumental (1880+)
2015-01-01,2015.0,0.86,instrumental (1880+)
2015-02-01,2015.085,0.91,instrumental (1880+)
2015-03-01,2015.162,0.96,instrumental (1880+)
2015-04-01,2015.246,0.75,instrumental (1880+)
2015-05-01,2015.329,0.8,instrumental (1880+)
2015-06-01,2015.413,0.81,instrumental (1880+)
2015-07-01,2015.496,0.73,instrumental (1880+)
2015-08-01,2015.58,0.8,instrumental (1880+)
2015-09-01,2015.665,0.83,instrumental (1880+)
2015-10-01,2015.747,1.08,instrumental (1880+)
2015-11-01,2015.832,1.06,instrumental (1880+)
2015-12-01,2015.914,1.17,instrumental (1880+)
2016-01-01,2016.0,1.18,instrumental (1880+)
2016-02-01,2016.085,1.36,instrumental (1880+)
2016-03-01,2016.164,1.35,instrumental (1880+)
2016-04-01,2016.249,1.09,instrumental (1880+)
2016-05-01,2016.331,0.96,instrumental (1880+)
2016-06-01,2016.416,0.8,instrumental (1880+)
2016-07-01,2016.498,0.84,instrumental (1880+)
2016-08-01,2016.583,1.02,instrumental (1880+)
2016-09-01,2016.668,0.9,instrumental (1880+)
2016-10-01,2016.75,0.87,instrumental (1880+)
2016-11-01,2016.835,0.91,instrumental (1880+)
2016-12-01,2016.917,0.86,instrumental (1880+)
2017-01-01,2017.0,1.02,instrumental (1880+)
2017-02-01,2017.085,1.13,instrumental (1880+)
2017-03-01,2017.162,1.16,instrumental (1880+)
2017-04-01,2017.246,0.93,instrumental (1880+)
2017-05-01,2017.329,0.91,instrumental (1880+)
2017-06-01,2017.413,0.71,instrumental (1880+)
2017-07-01,2017.496,0.82,instrumental (1880+)
2017-08-01,2017.58,0.87,instrumental (1880+)
2017-09-01,2017.665,0.74,instrumental (1880+)
2017-10-01,2017.747,0.88,instrumental (1880+)
2017-11-01,2017.832,0.87,instrumental (1880+)
2017-12-01,2017.914,0.93,instrumental (1880+)
2018-01-01,2018.0,0.82,instrumental (1880+)
2018-02-01,2018.085,0.85,instrumental (1880+)
2018-03-01,2018.162,0.88,instrumental (1880+)
2018-04-01,2018.246,0.88,instrumental (1880+)
2018-05-01,2018.329,0.81,instrumental (1880+)
2018-06-01,2018.413,0.77,instrumental (1880+)
2018-07-01,2018.496,0.83,instrumental (1880+)
2018-08-01,2018.58,0.78,instrumental (1880+)
2018-09-01,2018.665,0.8,instrumental (1880+)
2018-10-01,2018.747,1.02,instrumental (1880+)
2018-11-01,2018.832,0.83,instrumental (1880+)
2018-12-01,2018.914,0.92,instrumental (1880+)
2019-01-01,2019.0,0.93,instrumental (1880+)
2019-02-01,2019.085,0.95,instrumental (1880+)
2019-03-01,2019.162,1.17,instrumental (1880+)
2019-04-01,2019.246,1.0,instrumental (1880+)
2019-05-01,2019.329,0.86,instrumental (1880+)
2019-06-01,2019.413,0.9,instrumental (1880+)
2019-07-01,2019.496,0.94,instrumental (1880+)
2019-08-01,2019.58,0.95,instrumental (1880+)
2019-09-01,2019.665,0.93,instrumental (1880+)
2019-10-01,2019.747,1.0,instrumental (1880+)
2019-11-01,2019.832,0.99,instrumental (1880+)
2019-12-01,2019.914,1.11,instrumental (1880+)
2020-01-01,2020.0,1.18,instrumental (1880+)
2020-02-01,2020.085,1.24,instrumental (1880+)
2020-03-01,2020.164,1.18,instrumental (1880+)
2020-04-01,2020.249,1.12,instrumental (1880+)
2020-05-01,2020.331,0.99,instrumental (1880+)
2020-06-01,2020.416,0.91,instrumental (1880+)
2020-07-01,2020.498,0.89,instrumental (1880+)
2020-08-01,2020.583,0.86,instrumental (1880+)
2020-09-01,2020.668,0.96,instrumental (1880+)
2020-10-01,2020.75,0.87,instrumental (1880+)
2020-11-01,2020.835,1.08,instrumental (1880+)
2020-12-01,2020.917,0.8,instrumental (1880+)
2021-01-01,2021.0,0.81,instrumental (1880+)
2021-02-01,2021.085,0.64,instrumental (1880+)
2021-03-01,2021.162,0.89,instrumental (1880+)
2021-04-01,2021.246,0.76,instrumental (1880+)
2021-05-01,2021.329,0.79,instrumental (1880+)
2021-06-01,2021.413,0.85,instrumental (1880+)
2021-07-01,2021.496,0.92,instrumental (1880+)
2021-08-01,2021.58,0.81,instrumental (1880+)
2021-09-01,2021.665,0.92,instrumental (1880+)
2021-10-01,2021.747,0.98,instrumental (1880+)
2021-11-01,2021.832,0.92,instrumental (1880+)
2021-12-01,2021.914,0.88,instrumental (1880+)
2022-01-01,2022.0,0.91,instrumental (1880+)
2022-02-01,2022.085,0.89,instrumental (1880+)
2022-03-01,2022.162,1.04,instrumental (1880+)
2022-04-01,2022.246,0.83,instrumental (1880+)
2022-05-01,2022.329,0.84,instrumental (1880+)
2022-06-01,2022.413,0.92,instrumental (1880+)
2022-07-01,2022.496,0.94,instrumental (1880+)
2022-08-01,2022.58,0.94,instrumental (1880+)
2022-09-01,2022.665,0.88,instrumental (1880+)
2022-10-01,2022.747,0.97,instrumental (1880+)
2022-11-01,2022.832,0.73,instrumental (1880+)
2022-12-01,2022.914,0.8,instrumental (1880+)
2023-01-01,2023.0,0.87,instrumental (1880+)
2023-02-01,2023.085,0.96,instrumental (1880+)
2023-03-01,2023.162,1.23,instrumental (1880+)
2023-04-01,2023.246,0.98,instrumental (1880+)
2023-05-01,2023.329,0.94,instrumental (1880+)
2023-06-01,2023.413,1.08,instrumental (1880+)
2023-07-01,2023.496,1.19,instrumental (1880+)
2023-08-01,2023.58,1.19,instrumental (1880+)
2023-09-01,2023.665,1.48,instrumental (1880+)
2023-10-01,2023.747,1.34,instrumental (1880+)
2023-11-01,2023.832,1.4,instrumental (1880+)
2023-12-01,2023.914,1.35,instrumental (1880+)
2024-01-01,2024.0,1.25,instrumental (1880+)
2024-02-01,2024.085,1.44,instrumental (1880+)
2024-03-01,2024.164,1.39,instrumental (1880+)
2024-04-01,2024.249,1.31,instrumental (1880+)
2024-05-01,2024.331,1.16,instrumental (1880+)
2024-06-01,2024.416,1.23,instrumental (1880+)
2024-07-01,2024.498,1.2,instrumental (1880+)
2024-08-01,2024.583,1.3,instrumental (1880+)
2024-09-01,2024.668,1.21,instrumental (1880+)
2024-10-01,2024.75,1.35,instrumental (1880+)
2024-11-01,2024.835,1.3,instrumental (1880+)
2024-12-01,2024.917,1.27,instrumental (1880+)
2025-01-01,2025.0,1.38,instrumental (1880+)
2025-02-01,2025.085,1.26,instrumental (1880+)
2025-03-01,2025.162,1.37,instrumental (1880+)
2025-04-01,2025.246,1.24,instrumental (1880+)
2025-05-01,2025.329,1.08,instrumental (1880+)
2025-06-01,2025.413,1.07,instrumental (1880+)
2025-07-01,2025.496,1.02,instrumental (1880+)
2025-08-01,2025.58,1.18,instrumental (1880+)
2025-09-01,2025.665,1.25,instrumental (1880+)
2025-10-01,2025.747,1.19,instrumental (1880+)
2025-11-01,2025.832,1.21,instrumental (1880+)
2025-12-01,2025.914,1.06,instrumental (1880+)
2026-01-01,2026.0,1.08,instrumental (1880+)
2026-02-01,2026.085,1.24,instrumental (1880+)
2026-03-01,2026.162,1.32,instrumental (1880+)
2026-04-01,2026.246,1.17,instrumental (1880+)
2026-05-01,2026.329,1.13,instrumental (1880+)
2026-06-01,2026.413,1.18,instrumental (1880+)
2026-07-01,2026.496,1.23,instrumental (1880+)
