age_Ma,benthic_d18O_permil,global_mean_surface_temp_C
0.000564,3.52,-0.2419999999999991
0.002689,3.57,-0.3886666666666656
0.003099,3.56,-0.35933333333333195
0.004131,3.51,-0.21266666666666545
0.005134,3.7,-0.7699999999999996
0.005617,3.91,-1.3859999999999992
0.005917,3.81,-1.0926666666666662
0.007103,3.83,-1.1513333333333335
0.007579,4.23,-2.3246666666666673
0.00858899999999999,3.82,-1.1219999999999999
0.010024,4.71,-3.732666666666667
0.010076,5.14,-4.994
0.011553,4.82,-4.0553333333333335
0.012469,4.82,-4.0553333333333335
0.013048,5.22,-5.2286666666666655
0.014006,5.38,-5.698
0.014914,5.46,-5.932666666666666
0.015196,5.25,-5.316666666666666
0.015414,5.39,-5.727333333333331
0.016821,5.35,-5.609999999999999
0.017359,5.34,-5.580666666666666
0.017785,5.19,-5.140666666666668
0.018229,5.3,-5.463333333333331
0.019636,5.22,-5.2286666666666655
0.019804,5.13,-4.964666666666666
0.019804,5.22,-5.2286666666666655
0.020375,5.09,-4.8473333333333315
0.022249,5.12,-4.9353333333333325
0.022964,4.98,-4.524666666666668
0.023859,5.03,-4.671333333333333
0.024626,5.07,-4.788666666666668
0.024969,4.97,-4.495333333333331
0.02575,4.94,-4.407333333333334
0.026585,4.94,-4.407333333333334
0.026585,4.94,-4.407333333333334
0.026833,4.87,-4.202
0.027694,4.97,-4.495333333333331
0.0282,4.89,-4.2606666666666655
0.02904,5.03,-4.671333333333333
0.029815,4.92,-4.3486666666666665
0.031246,4.79,-3.9673333333333325
0.031246,4.83,-4.084666666666667
0.031431,4.84,-4.113999999999999
0.031583,4.87,-4.202
0.033046,4.81,-4.026
0.033453,4.83,-4.084666666666667
0.033528,4.85,-4.143333333333331
0.034662,4.86,-4.172666666666668
0.035472,4.65,-3.5566666666666684
0.036277,4.82,-4.0553333333333335
0.037892,4.72,-3.7619999999999987
0.037892,4.79,-3.9673333333333325
0.039361,4.78,-3.9380000000000006
0.039508,4.72,-3.7619999999999987
0.040074,4.78,-3.9380000000000006
0.041123,4.93,-4.378
0.041306,4.86,-4.172666666666668
0.042281,4.73,-3.791333333333334
0.042738,4.72,-3.7619999999999987
0.04325,4.74,-3.8206666666666678
0.04325,4.86,-4.172666666666668
0.044354,4.65,-3.5566666666666684
0.044487,4.45,-2.9700000000000006
0.045181,4.61,-3.439333333333334
0.04604,4.6,-3.4099999999999984
0.046625,4.89,-4.2606666666666655
0.046758,4.79,-3.9673333333333325
0.047773,4.61,-3.439333333333334
0.048431,4.85,-4.143333333333331
0.049049,4.57,-3.322000000000001
0.049507,4.76,-3.8793333333333315
0.050236,4.86,-4.172666666666668
0.05124,4.9,-4.290000000000001
0.051339,4.54,-3.234
0.052042,4.73,-3.791333333333334
0.052973,4.75,-3.8499999999999996
0.053629,4.67,-3.615333333333332
0.053629,4.73,-3.791333333333334
0.053847,4.46,-2.9993333333333325
0.054707,4.65,-3.5566666666666684
0.055111,4.67,-3.615333333333332
0.05592,4.74,-3.8206666666666678
0.05644,4.75,-3.8499999999999996
0.057458,4.75,-3.8499999999999996
0.058173,4.8,-3.996666666666666
0.05821,4.67,-3.615333333333332
0.059264,4.8,-3.996666666666666
0.059907,4.85,-4.143333333333331
0.0605,4.98,-4.524666666666668
0.061069,4.94,-4.407333333333334
0.061069,5.11,-4.906000000000002
0.06164,4.72,-3.7619999999999987
0.06279,4.97,-4.495333333333331
0.062875,4.97,-4.495333333333331
0.063373,4.81,-4.026
0.064681,5.01,-4.612666666666666
0.065081,4.92,-4.3486666666666665
0.066486,5.02,-4.6419999999999995
0.067371,4.77,-3.908666666666665
0.067371,4.78,-3.9380000000000006
0.069093,4.82,-4.0553333333333335
0.0694319999999999,4.56,-3.2926666666666655
0.070097,4.65,-3.5566666666666684
0.070827,4.51,-3.145999999999999
0.070827,4.6,-3.4099999999999984
0.072533,4.41,-2.852666666666666
0.072533,4.66,-3.5860000000000003
0.072683,4.52,-3.175333333333331
0.073409,4.5,-3.1166666666666654
0.073409,4.56,-3.2926666666666655
0.0756,4.44,-2.940666666666667
0.076085,4.44,-2.940666666666667
0.076735,4.23,-2.3246666666666673
0.078667,4.37,-2.735333333333333
0.078761,4.23,-2.3246666666666673
0.080787,4.13,-2.0313333333333325
0.080787,4.29,-2.5006666666666657
0.081438,4.12,-2.001999999999999
0.081733,4.36,-2.7060000000000013
0.0841139999999999,4.22,-2.295333333333332
0.0848,3.93,-1.4446666666666665
0.0848,4.27,-2.4419999999999984
0.08484,4.21,-2.266
0.0867909999999999,4.24,-2.354000000000001
0.087867,4.09,-1.9139999999999997
0.088892,4.51,-3.145999999999999
0.088892,4.53,-3.2046666666666663
0.090933,4.68,-3.644666666666666
0.094,4.27,-2.4419999999999984
0.094,4.42,-2.8819999999999997
0.095583,4.59,-3.3806666666666665
0.095856,4.32,-2.5886666666666667
0.096118,4.48,-3.0580000000000016
0.098055,4.5,-3.1166666666666654
0.098236,4.19,-2.2073333333333345
0.100526,4.34,-2.647333333333332
0.102472,4.11,-1.972666666666667
0.102998,4.21,-2.266
0.102998,4.22,-2.295333333333332
0.102998,4.36,-2.7060000000000013
0.103389,4.01,-1.6793333333333322
0.105516,4.1,-1.9433333333333316
0.105987,3.98,-1.591333333333333
0.105987,4.28,-2.471333333333334
0.108225,4.13,-2.0313333333333325
0.10874,4.07,-1.8553333333333342
0.109195,4.36,-2.7060000000000013
0.110935,4.13,-2.0313333333333325
0.110935,4.26,-2.4126666666666647
0.111493,4.3,-2.5299999999999994
0.111493,4.34,-2.647333333333332
0.111517,4.31,-2.5593333333333312
0.113645,4.39,-2.7939999999999987
0.113839,4.61,-3.439333333333334
0.116064,4.62,-3.4686666666666675
0.116193,4.28,-2.471333333333334
0.116957,4.42,-2.8819999999999997
0.118191,4.37,-2.735333333333333
0.120318,4.43,-2.9113333333333316
0.120395,4.12,-2.001999999999999
0.120963,4.58,-3.351333333333333
0.122446,3.81,-1.0926666666666662
0.122446,4.21,-2.266
0.123348,4.21,-2.266
0.123521,3.86,-1.2393333333333327
0.123521,3.93,-1.4446666666666665
0.124573,3.32,0.3446666666666687
0.125733,3.89,-1.3273333333333337
0.126646,3.43,0.02200000000000024
0.1267,3.83,-1.1513333333333335
0.127737,3.41,0.08066666666666755
0.127844,3.58,-0.41799999999999926
0.128822,3.21,0.6673333333333336
0.128822,3.85,-1.209999999999999
0.12947,3.74,-0.8873333333333342
0.129643,3.52,-0.2419999999999991
0.130746,3.37,0.1980000000000004
0.130746,4.28,-2.471333333333334
0.131443,3.55,-0.3299999999999983
0.13267,4.23,-2.3246666666666673
0.132935,4.99,-4.554
0.133242,4.81,-4.026
0.134554,5.16,-5.052666666666667
0.134668,5.32,-5.522000000000002
0.135041,5.21,-5.199333333333332
0.136371,5.24,-5.287333333333333
0.138188,5.2,-5.170000000000002
0.14009,5.3,-5.463333333333331
0.141717,5.19,-5.140666666666668
0.142062,5.07,-4.788666666666668
0.14289,5.18,-5.111333333333331
0.144034,5.19,-5.140666666666668
0.146006,4.81,-4.026
0.146006,4.98,-4.524666666666668
0.146824,5.0,-4.583333333333332
0.14715,5.11,-4.906000000000002
0.147978,4.79,-3.9673333333333325
0.148432,4.96,-4.465999999999999
0.148961,4.97,-4.495333333333331
0.149753,4.92,-4.3486666666666665
0.150772,5.1,-4.876666666666665
0.152934,4.73,-3.791333333333334
0.153893,5.1,-4.876666666666665
0.154703,5.03,-4.671333333333333
0.155865,4.9,-4.290000000000001
0.156205,5.12,-4.9353333333333325
0.15631,4.82,-4.0553333333333335
0.157837,4.77,-3.908666666666665
0.158016,4.79,-3.9673333333333325
0.159809,4.99,-4.554
0.160214,4.71,-3.732666666666667
0.161781,4.79,-3.9673333333333325
0.161781,4.85,-4.143333333333331
0.162485,4.77,-3.908666666666665
0.164911,4.8,-3.996666666666666
0.167083,4.82,-4.0553333333333335
0.167336,4.62,-3.4686666666666675
0.168899,4.64,-3.527333333333331
0.169762,4.69,-3.6739999999999995
0.170714,4.63,-3.4979999999999993
0.172187,4.72,-3.7619999999999987
0.174345,4.96,-4.465999999999999
0.174613,4.54,-3.234
0.176161,4.85,-4.143333333333331
0.177038,4.7,-3.703333333333333
0.179464,4.86,-4.172666666666668
0.179792,4.69,-3.6739999999999995
0.181889,4.73,-3.791333333333334
0.181889,4.91,-4.319333333333333
0.185238,4.9,-4.290000000000001
0.18674,4.77,-3.908666666666665
0.188869,4.66,-3.5860000000000003
0.190685,4.1,-1.9433333333333316
0.190685,4.24,-2.354000000000001
0.190916,4.36,-2.7060000000000013
0.191591,4.12,-2.001999999999999
0.191591,4.53,-3.2046666666666663
0.193629,3.9,-1.3566666666666656
0.194017,4.21,-2.266
0.1962,3.92,-1.4153333333333329
0.1962,4.21,-2.266
0.196418,4.04,-1.7673333333333332
0.198682,3.83,-1.1513333333333335
0.198682,3.85,-1.209999999999999
0.198682,4.09,-1.9139999999999997
0.19888,4.0,-1.6499999999999986
0.201169,3.89,-1.3273333333333337
0.201169,3.94,-1.4740000000000002
0.201169,3.94,-1.4740000000000002
0.201612,3.69,-0.7406666666666659
0.201813,3.69,-0.7406666666666659
0.203656,3.97,-1.5619999999999994
0.204747,4.01,-1.6793333333333322
0.207706,3.94,-1.4740000000000002
0.208382,3.98,-1.591333333333333
0.210904,3.92,-1.4153333333333329
0.214857,3.82,-1.1219999999999999
0.214857,4.1,-1.9433333333333316
0.217298,3.74,-0.8873333333333342
0.217845,4.1,-1.9433333333333316
0.218334,3.69,-0.7406666666666659
0.220413,3.78,-1.0046666666666653
0.220637,3.85,-1.209999999999999
0.220695,3.81,-1.0926666666666662
0.223078,4.09,-1.9139999999999997
0.223185,3.94,-1.4740000000000002
0.225675,3.97,-1.5619999999999994
0.225742,4.66,-3.5860000000000003
0.225742,4.7,-3.703333333333333
0.225742,4.85,-4.143333333333331
0.228165,4.68,-3.644666666666666
0.228165,4.75,-3.8499999999999996
0.228902,4.54,-3.234
0.231083,4.69,-3.6739999999999995
0.233378,4.28,-2.471333333333334
0.234197,4.55,-3.263333333333332
0.235793,4.62,-3.4686666666666675
0.237348,4.63,-3.4979999999999993
0.238232,4.21,-2.266
0.238913,4.14,-2.060666666666666
0.240829,4.1,-1.9433333333333316
0.241303,4.18,-2.177999999999999
0.241303,4.44,-2.940666666666667
0.243105,3.59,-0.4473333333333329
0.243105,3.69,-0.7406666666666659
0.243455,3.84,-1.1806666666666654
0.243859,3.51,-0.21266666666666545
0.245024,4.29,-2.5006666666666657
0.246143,3.78,-1.0046666666666653
0.246143,4.51,-3.145999999999999
0.246593,4.67,-3.615333333333332
0.248427,4.7,-3.703333333333333
0.250711,4.56,-3.2926666666666655
0.251938,4.93,-4.378
0.252712,4.98,-4.524666666666668
0.254163,4.97,-4.495333333333331
0.255772,4.93,-4.378
0.256403,4.87,-4.202
0.256859,4.89,-4.2606666666666655
0.257718,5.07,-4.788666666666668
0.257757,4.71,-3.732666666666667
0.258643,4.81,-4.026
0.258643,4.91,-4.319333333333333
0.25928,4.89,-4.2606666666666655
0.260098,4.63,-3.4979999999999993
0.260098,4.75,-3.8499999999999996
0.260883,4.72,-3.7619999999999987
0.2617,4.72,-3.7619999999999987
0.261728,4.87,-4.202
0.262238,4.67,-3.615333333333332
0.263123,4.8,-3.996666666666666
0.263713,4.81,-4.026
0.264123,4.82,-4.0553333333333335
0.264856,4.8,-3.996666666666666
0.265363,4.84,-4.113999999999999
0.266543,4.75,-3.8499999999999996
0.267236,4.94,-4.407333333333334
0.267603,4.83,-4.084666666666667
0.267684,4.64,-3.527333333333331
0.268862,4.89,-4.2606666666666655
0.268862,4.95,-4.436666666666667
0.269589,4.84,-4.113999999999999
0.269589,5.02,-4.6419999999999995
0.269669,4.96,-4.465999999999999
0.269843,4.86,-4.172666666666668
0.271013,4.92,-4.3486666666666665
0.273162,4.77,-3.908666666666665
0.273588,4.68,-3.644666666666666
0.273588,4.8,-3.996666666666666
0.27364,4.85,-4.143333333333331
0.274167,4.96,-4.465999999999999
0.275312,4.86,-4.172666666666668
0.277461,4.69,-3.6739999999999995
0.278618,4.89,-4.2606666666666655
0.284576,4.47,-3.028666666666666
0.284576,4.48,-3.0580000000000016
0.288392,4.3,-2.5299999999999994
0.289424,4.23,-2.3246666666666673
0.290867,4.53,-3.2046666666666663
0.291849,3.94,-1.4740000000000002
0.293342,4.54,-3.234
0.293342,4.67,-3.615333333333332
0.294273,4.29,-2.5006666666666657
0.295817,4.48,-3.0580000000000016
0.296697,4.86,-4.172666666666668
0.298045,4.79,-3.9673333333333325
0.300765,4.5,-3.1166666666666654
0.301545,4.73,-3.791333333333334
0.303346,4.6,-3.4099999999999984
0.306918,4.24,-2.354000000000001
0.306918,4.67,-3.615333333333332
0.309175,4.36,-2.7060000000000013
0.311748,4.2,-2.2366666666666664
0.313707,4.68,-3.644666666666666
0.316893,4.3,-2.5299999999999994
0.318469,3.92,-1.4153333333333329
0.319466,4.17,-2.1486666666666654
0.32085,3.98,-1.591333333333333
0.322039,3.93,-1.4446666666666665
0.322039,3.96,-1.5326666666666657
0.32329,4.12,-2.001999999999999
0.326281,3.55,-0.3299999999999983
0.32862,3.58,-0.41799999999999926
0.329274,3.6,-0.47666666666666657
0.332267,3.46,-0.06599999999999895
0.334689,3.24,0.5793333333333344
0.335669,3.39,0.1393333333333331
0.336905,3.36,0.22733333333333405
0.336905,3.61,-0.5059999999999985
0.3389,4.17,-2.1486666666666654
0.3389,4.19,-2.2073333333333345
0.343553,4.86,-4.172666666666668
0.343553,4.99,-4.554
0.345767,5.2,-5.170000000000002
0.348168,4.42,-2.8819999999999997
0.350591,4.82,-4.0553333333333335
0.350594,5.2,-5.170000000000002
0.352683,4.76,-3.8793333333333315
0.353014,4.83,-4.084666666666667
0.354771,4.82,-4.0553333333333335
0.354771,4.96,-4.465999999999999
0.355437,4.78,-3.9380000000000006
0.356859,4.76,-3.8793333333333315
0.356859,4.8,-3.996666666666666
0.35786,4.91,-4.319333333333333
0.361036,4.88,-4.231333333333332
0.365126,4.83,-4.084666666666667
0.365213,5.01,-4.612666666666666
0.367549,4.78,-3.9380000000000006
0.367549,4.87,-4.202
0.369971,4.67,-3.615333333333332
0.372394,4.71,-3.732666666666667
0.373566,4.87,-4.202
0.374575,4.61,-3.439333333333334
0.375655,4.75,-3.8499999999999996
0.376133,4.65,-3.5566666666666684
0.37724,4.55,-3.263333333333332
0.377743,4.5,-3.1166666666666654
0.378919,4.58,-3.351333333333333
0.379663,4.35,-2.676666666666666
0.379831,4.49,-3.0873333333333335
0.379831,4.57,-3.322000000000001
0.382086,4.68,-3.644666666666666
0.38449,4.54,-3.234
0.38449,4.58,-3.351333333333333
0.384506,4.22,-2.295333333333332
0.386929,4.6,-3.4099999999999984
0.387276,4.42,-2.8819999999999997
0.389352,4.25,-2.383333333333333
0.389352,4.35,-2.676666666666666
0.390273,4.2,-2.2366666666666664
0.390356,4.35,-2.676666666666666
0.391775,4.31,-2.5593333333333312
0.392361,4.33,-2.6180000000000003
0.394197,4.24,-2.354000000000001
0.394197,4.35,-2.676666666666666
0.39662,4.08,-1.884666666666666
0.398716,4.18,-2.177999999999999
0.398716,4.32,-2.5886666666666667
0.399116,4.16,-2.1193333333333335
0.399351,4.14,-2.060666666666666
0.399908,4.1,-1.9433333333333316
0.402313,3.74,-0.8873333333333342
0.404678,3.32,0.3446666666666687
0.404678,3.57,-0.3886666666666656
0.40523,3.84,-1.1806666666666654
0.40523,3.95,-1.5033333333333339
0.407063,3.42,0.0513333333333339
0.408143,3.34,0.28600000000000136
0.408643,4.04,-1.7673333333333332
0.409296,3.37,0.1980000000000004
0.409296,3.46,-0.06599999999999895
0.410063,3.35,0.2566666666666677
0.41087,3.43,0.02200000000000024
0.411344,3.32,0.3446666666666687
0.41285,3.81,-1.0926666666666662
0.41285,3.87,-1.2686666666666664
0.41291,3.71,-0.7993333333333332
0.414333,3.91,-1.3859999999999992
0.414333,4.02,-1.708666666666666
0.414893,3.49,-0.15399999999999991
0.415592,5.04,-4.700666666666667
0.416416,4.29,-2.5006666666666657
0.416416,5.1,-4.876666666666665
0.416936,3.74,-0.8873333333333342
0.416936,3.98,-1.591333333333333
0.417167,5.17,-5.082000000000001
0.418741,5.41,-5.7860000000000005
0.418849,3.59,-0.4473333333333329
0.418849,4.33,-2.6180000000000003
0.418979,4.09,-1.9139999999999997
0.421039,4.17,-2.1486666666666654
0.422268,4.43,-2.9113333333333316
0.422268,5.09,-4.8473333333333315
0.422704,4.24,-2.354000000000001
0.423008,5.5,-6.05
0.423034,5.26,-5.346
0.423543,5.46,-5.932666666666666
0.423543,5.46,-5.932666666666666
0.42378,5.34,-5.580666666666666
0.423979,5.23,-5.258000000000003
0.424799,5.26,-5.346
0.425218,5.4,-5.756666666666668
0.425292,5.33,-5.551333333333332
0.425678,5.33,-5.551333333333332
0.425793,5.32,-5.522000000000002
0.426308,5.21,-5.199333333333332
0.426527,5.12,-4.9353333333333325
0.426527,5.19,-5.140666666666668
0.426804,5.22,-5.2286666666666655
0.427375,4.67,-3.615333333333332
0.428224,4.85,-4.143333333333331
0.428571,4.92,-4.3486666666666665
0.429073,4.58,-3.351333333333333
0.429409,4.84,-4.113999999999999
0.429923,4.82,-4.0553333333333335
0.429931,4.98,-4.524666666666668
0.430686,4.83,-4.084666666666667
0.430975,4.82,-4.0553333333333335
0.43131,5.02,-4.6419999999999995
0.43131,5.03,-4.671333333333333
0.43134,5.17,-5.082000000000001
0.43162,5.03,-4.671333333333333
0.43269,4.74,-3.8206666666666678
0.432851,5.05,-4.73
0.432851,5.09,-4.8473333333333315
0.433327,4.93,-4.378
0.433327,5.02,-4.6419999999999995
0.434069,4.94,-4.407333333333334
0.434363,4.94,-4.407333333333334
0.435448,4.99,-4.554
0.435875,5.03,-4.671333333333333
0.437902,4.91,-4.319333333333333
0.437902,4.97,-4.495333333333331
0.43808,4.86,-4.172666666666668
0.441073,5.1,-4.876666666666665
0.442855,4.69,-3.6739999999999995
0.444244,4.65,-3.5566666666666684
0.44763,4.64,-3.527333333333331
0.453756,4.86,-4.172666666666668
0.454243,4.76,-3.8793333333333315
0.454243,4.93,-4.378
0.456927,4.96,-4.465999999999999
0.461803,4.34,-2.647333333333332
0.463268,4.8,-3.996666666666666
0.466439,4.64,-3.527333333333331
0.466439,4.85,-4.143333333333331
0.46961,4.48,-3.0580000000000016
0.47278,4.51,-3.145999999999999
0.473902,4.32,-2.5886666666666667
0.473902,4.4,-2.823333333333334
0.483161,4.13,-2.0313333333333325
0.484117,3.99,-1.6206666666666667
0.484117,4.13,-2.0313333333333325
0.486166,4.2,-2.2366666666666664
0.488588,3.78,-1.0046666666666653
0.488674,3.85,-1.209999999999999
0.49101,3.86,-1.2393333333333327
0.492171,3.9,-1.3566666666666656
0.492887,3.94,-1.4740000000000002
0.492887,4.16,-2.1193333333333335
0.493432,3.72,-0.8286666666666669
0.494885,4.25,-2.383333333333333
0.496058,4.01,-1.6793333333333322
0.497943,4.61,-3.439333333333334
0.499226,4.54,-3.234
0.499244,4.01,-1.6793333333333322
0.500081,4.55,-3.263333333333332
0.500081,4.59,-3.3806666666666665
0.500335,3.98,-1.591333333333333
0.501364,4.21,-2.266
0.502151,3.92,-1.4153333333333329
0.502219,4.62,-3.4686666666666675
0.503502,4.54,-3.234
0.504221,3.81,-1.0926666666666662
0.504357,4.46,-2.9993333333333325
0.50564,4.51,-3.145999999999999
0.50564,4.51,-3.145999999999999
0.506495,4.45,-2.9700000000000006
0.507718,4.08,-1.884666666666666
0.507778,4.42,-2.8819999999999997
0.508633,4.38,-2.764666666666665
0.509916,4.27,-2.4419999999999984
0.510771,4.41,-2.852666666666666
0.510884,4.22,-2.295333333333332
0.510884,4.24,-2.354000000000001
0.511605,4.28,-2.471333333333334
0.512054,4.24,-2.354000000000001
0.512904,4.38,-2.764666666666665
0.512908999999999,4.34,-2.647333333333332
0.514192,4.19,-2.2073333333333345
0.514923,4.37,-2.735333333333333
0.515047,4.27,-2.4419999999999984
0.517025,4.18,-2.177999999999999
0.517288,3.93,-1.4446666666666665
0.517288,4.32,-2.5886666666666667
0.518097999999999,4.13,-2.0313333333333325
0.518097999999999,4.4,-2.823333333333334
0.519221,4.24,-2.354000000000001
0.519613,4.24,-2.354000000000001
0.519613,4.46,-2.9993333333333325
0.520514999999999,4.18,-2.177999999999999
0.521008,4.32,-2.5886666666666667
0.521938,4.32,-2.5886666666666667
0.522604,4.02,-1.708666666666666
0.523333,4.34,-2.647333333333332
0.523333,4.39,-2.7939999999999987
0.524263,4.45,-2.9700000000000006
0.525625,4.16,-2.1193333333333335
0.525625,4.25,-2.383333333333333
0.525658,4.42,-2.8819999999999997
0.526381,4.11,-1.972666666666667
0.526461,4.21,-2.266
0.526587999999999,4.82,-4.0553333333333335
0.527497,4.59,-3.3806666666666665
0.527983,4.78,-3.9380000000000006
0.528268,3.99,-1.6206666666666667
0.528535,4.32,-2.5886666666666667
0.528937,4.88,-4.231333333333332
0.529571,4.44,-2.940666666666667
0.530156,4.46,-2.9993333333333325
0.530156,4.78,-3.9380000000000006
0.530477,4.51,-3.145999999999999
0.530477,4.69,-3.6739999999999995
0.530789,4.74,-3.8206666666666678
0.530789,4.78,-3.9380000000000006
0.531502999999999,4.69,-3.6739999999999995
0.532112999999999,4.92,-4.3486666666666665
0.532294,4.73,-3.791333333333334
0.532294,4.79,-3.9673333333333325
0.533043,4.88,-4.231333333333332
0.533043,5.13,-4.964666666666666
0.533496,4.85,-4.143333333333331
0.53407,5.05,-4.73
0.534156,4.94,-4.407333333333334
0.534695999999999,4.86,-4.172666666666668
0.53561,4.89,-4.2606666666666655
0.535899,4.95,-4.436666666666667
0.536198,4.82,-4.0553333333333335
0.536198,4.88,-4.231333333333332
0.536636,4.8,-3.996666666666666
0.537098,4.85,-4.143333333333331
0.537098,4.98,-4.524666666666668
0.538176,4.8,-3.996666666666666
0.538241,4.93,-4.378
0.538301,4.9,-4.290000000000001
0.539202,4.78,-3.9380000000000006
0.539202,4.82,-4.0553333333333335
0.5395,4.85,-4.143333333333331
0.540363,4.95,-4.436666666666667
0.540762,4.78,-3.9380000000000006
0.540762,4.92,-4.3486666666666665
0.541667,4.79,-3.9673333333333325
0.541667,4.84,-4.113999999999999
0.542048,4.83,-4.084666666666667
0.542712,4.81,-4.026
0.54333,4.78,-3.9380000000000006
0.54398,4.72,-3.7619999999999987
0.544616,4.61,-3.439333333333334
0.54506,4.79,-3.9673333333333325
0.545901,4.55,-3.263333333333332
0.547866,4.5,-3.1166666666666654
0.549894,4.39,-2.7939999999999987
0.549894,4.5,-3.1166666666666654
0.550108,4.59,-3.3806666666666665
0.551921,4.55,-3.263333333333332
0.551925,4.65,-3.5566666666666684
0.553944,4.22,-2.295333333333332
0.555629,4.31,-2.5593333333333312
0.557402,4.47,-3.028666666666666
0.56019,3.72,-0.8286666666666669
0.561049,4.59,-3.3806666666666665
0.5628,4.36,-2.7060000000000013
0.563873,3.94,-1.4740000000000002
0.563873,4.35,-2.676666666666666
0.566615,4.49,-3.0873333333333335
0.567867,4.37,-2.735333333333333
0.568022999999999,4.18,-2.177999999999999
0.568405,3.94,-1.4740000000000002
0.570307,3.72,-0.8286666666666669
0.571171,3.89,-1.3273333333333337
0.571171,3.9,-1.3566666666666656
0.571602,4.24,-2.354000000000001
0.572214,3.54,-0.3006666666666664
0.574117,3.63,-0.5646666666666658
0.574319,3.99,-1.6206666666666667
0.575337,3.79,-1.033999999999999
0.576023,3.7,-0.7699999999999996
0.577811,3.69,-0.7406666666666659
0.577811,3.74,-0.8873333333333342
0.577926,3.72,-0.8286666666666669
0.579071,3.51,-0.21266666666666545
0.579832,3.61,-0.5059999999999985
0.581451,4.21,-2.266
0.581735,3.91,-1.3859999999999992
0.581735,4.72,-3.7619999999999987
0.582806,3.72,-0.8286666666666669
0.582906,3.72,-0.8286666666666669
0.583642,4.49,-3.0873333333333335
0.58509,4.84,-4.113999999999999
0.585544,4.27,-2.4419999999999984
0.586342999999999,4.57,-3.322000000000001
0.58691,4.39,-2.7939999999999987
0.587450999999999,4.68,-3.644666666666666
0.58873,4.65,-3.5566666666666684
0.588812,4.68,-3.644666666666666
0.588996,4.25,-2.383333333333333
0.590459,4.58,-3.351333333333333
0.590459,4.67,-3.615333333333332
0.59047,4.5,-3.1166666666666654
0.592028,4.92,-4.3486666666666665
0.593099,4.24,-2.354000000000001
0.593211,4.59,-3.3806666666666665
0.593585999999999,4.59,-3.3806666666666665
0.594832999999999,4.39,-2.7939999999999987
0.594832999999999,4.69,-3.6739999999999995
0.595144,4.45,-2.9700000000000006
0.595325,4.28,-2.471333333333334
0.59574,4.18,-2.177999999999999
0.596098,4.472,-3.034533333333334
0.596759,4.42,-2.8819999999999997
0.597438,4.13,-2.0313333333333325
0.598079999999999,4.3,-2.5299999999999994
0.59838,4.4,-2.823333333333334
0.598411,4.3,-2.5299999999999994
0.599402,4.398,-2.8174666666666646
0.599702,4.37,-2.735333333333333
0.600063,4.34,-2.647333333333332
0.6011,4.17,-2.1486666666666654
0.6011,4.37,-2.735333333333333
0.601384999999999,4.24,-2.354000000000001
0.602398,4.4,-2.823333333333334
0.602706,4.345,-2.661999999999999
0.60293,4.41,-2.852666666666666
0.60293,4.42,-2.8819999999999997
0.603367,4.29,-2.5006666666666657
0.604689,4.12,-2.001999999999999
0.604689,4.23,-2.3246666666666673
0.604756,4.24,-2.354000000000001
0.605243,3.99,-1.6206666666666667
0.606011,4.388,-2.7881333333333327
0.606586,4.78,-3.9380000000000006
0.606672,4.09,-1.9139999999999997
0.607993,4.09,-1.9139999999999997
0.607993,4.28,-2.471333333333334
0.608412,4.11,-1.972666666666667
0.609315,4.088,-1.9081333333333337
0.609976,4.03,-1.7379999999999995
0.610241,3.76,-0.945999999999998
0.610932999999999,4.26,-2.4126666666666647
0.611297,4.15,-2.09
0.612067,4.05,-1.796666666666665
0.612067,4.09,-1.9139999999999997
0.612619,4.249,-2.380399999999998
0.61328,4.19,-2.2073333333333345
0.613779,3.76,-0.945999999999998
0.613779,3.82,-1.1219999999999999
0.613897,4.05,-1.796666666666665
0.614602,4.11,-1.972666666666667
0.615723,3.62,-0.5353333333333339
0.615723,3.79,-1.033999999999999
0.615923,3.976,-1.5795999999999992
0.616584,3.92,-1.4153333333333329
0.616623999999999,3.84,-1.1806666666666654
0.617553,3.85,-1.209999999999999
0.617906,3.67,-0.6819999999999986
0.617906,3.95,-1.5033333333333339
0.619228,4.032,-1.7438666666666656
0.619379,3.95,-1.5033333333333339
0.619469,3.65,-0.6233333333333331
0.619838,3.98,-1.591333333333333
0.620955,4.1,-1.9433333333333316
0.621256999999999,4.29,-2.5006666666666657
0.622322,4.271,-2.444933333333333
0.622383,4.05,-1.796666666666665
0.623011,4.21,-2.266
0.623458,5.38,-5.698
0.625417,4.03,-1.7379999999999995
0.625417,4.33,-2.6180000000000003
0.625615999999999,5.07,-4.788666666666668
0.625767,4.106,-1.9609333333333332
0.626456,4.05,-1.796666666666665
0.627769,5.43,-5.844666666666665
0.627833,5.12,-4.9353333333333325
0.62845,5.23,-5.258000000000003
0.629211,5.393,-5.736133333333332
0.6299,5.33,-5.551333333333332
0.629923,5.47,-5.961999999999999
0.631278,5.41,-5.7860000000000005
0.631483,5.26,-5.346
0.63208,5.43,-5.844666666666665
0.632656,5.453,-5.912133333333334
0.633222,5.4,-5.756666666666668
0.633984,5.53,-6.138000000000001
0.634028,5.41,-5.7860000000000005
0.634111,5.48,-5.991333333333334
0.635,5.27,-5.37533333333333
0.635444,5.21,-5.199333333333332
0.635826,5.42,-5.815333333333332
0.635953,5.25,-5.316666666666666
0.636333,5.37,-5.668666666666667
0.637222,5.273,-5.384133333333331
0.637621,5.16,-5.052666666666667
0.637621,5.46,-5.932666666666666
0.637667,5.22,-5.2286666666666655
0.637921,5.31,-5.492666666666665
0.638556,5.42,-5.815333333333332
0.639419,5.26,-5.346
0.639419,5.26,-5.346
0.639444,5.198,-5.164133333333336
0.639889,5.14,-4.994
0.63989,5.33,-5.551333333333332
0.640778,5.13,-4.964666666666666
0.641214,5.32,-5.522000000000002
0.641667,5.095,-4.861999999999998
0.641859,5.23,-5.258000000000003
0.642111,5.04,-4.700666666666667
0.643,5.26,-5.346
0.643012,5.2,-5.170000000000002
0.643827,5.16,-5.052666666666667
0.643889,5.188,-5.1347999999999985
0.644333,5.13,-4.964666666666666
0.644807,5.11,-4.906000000000002
0.645222,5.12,-4.9353333333333325
0.645985,5.21,-5.199333333333332
0.646111,5.079,-4.815066666666667
0.646556,5.02,-4.6419999999999995
0.646605,5.09,-4.8473333333333315
0.647444,5.09,-4.8473333333333315
0.648333,5.037,-4.691866666666666
0.648398999999999,5.13,-4.964666666666666
0.648529,4.92,-4.3486666666666665
0.648529,5.01,-4.612666666666666
0.648903,4.98,-4.524666666666668
0.650198,5.03,-4.671333333333333
0.650292,4.98,-4.524666666666668
0.651072,4.99,-4.554
0.651681,5.115,-4.920666666666666
0.651776,5.07,-4.788666666666668
0.652375,5.05,-4.73
0.653255,4.93,-4.378
0.653361,4.95,-4.436666666666667
0.65473,4.93,-4.378
0.655153,5.057,-4.750533333333333
0.655847,5.0,-4.583333333333332
0.656159,4.86,-4.172666666666668
0.656209,4.97,-4.495333333333331
0.657236,4.95,-4.436666666666667
0.657684,4.91,-4.319333333333333
0.658625,4.922,-4.3545333333333325
0.658703,4.88,-4.231333333333332
0.659163,4.81,-4.026
0.659319,4.87,-4.202
0.660639,4.91,-4.319333333333333
0.660708,4.94,-4.407333333333334
0.661246,5.09,-4.8473333333333315
0.662097,5.083,-4.826799999999999
0.662117,4.53,-3.2046666666666663
0.662117,4.72,-3.7619999999999987
0.662792,5.02,-4.6419999999999995
0.663593,4.83,-4.084666666666667
0.66379,4.86,-4.172666666666668
0.664181,5.01,-4.612666666666666
0.665071,4.88,-4.231333333333332
0.665569,4.748,-3.8441333333333336
0.666264,4.69,-3.6739999999999995
0.666547,4.77,-3.908666666666665
0.668035,5.01,-4.612666666666666
0.669042,4.804,-4.008400000000002
0.669526,4.9,-4.290000000000001
0.669526,5.0,-4.583333333333332
0.669714999999999,4.91,-4.319333333333333
0.669714999999999,4.96,-4.465999999999999
0.669736,4.74,-3.8206666666666678
0.671015999999999,4.7,-3.703333333333333
0.672208,4.836,-4.102266666666667
0.67251,4.76,-3.8793333333333315
0.67278,4.78,-3.9380000000000006
0.673096999999999,4.85,-4.143333333333331
0.673924,4.85,-4.143333333333331
0.674001,4.91,-4.319333333333333
0.675495,4.84,-4.113999999999999
0.676478,4.75,-3.8499999999999996
0.676984999999999,4.73,-3.791333333333334
0.678479,4.4,-2.823333333333334
0.67997,4.49,-3.0873333333333335
0.67997,4.64,-3.527333333333331
0.680789,4.911,-4.322266666666664
0.681361,4.61,-3.439333333333334
0.682505,4.84,-4.113999999999999
0.682953999999999,4.45,-2.9700000000000006
0.683242,4.74,-3.8206666666666678
0.683242,4.78,-3.9380000000000006
0.684221,4.61,-3.439333333333334
0.685365,4.56,-3.2926666666666655
0.685365,4.79,-3.9673333333333325
0.685939,4.35,-2.676666666666666
0.686223,4.8,-3.996666666666666
0.686623,4.43,-2.9113333333333316
0.686795,4.5,-3.1166666666666654
0.686831,4.2,-2.2366666666666664
0.688028,4.05,-1.796666666666665
0.688028,4.11,-1.972666666666667
0.68937,4.415,-2.867333333333333
0.689786,4.01,-1.6793333333333322
0.6899,4.24,-2.354000000000001
0.689942,4.36,-2.7060000000000013
0.690216,3.98,-1.591333333333333
0.691937,3.92,-1.4153333333333329
0.69223,4.556,-3.2809333333333335
0.692802,4.5,-3.1166666666666654
0.694502,3.84,-1.1806666666666654
0.69454,4.37,-2.735333333333333
0.695069,4.359,-2.7030666666666665
0.695636,4.3,-2.5299999999999994
0.696205,3.9,-1.3566666666666656
0.696768,4.26,-2.4126666666666647
0.696845,3.75,-0.9166666666666661
0.696845,4.11,-1.972666666666667
0.697901,4.181,-2.180933333333334
0.698466999999999,4.12,-2.001999999999999
0.69876,3.93,-1.4446666666666665
0.699512,3.72,-0.8286666666666669
0.6996,3.97,-1.5619999999999994
0.6996,4.02,-1.708666666666666
0.700462999999999,4.04,-1.7673333333333332
0.7016,3.84,-1.1806666666666654
0.702592,3.96,-1.5326666666666657
0.702592,4.08,-1.884666666666666
0.702933,3.86,-1.2393333333333327
0.703018,4.18,-2.177999999999999
0.704242,3.983,-1.600133333333332
0.704848,3.92,-1.4153333333333329
0.706061,3.87,-1.2686666666666664
0.707273,4.003,-1.6587999999999994
0.707879,3.95,-1.5033333333333339
0.710303,4.004,-1.6617333333333306
0.710462,4.6,-3.4099999999999984
0.710909,3.94,-1.4740000000000002
0.712121,4.09,-1.9139999999999997
0.712398,4.34,-2.647333333333332
0.713333,4.236,-2.3422666666666654
0.713939,4.18,-2.177999999999999
0.714333,4.52,-3.175333333333331
0.71472,4.03,-1.7379999999999995
0.715151,4.14,-2.060666666666666
0.716364,4.201,-2.2395999999999976
0.71697,4.14,-2.060666666666666
0.718182,4.36,-2.7060000000000013
0.718204,4.65,-3.5566666666666684
0.718591,4.89,-4.2606666666666655
0.719394,4.377,-2.755866666666666
0.719485,4.6,-3.4099999999999984
0.72,4.32,-2.5886666666666667
0.72014,4.83,-4.084666666666667
0.721272,4.46,-2.9993333333333325
0.722075,4.84,-4.113999999999999
0.722212,4.92,-4.3486666666666665
0.722462,4.86,-4.172666666666668
0.722544,4.28,-2.471333333333334
0.724007,4.69,-3.6739999999999995
0.724562,4.92,-4.3486666666666665
0.725057,4.761,-3.8822666666666663
0.725193,4.81,-4.026
0.725193,4.82,-4.0553333333333335
0.725447,4.7,-3.703333333333333
0.726094,4.9,-4.290000000000001
0.726379,4.73,-3.791333333333334
0.727006,4.741,-3.823599999999999
0.727396,4.68,-3.644666666666666
0.727565,4.55,-3.263333333333332
0.727626,4.66,-3.5860000000000003
0.727626,4.78,-3.9380000000000006
0.727803,4.65,-3.5566666666666684
0.728176,4.48,-3.0580000000000016
0.728752,4.69,-3.6739999999999995
0.728956,4.358,-2.7001333333333317
0.729159,4.72,-3.7619999999999987
0.729346,4.3,-2.5299999999999994
0.729938,4.28,-2.471333333333334
0.730125,4.65,-3.5566666666666684
0.730175,4.4,-2.823333333333334
0.730691,4.52,-3.175333333333331
0.730905,4.587,-3.3718666666666657
0.731124,4.47,-3.028666666666666
0.731295,4.53,-3.2046666666666663
0.732075,4.44,-2.940666666666667
0.732223,4.36,-2.7060000000000013
0.732223,4.4,-2.823333333333334
0.73231,4.1,-1.9433333333333316
0.732548,4.32,-2.5886666666666667
0.732854,4.411,-2.855599999999999
0.733244,4.36,-2.7060000000000013
0.733755,4.43,-2.9113333333333316
0.734024,4.45,-2.9700000000000006
0.734683,4.43,-2.9113333333333316
0.734804,4.222,-2.3012000000000015
0.73492,4.4,-2.823333333333334
0.735193,4.16,-2.1193333333333335
0.735288,4.4,-2.823333333333334
0.735973,4.47,-3.028666666666666
0.736753,4.48,-3.0580000000000016
0.73682,4.42,-2.8819999999999997
0.737055,4.36,-2.7060000000000013
0.737143,4.42,-2.8819999999999997
0.737922,4.43,-2.9113333333333316
0.738242,4.36,-2.7060000000000013
0.738702,4.542,-3.239866666666666
0.739092,4.48,-3.0580000000000016
0.739428,4.37,-2.735333333333333
0.739665,4.38,-2.764666666666665
0.739872,4.48,-3.0580000000000016
0.739884,4.5,-3.1166666666666654
0.740619999999999,4.97,-4.495333333333331
0.740650999999999,4.453,-2.9787999999999997
0.741040999999999,4.4,-2.823333333333334
0.741417,4.32,-2.5886666666666667
0.741821,4.45,-2.9700000000000006
0.742601,4.35,-2.676666666666666
0.742962,5.01,-4.612666666666666
0.742999,4.29,-2.5006666666666657
0.743045,4.9,-4.290000000000001
0.744525,4.74,-3.8206666666666678
0.74576,4.82,-4.0553333333333335
0.746053,4.742,-3.826533333333334
0.746068,4.87,-4.202
0.746817,4.69,-3.6739999999999995
0.74757,4.99,-4.554
0.748345,4.97,-4.495333333333331
0.748345,4.98,-4.524666666666668
0.749833,4.73,-3.791333333333334
0.749873,4.85,-4.143333333333331
0.750285,4.53,-3.2046666666666663
0.750637,4.79,-3.9673333333333325
0.752095,4.85,-4.143333333333331
0.752165,4.82,-4.0553333333333335
0.753692999999999,4.554,-3.2750666666666675
0.754358,4.72,-3.7619999999999987
0.754457,4.5,-3.1166666666666654
0.75481,4.85,-4.143333333333331
0.755483,4.81,-4.026
0.755985,4.72,-3.7619999999999987
0.757513,4.722,-3.7678666666666665
0.758277,4.66,-3.5860000000000003
0.758881999999999,4.68,-3.644666666666666
0.758881999999999,4.76,-3.8793333333333315
0.759805,4.68,-3.644666666666666
0.761145,4.42,-2.8819999999999997
0.761332,4.666,-3.6036
0.762096,4.61,-3.439333333333334
0.763406999999999,4.39,-2.7939999999999987
0.763624,4.8,-3.996666666666666
0.765152,4.603,-3.418799999999999
0.765916,4.54,-3.234
0.767444,4.52,-3.175333333333331
0.767931999999999,4.22,-2.295333333333332
0.768036,4.4,-2.823333333333334
0.768972,4.278,-2.4654666666666643
0.769736,4.22,-2.295333333333332
0.769785,4.49,-3.0873333333333335
0.771263999999999,4.49,-3.0873333333333335
0.771536,4.35,-2.676666666666666
0.772792,4.387,-2.785199999999998
0.773286999999999,3.97,-1.5619999999999994
0.773556,4.33,-2.6180000000000003
0.774313,4.34,-2.647333333333332
0.775084,4.04,-1.7673333333333332
0.776612,4.148,-2.084133333333332
0.776789,4.22,-2.295333333333332
0.777376,4.09,-1.9139999999999997
0.777451,4.12,-2.001999999999999
0.780432,3.792,-1.039866666666665
0.781196,3.73,-0.8579999999999988
0.782041,4.11,-1.972666666666667
0.782722999999999,3.93,-1.4446666666666665
0.783728,4.02,-1.708666666666666
0.784251,3.97,-1.5619999999999994
0.785015,3.91,-1.3859999999999992
0.786543,3.8,-1.0633333333333326
0.786866,3.69,-0.7406666666666659
0.788069,3.658,-0.6467999999999989
0.788803999999999,3.6,-0.47666666666666657
0.789006,3.83,-1.1513333333333335
0.789343,3.69,-0.7406666666666659
0.789343,3.77,-0.9753333333333334
0.789343,3.83,-1.1513333333333335
0.790276,3.81,-1.0926666666666662
0.790692,4.99,-4.554
0.791747,3.911,-1.3889333333333322
0.791889,3.82,-1.1219999999999999
0.792482,3.86,-1.2393333333333327
0.792517,4.88,-4.231333333333332
0.796584,5.01,-4.612666666666666
0.796982,4.74,-3.8206666666666678
0.798493,5.17,-5.082000000000001
0.800118,5.14,-4.994
0.800443,5.0,-4.583333333333332
0.801744,4.65,-3.5566666666666684
0.801744,5.07,-4.788666666666668
0.801818999999999,5.0,-4.583333333333332
0.804206,4.88,-4.231333333333332
0.804206,5.06,-4.7593333333333305
0.804994,4.88,-4.231333333333332
0.806593,4.98,-4.524666666666668
0.806619,4.68,-3.644666666666666
0.806944,4.94,-4.407333333333334
0.808244,4.35,-2.676666666666666
0.808244,4.82,-4.0553333333333335
0.808981,4.8,-3.996666666666666
0.809526,4.192,-2.2132000000000005
0.809869,4.62,-3.4686666666666675
0.809961,3.9,-1.3566666666666656
0.810194,4.84,-4.113999999999999
0.810194,4.85,-4.143333333333331
0.811368,4.89,-4.2606666666666655
0.811494,4.55,-3.263333333333332
0.811494,4.69,-3.6739999999999995
0.811701,4.628,-3.4921333333333333
0.812136,4.57,-3.322000000000001
0.813119,4.25,-2.383333333333333
0.813443999999999,4.49,-3.0873333333333335
0.813755,4.57,-3.322000000000001
0.813875,4.556,-3.2809333333333335
0.81431,4.5,-3.1166666666666654
0.814744,4.32,-2.5886666666666667
0.81605,4.397,-2.8145333333333333
0.816485,4.34,-2.647333333333332
0.818225,4.21,-2.266
0.81866,4.15,-2.09
0.819646,4.13,-2.0313333333333325
0.820983,4.126,-2.0196000000000005
0.821245,3.94,-1.4740000000000002
0.821652,4.07,-1.8553333333333342
0.82287,4.3,-2.5299999999999994
0.822989,4.15,-2.09
0.823195,3.68,-0.7113333333333323
0.823303,3.91,-1.3859999999999992
0.824327,4.049,-1.7937333333333338
0.824995,3.99,-1.6206666666666667
0.82612,4.25,-2.383333333333333
0.826332,4.21,-2.266
0.82767,4.199,-2.2337333333333316
0.828077,4.31,-2.5593333333333312
0.828338,4.14,-2.060666666666666
0.828819,4.2,-2.2366666666666664
0.829089,4.33,-2.6180000000000003
0.830464,4.36,-2.7060000000000013
0.831013,4.223,-2.3041333333333327
0.831346999999999,4.17,-2.1486666666666654
0.831518,4.12,-2.001999999999999
0.831518,4.13,-2.0313333333333325
0.831788,4.39,-2.7939999999999987
0.832852,4.03,-1.7379999999999995
0.832867,4.23,-2.3246666666666673
0.833019,4.36,-2.7060000000000013
0.834216,4.07,-1.8553333333333342
0.834216,4.24,-2.354000000000001
0.834356,3.941,-1.4769333333333314
0.83469,3.88,-1.2979999999999983
0.838093,4.07,-1.8553333333333342
0.838535,4.23,-2.3246666666666673
0.839029,4.669,-3.6123999999999974
0.840225,4.4,-2.823333333333334
0.842953,4.11,-1.972666666666667
0.844019,4.164,-2.1310666666666656
0.844518,4.1,-1.9433333333333316
0.844721,3.87,-1.2686666666666664
0.844721,4.02,-1.708666666666666
0.84693,3.88,-1.2979999999999983
0.847372,3.8,-1.0633333333333326
0.84901,4.129,-2.0283999999999978
0.849725,3.72,-0.8286666666666669
0.849725,3.78,-1.0046666666666653
0.850008,4.07,-1.8553333333333342
0.851349,3.65,-0.6233333333333331
0.851791,3.66,-0.6526666666666667
0.854,3.906,-1.3742666666666672
0.854764,3.85,-1.209999999999999
0.855615,4.12,-2.001999999999999
0.856908,4.05,-1.796666666666665
0.857818,4.156,-2.107599999999998
0.858582,4.1,-1.9433333333333316
0.858846,3.66,-0.6526666666666667
0.861754,3.76,-0.945999999999998
0.862018,4.13,-2.0313333333333325
0.862077,3.62,-0.5353333333333339
0.863369,3.64,-0.5939999999999994
0.863435,3.82,-1.1219999999999999
0.864985,3.87,-1.2686666666666664
0.865308,4.87,-4.202
0.865836,3.62,-0.5353333333333339
0.866478,3.48,-0.12466666666666626
0.8666,4.84,-4.113999999999999
0.868215,4.91,-4.319333333333333
0.868538,4.99,-4.554
0.869522,5.06,-4.7593333333333305
0.869654,4.79,-3.9673333333333325
0.870476999999999,4.88,-4.231333333333332
0.871769,5.09,-4.8473333333333315
0.872565,5.08,-4.818000000000001
0.873062,5.01,-4.612666666666666
0.874677,4.75,-3.8499999999999996
0.875,5.08,-4.818000000000001
0.875686,5.11,-4.906000000000002
0.876981,4.97,-4.495333333333331
0.877196,5.01,-4.612666666666666
0.879117,4.02,-1.708666666666666
0.879117,5.01,-4.612666666666666
0.879117,5.02,-4.6419999999999995
0.879953,4.89,-4.2606666666666655
0.880855,4.94,-4.407333333333334
0.884514,4.97,-4.495333333333331
0.884906,4.77,-3.908666666666665
0.884906,4.8,-3.996666666666666
0.888132,4.84,-4.113999999999999
0.889408,4.97,-4.495333333333331
0.891653999999999,4.77,-3.908666666666665
0.892839,4.86,-4.172666666666668
0.896272,4.86,-4.172666666666668
0.898909,4.63,-3.4979999999999993
0.899277,4.69,-3.6739999999999995
0.899773,4.64,-3.527333333333331
0.899937,4.51,-3.145999999999999
0.899937,4.8,-3.996666666666666
0.901757999999999,4.59,-3.3806666666666665
0.903119,4.59,-3.3806666666666665
0.903756,4.45,-2.9700000000000006
0.904239,4.26,-2.4126666666666647
0.904735,4.44,-2.940666666666667
0.90672,4.18,-2.177999999999999
0.90733,4.29,-2.5006666666666657
0.90733,4.64,-3.527333333333331
0.907574,4.48,-3.0580000000000016
0.9092,4.4,-2.823333333333334
0.911392,4.48,-3.0580000000000016
0.91154,4.25,-2.383333333333333
0.911681,4.11,-1.972666666666667
0.911681,4.17,-2.1486666666666654
0.914162,4.19,-2.2073333333333345
0.914659,4.3,-2.5299999999999994
0.91521,4.2,-2.2366666666666664
0.915328999999999,4.398,-2.8174666666666646
0.916171,4.34,-2.647333333333332
0.916327,3.98,-1.591333333333333
0.916327,4.18,-2.177999999999999
0.916366,4.1,-1.9433333333333316
0.918567,4.15,-2.09
0.918567,4.16,-2.1193333333333335
0.918943,4.378,-2.758799999999999
0.919636,4.32,-2.5886666666666667
0.920425,4.36,-2.7060000000000013
0.920425,4.38,-2.764666666666665
0.920634,4.14,-2.060666666666666
0.921615,4.14,-2.060666666666666
0.922408,4.307,-2.550533333333334
0.92247,4.6,-3.4099999999999984
0.923102,4.25,-2.383333333333333
0.924518,4.56,-3.2926666666666655
0.924902,4.9,-4.290000000000001
0.925874,4.532,-3.2105333333333324
0.926438,4.48,-3.0580000000000016
0.92858,4.903,-4.298799999999998
0.929115,4.84,-4.113999999999999
0.929768,4.54,-3.234
0.929768,4.67,-3.615333333333332
0.930186,4.8,-3.996666666666666
0.931257,4.742,-3.826533333333334
0.931417,4.55,-3.263333333333332
0.931792,4.69,-3.6739999999999995
0.932031,4.31,-2.5593333333333312
0.932863,4.78,-3.9380000000000006
0.933065,4.52,-3.175333333333331
0.933934,4.686,-3.6622666666666674
0.934385,4.41,-2.852666666666666
0.934469,4.63,-3.4979999999999993
0.934714,3.99,-1.6206666666666667
0.934714,4.28,-2.471333333333334
0.93554,4.31,-2.5593333333333312
0.93554,4.62,-3.4686666666666675
0.936362999999999,4.52,-3.175333333333331
0.936611,4.249,-2.380399999999998
0.937146,4.19,-2.2073333333333345
0.939176,4.53,-3.2046666666666663
0.939387,4.27,-2.4419999999999984
0.939773,4.2,-2.2366666666666664
0.94047,4.14,-2.060666666666666
0.941667,3.96,-1.5326666666666657
0.941667,4.2,-2.2366666666666664
0.941864,4.31,-2.5593333333333312
0.942229,4.05,-1.796666666666665
0.943258,4.027,-1.7292000000000005
0.943651,4.04,-1.7673333333333332
0.943955,3.97,-1.5619999999999994
0.944158,4.14,-2.060666666666666
0.945072,4.1,-1.9433333333333316
0.94535,4.15,-2.09
0.946493,4.05,-1.796666666666665
0.946649,3.89,-1.3273333333333337
0.946744,4.007,-1.6705333333333314
0.947441,3.95,-1.5033333333333339
0.947914,4.04,-1.7673333333333332
0.94914,3.98,-1.591333333333333
0.949336,3.8,-1.0633333333333326
0.95023,4.017,-1.6998666666666669
0.950757,3.53,-0.27133333333333276
0.950927,3.96,-1.5326666666666657
0.95163,3.74,-0.8873333333333342
0.952178,3.62,-0.5353333333333339
0.952321,3.79,-1.033999999999999
0.953715,3.759,-0.9430666666666667
0.954121,3.37,0.1980000000000004
0.954121,3.67,-0.6819999999999986
0.954412,3.7,-0.7699999999999996
0.955021,3.57,-0.3886666666666656
0.955021,3.63,-0.5646666666666658
0.955806,3.66,-0.6526666666666667
0.955806,3.68,-0.7113333333333323
0.956442,3.56,-0.35933333333333195
0.956442,3.75,-0.9166666666666661
0.956612,3.41,0.08066666666666755
0.957201,3.606,-0.4942666666666664
0.957863,3.31,0.37400000000000055
0.957898,3.55,-0.3299999999999983
0.959211,3.37,0.1980000000000004
0.959417,3.21,0.6673333333333336
0.9595,3.63,-0.5646666666666658
0.961278,3.579,-0.41506666666666625
0.9615,3.21,0.6673333333333336
0.962167,3.52,-0.2419999999999991
0.963583,4.74,-3.8206666666666678
0.963816,3.96,-1.5326666666666657
0.965667,3.77,-0.9753333333333334
0.965722,3.995,-1.6353333333333335
0.966611,3.94,-1.4740000000000002
0.96775,4.37,-2.735333333333333
0.968355,4.73,-3.791333333333334
0.968355,4.78,-3.9380000000000006
0.96937,4.27,-2.4419999999999984
0.970056999999999,4.782,-3.9438666666666666
0.970311,4.52,-3.175333333333331
0.970311,4.82,-4.0553333333333335
0.970614,4.26,-2.4126666666666647
0.970631,4.73,-3.791333333333334
0.971311,4.36,-2.7060000000000013
0.97178,4.65,-3.5566666666666684
0.972311,4.74,-3.8206666666666678
0.972515,4.56,-3.2926666666666655
0.972929,4.511,-3.148933333333334
0.973504,4.45,-2.9700000000000006
0.974311,4.59,-3.3806666666666665
0.974415,3.8,-1.0633333333333326
0.974653,4.3,-2.5299999999999994
0.975311,4.42,-2.8819999999999997
0.975311,4.43,-2.9113333333333316
0.975801999999999,4.269,-2.439066666666667
0.976311,4.51,-3.145999999999999
0.976316,3.9,-1.3566666666666656
0.976377,4.21,-2.266
0.977311,4.02,-1.708666666666666
0.977526,4.45,-2.9700000000000006
0.978216,4.03,-1.7379999999999995
0.978311,3.91,-1.3859999999999992
0.978675,4.308,-2.553466666666665
0.979561,4.25,-2.383333333333333
0.9797,4.14,-2.060666666666666
0.981513,4.06,-1.8259999999999987
0.981513,4.07,-1.8553333333333342
0.981739999999999,3.93,-1.4446666666666665
0.981739999999999,4.01,-1.6793333333333322
0.981936999999999,3.86,-1.2393333333333327
0.98294,3.97,-1.5619999999999994
0.983688,4.026,-1.7262666666666657
0.984563,3.97,-1.5619999999999994
0.98534,4.45,-2.9700000000000006
0.985789,4.22,-2.295333333333332
0.988044,4.63,-3.4979999999999993
0.988063,4.316,-2.576933333333333
0.988937,4.02,-1.708666666666666
0.990061,4.16,-2.1193333333333335
0.990111,4.39,-2.7939999999999987
0.991161,4.207,-2.257199999999999
0.991711,4.15,-2.09
0.991822,4.43,-2.9113333333333316
0.992343,4.4,-2.823333333333334
0.993533,4.35,-2.676666666666666
0.993911,4.618,-3.4628000000000014
0.994461,4.32,-2.5886666666666667
0.995021,4.3,-2.5299999999999994
0.995244,4.39,-2.7939999999999987
0.995561,4.37,-2.735333333333333
0.996661,4.2,-2.2366666666666664
0.997211,4.14,-2.060666666666666
0.9977,4.3,-2.5299999999999994
0.998666,3.78,-1.0046666666666653
0.998666,4.1,-1.9433333333333316
0.998666,4.32,-2.5886666666666667
0.999411,4.148,-2.084133333333332
0.999991,4.09,-1.9139999999999997
1.000415,3.97,-1.5619999999999994
1.000415,3.99,-1.6206666666666667
1.000459,3.94,-1.4740000000000002
1.001472,4.09,-1.9139999999999997
1.002541,3.89,-1.3273333333333337
1.002541,3.95,-1.5033333333333339
1.002541,4.02,-1.708666666666666
1.002956,4.123,-2.0107999999999997
1.003446,3.95,-1.5033333333333339
1.003446,4.04,-1.7673333333333332
1.003698,4.07,-1.8553333333333342
1.004506,4.13,-2.0313333333333325
1.005182,4.15,-2.09
1.005182,4.19,-2.2073333333333345
1.006009,4.32,-2.5886666666666667
1.006665,4.394,-2.8057333333333325
1.007407,4.09,-1.9139999999999997
1.007511,4.25,-2.383333333333333
1.009013,4.54,-3.234
1.009508,4.09,-1.9139999999999997
1.010375,4.156,-2.107599999999998
1.010515,4.43,-2.9113333333333316
1.011117,4.1,-1.9433333333333316
1.012017,4.58,-3.351333333333333
1.012497,4.35,-2.676666666666666
1.013603,4.3,-2.5299999999999994
1.01426,4.305,-2.544666666666666
1.015123,4.24,-2.354000000000001
1.015349,4.48,-3.0580000000000016
1.017095,4.1,-1.9433333333333316
1.018204,4.41,-2.852666666666666
1.018572,4.122,-2.007866666666665
1.018841,3.86,-1.2393333333333327
1.019435,4.07,-1.8553333333333342
1.020587,4.16,-2.1193333333333335
1.021251,3.98,-1.591333333333333
1.022334,3.79,-1.033999999999999
1.022884,3.932,-1.4505333333333326
1.023747,3.87,-1.2686666666666664
1.024473,3.83,-1.1513333333333335
1.026613,3.98,-1.591333333333333
1.027082,3.908,-1.3801333333333332
1.027344,4.0,-1.6499999999999986
1.027831,3.85,-1.209999999999999
1.028753,3.84,-1.1806666666666654
1.030688,4.053,-1.8054666666666659
1.030752,4.01,-1.6793333333333322
1.031381,3.99,-1.6206666666666667
1.032682,4.3,-2.5299999999999994
1.032731,4.08,-1.884666666666666
1.034151,4.416,-2.8702666666666676
1.034797,4.46,-2.9993333333333325
1.034844,4.36,-2.7060000000000013
1.036919,4.56,-3.2926666666666655
1.037614,4.708,-3.726800000000001
1.037755,4.78,-3.9380000000000006
1.038307,4.65,-3.5566666666666684
1.039891,4.63,-3.4979999999999993
1.040291,4.78,-3.9380000000000006
1.041077,4.441,-2.943599999999998
1.041769,4.38,-2.764666666666665
1.042828,4.61,-3.439333333333334
1.044136,4.68,-3.644666666666666
1.04454,4.623,-3.4774666666666683
1.045232,4.56,-3.2926666666666655
1.045365,4.63,-3.4979999999999993
1.047901,4.64,-3.527333333333331
1.048003,4.594,-3.3924000000000003
1.04838,4.49,-3.0873333333333335
1.048695,4.54,-3.234
1.050438,4.63,-3.4979999999999993
1.051465,4.607,-3.430533333333333
1.052158,4.55,-3.263333333333332
1.053206,4.65,-3.5566666666666684
1.05355,4.53,-3.2046666666666663
1.054928,4.449,-2.967066666666666
1.055621,4.39,-2.7939999999999987
1.056806,4.8,-3.996666666666666
1.05687,4.38,-2.764666666666665
1.06157,3.99,-1.6206666666666667
1.061589,3.974,-1.5737333333333332
1.062206,3.91,-1.3859999999999992
1.063632,4.46,-2.9993333333333325
1.063883,3.83,-1.1513333333333335
1.064203,3.92,-1.4153333333333329
1.064673,3.993,-1.6294666666666657
1.06529,3.94,-1.4740000000000002
1.066792,3.86,-1.2393333333333327
1.067303,3.83,-1.1513333333333335
1.067757,3.801,-1.0662666666666674
1.068374,3.74,-0.8873333333333342
1.069951,3.39,0.1393333333333331
1.070412,3.49,-0.15399999999999991
1.070412,3.54,-0.3006666666666664
1.070841,3.715,-0.8139999999999983
1.071458,3.66,-0.6526666666666667
1.073376,3.5,-0.18333333333333357
1.073465,3.9,-1.3566666666666656
1.073825,3.567,-0.3798666666666666
1.074375,3.51,-0.21266666666666545
1.076172,3.8,-1.0633333333333326
1.076237,3.54,-0.3006666666666664
1.076575,3.999,-1.6470666666666673
1.077125,3.94,-1.4740000000000002
1.07901,3.79,-1.033999999999999
1.079325,3.899,-1.3537333333333326
1.079875,3.84,-1.1806666666666654
1.081763,3.93,-1.4446666666666665
1.081782,4.13,-2.0313333333333325
1.082075,4.053,-1.8054666666666659
1.082625,4.0,-1.6499999999999986
1.084745,4.24,-2.354000000000001
1.084826,4.21,-2.266
1.085357,4.165,-2.1340000000000003
1.086262,4.11,-1.972666666666667
1.088471,4.3,-2.5299999999999994
1.088957,4.13,-2.0313333333333325
1.089881,4.362,-2.7118666666666673
1.090786,4.31,-2.5593333333333312
1.092196,4.2,-2.2366666666666664
1.093087,3.87,-1.2686666666666664
1.093087,4.27,-2.4419999999999984
1.094405,4.318,-2.582799999999999
1.095309,4.26,-2.4126666666666647
1.095922,4.29,-2.5006666666666657
1.097217,4.38,-2.764666666666665
1.099647,4.72,-3.7619999999999987
1.101348,4.49,-3.0873333333333335
1.103293,4.38,-2.764666666666665
1.103308,4.272,-2.447866666666666
1.103926,3.98,-1.591333333333333
1.105037,4.31,-2.5593333333333312
1.106225,4.4,-2.823333333333334
1.106394,4.409,-2.849733333333333
1.107011,4.35,-2.676666666666666
1.108432,3.92,-1.4153333333333329
1.109157,4.25,-2.383333333333333
1.109478,4.387,-2.785199999999998
1.110095,4.33,-2.6180000000000003
1.111827,3.54,-0.3006666666666664
1.111827,3.98,-1.591333333333333
1.112088,3.92,-1.4153333333333329
1.112563,4.378,-2.758799999999999
1.11318,4.32,-2.5886666666666667
1.114862,4.13,-2.0313333333333325
1.115257,4.1,-1.9433333333333316
1.115257,4.12,-2.001999999999999
1.115695,3.891,-1.3302666666666667
1.11633,3.84,-1.1806666666666654
1.117408,4.35,-2.676666666666666
1.118749,4.15,-2.09
1.118868,4.117,-1.9931999999999999
1.119503,4.06,-1.8259999999999987
1.119955,4.34,-2.647333333333332
1.121981,4.41,-2.852666666666666
1.122042,4.469,-3.025733333333333
1.122502,4.96,-4.465999999999999
1.122676,4.41,-2.852666666666666
1.124171,4.84,-4.113999999999999
1.125049,4.93,-4.378
1.125215,4.648,-3.550799999999999
1.125849,4.59,-3.3806666666666665
1.126362,4.81,-4.026
1.127596,4.35,-2.676666666666666
1.128388,4.893,-4.269466666666666
1.128552,4.55,-3.263333333333332
1.129022,4.6,-3.4099999999999984
1.130743,4.03,-1.7379999999999995
1.130743,4.44,-2.940666666666667
1.131561,4.744,-3.8324
1.132195,4.68,-3.644666666666666
1.132689,4.46,-2.9993333333333325
1.132933,4.47,-3.028666666666666
1.134734,4.656,-3.5742666666666665
1.135124,4.58,-3.351333333333333
1.135236,4.57,-3.322000000000001
1.135369,4.6,-3.4099999999999984
1.138686,4.281,-2.474266666666665
1.138948,4.11,-1.972666666666667
1.138948,4.21,-2.266
1.138959,4.48,-3.0580000000000016
1.139614,4.22,-2.295333333333332
1.143187,4.47,-3.028666666666666
1.143327,4.348,-2.6708
1.144256,4.05,-1.796666666666665
1.147414,4.13,-2.0313333333333325
1.147969,4.24,-2.354000000000001
1.148773,4.17,-2.1486666666666654
1.148897,4.18,-2.177999999999999
1.151641,4.02,-1.708666666666666
1.152611,4.322,-2.5945333333333327
1.153539,4.03,-1.7379999999999995
1.155868,3.77,-0.9753333333333334
1.157252,4.078,-1.8788
1.158181,4.02,-1.708666666666666
1.158597,3.77,-0.9753333333333334
1.158597,4.09,-1.9139999999999997
1.160096,3.73,-0.8579999999999988
1.161894,3.867,-1.2598666666666656
1.162823,3.81,-1.0926666666666662
1.16351,3.72,-0.8286666666666669
1.166536,3.811,-1.0955999999999992
1.167188,3.75,-0.9166666666666661
1.167712,3.77,-0.9753333333333334
1.167769,3.7,-0.7699999999999996
1.168692,3.78,-1.0046666666666653
1.169068,3.72,-0.8286666666666669
1.17017,3.5,-0.18333333333333357
1.17017,3.75,-0.9166666666666661
1.170573,3.864,-1.2510666666666665
1.170949,3.8,-1.0633333333333326
1.172453,4.112,-1.978533333333333
1.172628,3.75,-0.9166666666666661
1.172628,4.13,-2.0313333333333325
1.172829,4.06,-1.8259999999999987
1.174333,3.88,-1.2979999999999983
1.174709,3.82,-1.1219999999999999
1.175086,3.97,-1.5619999999999994
1.17618,3.77,-0.9753333333333334
1.176214,3.946,-1.4916
1.17659,3.89,-1.3273333333333337
1.177545,3.92,-1.4153333333333329
1.177545,3.93,-1.4446666666666665
1.178109,3.886,-1.3155999999999999
1.178328,3.92,-1.4153333333333329
1.178546,3.83,-1.1513333333333335
1.180295,3.977,-1.5825333333333322
1.180309,3.66,-0.6526666666666667
1.180732,3.92,-1.4153333333333329
1.181233,3.91,-1.3859999999999992
1.182481,3.943,-1.4827999999999992
1.182918,3.88,-1.2979999999999983
1.184138,3.86,-1.2393333333333327
1.184138,3.92,-1.4153333333333329
1.184667,3.965,-1.5473333333333326
1.185104,3.91,-1.3859999999999992
1.187042,4.64,-3.527333333333331
1.18711,4.607,-3.430533333333333
1.187166,4.44,-2.940666666666667
1.187623,4.41,-2.852666666666666
1.187632,4.55,-3.263333333333332
1.188592,4.63,-3.4979999999999993
1.189724,4.635,-3.5126666666666644
1.189947,4.52,-3.175333333333331
1.190017,4.6,-3.4099999999999984
1.190247,4.58,-3.351333333333333
1.190818,4.67,-3.615333333333332
1.191443,4.71,-3.732666666666667
1.192338,4.86,-4.172666666666668
1.192852,4.71,-3.732666666666667
1.192861,4.8,-3.996666666666666
1.192868,4.59,-3.3806666666666665
1.194014,4.91,-4.319333333333333
1.194294,4.65,-3.5566666666666684
1.194953,4.878,-4.225466666666666
1.195476,4.82,-4.0553333333333335
1.195509,4.95,-4.436666666666667
1.19655,4.87,-4.202
1.197145,4.34,-2.647333333333332
1.197567,4.755,-3.8646666666666647
1.19759,4.85,-4.143333333333331
1.198103,4.69,-3.6739999999999995
1.198652,4.62,-3.4686666666666675
1.198959,4.71,-3.732666666666667
1.199911,4.82,-4.0553333333333335
1.200495,4.73,-3.791333333333334
1.201093,4.67,-3.615333333333332
1.201577,4.89,-4.2606666666666655
1.202291,4.65,-3.5566666666666684
1.203485,4.716,-3.7502666666666666
1.203543,4.48,-3.0580000000000016
1.204083,4.66,-3.5860000000000003
1.204195,4.72,-3.7619999999999987
1.204671,4.62,-3.4686666666666675
1.205174,4.37,-2.735333333333333
1.206804,4.51,-3.145999999999999
1.206812,4.58,-3.351333333333333
1.20705,4.73,-3.791333333333334
1.207074,4.35,-2.676666666666666
1.208435,4.42,-2.8819999999999997
1.20943,4.14,-2.060666666666666
1.209668,4.24,-2.354000000000001
1.210064,4.5,-3.1166666666666654
1.210065,3.92,-1.4153333333333329
1.21126,4.09,-1.9139999999999997
1.211696,4.31,-2.5593333333333312
1.21181,4.31,-2.5593333333333312
1.212524,4.47,-3.028666666666666
1.213343,3.47,-0.0953333333333326
1.215291,4.17,-2.1486666666666654
1.216922,4.36,-2.7060000000000013
1.217396,4.49,-3.0873333333333335
1.218642,4.41,-2.852666666666666
1.218793,3.95,-1.5033333333333339
1.219789,4.04,-1.7673333333333332
1.220722,3.88,-1.2979999999999983
1.220763,4.03,-1.7379999999999995
1.222082,3.85,-1.209999999999999
1.22265,4.09,-1.9139999999999997
1.222682,4.14,-2.060666666666666
1.22413,3.86,-1.2393333333333327
1.224578,3.78,-1.0046666666666653
1.226507,3.94,-1.4740000000000002
1.226639,3.8,-1.0633333333333326
1.226639,3.92,-1.4153333333333329
1.227497,3.98,-1.591333333333333
1.230597,3.5,-0.18333333333333357
1.230863,3.59,-0.4473333333333329
1.230992,4.48,-3.0580000000000016
1.232292,3.57,-0.3886666666666656
1.234554,3.67,-0.6819999999999986
1.234661,3.56,-0.35933333333333195
1.235741,3.61,-0.5059999999999985
1.236149,3.8,-1.0633333333333326
1.238077,3.65,-0.6233333333333331
1.238506,3.25,0.5500000000000007
1.238512,3.51,-0.21266666666666545
1.240006,3.81,-1.0926666666666662
1.240095,3.78,-1.0046666666666653
1.242351,3.79,-1.033999999999999
1.243669,3.56,-0.35933333333333195
1.243863,3.94,-1.4740000000000002
1.246196,4.42,-2.8819999999999997
1.250355,4.77,-3.908666666666665
1.253698,4.72,-3.7619999999999987
1.256785,4.97,-4.495333333333331
1.258261,4.38,-2.764666666666665
1.259824,4.16,-2.1193333333333335
1.259846,4.62,-3.4686666666666675
1.261878,4.27,-2.4419999999999984
1.262431,4.01,-1.6793333333333322
1.262908,4.41,-2.852666666666666
1.265969,4.62,-3.4686666666666675
1.265987,3.71,-0.7993333333333332
1.26903,4.26,-2.4126666666666647
1.270771,4.13,-2.0313333333333325
1.272092,4.06,-1.8259999999999987
1.275153,4.04,-1.7673333333333332
1.277703,3.99,-1.6206666666666667
1.278215,3.88,-1.2979999999999983
1.27865,3.85,-1.209999999999999
1.278695,3.92,-1.4153333333333329
1.279539,3.74,-0.8873333333333342
1.280454,3.83,-1.1513333333333335
1.281276,3.85,-1.209999999999999
1.281376,3.7,-0.7699999999999996
1.282258,3.89,-1.3273333333333337
1.282519,3.93,-1.4446666666666665
1.283206,3.77,-0.9753333333333334
1.284033,3.9,-1.3566666666666656
1.284485,4.14,-2.060666666666666
1.284988,3.82,-1.1219999999999999
1.286242,4.19,-2.2073333333333345
1.287535,4.06,-1.8259999999999987
1.28783,4.23,-2.3246666666666673
1.289284,4.1,-1.9433333333333316
1.28995,4.19,-2.2073333333333345
1.291175,4.39,-2.7939999999999987
1.293659,4.6,-3.4099999999999984
1.29452,4.02,-1.708666666666666
1.297367,4.4,-2.823333333333334
1.300112,3.94,-1.4740000000000002
1.30106,4.32,-2.5886666666666667
1.301167,4.34,-2.647333333333332
1.303827,4.2,-2.2366666666666664
1.30461,4.34,-2.647333333333332
1.30605,4.45,-2.9700000000000006
1.306932,4.14,-2.060666666666666
1.309148,3.98,-1.591333333333333
1.309411,4.0,-1.6499999999999986
1.309749,4.13,-2.0313333333333325
1.310817,3.87,-1.2686666666666664
1.311808,4.01,-1.6793333333333322
1.312223,3.97,-1.5619999999999994
1.312565,3.91,-1.3859999999999992
1.313629,4.03,-1.7379999999999995
1.314469,3.97,-1.5619999999999994
1.315035,4.03,-1.7379999999999995
1.315382,3.73,-0.8579999999999988
1.316484,3.95,-1.5033333333333339
1.317945,4.06,-1.8259999999999987
1.317969,3.62,-0.5353333333333339
1.318827,4.28,-2.471333333333334
1.319053,4.41,-2.852666666666666
1.319413,4.27,-2.4419999999999984
1.319686,3.53,-0.27133333333333276
1.320545,4.33,-2.6180000000000003
1.320617,4.35,-2.676666666666666
1.320844,4.33,-2.6180000000000003
1.321404,4.24,-2.354000000000001
1.322263,4.3,-2.5299999999999994
1.322275,4.19,-2.2073333333333345
1.323123,4.24,-2.354000000000001
1.323706,4.29,-2.5006666666666657
1.323982,4.54,-3.234
1.324841,4.41,-2.852666666666666
1.3257,4.17,-2.1486666666666654
1.326559,4.5,-3.1166666666666654
1.328804,4.42,-2.8819999999999997
1.329281,4.77,-3.908666666666665
1.331293,4.07,-1.8553333333333342
1.333782,4.51,-3.145999999999999
1.333814,4.28,-2.471333333333334
1.338347,4.17,-2.1486666666666654
1.341248,3.67,-0.6819999999999986
1.34288,4.45,-2.9700000000000006
1.343246,4.08,-1.884666666666666
1.343737,3.77,-0.9753333333333334
1.346225,4.04,-1.7673333333333332
1.347413,4.23,-2.3246666666666673
1.348714,4.08,-1.884666666666666
1.350869,3.6,-0.47666666666666657
1.351203,4.0,-1.6499999999999986
1.351946,4.16,-2.1193333333333335
1.353692,3.73,-0.8579999999999988
1.356181,3.72,-0.8286666666666669
1.356479,3.31,0.37400000000000055
1.358492,3.23,0.608666666666668
1.360225,3.45,-0.03666666666666707
1.360226,3.29,0.43266666666666787
1.362108,3.67,-0.6819999999999986
1.362966,4.05,-1.796666666666665
1.36305,3.61,-0.5059999999999985
1.365272,3.84,-1.1806666666666654
1.367492,3.99,-1.6206666666666667
1.368436,4.21,-2.266
1.368983,3.94,-1.4740000000000002
1.371188,4.07,-1.8553333333333342
1.371599,4.2,-2.2366666666666664
1.371965,4.08,-1.884666666666666
1.374763,4.24,-2.354000000000001
1.376437,4.37,-2.735333333333333
1.376668,4.07,-1.8553333333333342
1.377927,4.43,-2.9113333333333316
1.377928,4.39,-2.7939999999999987
1.379409,4.61,-3.439333333333334
1.379419,4.49,-3.0873333333333335
1.38091,4.52,-3.175333333333331
1.382149,4.49,-3.0873333333333335
1.382401,4.22,-2.295333333333332
1.383892,4.39,-2.7939999999999987
1.384255,4.62,-3.4686666666666675
1.384889,4.39,-2.7939999999999987
1.385383,4.43,-2.9113333333333316
1.386874,4.19,-2.2073333333333345
1.387418,4.1,-1.9433333333333316
1.38763,4.4,-2.823333333333334
1.388365,4.07,-1.8553333333333342
1.390335,4.14,-2.060666666666666
1.390541,3.97,-1.5619999999999994
1.391625,3.5,-0.18333333333333357
1.393275,4.1,-1.9433333333333316
1.393623,3.71,-0.7993333333333332
1.394925,4.07,-1.8553333333333342
1.395675,3.85,-1.209999999999999
1.396574,3.94,-1.4740000000000002
1.396705,3.7,-0.7699999999999996
1.398224,3.93,-1.4446666666666665
1.398344,3.84,-1.1806666666666654
1.399413,3.8,-1.0633333333333326
1.399787,3.65,-0.6233333333333331
1.401523,3.6,-0.47666666666666657
1.402103,3.69,-0.7406666666666659
1.403503,3.81,-1.0926666666666662
1.403913,3.57,-0.3886666666666656
1.404509,3.15,0.8433333333333337
1.404815,4.11,-1.972666666666667
1.406802,4.04,-1.7673333333333332
1.407526,4.35,-2.676666666666666
1.408155,3.87,-1.2686666666666664
1.410102,4.49,-3.0873333333333335
1.410238,4.43,-2.9113333333333316
1.412397,4.21,-2.266
1.41295,4.46,-2.9993333333333325
1.413401,4.71,-3.732666666666667
1.414212,4.22,-2.295333333333332
1.415661,4.41,-2.852666666666666
1.415758,4.49,-3.0873333333333335
1.416701,4.31,-2.5593333333333312
1.417304,4.42,-2.8819999999999997
1.418904,3.99,-1.6206666666666667
1.421207,4.32,-2.5886666666666667
1.421249,4.17,-2.1486666666666654
1.423732,3.94,-1.4740000000000002
1.423985,3.95,-1.5033333333333339
1.424372,3.97,-1.5619999999999994
1.426887,3.72,-0.8286666666666669
1.427495,3.84,-1.1806666666666654
1.427969,4.19,-2.2073333333333345
1.430617,3.66,-0.6526666666666667
1.431508,3.59,-0.4473333333333329
1.431954,3.79,-1.033999999999999
1.434143,3.6,-0.47666666666666657
1.435939,2.99,1.3126666666666669
1.437457,2.93,1.488666666666667
1.438071,3.47,-0.0953333333333326
1.439923,3.61,-0.5059999999999985
1.441556,3.03,1.195333333333334
1.442,3.34,0.28600000000000136
1.444973,3.4,0.11000000000000121
1.445059,3.45,-0.03666666666666707
1.447809,3.37,0.1980000000000004
1.450507,3.52,-0.2419999999999991
1.4521,4.14,-2.060666666666666
1.453206,4.39,-2.7939999999999987
1.454086,4.54,-3.234
1.457899,4.6,-3.4099999999999984
1.460135,4.6,-3.4099999999999984
1.461302,4.48,-3.0580000000000016
1.464,4.39,-2.7939999999999987
1.46467,4.41,-2.852666666666666
1.465691,4.04,-1.7673333333333332
1.467308,4.2,-2.2366666666666664
1.46786,4.34,-2.647333333333332
1.469917,3.39,0.1393333333333331
1.470617,3.88,-1.2979999999999983
1.47105,4.22,-2.295333333333332
1.473925,3.97,-1.5619999999999994
1.474144,3.84,-1.1806666666666654
1.474239,3.98,-1.591333333333333
1.477193,3.86,-1.2393333333333327
1.477429,3.59,-0.4473333333333329
1.47837,3.86,-1.2393333333333327
1.481372,3.54,-0.3006666666666664
1.482597,3.78,-1.0046666666666653
1.483649,3.57,-0.3886666666666656
1.486074,3.22,0.6379999999999999
1.487644,3.46,-0.06599999999999895
1.491477,3.43,0.02200000000000024
1.491733,3.11,0.9606666666666683
1.49688,3.61,-0.5059999999999985
1.506396,3.53,-0.27133333333333276
1.514382,4.13,-2.0313333333333325
1.517044,4.09,-1.9139999999999997
1.518131,3.94,-1.4740000000000002
1.51874,3.78,-1.0046666666666653
1.519706,3.88,-1.2979999999999983
1.520614,3.97,-1.5619999999999994
1.520747,3.61,-0.5059999999999985
1.522368,4.14,-2.060666666666666
1.522754,3.97,-1.5619999999999994
1.523098,3.66,-0.6526666666666667
1.524761,3.72,-0.8286666666666669
1.52503,4.15,-2.09
1.525582,3.69,-0.7406666666666659
1.528065,4.02,-1.708666666666666
1.530358,4.71,-3.732666666666667
1.530367,4.14,-2.060666666666666
1.530782,4.84,-4.113999999999999
1.532396,4.13,-2.0313333333333325
1.533034,4.15,-2.09
1.534425,4.66,-3.5860000000000003
1.53571,3.23,0.608666666666668
1.536681,4.79,-3.9673333333333325
1.540638,4.33,-2.6180000000000003
1.541143,4.27,-2.4419999999999984
1.543592,3.59,-0.4473333333333329
1.543681,4.1,-1.9433333333333316
1.544816,3.9,-1.3566666666666656
1.547462,4.12,-2.001999999999999
1.548375,3.79,-1.033999999999999
1.548375,4.27,-2.4419999999999984
1.550204,4.12,-2.001999999999999
1.550923,3.7,-0.7699999999999996
1.553783,4.25,-2.383333333333333
1.556993,4.14,-2.060666666666666
1.560204,4.15,-2.09
1.561328,3.57,-0.3886666666666656
1.563242,3.93,-1.4446666666666665
1.564799,3.8,-1.0633333333333326
1.566625,3.83,-1.1513333333333335
1.567115,3.7,-0.7699999999999996
1.567949,3.8,-1.0633333333333326
1.569686,3.97,-1.5619999999999994
1.569728,3.79,-1.033999999999999
1.572257,4.34,-2.647333333333332
1.573178,4.06,-1.8259999999999987
1.574828,4.68,-3.644666666666666
1.576975,4.32,-2.5886666666666667
1.5774,4.41,-2.852666666666666
1.583147,4.25,-2.383333333333333
1.583682,4.17,-2.1486666666666654
1.586845,4.02,-1.708666666666666
1.586991,3.97,-1.5619999999999994
1.59712,4.19,-2.2073333333333345
1.598222,3.93,-1.4446666666666665
1.599988,4.25,-2.383333333333333
1.600762,3.99,-1.6206666666666667
1.602111,3.87,-1.2686666666666664
1.602855,4.01,-1.6793333333333322
1.603879,4.05,-1.796666666666665
1.605722,3.64,-0.5939999999999994
1.606,3.7,-0.7699999999999996
1.607327,3.7,-0.7699999999999996
1.609453,3.85,-1.209999999999999
1.609523,3.92,-1.4153333333333329
1.611483,3.65,-0.6233333333333331
1.613046,3.8,-1.0633333333333326
1.613276,4.16,-2.1193333333333335
1.615638,3.92,-1.4153333333333329
1.616542,3.68,-0.7113333333333323
1.617048,4.12,-2.001999999999999
1.6199,4.08,-1.884666666666666
1.620588,3.87,-1.2686666666666664
1.622037,4.06,-1.8259999999999987
1.623257,3.78,-1.0046666666666653
1.624118,3.88,-1.2979999999999983
1.624281,3.96,-1.5326666666666657
1.624973,3.78,-1.0046666666666653
1.625946,3.84,-1.1806666666666654
1.626728,3.92,-1.4153333333333329
1.627621,3.73,-0.8579999999999988
1.627647,4.12,-2.001999999999999
1.628251,4.04,-1.7673333333333332
1.6293,3.9,-1.3566666666666656
1.630975,4.35,-2.676666666666666
1.630979,4.3,-2.5299999999999994
1.631176,4.07,-1.8553333333333342
1.632657,4.09,-1.9139999999999997
1.634348,4.06,-1.8259999999999987
1.634592,4.33,-2.6180000000000003
1.63527,3.41,0.08066666666666755
1.636087,3.71,-0.7993333333333332
1.63742,3.9,-1.3566666666666656
1.637471,3.83,-1.1513333333333335
1.637827,3.71,-0.7993333333333332
1.639566,3.67,-0.6819999999999986
1.639671,3.71,-0.7993333333333332
1.640247,3.63,-0.5646666666666658
1.641168,3.51,-0.21266666666666545
1.641306,3.71,-0.7993333333333332
1.641907,3.66,-0.6526666666666667
1.642908,3.7,-0.7699999999999996
1.643075,3.77,-0.9753333333333334
1.643962,3.68,-0.7113333333333323
1.644759,3.5,-0.18333333333333357
1.645026,3.9,-1.3566666666666656
1.645254,3.6,-0.47666666666666657
1.645676,4.52,-3.175333333333331
1.646835,4.26,-2.4126666666666647
1.64793,3.62,-0.5353333333333339
1.648644,3.59,-0.4473333333333329
1.648787,4.22,-2.295333333333332
1.650454,4.4,-2.823333333333334
1.651897,4.63,-3.4979999999999993
1.654072,4.43,-2.9113333333333316
1.65462,4.31,-2.5593333333333312
1.655007,4.58,-3.351333333333333
1.657691,4.26,-2.4126666666666647
1.657965,3.46,-0.06599999999999895
1.658118,4.45,-2.9700000000000006
1.6595,4.2,-2.2366666666666664
1.661228,4.52,-3.175333333333331
1.663118,4.33,-2.6180000000000003
1.664338,4.36,-2.7060000000000013
1.664928,4.45,-2.9700000000000006
1.667449,3.8,-1.0633333333333326
1.668,4.25,-2.383333333333333
1.668546,4.53,-3.2046666666666663
1.670356,4.46,-2.9993333333333325
1.672286,4.59,-3.3806666666666665
1.674268,4.04,-1.7673333333333332
1.674445,4.23,-2.3246666666666673
1.674452,4.07,-1.8553333333333342
1.67601,4.34,-2.647333333333332
1.677077,3.95,-1.5033333333333339
1.677567,4.12,-2.001999999999999
1.678759,4.04,-1.7673333333333332
1.679124,4.06,-1.8259999999999987
1.680916,3.92,-1.4153333333333329
1.685502,3.69,-0.7406666666666659
1.686911,3.82,-1.1219999999999999
1.688311,3.91,-1.3859999999999992
1.691119,3.85,-1.209999999999999
1.691584,3.75,-0.9166666666666661
1.693857,3.76,-0.945999999999998
1.693928,3.89,-1.3273333333333337
1.694698,3.77,-0.9753333333333334
1.696014,4.29,-2.5006666666666657
1.696736,3.83,-1.1513333333333335
1.697813,3.49,-0.15399999999999991
1.699545,4.11,-1.972666666666667
1.700328,4.19,-2.2073333333333345
1.700928,3.82,-1.1219999999999999
1.702353,4.11,-1.972666666666667
1.702485,3.93,-1.4446666666666665
1.704642,4.4,-2.823333333333334
1.705213,4.63,-3.4979999999999993
1.709433,3.96,-1.5326666666666657
1.710949,4.36,-2.7060000000000013
1.711872,4.06,-1.8259999999999987
1.713653,3.66,-0.6526666666666667
1.714128,4.12,-2.001999999999999
1.714311,3.76,-0.945999999999998
1.716357,3.88,-1.2979999999999983
1.716357,4.19,-2.2073333333333345
1.716876,3.5,-0.18333333333333357
1.719476,3.6,-0.47666666666666657
1.720094,3.23,0.608666666666668
1.722827,3.82,-1.1219999999999999
1.723482,4.03,-1.7379999999999995
1.725177,4.13,-2.0313333333333325
1.729802,3.87,-1.2686666666666664
1.732086,3.92,-1.4153333333333329
1.732554,3.94,-1.4740000000000002
1.73392,3.97,-1.5619999999999994
1.734839,3.84,-1.1806666666666654
1.735586,3.89,-1.3273333333333337
1.736653,3.4,0.11000000000000121
1.739476,4.62,-3.4686666666666675
1.741609,4.35,-2.676666666666666
1.742388,4.63,-3.4979999999999993
1.744703,4.25,-2.383333333333333
1.745952,4.05,-1.796666666666665
1.747797,4.29,-2.5006666666666657
1.748656,4.85,-4.143333333333331
1.751113,3.68,-0.7113333333333323
1.753517,4.48,-3.0580000000000016
1.753535,4.07,-1.8553333333333342
1.755658,4.06,-1.8259999999999987
1.756761,3.48,-0.12466666666666626
1.760005,3.23,0.608666666666668
1.760637,3.14,0.8726666666666674
1.763249,3.37,0.1980000000000004
1.766493,3.62,-0.5353333333333339
1.767739,3.43,0.02200000000000024
1.769737,3.66,-0.6526666666666667
1.773143,3.61,-0.5059999999999985
1.776813,3.65,-0.6233333333333331
1.780484,3.48,-0.12466666666666626
1.784154,4.08,-1.884666666666666
1.787824,4.11,-1.972666666666667
1.791495,4.63,-3.4979999999999993
1.793525,4.66,-3.5860000000000003
1.795165,4.45,-2.9700000000000006
1.796376,3.58,-0.41799999999999926
1.797,4.58,-3.351333333333333
1.798926,4.04,-1.7673333333333332
1.799334,4.16,-2.1193333333333335
1.799979,3.95,-1.5033333333333339
1.801667,3.84,-1.1806666666666654
1.806333,4.05,-1.796666666666665
1.806629,4.2,-2.2366666666666664
1.807426,3.94,-1.4740000000000002
1.810481,3.97,-1.6899999999999995
1.811,4.07,-2.0566666666666666
1.811172,3.75,-0.8833333333333329
1.81411,3.74,-0.8466666666666658
1.815434,3.75,-0.8833333333333329
1.8155,3.75,-0.8833333333333329
1.817505,3.88,-1.3599999999999994
1.819442,3.85,-1.25
1.82,4.06,-2.019999999999998
1.82,4.09,-2.129999999999999
1.8209,3.96,-1.6533333333333324
1.823351,4.02,-1.8733333333333313
1.823464,3.76,-0.9199999999999982
1.824725,3.68,-0.6266666666666669
1.826429,3.94,-1.5799999999999983
1.827513,3.66,-0.5533333333333328
1.828561,3.84,-1.2133333333333312
1.829507,4.97,-5.356666666666666
1.831561,3.64,-0.47999999999999865
1.832014,3.98,-1.7266666666666648
1.832598,3.98,-1.7266666666666648
1.83551,4.31,-2.936666666666664
1.835751,3.78,-0.9933333333333323
1.836335,3.75,-0.8833333333333329
1.838903,4.57,-3.8900000000000006
1.839424,4.35,-3.083333333333332
1.842055,4.72,-4.439999999999998
1.843264,4.35,-3.083333333333332
1.843698,4.45,-3.4499999999999993
1.844727,4.32,-2.9733333333333327
1.846187,4.16,-2.3866666666666667
1.846332,4.33,-3.01
1.847194,4.35,-3.083333333333332
1.848676,3.93,-1.543333333333333
1.849399,3.91,-1.4699999999999989
1.849661,4.24,-2.6799999999999997
1.851165,3.74,-0.8466666666666658
1.852128,4.23,-2.6433333333333344
1.852466,3.85,-1.25
1.854741,4.16,-2.3866666666666667
1.85572,3.63,-0.4433333333333316
1.855888,3.94,-1.5799999999999983
1.857803,4.0,-1.799999999999999
1.858277,3.91,-1.4699999999999989
1.859159,4.17,-2.423333333333332
1.860667,3.89,-1.3966666666666665
1.860865,4.14,-2.313333333333331
1.862598,4.24,-2.6799999999999997
1.863927,4.39,-3.2299999999999986
1.866391,4.0,-1.799999999999999
1.866952,3.84,-1.2133333333333312
1.86751,4.01,-1.836666666666666
1.870429,3.87,-1.3233333333333324
1.871104,4.09,-2.129999999999999
1.873565,3.94,-1.5799999999999983
1.874357,3.93,-1.543333333333333
1.874448,3.99,-1.7633333333333336
1.877071,3.87,-1.3233333333333324
1.877906,4.01,-1.836666666666666
1.879693,3.87,-1.3233333333333324
1.880333,3.6,-0.33333333333333215
1.881144,3.92,-1.506666666666666
1.882316,3.93,-1.543333333333333
1.883659,3.74,-0.8466666666666658
1.884383,3.8,-1.0666666666666647
1.886592,3.72,-0.7733333333333334
1.887185,3.85,-1.25
1.889302,3.48,0.10666666666666735
1.889884,3.8,-1.0666666666666647
1.892012,3.66,-0.5533333333333328
1.892583,3.85,-1.25
1.89379,3.68,-0.6266666666666669
1.894722,3.55,-0.14999999999999858
1.895282,3.89,-1.3966666666666665
1.896232,3.84,-1.2133333333333312
1.897432,3.71,-0.7366666666666646
1.897981,3.82,-1.1399999999999988
1.898673,4.18,-2.4599999999999973
1.900142,3.93,-1.543333333333333
1.90068,4.27,-2.7899999999999974
1.903379,4.59,-3.963333333333333
1.903394,3.81,-1.1033333333333317
1.905562,4.52,-3.7066666666666634
1.906078,4.4,-3.2666666666666675
1.907708,4.55,-3.8166666666666647
1.908438,4.87,-4.99
1.908777,4.29,-2.8633333333333333
1.909792,4.35,-3.083333333333332
1.91088,4.29,-2.8633333333333333
1.911476,4.2,-2.533333333333333
1.911875,4.24,-2.6799999999999997
1.913905,4.29,-2.8633333333333333
1.913958,4.03,-1.9100000000000001
1.917136,4.01,-1.836666666666666
1.917824,4.36,-3.120000000000001
1.919093,4.41,-3.303333333333333
1.922212,3.7,-0.6999999999999993
1.922683,4.06,-2.019999999999998
1.92533,4.21,-2.5700000000000003
1.926504,4.06,-2.019999999999998
1.927034,3.96,-1.6533333333333324
1.928456,4.16,-2.3866666666666667
1.929714,3.82,-1.1399999999999988
1.931184,3.8,-1.0666666666666647
1.933728,3.76,-0.9199999999999982
1.935333,3.7,-0.6999999999999993
1.93711,3.78,-0.9933333333333323
1.938231,3.71,-0.7366666666666646
1.939994,3.92,-1.506666666666666
1.94055,4.16,-2.3866666666666667
1.941082,3.71,-0.7366666666666646
1.942877,3.73,-0.8099999999999987
1.945761,3.6,-0.33333333333333215
1.946108,4.37,-3.1566666666666663
1.948888,4.16,-2.3866666666666667
1.949221,4.48,-3.5600000000000023
1.949634,4.42,-3.34
1.951527,4.23,-2.6433333333333344
1.951667,4.92,-5.173333333333332
1.952485,4.37,-3.1566666666666663
1.954195,3.96,-1.6533333333333324
1.954411,4.06,-2.019999999999998
1.955564,3.85,-1.25
1.95562,4.25,-2.716666666666665
1.957051,3.78,-0.9933333333333323
1.957557,3.98,-1.7266666666666648
1.958526,4.04,-1.9466666666666654
1.959014,3.92,-1.506666666666666
1.959796,4.14,-2.313333333333331
1.96004,3.87,-1.3233333333333324
1.961554,4.25,-2.716666666666665
1.9627,3.94,-1.5799999999999983
1.963068,4.02,-1.8733333333333313
1.964582,3.86,-1.2866666666666653
1.966096,3.93,-1.543333333333333
1.967566,4.03,-1.9100000000000001
1.96761,3.76,-0.9199999999999982
1.969306,3.74,-0.8466666666666658
1.971066,3.6,-0.33333333333333215
1.972826,3.5,0.03333333333333499
1.973341,3.68,-0.6266666666666669
1.974488,3.72,-0.7733333333333334
1.974586,3.31,0.7300000000000004
1.976264,3.42,0.326666666666668
1.976346,3.72,-0.7733333333333334
1.978613,3.69,-0.6633333333333322
1.986905,4.0,-1.799999999999999
1.986937,4.27,-2.7899999999999974
1.987957,4.91,-5.136666666666667
1.990424,4.2,-2.533333333333333
1.991313,4.1,-2.1666666666666643
1.992184,4.34,-3.046666666666665
1.993803,4.49,-3.5966666666666676
1.993944,4.31,-2.936666666666664
1.996,3.89,-1.3966666666666665
1.997455,4.4,-3.2666666666666675
1.9985,4.14,-2.313333333333331
2.001,3.97,-1.6899999999999995
2.002153,4.25,-2.716666666666665
2.0035,4.02,-1.8733333333333313
2.006,3.88,-1.3599999999999994
2.007393,4.12,-2.24
2.0085,3.71,-0.7366666666666646
2.011,3.8,-1.0666666666666647
2.01205,4.1,-2.1666666666666643
2.012607,4.11,-2.203333333333333
2.014214,4.08,-2.0933333333333337
2.015418,3.74,-0.8466666666666658
2.015822,3.62,-0.4066666666666663
2.015914,3.57,-0.22333333333333272
2.017428,3.7,-0.6999999999999993
2.019036,3.78,-0.9933333333333323
2.020643,3.58,-0.2599999999999998
2.022155,3.54,-0.11333333333333329
2.022208,3.54,-0.11333333333333329
2.023744,3.45,0.21666666666666679
2.024754,3.28,0.8400000000000016
2.024982,3.56,-0.18666666666666565
2.025278,3.67,-0.5899999999999999
2.026813,3.61,-0.3699999999999992
2.027578,3.36,0.5466666666666686
2.027674,3.33,0.6566666666666663
2.028347,4.07,-2.0566666666666666
2.029881,3.88,-1.3599999999999994
2.030401,3.77,-0.9566666666666652
2.031415,3.59,-0.2966666666666651
2.032949,3.84,-1.2133333333333312
2.033057,4.04,-1.9466666666666654
2.034483,4.04,-1.9466666666666654
2.035748,4.02,-1.8733333333333313
2.036018,4.06,-2.019999999999998
2.037552,4.12,-2.24
2.03844,4.1,-2.1666666666666643
2.038873,4.0,-1.799999999999999
2.039086,4.13,-2.2766666666666655
2.04062,4.21,-2.5700000000000003
2.041132,4.15,-2.3499999999999996
2.041724,4.03,-1.9100000000000001
2.042154,3.95,-1.6166666666666671
2.043689,3.51,-0.003333333333332078
2.043776,3.87,-1.3233333333333324
2.047643,3.91,-1.4699999999999989
2.048291,3.41,0.3633333333333333
2.049065,3.79,-1.0299999999999994
2.050602,3.88,-1.3599999999999994
2.05171,3.76,-0.9199999999999982
2.054355,3.65,-0.5166666666666657
2.056521,3.63,-0.4433333333333316
2.056999,3.48,0.10666666666666735
2.0573,3.81,-1.1033333333333317
2.05948,3.74,-0.8466666666666658
2.059644,4.11,-2.203333333333333
2.060275,3.93,-1.543333333333333
2.062321,4.56,-3.8533333333333317
2.062489,4.18,-2.4599999999999973
2.06339,4.07,-2.0566666666666666
2.065044,4.46,-3.4866666666666646
2.065262,4.33,-3.01
2.066697,4.5,-3.633333333333333
2.068203,4.49,-3.5966666666666676
2.069071,4.49,-3.5966666666666676
2.070006,4.5,-3.633333333333333
2.071144,4.6,-3.9999999999999982
2.072362,4.66,-4.220000000000001
2.074085,4.66,-4.220000000000001
2.074968,4.15,-2.3499999999999996
2.075653,4.39,-3.2299999999999986
2.077026,4.2,-2.533333333333333
2.07993,4.24,-2.6799999999999997
2.079967,4.65,-4.183333333333334
2.081584,3.95,-1.6166666666666671
2.082605,4.45,-3.4499999999999993
2.083238,4.3,-2.8999999999999986
2.085209,4.21,-2.5700000000000003
2.086486,4.02,-1.8733333333333313
2.086546,4.16,-2.3866666666666667
2.087814,4.33,-3.01
2.089676,3.69,-0.6633333333333322
2.092514,3.76,-0.9199999999999982
2.093023,4.11,-2.203333333333333
2.093163,3.85,-1.25
2.094268,3.79,-1.0299999999999994
2.095628,3.89,-1.3966666666666665
2.09614,3.66,-0.5533333333333328
2.098053,3.55,-0.14999999999999858
2.098395,3.81,-1.1033333333333317
2.099283,3.37,0.5100000000000016
2.101439,3.66,-0.5533333333333328
2.102369,3.44,0.25333333333333385
2.105033,3.76,-0.9199999999999982
2.105761,3.69,-0.6633333333333322
2.107527,3.99,-1.7633333333333336
2.108476,4.09,-2.129999999999999
2.109079,3.83,-1.1766666666666659
2.110337,3.84,-1.2133333333333312
2.113105,3.87,-1.3233333333333324
2.115308,3.76,-0.9199999999999982
2.115872,3.83,-1.1766666666666659
2.118075,3.59,-0.2966666666666651
2.118423,3.62,-0.4066666666666663
2.118639,3.78,-0.9933333333333323
2.121406,3.86,-1.2866666666666653
2.124174,3.47,0.14333333333333442
2.124652,4.18,-2.4599999999999973
2.126032,3.88,-1.3599999999999994
2.127766,4.12,-2.24
2.129039,4.25,-2.716666666666665
2.130101,4.02,-1.8733333333333313
2.130886,4.1,-2.1666666666666643
2.131573,4.09,-2.129999999999999
2.132373,3.64,-0.47999999999999865
2.132732,4.01,-1.836666666666666
2.133752,3.93,-1.543333333333333
2.134579,3.57,-0.22333333333333272
2.134645,3.61,-0.3699999999999992
2.13593,3.43,0.2900000000000009
2.136425,3.63,-0.4433333333333316
2.136884,3.29,0.8033333333333346
2.138271,3.31,0.7300000000000004
2.139045,2.81,2.563333333333336
2.140162,3.2,1.1333333333333329
2.140396,3.06,1.6466666666666683
2.142426,3.57,-0.22333333333333272
2.143709,3.56,-0.18666666666666565
2.144642,3.79,-1.0299999999999994
2.144689,3.96,-1.6533333333333324
2.146953,3.98,-1.7266666666666648
2.147216,3.89,-1.3966666666666665
2.147622,4.33,-3.01
2.149216,4.51,-3.669999999999998
2.15148,4.76,-4.586666666666666
2.153743,4.49,-3.5966666666666676
2.154073,4.65,-4.183333333333334
2.155624,4.77,-4.623333333333331
2.156028,4.36,-3.120000000000001
2.15656,4.66,-4.220000000000001
2.158727,4.56,-3.8533333333333317
2.159269,4.47,-3.5233333333333317
2.159269,4.6,-3.9999999999999982
2.159539,4.34,-3.046666666666665
2.160277,4.28,-2.826666666666668
2.161228,4.48,-3.5600000000000023
2.162575,4.44,-3.413333333333334
2.162739,4.24,-2.6799999999999997
2.164108,4.5,-3.633333333333333
2.165349,4.38,-3.1933333333333316
2.165635,4.19,-2.496666666666668
2.16798,4.28,-2.826666666666668
2.168696,4.13,-2.2766666666666655
2.17061,4.22,-2.6066666666666656
2.171459,4.0,-1.799999999999999
2.171757,4.04,-1.9466666666666654
2.173241,4.1,-2.1666666666666643
2.174919,4.07,-2.0566666666666666
2.175451,4.0,-1.799999999999999
2.177877,3.73,-0.8099999999999987
2.179707,3.93,-1.543333333333333
2.180938,3.65,-0.5166666666666657
2.183798,3.61,-0.3699999999999992
2.184292,3.78,-0.9933333333333323
2.186018,3.43,0.2900000000000009
2.186524,3.62,-0.4066666666666663
2.18677,3.41,0.3633333333333333
2.189128,3.68,-0.6266666666666669
2.189133,3.87,-1.3233333333333324
2.189984,3.57,-0.22333333333333272
2.191589,2.83,2.490000000000002
2.193756,3.7,-0.6999999999999993
2.194049,3.97,-1.6899999999999995
2.196509,4.29,-2.8633333333333333
2.197529,3.84,-1.2133333333333312
2.198272,4.29,-2.8633333333333333
2.198969,3.96,-1.6533333333333324
2.200514,4.3,-2.8999999999999986
2.200724,4.11,-2.203333333333333
2.201439,4.25,-2.716666666666665
2.20244,4.39,-3.2299999999999986
2.203069,4.0,-1.799999999999999
2.203816,4.35,-3.083333333333332
2.204365,3.94,-1.5799999999999983
2.205415,4.21,-2.5700000000000003
2.206193,4.02,-1.8733333333333313
2.206291,4.22,-2.6066666666666656
2.20776,3.91,-1.4699999999999989
2.208216,4.16,-2.3866666666666667
2.20857,4.06,-2.019999999999998
2.210947,3.72,-0.7733333333333334
2.213265,3.87,-1.3233333333333324
2.214078,3.63,-0.4433333333333316
2.21593,3.65,-0.5166666666666657
2.220972,3.8,-1.0666666666666647
2.221182,4.15,-2.3499999999999996
2.223009,3.72,-0.7733333333333334
2.224228,3.94,-1.5799999999999983
2.225016,3.48,0.10666666666666735
2.226945,3.68,-0.6266666666666669
2.227023,3.69,-0.6633333333333322
2.227273,3.69,-0.6633333333333322
2.228795,3.76,-0.9199999999999982
2.22903,3.5,0.03333333333333499
2.229214,3.39,0.4366666666666674
2.231037,3.66,-0.5533333333333328
2.231483,3.52,-0.03999999999999915
2.23184,3.68,-0.6266666666666669
2.232754,3.81,-1.1033333333333317
2.233052,3.97,-1.6899999999999995
2.234182,3.73,-0.8099999999999987
2.234517,3.81,-1.1033333333333317
2.235437,4.11,-2.203333333333333
2.236327,4.04,-1.9466666666666654
2.237361,4.25,-2.716666666666665
2.237916,4.08,-2.0933333333333337
2.239204,4.22,-2.6066666666666656
2.240535,4.44,-3.413333333333334
2.240541,4.44,-3.413333333333334
2.242827,4.54,-3.7799999999999994
2.243154,4.09,-2.129999999999999
2.24372,4.25,-2.716666666666665
2.245773,4.18,-2.4599999999999973
2.246852,4.09,-2.129999999999999
2.2469,4.05,-1.9833333333333325
2.248392,3.89,-1.3966666666666665
2.25084,3.22,1.0600000000000005
2.250878,3.97,-1.6899999999999995
2.254904,3.94,-1.5799999999999983
2.255737,3.24,0.9866666666666681
2.25732,3.41,0.3633333333333333
2.25978,3.31,0.7300000000000004
2.260256,3.46,0.1800000000000015
2.262503,3.56,-0.18666666666666565
2.263759,3.61,-0.3699999999999992
2.2647,3.88,-1.3599999999999994
2.266422,3.46,0.1800000000000015
2.269268,3.21,1.0966666666666676
2.270766,3.67,-0.5899999999999999
2.27208,3.98,-1.7266666666666648
2.27427,4.01,-1.836666666666666
2.27454,3.91,-1.4699999999999989
2.277774,3.93,-1.543333333333333
2.279459,4.39,-3.2299999999999986
2.281277,4.38,-3.1933333333333316
2.282165,4.29,-2.8633333333333333
2.2828,4.07,-2.0566666666666666
2.284781,4.06,-2.019999999999998
2.286182,3.86,-1.2866666666666653
2.286839,4.48,-3.5600000000000023
2.288285,4.22,-2.6066666666666656
2.289299,4.12,-2.24
2.291759,3.79,-1.0299999999999994
2.291788,3.65,-0.5166666666666657
2.295292,3.89,-1.3966666666666665
2.296679,3.39,0.4366666666666674
2.298023,3.19,1.1700000000000017
2.298796,3.56,-0.18666666666666565
2.299631,3.56,-0.18666666666666565
2.301405,3.07,1.6100000000000012
2.301599,3.61,-0.3699999999999992
2.302299,3.59,-0.2966666666666651
2.303094,2.95,2.0500000000000007
2.305558,3.61,-0.3699999999999992
2.308723,3.99,-1.7633333333333336
2.311495,3.19,1.1700000000000017
2.311888,3.83,-1.1766666666666659
2.315072,4.12,-2.24
2.31538,3.77,-0.9566666666666652
2.321742,4.01,-1.836666666666666
2.327787,3.88,-1.3599999999999994
2.32865,3.78,-0.9933333333333323
2.331054,3.9,-1.4333333333333318
2.33432,3.83,-1.1766666666666659
2.336878,4.05,-1.9833333333333325
2.336898,3.66,-0.5533333333333328
2.336957,4.18,-2.4599999999999973
2.338074,3.75,-0.8833333333333329
2.338825,4.15,-2.3499999999999996
2.338942,4.03,-1.9100000000000001
2.339192,3.93,-1.543333333333333
2.340309,3.57,-0.22333333333333272
2.340576,4.09,-2.129999999999999
2.340771,4.14,-2.313333333333331
2.340987,3.87,-1.3233333333333324
2.341427,3.61,-0.3699999999999992
2.342523,4.03,-1.9100000000000001
2.342544,3.7,-0.6999999999999993
2.342718,3.79,-1.0299999999999994
2.343031,3.73,-0.8099999999999987
2.343662,3.39,0.4366666666666674
2.344469,3.78,-0.9933333333333323
2.344779,3.3,0.7666666666666693
2.345075,3.56,-0.18666666666666565
2.345897,3.49,0.07000000000000028
2.346416,3.68,-0.6266666666666669
2.34702,3.44,0.25333333333333385
2.347176,3.55,-0.14999999999999858
2.348661,3.39,0.4366666666666674
2.349888,3.51,-0.003333333333332078
2.350256,3.39,0.4366666666666674
2.351941,3.45,0.21666666666666679
2.353369,3.92,-1.506666666666666
2.353582,3.42,0.326666666666668
2.354013,3.4,0.40000000000000213
2.357006,3.75,-0.8833333333333329
2.358767,4.03,-1.9100000000000001
2.359596,4.25,-2.716666666666665
2.362287,3.48,0.10666666666666735
2.362709,3.98,-1.7266666666666648
2.365808,3.89,-1.3966666666666665
2.365822,3.87,-1.3233333333333324
2.367568,3.98,-1.7266666666666648
2.369328,4.17,-2.423333333333332
2.377747,3.96,-1.6533333333333324
2.378763,3.43,0.2900000000000009
2.382221,3.37,0.5100000000000016
2.391138,3.55,-0.14999999999999858
2.391168,3.64,-0.47999999999999865
2.395263,3.08,1.5733333333333341
2.395642,3.67,-0.5899999999999999
2.398734,3.01,1.8300000000000018
2.399388,3.74,-0.8466666666666658
2.400115,3.77,-0.9566666666666652
2.402977,3.77,-0.9566666666666652
2.404503,3.89,-1.3966666666666665
2.408415,4.01,-1.836666666666666
2.409633,3.67,-0.5899999999999999
2.411482,3.57,-0.22333333333333272
2.415075,3.41,0.3633333333333333
2.417616,3.38,0.4733333333333345
2.419851,3.81,-1.1033333333333317
2.42036,3.73,-0.8099999999999987
2.42202,3.69,-0.6633333333333322
2.42375,3.7,-0.6999999999999993
2.424189,3.27,0.8766666666666687
2.424363,3.9,-1.4333333333333318
2.426358,3.69,-0.6633333333333322
2.42743,3.88,-1.3599999999999994
2.428052,3.94,-1.5799999999999983
2.428526,3.68,-0.6266666666666669
2.430497,4.84,-4.879999999999999
2.430616,3.33,0.6566666666666663
2.432853,4.47,-3.5233333333333317
2.433564,4.41,-3.303333333333333
2.435007,4.48,-3.5600000000000023
2.435743,4.57,-3.8900000000000006
2.436018,4.17,-2.423333333333332
2.436945,4.74,-4.513333333333334
2.438307,4.54,-3.7799999999999994
2.4391,4.51,-3.669999999999998
2.44087,3.83,-1.1766666666666659
2.442493,3.96,-1.6533333333333324
2.443433,4.26,-2.7533333333333303
2.445105,3.9,-1.4333333333333318
2.445562,4.1,-2.1666666666666643
2.445997,3.9,-1.4333333333333318
2.447717,4.1,-2.1666666666666643
2.448779,3.27,0.8766666666666687
2.450603,4.2,-2.533333333333333
2.450865,3.86,-1.2866666666666653
2.453601,3.83,-1.1766666666666659
2.454157,3.35,0.5833333333333339
2.455702,3.46,0.1800000000000015
2.456598,3.47,0.14333333333333442
2.457449,3.39,0.4366666666666674
2.459157,2.77,2.710000000000001
2.459596,3.72,-0.7733333333333334
2.460742,3.47,0.14333333333333442
2.462593,3.81,-1.1033333333333317
2.462613,3.45,0.21666666666666679
2.464035,3.5,0.03333333333333499
2.466068,3.49,0.07000000000000028
2.467327,3.13,1.3900000000000006
2.469524,3.4,0.40000000000000213
2.47062,3.42,0.326666666666668
2.472678,3.92,-1.506666666666666
2.476112,3.97,-1.6899999999999995
2.476435,4.03,-1.9100000000000001
2.477205,3.9,-1.4333333333333318
2.479546,4.35,-3.083333333333332
2.47989,4.19,-2.496666666666668
2.480497,4.17,-2.423333333333332
2.48298,4.54,-3.7799999999999994
2.48379,4.56,-3.8533333333333317
2.486415,4.86,-4.953333333333333
2.487133,4.27,-2.7899999999999974
2.487371,4.76,-4.586666666666666
2.489309,4.61,-4.036666666666667
2.490422,3.84,-1.2133333333333312
2.492092,4.23,-2.6433333333333344
2.493712,4.03,-1.9100000000000001
2.494875,4.0,-1.799999999999999
2.497239,3.87,-1.3233333333333324
2.500442,3.69,-0.6633333333333322
2.500907,3.78,-0.9933333333333323
2.503225,3.79,-1.0299999999999994
2.50358,3.87,-1.3233333333333324
2.504575,3.51,-0.003333333333332078
2.50687,3.84,-1.2133333333333312
2.508242,3.75,-0.8833333333333329
2.508739,4.0,-1.799999999999999
2.51016,3.52,-0.03999999999999915
2.511359,4.05,-1.9833333333333325
2.513449,4.49,-3.5966666666666676
2.514239,4.74,-4.513333333333334
2.516859,4.13,-2.2766666666666655
2.516989,4.71,-4.403333333333332
2.519609,4.61,-4.036666666666667
2.519738,4.78,-4.66
2.520028,4.71,-4.403333333333332
2.522359,4.5,-3.633333333333333
2.522488,4.77,-4.623333333333331
2.522763,4.51,-3.669999999999998
2.525513,4.51,-3.669999999999998
2.526607,4.37,-3.1566666666666663
2.527859,4.43,-3.376666666666665
2.528315,4.64,-4.146666666666665
2.531117,4.24,-2.6799999999999997
2.533032,4.07,-2.0566666666666666
2.533813,3.84,-1.2133333333333312
2.533919,4.34,-3.046666666666665
2.536101,3.76,-0.9199999999999982
2.536721,4.18,-2.4599999999999973
2.53917,3.42,0.326666666666668
2.540323,2.98,1.9400000000000013
2.542682,3.12,1.4266666666666676
2.546855,3.37,0.5100000000000016
2.548129,3.65,-0.5166666666666657
2.549916,3.42,0.326666666666668
2.550046,3.78,-0.9933333333333323
2.551098,3.79,-1.0299999999999994
2.552977,3.65,-0.5166666666666657
2.553614,3.77,-0.9566666666666652
2.556832,3.74,-0.8466666666666658
2.55896,3.68,-0.6266666666666669
2.559901,4.08,-2.0933333333333337
2.560008,4.04,-1.9466666666666654
2.562969,3.7,-0.6999999999999993
2.562978,4.01,-1.836666666666666
2.565947,3.79,-1.0299999999999994
2.566037,3.78,-0.9933333333333323
2.567676,3.52,-0.03999999999999915
2.568917,3.72,-0.7733333333333334
2.569105,3.87,-1.3233333333333324
2.571887,3.95,-1.6166666666666671
2.572173,3.79,-1.0299999999999994
2.574613,3.45,0.21666666666666679
2.575241,3.61,-0.3699999999999992
2.576392,3.4,0.40000000000000213
2.577091,3.54,-0.11333333333333329
2.578309,3.19,1.1700000000000017
2.578425,3.13,1.3900000000000006
2.579568,3.54,-0.11333333333333329
2.581378,3.82,-1.1399999999999988
2.582045,3.26,0.913333333333334
2.582202,3.34,0.620000000000001
2.584446,3.42,0.326666666666668
2.585108,3.27,0.8766666666666687
2.5868,3.58,-0.2599999999999998
2.587514,3.73,-0.8099999999999987
2.588051,3.46,0.1800000000000015
2.589749,3.7,-0.6999999999999993
2.590582,3.74,-0.8466666666666658
2.592423,3.81,-1.1033333333333317
2.592699,4.19,-2.496666666666668
2.593946,4.03,-1.9100000000000001
2.595491,3.5,0.03333333333333499
2.595625,3.54,-0.11333333333333329
2.595649,4.11,-2.203333333333333
2.597423,3.97,-1.6899999999999995
2.598403,3.99,-1.7633333333333336
2.598559,3.9,-1.4333333333333318
2.600216,4.05,-1.9833333333333325
2.600617,3.73,-0.8099999999999987
2.601548,3.87,-1.3233333333333324
2.603557,4.11,-2.203333333333333
2.60367,4.11,-2.203333333333333
2.604369,4.18,-2.4599999999999973
2.605055,4.25,-2.716666666666665
2.607523,4.01,-1.836666666666666
2.607619,3.96,-1.6533333333333324
2.607754,3.34,0.620000000000001
2.608664,4.22,-2.6066666666666656
2.611138,3.72,-0.7733333333333334
2.611375,3.69,-0.6633333333333322
2.61168,3.92,-1.506666666666666
2.612272,4.12,-2.24
2.613846,3.65,-0.5166666666666657
2.615227,3.63,-0.4433333333333316
2.615742,3.62,-0.4066666666666663
2.616196,3.67,-0.5899999999999999
2.617851,3.68,-0.6266666666666669
2.617908,3.12,1.4266666666666676
2.61908,3.46,0.1800000000000015
2.620214,3.5,0.03333333333333499
2.621482,3.79,-1.0299999999999994
2.621785,3.68,-0.6266666666666669
2.622565,3.79,-1.0299999999999994
2.623624,3.37,0.5100000000000016
2.624475,3.26,0.913333333333334
2.625405,3.22,1.0600000000000005
2.627542,3.47,0.14333333333333442
2.628139,3.49,0.07000000000000028
2.628967,3.08,1.5733333333333341
2.629308,3.88,-1.3599999999999994
2.630777,3.49,0.07000000000000028
2.631398,3.45,0.21666666666666679
2.631803,3.29,0.8033333333333346
2.63256,3.86,-1.2866666666666653
2.633035,3.0,1.8666666666666671
2.635468,3.84,-1.2133333333333312
2.635699,3.5,0.03333333333333499
2.635813,3.99,-1.7633333333333336
2.635859,3.53,-0.07666666666666444
2.63641,3.57,-0.22333333333333272
2.638682,3.35,0.5833333333333339
2.639065,3.97,-1.6899999999999995
2.639109,3.8,-1.0666666666666647
2.639132,3.53,-0.07666666666666444
2.641506,3.76,-0.9199999999999982
2.642034,4.2,-2.533333333333333
2.642317,4.14,-2.313333333333331
2.64243,3.7,-0.6999999999999993
2.642964,3.52,-0.03999999999999915
2.644329,3.63,-0.4433333333333316
2.644857,4.03,-1.9100000000000001
2.64557,4.63,-4.109999999999999
2.645817,3.84,-1.2133333333333312
2.64682,4.17,-2.423333333333332
2.647817,4.07,-2.0566666666666666
2.648,3.96,-1.6533333333333324
2.649003,4.76,-4.586666666666666
2.6503,3.95,-1.6166666666666671
2.650422,3.92,-1.506666666666666
2.650768,4.34,-3.046666666666665
2.652345,3.79,-1.0299999999999994
2.652378,4.43,-3.376666666666665
2.652499,3.65,-0.5166666666666657
2.653701,3.72,-0.7733333333333334
2.653911,3.96,-1.6533333333333324
2.6549,3.67,-0.5899999999999999
2.655737,3.93,-1.543333333333333
2.655753,4.29,-2.8633333333333333
2.656945,3.34,0.620000000000001
2.657401,3.57,-0.22333333333333272
2.657774,4.09,-2.129999999999999
2.659129,3.61,-0.3699999999999992
2.660011,3.11,1.4633333333333347
2.660891,3.55,-0.14999999999999858
2.6618,3.52,-0.03999999999999915
2.662504,3.68,-0.6266666666666669
2.662529,3.32,0.6933333333333351
2.664356,3.59,-0.2966666666666651
2.665451,3.45,0.21666666666666679
2.665747,3.85,-1.25
2.666026,3.15,1.3166666666666682
2.666416,3.35,0.5833333333333339
2.666976,3.01,1.8300000000000018
2.66868,4.05,-1.9833333333333325
2.668689,3.55,-0.14999999999999858
2.668703,3.15,1.3166666666666682
2.669722,3.58,-0.2599999999999998
2.669778,3.24,0.9866666666666681
2.671613,3.7,-0.6999999999999993
2.672022,3.25,0.9500000000000011
2.672581,3.25,0.9500000000000011
2.6733,3.4,0.40000000000000213
2.674056,3.35,0.5833333333333339
2.674546,3.88,-1.3599999999999994
2.674833,3.32,0.6933333333333351
2.675345,2.83,2.490000000000002
2.675383,3.33,0.6566666666666663
2.676733,3.45,0.21666666666666679
2.677479,3.98,-1.7266666666666648
2.6779,3.07,1.6100000000000012
2.6779,3.07,1.6100000000000012
2.678185,3.12,1.4266666666666676
2.678402,3.54,-0.11333333333333329
2.67941,3.31,0.7300000000000004
2.679945,3.19,1.1700000000000017
2.680412,4.02,-1.8733333333333313
2.680455,3.71,-0.7366666666666646
2.680455,3.71,-0.7366666666666646
2.680987,3.6,-0.33333333333333215
2.682087,3.56,-0.18666666666666565
2.682244,3.63,-0.4433333333333316
2.682244,3.63,-0.4433333333333316
2.683011,3.2,1.1333333333333329
2.683011,3.2,1.1333333333333329
2.683345,4.33,-3.01
2.683789,3.69,-0.6633333333333322
2.684763,4.24,-2.6799999999999997
2.684877,3.58,-0.2599999999999998
2.685056,3.59,-0.2966666666666651
2.685056,3.66,-0.5533333333333328
2.686278,4.46,-3.4866666666666646
2.686333,3.59,-0.2966666666666651
2.686333,3.59,-0.2966666666666651
2.686592,3.75,-0.8833333333333329
2.68744,4.2,-2.533333333333333
2.688378,4.1,-2.1666666666666643
2.688378,4.1,-2.1666666666666643
2.688763,4.18,-2.4599999999999973
2.689211,4.68,-4.293333333333331
2.690117,4.46,-3.4866666666666646
2.690678,4.05,-1.9833333333333325
2.690678,4.05,-1.9833333333333325
2.692144,4.68,-4.293333333333331
2.692196,4.11,-2.203333333333333
2.692211,3.96,-1.6533333333333324
2.692211,3.96,-1.6533333333333324
2.692794,4.4,-3.2666666666666675
2.693233,3.7,-0.6999999999999993
2.693233,3.7,-0.6999999999999993
2.694591,3.88,-1.3599999999999994
2.694998,3.61,-0.3699999999999992
2.695077,4.33,-3.01
2.69547,4.16,-2.3866666666666667
2.695534,3.8,-1.0666666666666647
2.695534,3.8,-1.0666666666666647
2.6978,3.67,-0.5899999999999999
2.697829,3.98,-1.7266666666666648
2.69801,4.22,-2.6066666666666656
2.698345,3.8,-1.0666666666666647
2.698345,3.8,-1.0666666666666647
2.698409,4.13,-2.2766666666666655
2.700133,3.64,-0.47999999999999865
2.700133,3.64,-0.47999999999999865
2.700603,3.61,-0.3699999999999992
2.7009,4.39,-3.2299999999999986
2.7009,4.39,-3.2299999999999986
2.700944,4.11,-2.203333333333333
2.701067,3.83,-1.1766666666666659
2.702689,3.97,-1.6899999999999995
2.702689,3.97,-1.6899999999999995
2.703405,3.61,-0.3699999999999992
2.703456,4.37,-3.1566666666666663
2.703456,4.37,-3.1566666666666663
2.703877,4.28,-2.826666666666668
2.704855,4.08,-2.0933333333333337
2.705245,4.2,-2.533333333333333
2.705245,4.2,-2.533333333333333
2.706011,3.9,-1.4333333333333318
2.706011,3.9,-1.4333333333333318
2.706207,3.6,-0.33333333333333215
2.70681,4.29,-2.8633333333333333
2.707453,4.2,-2.533333333333333
2.707542,4.03,-1.9100000000000001
2.709009,4.0,-1.799999999999999
2.709078,4.39,-3.2299999999999986
2.709078,4.39,-3.2299999999999986
2.709743,4.33,-3.01
2.709894,4.31,-2.936666666666664
2.71078,4.24,-2.6799999999999997
2.711251,4.33,-3.01
2.711811,4.4,-3.2666666666666675
2.711889,4.24,-2.6799999999999997
2.711889,4.24,-2.6799999999999997
2.712335,4.3,-2.8999999999999986
2.712676,4.55,-3.8166666666666647
2.713167,3.79,-1.0299999999999994
2.713167,3.79,-1.0299999999999994
2.713474,4.35,-3.083333333333332
2.713678,4.32,-2.9733333333333327
2.713678,4.32,-2.9733333333333327
2.714777,4.37,-3.1566666666666663
2.715609,4.79,-4.696666666666665
2.715935,3.92,-1.506666666666666
2.716233,4.47,-3.5233333333333317
2.716284,4.12,-2.24
2.717278,3.58,-0.2599999999999998
2.717482,3.93,-1.543333333333333
2.718481,4.52,-3.7066666666666634
2.719286,4.49,-3.5966666666666676
2.719645,4.22,-2.6066666666666656
2.720398,4.23,-2.6433333333333344
2.720985,4.2,-2.533333333333333
2.721528,4.81,-4.77
2.722551,4.71,-4.403333333333332
2.722833,4.07,-2.0566666666666666
2.723517,4.17,-2.423333333333332
2.72449,3.97,-1.6899999999999995
2.724576,4.57,-3.8900000000000006
2.725731,3.41,0.3633333333333333
2.725817,4.04,-1.9466666666666654
2.726636,4.22,-2.6066666666666656
2.727293,3.96,-1.6533333333333324
2.727623,4.6,-3.9999999999999982
2.727993,3.84,-1.2133333333333312
2.72805,3.25,0.9500000000000011
2.729082,4.0,-1.799999999999999
2.729755,3.82,-1.1399999999999988
2.730671,4.21,-2.5700000000000003
2.730797,3.48,0.10666666666666735
2.731498,3.7,-0.6999999999999993
2.731528,3.59,-0.2966666666666651
2.732874,3.5,0.03333333333333499
2.733718,4.15,-2.3499999999999996
2.734426,3.22,1.0600000000000005
2.735001,3.31,0.7300000000000004
2.735612,3.71,-0.7366666666666646
2.736068,3.56,-0.18666666666666565
2.736766,3.9,-1.4333333333333318
2.738505,3.32,0.6933333333333351
2.73933,3.44,0.25333333333333385
2.739814,3.4,0.40000000000000213
2.740222,3.47,0.14333333333333442
2.741959,3.32,0.6933333333333351
2.742143,3.54,-0.11333333333333329
2.742592,3.35,0.5833333333333339
2.743121,3.32,0.6933333333333351
2.744223,3.12,1.4266666666666676
2.745273,3.3,0.7666666666666693
2.745909,3.53,-0.07666666666666444
2.746019,3.1,1.5
2.747485,3.24,0.9866666666666681
2.748587,3.0,1.8666666666666671
2.748627,3.31,0.7300000000000004
2.748673,3.44,0.25333333333333385
2.749,3.82,-1.1399999999999988
2.750747,3.31,0.7300000000000004
2.751901,3.37,0.5100000000000016
2.752266,4.0,-1.799999999999999
2.752395,3.29,0.8033333333333346
2.753572,3.83,-1.1766666666666659
2.754009,3.45,0.21666666666666679
2.754713,3.37,0.5100000000000016
2.755204,3.77,-0.9566666666666652
2.755214,3.3,0.7666666666666693
2.756837,3.71,-0.7366666666666646
2.757271,3.34,0.620000000000001
2.757612,3.29,0.8033333333333346
2.75847,3.82,-1.1399999999999988
2.758528,3.12,1.4266666666666676
2.758528,3.45,0.21666666666666679
2.760102,3.97,-1.6899999999999995
2.76051,3.44,0.25333333333333385
2.760533,3.65,-0.5166666666666657
2.761842,3.51,-0.003333333333332078
2.761842,3.61,-0.3699999999999992
2.763367,4.1,-2.1666666666666643
2.763408,3.45,0.21666666666666679
2.763795,3.67,-0.5899999999999999
2.76402,3.84,-1.2133333333333312
2.764824,3.41,0.3633333333333333
2.765,3.73,-0.8099999999999987
2.765167,3.75,-0.8833333333333329
2.766404,3.64,-0.47999999999999865
2.767105,3.77,-0.9566666666666652
2.767211,3.7,-0.6999999999999993
2.768015,3.24,0.9866666666666681
2.768509,3.54,-0.11333333333333329
2.768636,3.54,-0.11333333333333329
2.769783,3.52,-0.03999999999999915
2.770115,3.12,1.4266666666666676
2.771026,3.54,-0.11333333333333329
2.772018,3.31,0.7300000000000004
2.772345,3.34,0.620000000000001
2.773084,3.09,1.5366666666666688
2.774014,3.6,-0.33333333333333215
2.774188,3.63,-0.4433333333333316
2.774908,3.22,1.0600000000000005
2.775527,3.21,1.0966666666666676
2.777001,3.28,0.8400000000000016
2.77747,3.48,0.10666666666666735
2.777537,3.47,0.14333333333333442
2.779035,3.15,1.3166666666666682
2.779084,3.12,1.4266666666666676
2.779988,3.16,1.2800000000000011
2.780478,3.41,0.3633333333333333
2.781248,3.34,0.620000000000001
2.782079,3.13,1.3900000000000006
2.782544,3.36,0.5466666666666686
2.782975,3.06,1.6466666666666683
2.783597,3.33,0.6566666666666663
2.78496,3.12,1.4266666666666676
2.785393,3.52,-0.03999999999999915
2.786035,3.41,0.3633333333333333
2.786131,3.33,0.6566666666666663
2.788299,3.35,0.5833333333333339
2.789245,3.31,0.7300000000000004
2.789823,3.56,-0.18666666666666565
2.789902,3.87,-1.3233333333333324
2.790844,3.14,1.3533333333333335
2.792455,3.21,1.0966666666666676
2.793276,3.41,0.3633333333333333
2.793672,3.69,-0.6633333333333322
2.79498,3.29,0.8033333333333346
2.795084,3.2,1.1333333333333329
2.795666,3.68,-0.6266666666666669
2.795727,3.59,-0.2966666666666651
2.797443,4.03,-1.9100000000000001
2.797525,3.7,-0.6999999999999993
2.797714,3.9,-1.4333333333333318
2.798177,3.89,-1.3966666666666665
2.798876,3.78,-0.9933333333333323
2.800345,3.2,1.1333333333333329
2.800628,4.03,-1.9100000000000001
2.801213,3.74,-0.8466666666666658
2.801343,3.9,-1.4333333333333318
2.801444,3.68,-0.6266666666666669
2.802086,4.06,-2.019999999999998
2.803078,4.23,-2.6433333333333344
2.804206,4.05,-1.9833333333333325
2.804291,3.68,-0.6266666666666669
2.804984,3.75,-0.8833333333333329
2.805297,3.89,-1.3966666666666665
2.805585,4.17,-2.423333333333332
2.806264,2.96,2.0133333333333354
2.80733,3.51,-0.003333333333332078
2.807868,4.12,-2.24
2.808637,4.08,-2.0933333333333337
2.808691,4.06,-2.019999999999998
2.809021,3.39,0.4366666666666674
2.811209,3.86,-1.2866666666666653
2.811883,3.58,-0.2599999999999998
2.812173,3.75,-0.8833333333333329
2.812544,3.87,-1.3233333333333324
2.812774,3.55,-0.14999999999999858
2.814128,3.37,0.5100000000000016
2.815324,3.82,-1.1399999999999988
2.816451,3.76,-0.9199999999999982
2.817396,3.74,-0.8466666666666658
2.817396,3.93,-1.543333333333333
2.819234,3.3,0.7666666666666693
2.81944,3.69,-0.6633333333333322
2.820359,3.62,-0.4066666666666663
2.82079,3.54,-0.11333333333333329
2.821749,3.46,0.1800000000000015
2.823556,3.59,-0.2966666666666651
2.824266,3.37,0.5100000000000016
2.82434,3.15,1.3166666666666682
2.826102,2.97,1.9766666666666666
2.826848,3.29,0.8033333333333346
2.828174,3.45,0.21666666666666679
2.829447,3.38,0.4733333333333345
2.829696,3.8,-1.0666666666666647
2.830454,2.98,1.9400000000000013
2.831787,3.44,0.25333333333333385
2.832048,3.53,-0.07666666666666444
2.8335,3.75,-0.8833333333333329
2.833649,3.29,0.8033333333333346
2.834343,3.49,0.07000000000000028
2.834348,3.97,-1.6899999999999995
2.835879,4.07,-2.0566666666666666
2.836206,3.08,1.5733333333333341
2.836639,3.41,0.3633333333333333
2.836844,3.62,-0.4066666666666663
2.838763,3.22,1.0600000000000005
2.839067,3.76,-0.9199999999999982
2.83934,3.6,-0.33333333333333215
2.841112,4.29,-2.8633333333333333
2.841321,3.28,0.8400000000000016
2.841588,3.7,-0.6999999999999993
2.842087,3.18,1.206666666666667
2.8425,3.51,-0.003333333333332078
2.843878,3.83,-1.1766666666666659
2.844109,3.62,-0.4066666666666663
2.844334,3.66,-0.5533333333333328
2.8455,3.74,-0.8466666666666658
2.846344,4.14,-2.313333333333331
2.846435,3.67,-0.5899999999999999
2.846581,3.4,0.40000000000000213
2.846629,3.54,-0.11333333333333329
2.8485,3.6,-0.33333333333333215
2.848992,3.65,-0.5166666666666657
2.84915,3.89,-1.3966666666666665
2.849576,3.6,-0.33333333333333215
2.8515,3.86,-1.2866666666666653
2.851577,4.14,-2.313333333333331
2.851587,3.64,-0.47999999999999865
2.851671,3.72,-0.7733333333333334
2.851823,3.78,-0.9933333333333323
2.854427,3.73,-0.8099999999999987
2.854589,3.83,-1.1766666666666659
2.854838,3.48,0.10666666666666735
2.854974,3.54,-0.11333333333333329
2.855,3.18,1.206666666666667
2.85795,3.4,0.40000000000000213
2.858088,3.59,-0.2966666666666651
2.858561,3.89,-1.3966666666666665
2.859,3.55,-0.14999999999999858
2.859507,3.93,-1.543333333333333
2.860413,4.01,-1.836666666666666
2.861311,3.51,-0.003333333333332078
2.861417,3.12,1.4266666666666676
2.861539,3.25,0.9500000000000011
2.862283,3.43,0.2900000000000009
2.863,3.59,-0.2966666666666651
2.864746,3.33,0.6566666666666663
2.864947,4.09,-2.129999999999999
2.866006,3.26,0.913333333333334
2.867,3.29,0.8033333333333346
2.868032,3.47,0.14333333333333442
2.868074,3.41,0.3633333333333333
2.86948,3.71,-0.7366666666666646
2.869728,3.21,1.0966666666666676
2.870737,3.28,0.8400000000000016
2.871,3.35,0.5833333333333339
2.871393,3.67,-0.5899999999999999
2.873367,3.41,0.3633333333333333
2.873825,3.59,-0.2966666666666651
2.874542,3.46,0.1800000000000015
2.874628,3.21,1.0966666666666676
2.874997,3.64,-0.47999999999999865
2.876397,3.42,0.326666666666668
2.877583,3.49,0.07000000000000028
2.877884,3.33,0.6566666666666663
2.878481,3.88,-1.3599999999999994
2.879427,3.48,0.10666666666666735
2.881205,3.89,-1.3966666666666665
2.881965,3.87,-1.3233333333333324
2.882457,3.62,-0.4066666666666663
2.883665,3.85,-1.25
2.884395,3.35,0.5833333333333339
2.884895,4.14,-2.313333333333331
2.885449,3.8,-1.0666666666666647
2.885487,3.67,-0.5899999999999999
2.8885,3.58,-0.2599999999999998
2.888532,4.26,-2.7533333333333303
2.888869,3.68,-0.6266666666666669
2.890778,3.58,-0.2599999999999998
2.891472,3.23,1.0233333333333352
2.89176,4.05,-1.9833333333333325
2.892302,3.52,-0.03999999999999915
2.893552,3.24,0.9866666666666681
2.893926,3.57,-0.22333333333333272
2.89424,3.6,-0.33333333333333215
2.894444,3.53,-0.07666666666666444
2.89495,4.15,-2.3499999999999996
2.895606,3.53,-0.07666666666666444
2.897007,3.7,-0.6999999999999993
2.897074,3.48,0.10666666666666735
2.897416,3.53,-0.07666666666666444
2.89814,4.04,-1.9466666666666654
2.898975,3.52,-0.03999999999999915
2.900222,3.28,0.8400000000000016
2.900388,3.45,0.21666666666666679
2.901331,3.77,-0.9566666666666652
2.902344,3.51,-0.003333333333332078
2.90336,3.34,0.620000000000001
2.903371,3.25,0.9500000000000011
2.904551,3.64,-0.47999999999999865
2.905814,3.61,-0.3699999999999992
2.905936,3.51,-0.003333333333332078
2.906469,3.31,0.7300000000000004
2.906667,3.24,0.9866666666666681
2.907929,3.83,-1.1766666666666659
2.909381,3.81,-1.1033333333333317
2.909616,3.33,0.6566666666666663
2.91,2.88,2.3066666666666684
2.911307,3.9,-1.4333333333333318
2.912163,3.55,-0.14999999999999858
2.912763,3.52,-0.03999999999999915
2.912904,3.55,-0.14999999999999858
2.913333,3.39,0.4366666666666674
2.914667,3.79,-1.0299999999999994
2.915276,3.69,-0.6633333333333322
2.915751,3.0,1.8666666666666671
2.916067,3.4,0.40000000000000213
2.916667,3.53,-0.07666666666666444
2.918,3.74,-0.8466666666666658
2.918598,3.52,-0.03999999999999915
2.9194,3.54,-0.11333333333333329
2.92,2.83,2.490000000000002
2.921334,3.98,-1.7266666666666648
2.921444,3.51,-0.003333333333332078
2.922733,3.44,0.25333333333333385
2.923333,3.64,-0.47999999999999865
2.92431,3.5,0.03333333333333499
2.92471,4.22,-2.6066666666666656
2.9262,3.82,-1.1399999999999988
2.926839,3.44,0.25333333333333385
2.92734,3.87,-1.3233333333333324
2.928258,4.27,-2.7899999999999974
2.929678,3.58,-0.2599999999999998
2.929748,3.58,-0.2599999999999998
2.93037,3.76,-0.9199999999999982
2.931807,4.32,-2.9733333333333327
2.933226,3.31,0.7300000000000004
2.933297,3.45,0.21666666666666679
2.933401,3.77,-0.9566666666666652
2.933935,3.89,-1.3966666666666665
2.934593,3.34,0.620000000000001
2.936138,3.9,-1.4333333333333318
2.936586,3.73,-0.8099999999999987
2.936758,3.41,0.3633333333333333
2.937484,3.44,0.25333333333333385
2.93981,3.33,0.6566666666666663
2.940145,2.99,1.9033333333333342
2.940145,3.52,-0.03999999999999915
2.940665,3.72,-0.7733333333333334
2.941032,3.11,1.4633333333333347
2.941171,3.18,1.206666666666667
2.943034,2.98,1.9400000000000013
2.943532,3.0,1.8666666666666671
2.944459,3.33,0.6566666666666663
2.944581,3.07,1.6100000000000012
2.945193,3.57,-0.22333333333333272
2.946447,3.29,0.8033333333333346
2.947694,3.27,0.8766666666666687
2.948062,3.02,1.7933333333333348
2.949603,3.51,-0.003333333333332078
2.950172,3.09,1.5366666666666688
2.9515,2.91,2.196666666666667
2.953112,3.42,0.326666666666668
2.953453,2.97,1.9766666666666666
2.953989,3.79,-1.0299999999999994
2.954012,3.11,1.4633333333333347
2.954066,3.48,0.10666666666666735
2.954938,3.08,1.5733333333333341
2.956734,3.18,1.206666666666667
2.957252,3.69,-0.6633333333333322
2.957498,3.24,0.9866666666666681
2.957619,3.3,0.7666666666666693
2.958375,3.17,1.2433333333333358
2.959393,3.53,-0.07666666666666444
2.960058,3.35,0.5833333333333339
2.960438,2.82,2.5266666666666673
2.960565,3.58,-0.2599999999999998
2.961813,3.11,1.4633333333333347
2.961875,3.71,-0.7366666666666646
2.962387,3.4,0.40000000000000213
2.963385,3.62,-0.4066666666666663
2.963512,2.91,2.196666666666667
2.964562,3.52,-0.03999999999999915
2.96525,3.53,-0.07666666666666444
2.965375,3.59,-0.2966666666666651
2.966458,3.38,0.4733333333333345
2.966712,3.48,0.10666666666666735
2.966809,3.73,-0.8099999999999987
2.968,3.5,0.03333333333333499
2.968815,3.86,-1.2866666666666653
2.969037,4.02,-1.8733333333333313
2.969665,3.6,-0.33333333333333215
2.970415,3.6,-0.33333333333333215
2.972889,3.79,-1.0299999999999994
2.973157,3.75,-0.8833333333333329
2.973185,4.09,-2.129999999999999
2.976148,3.63,-0.4433333333333316
2.976649,3.47,0.14333333333333442
2.976963,3.33,0.6566666666666663
2.977334,4.13,-2.2766666666666655
2.978251,4.01,-1.836666666666666
2.978301,3.56,-0.18666666666666565
2.980107,3.71,-0.7366666666666646
2.980393,3.65,-0.5166666666666657
2.98066,3.74,-0.8466666666666658
2.981322,3.79,-1.0299999999999994
2.981662,3.56,-0.18666666666666565
2.981854,4.2,-2.533333333333333
2.982069,3.47,0.14333333333333442
2.984758,3.53,-0.07666666666666444
2.98521,3.74,-0.8466666666666658
2.9855,3.39,0.4366666666666674
2.985965,3.68,-0.6266666666666669
2.98605,3.89,-1.3966666666666665
2.986372,2.82,2.5266666666666673
2.986634,3.99,-1.7633333333333336
2.987853,3.12,1.4266666666666676
2.98976,3.3,0.7666666666666693
2.990675,3.67,-0.5899999999999999
2.990948,3.16,1.2800000000000011
2.991413,3.73,-0.8099999999999987
2.992,4.03,-1.9100000000000001
2.993628,3.22,1.0600000000000005
2.993964,3.36,0.5466666666666686
2.994061,3.25,0.9500000000000011
2.994291,3.54,-0.11333333333333329
2.994946,3.41,0.3633333333333333
2.994955,3.64,-0.47999999999999865
2.996582,3.19,1.1700000000000017
2.996835,3.63,-0.4433333333333316
2.997046,3.64,-0.47999999999999865
2.997237,3.48,0.10666666666666735
2.997564,3.61,-0.3699999999999992
2.998324,3.82,-1.1399999999999988
3.000182,3.62,-0.4066666666666663
3.00051,3.53,-0.07666666666666444
3.001693,4.18,-2.4599999999999973
3.003017,3.69,-0.6633333333333322
3.003782,3.7,-0.6999999999999993
3.004109,4.22,-2.6066666666666656
3.005736,4.05,-1.9833333333333325
3.007055,3.52,-0.03999999999999915
3.007922,3.84,-1.2133333333333312
3.008037,4.03,-1.9100000000000001
3.008433,4.08,-2.0933333333333337
3.010327,3.91,-1.4699999999999989
3.010655,4.02,-1.8733333333333313
3.010757,3.77,-0.9566666666666652
3.011805,3.97,-1.6899999999999995
3.013591,3.79,-1.0299999999999994
3.013928,4.06,-2.019999999999998
3.015177,3.84,-1.2133333333333312
3.016425,3.94,-1.5799999999999983
3.017346,3.72,-0.7733333333333334
3.017874,3.77,-0.9566666666666652
3.018182,3.9,-1.4333333333333318
3.020145,3.81,-1.1033333333333317
3.0208,4.02,-1.8733333333333313
3.021247,3.89,-1.3966666666666665
3.022094,3.77,-0.9566666666666652
3.023316,3.79,-1.0299999999999994
3.024073,3.91,-1.4699999999999989
3.024618,3.49,0.07000000000000028
3.024928,3.81,-1.1033333333333317
3.025292,3.77,-0.9566666666666652
3.027018,3.72,-0.7733333333333334
3.027882,3.81,-1.1033333333333317
3.02799,3.61,-0.3699999999999992
3.028629,3.73,-0.8099999999999987
3.0302,3.75,-0.8833333333333329
3.031143,3.49,0.07000000000000028
3.031289,3.57,-0.22333333333333272
3.031772,3.7,-0.6999999999999993
3.032103,2.72,2.8933333333333344
3.033343,3.81,-1.1033333333333317
3.034691,3.38,0.4733333333333345
3.034915,3.6,-0.33333333333333215
3.038093,2.92,2.160000000000002
3.03847,2.98,1.9400000000000013
3.039629,3.7,-0.6999999999999993
3.0412,3.59,-0.2966666666666651
3.041495,3.59,-0.2966666666666651
3.042129,3.42,0.326666666666668
3.042772,3.61,-0.3699999999999992
3.044343,3.86,-1.2866666666666653
3.044897,3.46,0.1800000000000015
3.045788,3.36,0.5466666666666686
3.045914,3.14,1.3533333333333335
3.047486,3.93,-1.543333333333333
3.048299,3.6,-0.33333333333333215
3.049057,3.91,-1.4699999999999989
3.049447,3.84,-1.2133333333333312
3.051449,3.73,-0.8099999999999987
3.052717,3.75,-0.8833333333333329
3.05275,3.96,-1.6533333333333324
3.05371,3.85,-1.25
3.054348,3.6,-0.33333333333333215
3.0555,3.68,-0.6266666666666669
3.055919,3.17,1.2433333333333358
3.057246,3.33,0.6566666666666663
3.057975,3.67,-0.5899999999999999
3.05912,2.92,2.160000000000002
3.059841,3.57,-0.22333333333333272
3.060144,3.45,0.21666666666666679
3.060725,3.48,0.10666666666666735
3.062322,3.24,0.9866666666666681
3.063043,3.43,0.2900000000000009
3.06375,3.47,0.14333333333333442
3.065523,3.34,0.620000000000001
3.065941,3.27,0.8766666666666687
3.0665,3.48,0.10666666666666735
3.068724,3.21,1.0966666666666676
3.06884,3.38,0.4733333333333345
3.069053,3.74,-0.8466666666666658
3.06925,3.61,-0.3699999999999992
3.07145,3.47,0.14333333333333442
3.071846,3.34,0.620000000000001
3.072252,3.79,-1.0299999999999994
3.074567,3.44,0.25333333333333385
3.075972,3.36,0.5466666666666686
3.07617,3.15,1.3166666666666682
3.076435,3.36,0.5466666666666686
3.078108,3.43,0.2900000000000009
3.0786,3.37,0.5100000000000016
3.080149,3.3,0.7666666666666693
3.080439,2.76,2.7466666666666697
3.080618,3.12,1.4266666666666676
3.0819,3.38,0.4733333333333345
3.082291,3.09,1.5366666666666688
3.084205,3.47,0.14333333333333442
3.084423,3.12,1.4266666666666676
3.086158,3.57,-0.22333333333333272
3.088002,3.33,0.6566666666666663
3.088005,3.1,1.5
3.089667,3.4,0.40000000000000213
3.089961,3.91,-1.4699999999999989
3.091583,3.43,0.2900000000000009
3.091799,3.28,0.8400000000000016
3.093,3.19,1.1700000000000017
3.093763,3.87,-1.3233333333333324
3.095162,3.39,0.4366666666666674
3.095596,3.32,0.6933333333333351
3.096333,2.81,2.563333333333336
3.097565,3.78,-0.9933333333333323
3.098744,3.36,0.5466666666666686
3.099394,3.37,0.5100000000000016
3.099667,3.32,0.6933333333333351
3.101368,3.93,-1.543333333333333
3.102,3.2,1.1333333333333329
3.102323,3.39,0.4366666666666674
3.102667,3.55,-0.14999999999999858
3.103191,3.27,0.8766666666666687
3.105171,3.68,-0.6266666666666669
3.106334,3.25,0.9500000000000011
3.106988,3.35,0.5833333333333339
3.107747,3.24,0.9866666666666681
3.109334,3.36,0.5466666666666686
3.110785,3.35,0.5833333333333339
3.110785,3.4,0.40000000000000213
3.112315,3.28,0.8400000000000016
3.112775,3.87,-1.3233333333333324
3.113,3.27,0.8766666666666687
3.113823,3.49,0.07000000000000028
3.114202,3.41,0.3633333333333333
3.115783,3.29,0.8033333333333346
3.116101,3.45,0.21666666666666679
3.116334,3.33,0.6566666666666663
3.116578,3.68,-0.6266666666666669
3.117999,3.42,0.326666666666668
3.119254,3.35,0.5833333333333339
3.119667,3.26,0.913333333333334
3.121496,3.48,0.10666666666666735
3.122372,3.47,0.14333333333333442
3.123,3.37,0.5100000000000016
3.123825,3.82,-1.1399999999999988
3.124222,3.54,-0.11333333333333329
3.125328,3.57,-0.22333333333333272
3.126334,3.36,0.5466666666666686
3.126947,3.65,-0.5166666666666657
3.127302,3.8,-1.0666666666666647
3.128288,3.6,-0.33333333333333215
3.129,3.49,0.07000000000000028
3.129667,3.38,0.4733333333333345
3.129673,3.51,-0.003333333333332078
3.130779,3.88,-1.3599999999999994
3.131247,3.64,-0.47999999999999865
3.132262,3.68,-0.6266666666666669
3.132313,3.54,-0.11333333333333329
3.132786,3.14,1.3533333333333335
3.133731,3.59,-0.2966666666666651
3.133772,3.94,-1.5799999999999983
3.134454,3.36,0.5466666666666686
3.135405,3.59,-0.2966666666666651
3.136056,3.65,-0.5166666666666657
3.136504,3.84,-1.2133333333333312
3.136595,3.78,-0.9933333333333323
3.138024,3.67,-0.5899999999999999
3.138379,3.64,-0.47999999999999865
3.138737,3.66,-0.5533333333333328
3.139236,3.96,-1.6533333333333324
3.140119,3.58,-0.2599999999999998
3.140643,3.71,-0.7366666666666646
3.140699,3.17,1.2433333333333358
3.140878,3.77,-0.9566666666666652
3.141968,4.05,-1.9833333333333325
3.143027,3.1,1.5
3.143027,3.92,-1.506666666666666
3.143364,3.17,1.2433333333333358
3.145361,4.1,-2.1666666666666643
3.146545,3.44,0.25333333333333385
3.146587,3.65,-0.5166666666666657
3.147,3.46,0.1800000000000015
3.149154,4.16,-2.3866666666666667
3.149631,2.98,1.9400000000000013
3.150352,3.07,1.6100000000000012
3.150636,2.91,2.196666666666667
3.152577,3.07,1.6100000000000012
3.152947,3.72,-0.7733333333333334
3.154118,3.2,1.1333333333333329
3.154273,3.49,0.07000000000000028
3.155293,2.94,2.086666666666668
3.155976,3.43,0.2900000000000009
3.156633,2.96,2.0133333333333354
3.156946,3.08,1.5733333333333341
3.157221,3.46,0.1800000000000015
3.15794,3.37,0.5100000000000016
3.158303,3.0,1.8666666666666671
3.158599,2.81,2.563333333333336
3.158674,2.97,1.9766666666666666
3.159019,3.42,0.326666666666668
3.159881,3.17,1.2433333333333358
3.160252,2.95,2.0500000000000007
3.160714,3.4,0.40000000000000213
3.160816,3.33,0.6566666666666663
3.161459,3.45,0.21666666666666679
3.161925,3.35,0.5833333333333339
3.162347,2.66,3.1133333333333333
3.162614,3.73,-0.8099999999999987
3.162755,3.1,1.5
3.163037,3.42,0.326666666666668
3.163578,3.01,1.8300000000000018
3.164388,2.99,1.9033333333333342
3.164615,3.49,0.07000000000000028
3.164796,3.52,-0.03999999999999915
3.165492,3.19,1.1700000000000017
3.168043,3.83,-1.1766666666666659
3.168159,3.35,0.5833333333333339
3.168656,3.0,1.8666666666666671
3.168913,3.18,1.206666666666667
3.171777,3.21,1.0966666666666676
3.172366,3.56,-0.18666666666666565
3.172391,3.98,-1.7266666666666648
3.173261,3.21,1.0966666666666676
3.174898,3.33,0.6566666666666663
3.176392,3.35,0.5833333333333339
3.176539,3.6,-0.33333333333333215
3.177308,3.37,0.5100000000000016
3.177703,3.41,0.3633333333333333
3.180114,3.43,0.2900000000000009
3.180384,3.37,0.5100000000000016
3.180464,3.16,1.2800000000000011
3.181154,3.21,1.0966666666666676
3.183225,3.03,1.7566666666666677
3.183836,3.44,0.25333333333333385
3.184231,2.87,2.3433333333333337
3.185,3.36,0.5466666666666686
3.186055,3.2,1.1333333333333329
3.187304,3.14,1.3533333333333335
3.188165,3.53,-0.07666666666666444
3.188956,3.16,1.2800000000000011
3.189076,3.16,1.2800000000000011
3.190707,3.15,1.3166666666666682
3.192121,3.52,-0.03999999999999915
3.192133,3.35,0.5833333333333339
3.192912,3.23,1.0233333333333352
3.194111,3.2,1.1333333333333329
3.195154,2.9,2.2333333333333343
3.196077,3.82,-1.1399999999999988
3.196868,2.94,2.086666666666668
3.197514,3.4,0.40000000000000213
3.198175,3.09,1.5366666666666688
3.200033,3.71,-0.7366666666666646
3.200824,2.93,2.123333333333335
3.200918,2.9,2.2333333333333343
3.204217,3.13,1.3900000000000006
3.204303,2.95,2.0500000000000007
3.20478,3.18,1.206666666666667
3.207238,3.09,1.5366666666666688
3.20765,3.61,-0.3699999999999992
3.207945,3.5,0.03333333333333499
3.208736,3.45,0.21666666666666679
3.210997,3.11,1.4633333333333347
3.211901,3.53,-0.07666666666666444
3.212692,3.38,0.4733333333333345
3.212915,3.34,0.620000000000001
3.214345,3.3,0.7666666666666693
3.21445,3.28,0.8400000000000016
3.21539,3.46,0.1800000000000015
3.215857,3.55,-0.14999999999999858
3.216648,2.93,2.123333333333335
3.217865,3.06,1.6466666666666683
3.218227,3.18,1.206666666666667
3.219813,3.11,1.4633333333333347
3.219813,3.56,-0.18666666666666565
3.22034,3.3,0.7666666666666693
3.220604,3.57,-0.22333333333333272
3.221033,3.46,0.1800000000000015
3.221794,3.42,0.326666666666668
3.222951,3.13,1.3900000000000006
3.223333,3.33,0.6566666666666663
3.223545,3.63,-0.4433333333333316
3.224,3.72,-0.7733333333333334
3.22446,3.48,0.10666666666666735
3.225637,3.4,0.40000000000000213
3.22656,3.13,1.3900000000000006
3.227182,3.62,-0.4066666666666663
3.227333,3.29,0.8033333333333346
3.227977,3.31,0.7300000000000004
3.22948,3.08,1.5733333333333341
3.230169,3.51,-0.003333333333332078
3.230667,3.45,0.21666666666666679
3.230818,3.81,-1.1033333333333317
3.231494,3.44,0.25333333333333385
3.233323,3.48,0.10666666666666735
3.233747,3.26,0.913333333333334
3.234,3.08,1.5733333333333341
3.235011,3.28,0.8400000000000016
3.237165,3.51,-0.003333333333332078
3.237333,3.31,0.7300000000000004
3.238217,3.43,0.2900000000000009
3.238447,3.38,0.4733333333333345
3.24015,3.3,0.7666666666666693
3.240368,3.38,0.4733333333333345
3.240385,3.34,0.620000000000001
3.240671,3.26,0.913333333333334
3.241256,3.78,-0.9933333333333323
3.242448,3.01,1.8300000000000018
3.242723,3.32,0.6933333333333351
3.242883,3.4,0.40000000000000213
3.243035,3.43,0.2900000000000009
3.243492,3.28,0.8400000000000016
3.244052,3.37,0.5100000000000016
3.244747,3.39,0.4366666666666674
3.244775,3.17,1.2433333333333358
3.245419,3.14,1.3533333333333335
3.245685,3.22,1.0600000000000005
3.246008,3.33,0.6566666666666663
3.246847,3.58,-0.2599999999999998
3.247046,3.22,1.0600000000000005
3.247955,3.06,1.6466666666666683
3.248335,3.27,0.8766666666666687
3.248699,3.17,1.2433333333333358
3.24888,3.38,0.4733333333333345
3.249084,3.13,1.3900000000000006
3.249345,3.27,0.8766666666666687
3.249643,3.19,1.1700000000000017
3.25047,3.3,0.7666666666666693
3.250932,3.37,0.5100000000000016
3.250986,3.36,0.5466666666666686
3.251184,3.56,-0.18666666666666565
3.251644,3.67,-0.5899999999999999
3.252439,3.67,-0.5899999999999999
3.252984,3.39,0.4366666666666674
3.253007,3.46,0.1800000000000015
3.253483,3.89,-1.3966666666666665
3.253636,3.56,-0.18666666666666565
3.255235,3.59,-0.2966666666666651
3.255543,3.16,1.2800000000000011
3.256241,3.82,-1.1399999999999988
3.256286,3.83,-1.1766666666666659
3.257089,3.48,0.10666666666666735
3.25803,3.89,-1.3966666666666665
3.258252,3.4,0.40000000000000213
3.25854,3.83,-1.1766666666666659
3.258889,3.82,-1.1399999999999988
3.259054,3.18,1.206666666666667
3.260488,3.83,-1.1766666666666659
3.261236,3.54,-0.11333333333333329
3.26125,3.88,-1.3599999999999994
3.261392,3.17,1.2433333333333358
3.262146,3.37,0.5100000000000016
3.263078,3.8,-1.0666666666666647
3.26392,3.46,0.1800000000000015
3.264063,3.63,-0.4433333333333316
3.265669,3.73,-0.8099999999999987
3.266236,3.58,-0.2599999999999998
3.266448,3.2,1.1333333333333329
3.266875,3.71,-0.7366666666666646
3.267781,3.15,1.3166666666666682
3.268328,3.76,-0.9199999999999982
3.268976,3.64,-0.47999999999999865
3.269687,3.57,-0.22333333333333272
3.270298,3.47,0.14333333333333442
3.271503,3.45,0.21666666666666679
3.27161,3.99,-1.7633333333333336
3.272145,3.31,0.7300000000000004
3.2725,3.78,-0.9933333333333323
3.273072,3.57,-0.22333333333333272
3.274031,3.58,-0.2599999999999998
3.274343,3.32,0.6933333333333351
3.27489,3.72,-0.7733333333333334
3.275312,3.75,-0.8833333333333329
3.275765,3.63,-0.4433333333333316
3.276715,3.67,-0.5899999999999999
3.278172,3.64,-0.47999999999999865
3.27835,3.48,0.10666666666666735
3.279479,3.52,-0.03999999999999915
3.280937,3.7,-0.6999999999999993
3.281453,4.05,-1.9833333333333325
3.282243,3.55,-0.14999999999999858
3.283522,3.98,-1.7266666666666648
3.28375,4.09,-2.129999999999999
3.284735,4.05,-1.9833333333333325
3.285007,3.69,-0.6633333333333322
3.286198,3.79,-1.0299999999999994
3.287036,4.09,-2.129999999999999
3.287295,4.3,-2.8999999999999986
3.288916,4.54,-3.7799999999999994
3.289261,4.14,-2.313333333333331
3.290959,3.84,-1.2133333333333312
3.292214,4.28,-2.826666666666668
3.293051,4.38,-3.1933333333333316
3.293823,4.45,-3.4499999999999993
3.295475,3.99,-1.7633333333333336
3.295658,4.34,-3.046666666666665
3.297393,4.4,-3.2666666666666675
3.297778,4.27,-2.7899999999999974
3.298729,4.54,-3.7799999999999994
3.299638,3.98,-1.7266666666666648
3.302572,4.12,-2.24
3.30303,4.14,-2.313333333333331
3.303104,3.85,-1.25
3.303634,4.3,-2.8999999999999986
3.303801,3.95,-1.6166666666666671
3.306826,4.04,-1.9466666666666654
3.307232,3.98,-1.7266666666666648
3.307549,4.06,-2.019999999999998
3.308268,4.49,-3.5966666666666676
3.308541,4.29,-2.8633333333333333
3.310549,3.86,-1.2866666666666653
3.312128,3.81,-1.1033333333333317
3.312411,3.74,-0.8466666666666658
3.313447,4.18,-2.4599999999999973
3.313447,4.33,-3.01
3.314272,3.44,0.25333333333333385
3.315886,3.68,-0.6266666666666669
3.317587,3.59,-0.2966666666666651
3.317667,3.89,-1.3966666666666665
3.318743,3.61,-0.3699999999999992
3.320667,3.34,0.620000000000001
3.32075,3.44,0.25333333333333385
3.321333,3.7,-0.6999999999999993
3.3216,3.39,0.4366666666666674
3.323333,3.29,0.8033333333333346
3.323474,3.37,0.5100000000000016
3.323913,2.98,1.9400000000000013
3.324,3.65,-0.5166666666666657
3.324457,3.48,0.10666666666666735
3.326697,3.53,-0.07666666666666444
3.327777,3.49,0.07000000000000028
3.3286,3.7,-0.6999999999999993
3.329184,3.75,-0.8833333333333329
3.33167,3.75,-0.8833333333333329
3.3318,3.55,-0.14999999999999858
3.333092,3.44,0.25333333333333385
3.334157,3.71,-0.7366666666666646
3.3358,3.67,-0.5899999999999999
3.337856,3.57,-0.22333333333333272
3.339305,3.36,0.5466666666666686
3.33985,3.87,-1.3233333333333324
3.341986,3.51,-0.003333333333332078
3.3421,3.77,-0.9566666666666652
3.342383,3.66,-0.5533333333333328
3.344667,3.28,0.8400000000000016
3.346345,3.7,-0.6999999999999993
3.347348,3.52,-0.03999999999999915
3.350029,3.45,0.21666666666666679
3.35059,3.84,-1.2133333333333312
3.352709,3.38,0.4733333333333345
3.354834,3.58,-0.2599999999999998
3.35539,3.3,0.7666666666666693
3.358522,3.43,0.2900000000000009
3.3587,3.57,-0.22333333333333272
3.361788,3.17,1.2433333333333358
3.362171,3.2,1.1333333333333329
3.365053,3.26,0.913333333333334
3.366028,3.13,1.3900000000000006
3.368318,3.35,0.5833333333333339
3.369885,3.46,0.1800000000000015
3.371584,3.82,-1.1399999999999988
3.373743,3.64,-0.47999999999999865
3.3776,3.64,-0.47999999999999865
3.378114,3.48,0.10666666666666735
3.38138,3.46,0.1800000000000015
3.381457,3.66,-0.5533333333333328
3.384848,3.6,-0.33333333333333215
3.385155,3.62,-0.4066666666666663
3.388516,3.37,0.5100000000000016
3.392185,3.31,0.7300000000000004
3.392711,3.35,0.5833333333333339
3.395854,3.37,0.5100000000000016
3.399698,3.35,0.5833333333333339
3.400929,3.34,0.620000000000001
3.403549,3.11,1.4633333333333347
3.405443,3.15,1.3166666666666682
3.407401,3.19,1.1700000000000017
3.4116,3.16,1.2800000000000011
3.413833,3.14,1.3533333333333335
3.415417,3.06,1.6466666666666683
3.416044,3.1,1.5
3.419074,3.01,1.8300000000000018
3.419992,3.13,1.3900000000000006
3.422593,3.11,1.4633333333333347
3.422955,3.38,0.4733333333333345
3.425918,3.25,0.9500000000000011
3.426111,3.3,0.7666666666666693
3.428881,3.31,0.7300000000000004
3.42963,3.28,0.8400000000000016
3.4322,3.28,0.8400000000000016
3.433825,2.97,1.9766666666666666
3.435533,3.13,1.3900000000000006
3.438191,3.09,1.5366666666666688
3.438867,3.07,1.6100000000000012
3.44275,3.12,1.4266666666666676
3.443195,3.1,1.5
3.448651,3.57,-0.22333333333333272
3.450846,3.4,0.40000000000000213
3.457937,2.82,2.5266666666666673
3.460607,3.58,-0.2599999999999998
3.462406,3.15,1.3166666666666682
3.463705,3.28,0.8400000000000016
3.466688,3.54,-0.11333333333333329
3.469936,3.34,0.620000000000001
3.470667,3.28,0.8400000000000016
3.47361,3.27,0.8766666666666687
3.475182,3.24,0.9866666666666681
3.477381,2.96,2.0133333333333354
3.479728,3.15,1.3166666666666682
3.481152,2.93,2.123333333333335
3.484959,3.14,1.3533333333333335
3.4888,3.25,0.9500000000000011
3.490228,3.19,1.1700000000000017
3.495942,2.95,2.0500000000000007
3.496481,3.35,0.5833333333333339
3.500323,3.17,1.2433333333333358
3.501656,3.15,1.3166666666666682
3.504164,3.06,1.6466666666666683
3.506788,3.15,1.3166666666666682
3.508004,3.19,1.1700000000000017
3.51167,3.29,0.8033333333333346
3.511845,3.38,0.4733333333333345
3.515198,3.2,1.1333333333333329
3.51834,3.26,0.913333333333334
3.519901,3.28,0.8400000000000016
3.521483,3.03,1.7566666666666677
3.524102,3.21,1.0966666666666676
3.528219,3.2,1.1333333333333329
3.528884,3.12,1.4266666666666676
3.531605,3.34,0.620000000000001
3.533667,2.99,1.9033333333333342
3.539627,3.08,1.5733333333333341
3.542583,3.17,1.2433333333333358
3.543435,3.55,-0.14999999999999858
3.545714,3.26,0.913333333333334
3.545967,3.47,0.14333333333333442
3.549458,3.29,0.8033333333333346
3.550625,3.45,0.21666666666666679
3.5507,3.35,0.5833333333333339
3.553349,3.18,1.206666666666667
3.555733,3.58,-0.2599999999999998
3.556881,3.35,0.5833333333333339
3.557918,2.88,2.3066666666666684
3.5604,3.22,1.0600000000000005
3.563799,2.88,2.3066666666666684
3.565137,3.21,1.0966666666666676
3.568296,3.17,1.2433333333333358
3.574176,2.97,1.9766666666666666
3.574945,3.29,0.8033333333333346
3.575214,3.1,1.5
3.578673,3.16,1.2800000000000011
3.57985,3.17,1.2433333333333358
3.582132,3.43,0.2900000000000009
3.584753,3.23,1.0233333333333352
3.585624,3.15,1.3166666666666682
3.588864,3.39,0.4366666666666674
3.589036,3.19,1.1700000000000017
3.593286,3.39,0.4366666666666674
3.595343,2.96,2.0133333333333354
3.597536,3.29,0.8033333333333346
3.597611,2.98,1.9400000000000013
3.598584,2.87,2.3433333333333337
3.600851,3.11,1.4633333333333347
3.601786,3.34,0.620000000000001
3.601823,2.83,2.490000000000002
3.604091,3.01,1.8300000000000018
3.605063,2.78,2.6733333333333356
3.610286,3.2,1.1333333333333329
3.612225,3.06,1.6466666666666683
3.615981,3.29,0.8033333333333346
3.617472,3.62,-0.4066666666666663
3.619737,3.34,0.620000000000001
3.620557,3.55,-0.14999999999999858
3.624117,3.52,-0.03999999999999915
3.624168,3.39,0.4366666666666674
3.627797,3.47,0.14333333333333442
3.628941,3.64,-0.47999999999999865
3.633714,3.42,0.326666666666668
3.635157,3.68,-0.6266666666666669
3.638486,3.46,0.1800000000000015
3.64269,3.57,-0.22333333333333272
3.64347,3.42,0.326666666666668
3.646552,3.17,1.2433333333333358
3.648478,3.1,1.5
3.653115,3.27,0.8766666666666687
3.656127,3.28,0.8400000000000016
3.656781,3.22,1.0600000000000005
3.660921,3.39,0.01666666666666572
3.662152,3.47,-0.5166666666666657
3.66446,3.46,-0.4499999999999975
3.667596,2.93,3.083333333333332
3.670733,3.56,-1.1166666666666671
3.671188,3.42,-0.1833333333333318
3.674026,3.84,-2.9833333333333325
3.674203,3.71,-2.1166666666666654
3.677645,3.48,-0.5833333333333321
3.679443,3.18,1.416666666666666
3.681239,3.57,-1.18333333333333
3.684833,3.26,0.8833333333333346
3.685045,3.19,1.3500000000000014
3.688118,3.06,2.216666666666667
3.689766,3.0,2.616666666666667
3.691254,3.08,2.083333333333334
3.69393,3.31,0.5500000000000007
3.694391,3.1,1.950000000000001
3.697527,3.22,1.1500000000000004
3.698094,3.14,1.6833333333333336
3.700663,3.11,1.8833333333333346
3.702258,3.45,-0.38333333333333464
3.703799,3.29,0.6833333333333353
3.706423,3.3,0.6166666666666689
3.706936,3.13,1.7500000000000018
3.710073,3.35,0.283333333333335
3.713209,3.47,-0.5166666666666657
3.714751,3.5,-0.7166666666666668
3.716394,3.37,0.15000000000000036
3.717503,3.65,-1.716666666666665
3.719502,3.27,0.8166666666666664
3.721082,3.55,-1.049999999999999
3.724505,3.03,2.416666666666668
3.724661,3.25,0.9500000000000011
3.72824,3.06,2.216666666666667
3.729507,3.09,2.0166666666666693
3.738976,3.21,1.2166666666666686
3.742555,3.68,-1.9166666666666679
3.745278,3.13,1.7500000000000018
3.746134,3.32,0.4833333333333343
3.749363,3.75,-2.383333333333331
3.750075,2.91,3.216666666666665
3.755597,3.55,-1.049999999999999
3.759217,3.55,-1.049999999999999
3.759568,3.16,1.5500000000000007
3.762911,3.22,1.1500000000000004
3.765283,3.1,1.950000000000001
3.766606,3.36,0.21666666666666856
3.7703,3.17,1.4833333333333343
3.770997,3.21,1.2166666666666686
3.773994,3.23,1.083333333333334
3.776711,3.16,1.5500000000000007
3.777689,3.32,0.4833333333333343
3.782425,3.01,2.5500000000000007
3.785077,3.25,0.9500000000000011
3.788144,3.26,0.8833333333333346
3.788796,3.43,-0.25
3.792512,3.55,-1.049999999999999
3.794557,3.23,1.083333333333334
3.796219,3.29,0.6833333333333353
3.799758,3.27,0.8166666666666664
3.802793,3.14,1.6833333333333336
3.805826,3.33,0.4166666666666661
3.805953,3.04,2.3500000000000014
3.807012,3.21,1.2166666666666686
3.808788,3.24,1.0166666666666657
3.810689,3.27,0.8166666666666664
3.811545,3.03,2.416666666666668
3.811569,3.38,0.08333333333333393
3.81435,3.26,0.8833333333333346
3.814967,3.19,1.3500000000000014
3.815822,2.83,3.75
3.817131,3.43,-0.25
3.819267,3.0,2.616666666666667
3.819994,3.42,-0.1833333333333318
3.8202,2.94,3.0166666666666693
3.823028,3.21,1.2166666666666686
3.823374,3.28,0.7500000000000036
3.826062,3.85,-3.0500000000000007
3.829096,3.59,-1.3166666666666647
3.831279,3.51,-0.7833333333333297
3.832017,3.85,-3.0500000000000007
3.83475,3.17,1.4833333333333343
3.835007,3.37,0.15000000000000036
3.838801,3.48,-0.5833333333333321
3.840217,3.46,-0.4499999999999975
3.843164,3.35,0.283333333333335
3.843662,2.95,2.9499999999999993
3.848663,3.25,0.9500000000000011
3.854622,3.76,-2.4499999999999975
3.861347,3.43,-0.25
3.864854,3.34,0.3500000000000032
3.866206,3.28,0.7500000000000036
3.868295,3.79,-2.6500000000000004
3.871048,3.47,-0.5166666666666657
3.871736,3.76,-2.4499999999999975
3.87517,3.81,-2.7833333333333314
3.875858,3.38,0.08333333333333393
3.878493,3.43,-0.25
3.880532,2.77,4.150000000000002
3.881815,3.52,-0.8499999999999979
3.885207,3.28,0.7500000000000036
3.888459,3.22,1.1500000000000004
3.889881,3.26,0.8833333333333346
3.891782,3.32,0.4833333333333343
3.894556,3.07,2.150000000000002
3.895104,3.13,1.7500000000000018
3.898426,3.49,-0.6500000000000004
3.89923,3.04,2.3500000000000014
3.901748,3.21,1.2166666666666686
3.904047,2.99,2.6833333333333336
3.905681,3.28,0.7500000000000036
3.913868,3.17,1.4833333333333343
3.914715,3.2,1.2833333333333332
3.91678,3.14,1.6833333333333336
3.918603,3.31,0.5500000000000007
3.919691,3.51,-0.7833333333333297
3.922603,3.81,-2.7833333333333314
3.925525,3.66,-1.7833333333333332
3.926474,3.04,2.3500000000000014
3.928459,3.68,-1.9166666666666679
3.929304,3.14,1.6833333333333336
3.931392,3.51,-0.7833333333333297
3.933347,2.79,4.016666666666669
3.934325,3.41,-0.11666666666666536
3.936336,3.0,2.616666666666667
3.937552,2.93,3.083333333333332
3.938873,2.85,3.616666666666667
3.94141,3.27,0.8166666666666664
3.943126,3.12,1.8166666666666664
3.943947,3.24,1.0166666666666657
3.946051,3.6,-1.3833333333333329
3.947616,3.09,2.0166666666666693
3.948273,3.3,0.6166666666666689
3.95018,3.26,0.8833333333333346
3.95234,3.0,2.616666666666667
3.952744,3.1,1.950000000000001
3.955308,3.22,1.1500000000000004
3.956379,2.9,3.283333333333335
3.957872,3.16,1.5500000000000007
3.960164,3.04,2.3500000000000014
3.963,3.24,1.0166666666666657
3.963949,3.22,1.1500000000000004
3.965571,3.27,0.8166666666666664
3.968445,3.15,1.616666666666669
3.96861,3.22,1.1500000000000004
3.971692,3.27,0.8166666666666664
3.973146,2.9,3.283333333333335
3.974774,3.28,0.7500000000000036
3.9774,3.25,0.9500000000000011
3.977855,3.26,0.8833333333333346
3.980937,3.38,0.08333333333333393
3.981604,3.33,0.4166666666666661
3.984269,3.01,2.5500000000000007
3.987749,3.31,0.5500000000000007
3.988332,3.48,-0.5833333333333321
3.990014,3.26,0.8833333333333346
3.991228,3.67,-1.8499999999999996
3.998423,3.28,0.7500000000000036
4.001667,3.36,0.21666666666666856
4.003048,3.21,1.2166666666666686
4.005146,3.33,0.4166666666666661
4.006832,3.06,2.216666666666667
4.007673,2.83,3.75
4.008626,3.13,1.7500000000000018
4.0116,3.16,1.5500000000000007
4.014243,3.22,1.1500000000000004
4.014621,3.16,1.5500000000000007
4.017679,3.2,1.2833333333333332
4.019451,3.24,1.0166666666666657
4.021204,3.03,2.416666666666668
4.023161,3.23,1.083333333333334
4.025463,3.15,1.616666666666669
4.026872,3.32,0.4833333333333343
4.029662,3.22,1.1500000000000004
4.030451,3.37,0.15000000000000036
4.033566,3.39,0.01666666666666572
4.033853,3.34,0.3500000000000032
4.039165,3.8,-2.7166666666666632
4.042534,3.66,-1.7833333333333332
4.043348,3.02,2.4833333333333343
4.045899,3.47,-0.5166666666666657
4.049264,3.52,-0.8499999999999979
4.049435,2.96,2.8833333333333364
4.052629,3.39,0.01666666666666572
4.055522,3.21,1.2166666666666686
4.05936,3.54,-0.9833333333333325
4.061591,3.06,2.216666666666667
4.062675,3.4,-0.04999999999999716
4.065945,3.56,-1.1166666666666671
4.071678,3.09,2.0166666666666693
4.075751,3.57,-1.18333333333333
4.076722,3.23,1.083333333333334
4.07902,3.43,-0.25
4.081765,3.19,1.3500000000000014
4.082289,3.47,-0.5166666666666657
4.085558,3.46,-0.4499999999999975
4.088827,3.31,0.5500000000000007
4.091852,3.15,1.616666666666669
4.09275,3.38,0.08333333333333393
4.095388,3.47,-0.5166666666666657
4.0969,3.35,0.283333333333335
4.098864,3.33,0.4166666666666661
4.101685,3.09,2.0166666666666693
4.102338,3.53,-0.9166666666666643
4.105813,3.08,2.083333333333334
4.106375,3.19,1.3500000000000014
4.108616,3.43,-0.25
4.110182,3.18,1.416666666666666
4.11138,3.57,-1.18333333333333
4.11936,3.22,1.1500000000000004
4.121021,3.49,-0.6500000000000004
4.124748,3.16,1.5500000000000007
4.125525,3.06,2.216666666666667
4.131975,3.12,1.8166666666666664
4.132519,3.54,-0.9833333333333325
4.136473,2.82,3.8166666666666664
4.138566,3.15,1.616666666666669
4.140545,3.53,-0.9166666666666643
4.144634,3.27,0.8166666666666664
4.145329,3.2,1.2833333333333332
4.148161,3.41,-0.11666666666666536
4.149017,3.12,1.8166666666666664
4.150914,3.2,1.2833333333333332
4.15122,2.99,2.6833333333333336
4.153422,3.34,0.3500000000000032
4.153667,3.25,0.9500000000000011
4.155625,3.29,0.6833333333333353
4.15642,3.09,2.0166666666666693
4.157827,3.16,1.5500000000000007
4.159174,3.03,2.416666666666668
4.160029,2.91,3.216666666666665
4.161586,3.34,0.3500000000000032
4.163853,3.31,0.5500000000000007
4.16648,3.04,2.3500000000000014
4.168387,3.12,1.8166666666666664
4.168631,3.07,2.150000000000002
4.170653,3.24,1.0166666666666657
4.170781,3.02,2.4833333333333343
4.172932,3.15,1.616666666666669
4.173006,3.23,1.083333333333334
4.175703,3.31,0.5500000000000007
4.176969,3.02,2.4833333333333343
4.178765,3.22,1.1500000000000004
4.182164,3.55,-1.049999999999999
4.182313,3.04,2.3500000000000014
4.185564,3.3,0.6166666666666689
4.187467,3.24,1.0166666666666657
4.190754,3.59,-1.3166666666666647
4.191214,3.42,-0.1833333333333318
4.194961,3.14,1.6833333333333336
4.197894,3.19,1.3500000000000014
4.198649,3.17,1.4833333333333343
4.200084,2.99,2.6833333333333336
4.204447,3.37,0.15000000000000036
4.205519,3.07,2.150000000000002
4.206628,3.28,0.7500000000000036
4.208772,2.59,5.350000000000001
4.20881,3.29,0.6833333333333353
4.211987,3.51,-0.7833333333333297
4.212445,3.09,2.0166666666666693
4.215115,3.17,1.4833333333333343
4.218026,2.95,2.9499999999999993
4.220024,2.94,3.0166666666666693
4.221072,3.15,1.616666666666669
4.2244,3.16,1.5500000000000007
4.226084,3.22,1.1500000000000004
4.227727,3.38,0.08333333333333393
4.229528,3.44,-0.31666666666666643
4.230773,3.14,1.6833333333333336
4.231125,3.22,1.1500000000000004
4.233258,3.33,0.4166666666666661
4.235392,3.49,-0.6500000000000004
4.235796,3.13,1.7500000000000018
4.238333,3.18,1.416666666666666
4.241257,3.22,1.1500000000000004
4.242639,3.14,1.6833333333333336
4.242991,3.52,-0.8499999999999979
4.244711,3.1,1.950000000000001
4.246093,3.08,2.083333333333334
4.248166,3.09,2.0166666666666693
4.2488,3.46,-0.4499999999999975
4.251579,3.95,-3.716666666666667
4.252902,3.28,0.7500000000000036
4.256122,3.18,1.416666666666666
4.260943,3.19,1.3500000000000014
4.260952,3.15,1.616666666666669
4.264143,3.17,1.4833333333333343
4.265488,3.42,-0.1833333333333318
4.267497,3.29,0.6833333333333353
4.274206,3.15,1.616666666666669
4.278073,3.64,-1.6499999999999986
4.278846,3.05,2.283333333333335
4.278846,3.31,0.5500000000000007
4.2821,3.13,1.7500000000000018
4.283903,3.23,1.083333333333334
4.283903,3.24,1.0166666666666657
4.288786,2.86,3.5500000000000007
4.288786,3.26,0.8833333333333346
4.289814,3.34,0.3500000000000032
4.292364,3.16,1.5500000000000007
4.292364,3.3,0.6166666666666689
4.293671,3.16,1.5500000000000007
4.295942,3.06,2.216666666666667
4.295942,3.14,1.6833333333333336
4.301251,3.4,-0.04999999999999716
4.303075,3.31,0.5500000000000007
4.305575,3.22,1.1500000000000004
4.308075,3.2,1.2833333333333332
4.310576,2.87,3.4833333333333343
4.313053,3.12,1.8166666666666664
4.316579,2.91,3.216666666666665
4.321867,3.24,1.0166666666666657
4.324514,3.27,0.8166666666666664
4.32881,3.14,1.6833333333333336
4.336554,3.48,-0.5833333333333321
4.338679,3.08,2.083333333333334
4.341772,3.3,0.6166666666666689
4.344586,3.2,1.2833333333333332
4.346608,3.02,2.4833333333333343
4.347995,3.08,2.083333333333334
4.350825,3.2,1.2833333333333332
4.351216,3.02,2.4833333333333343
4.354436,2.92,3.150000000000002
4.355036,2.87,3.4833333333333343
4.357391,3.12,1.8166666666666664
4.358831,3.2,1.2833333333333332
4.36029,3.1,1.950000000000001
4.361942,3.37,0.15000000000000036
4.362626,3.24,1.0166666666666657
4.363188,3.17,1.4833333333333343
4.364841,3.29,0.6833333333333353
4.36571,3.39,0.01666666666666572
4.366158,3.52,-0.8499999999999979
4.366504,2.94,3.0166666666666693
4.369148,3.47,-0.5166666666666657
4.370722,3.61,-1.4499999999999993
4.371058,3.33,0.4166666666666661
4.371404,3.38,0.08333333333333393
4.374394,3.63,-1.5833333333333304
4.375611,3.05,2.283333333333335
4.375968,3.3,0.6166666666666689
4.37665,3.22,1.1500000000000004
4.37964,3.56,-1.1166666666666671
4.380165,3.33,0.4166666666666661
4.381214,3.37,0.15000000000000036
4.381896,3.11,1.8833333333333346
4.384718,2.88,3.416666666666668
4.384887,3.48,-0.5833333333333321
4.38646,3.0,2.616666666666667
4.387143,3.16,1.5500000000000007
4.389272,3.41,-0.11666666666666536
4.390133,3.49,-0.6500000000000004
4.3916,3.47,-0.5166666666666657
4.391707,3.08,2.083333333333334
4.392388,3.26,0.8833333333333346
4.393826,3.21,1.2166666666666686
4.3952,3.64,-1.6499999999999986
4.395379,3.31,0.5500000000000007
4.396953,3.12,1.8166666666666664
4.397635,3.21,1.2166666666666686
4.398378,2.97,2.8166666666666664
4.4004,3.34,0.3500000000000032
4.400625,2.89,3.349999999999998
4.402199,3.04,2.3500000000000014
4.402881,3.4,-0.04999999999999716
4.402932,2.8,3.950000000000003
4.404399,3.53,-0.9166666666666643
4.405872,3.05,2.283333333333335
4.40659,3.26,0.8833333333333346
4.406921,3.39,0.01666666666666572
4.407485,3.37,0.15000000000000036
4.408128,3.24,1.0166666666666657
4.4084,3.4,-0.04999999999999716
4.411118,3.06,2.216666666666667
4.412039,2.95,2.9499999999999993
4.412167,2.76,4.216666666666669
4.413188,3.41,-0.11666666666666536
4.413374,3.23,1.083333333333334
4.416382,2.95,2.9499999999999993
4.416623,2.86,3.5500000000000007
4.417484,2.8,3.950000000000003
4.418751,2.95,2.9499999999999993
4.41936,3.37,0.15000000000000036
4.421403,3.19,1.3500000000000014
4.421891,2.61,5.216666666666669
4.42272,3.2,1.2833333333333332
4.422993,3.14,1.6833333333333336
4.424259,3.13,1.7500000000000018
4.42608,3.26,0.8833333333333346
4.426185,3.1,1.950000000000001
4.42664,3.11,1.8833333333333346
4.4274,2.81,3.8833333333333364
4.428501,3.1,1.950000000000001
4.429768,3.03,2.416666666666668
4.42986,3.41,-0.11666666666666536
4.430965,2.94,3.0166666666666693
4.432908,3.12,1.8166666666666664
4.433375,3.22,1.1500000000000004
4.435277,3.4,-0.04999999999999716
4.435319,3.2,1.2833333333333332
4.435747,2.84,3.6833333333333336
4.437618,3.39,0.01666666666666572
4.43826,3.33,0.4166666666666661
4.438837,3.29,0.6833333333333353
4.439193,3.1,1.950000000000001
4.43952,3.58,-1.2499999999999982
4.439671,2.6,5.283333333333335
4.439704,3.16,1.5500000000000007
4.4418,3.17,1.4833333333333343
4.441947,3.04,2.3500000000000014
4.442936,3.33,0.4166666666666661
4.443639,3.19,1.3500000000000014
4.445315,3.38,0.08333333333333393
4.4454,3.11,1.8833333333333346
4.445881,3.38,0.08333333333333393
4.44635,3.32,0.4833333333333343
4.446726,3.33,0.4166666666666661
4.447574,3.41,-0.11666666666666536
4.4478,3.21,1.2166666666666686
4.449765,3.09,2.0166666666666693
4.449817,3.1,1.950000000000001
4.4505,3.56,-1.1166666666666671
4.451509,3.21,1.2166666666666686
4.4517,3.58,-1.2499999999999982
4.453181,3.02,2.4833333333333343
4.453751,3.15,1.616666666666669
4.453898,3.41,-0.11666666666666536
4.455,3.67,-1.8499999999999996
4.455551,3.22,1.1500000000000004
4.456984,3.17,1.4833333333333343
4.460442,3.27,0.8166666666666664
4.460773,3.21,1.2166666666666686
4.461228,3.41,-0.11666666666666536
4.463203,3.19,1.3500000000000014
4.463229,3.11,1.8833333333333346
4.463949,3.43,-0.25
4.465332,3.16,1.5500000000000007
4.465473,3.26,0.8833333333333346
4.465994,2.87,3.4833333333333343
4.46812,3.32,0.4833333333333343
4.468797,3.27,0.8166666666666664
4.469718,3.35,0.283333333333335
4.472153,3.61,-1.4499999999999993
4.473962,3.09,2.0166666666666693
4.475554,3.25,0.9500000000000011
4.477355,3.38,0.08333333333333393
4.477819,3.3,0.6166666666666689
4.478042,3.24,1.0166666666666657
4.478168,2.75,4.283333333333335
4.47925,3.31,0.5500000000000007
4.480267,3.25,0.9500000000000011
4.481571,3.28,0.7500000000000036
4.4817,3.13,1.7500000000000018
4.483108,3.56,-1.1166666666666671
4.4841,2.71,4.550000000000001
4.485359,2.98,2.7500000000000036
4.485786,3.27,0.8166666666666664
4.48825,3.36,0.21666666666666856
4.488316,3.16,1.5500000000000007
4.488824,3.32,0.4833333333333343
4.490002,3.49,-0.6500000000000004
4.492107,3.67,-1.8499999999999996
4.492452,2.86,3.5500000000000007
4.492531,3.11,1.8833333333333346
4.492677,3.17,1.4833333333333343
4.493714,3.5,-0.7166666666666668
4.497101,3.28,0.7500000000000036
4.497379,3.09,2.0166666666666693
4.497747,3.19,1.3500000000000014
4.498032,3.37,0.15000000000000036
4.500399,3.43,-0.25
4.502044,3.59,-1.3166666666666647
4.502854,3.01,2.5500000000000007
4.503086,3.57,-1.18333333333333
4.503766,2.92,3.150000000000002
4.504376,3.2,1.2833333333333332
4.507027,3.27,0.8166666666666664
4.50814,3.29,0.6833333333333353
4.508607,2.84,3.6833333333333336
4.508811,3.27,0.8166666666666664
4.511004,3.16,1.5500000000000007
4.513194,3.54,-0.9833333333333325
4.513656,3.64,-1.6499999999999986
4.51436,3.2,1.2833333333333332
4.517112,3.22,1.1500000000000004
4.517633,3.13,1.7500000000000018
4.518247,3.27,0.8166666666666664
4.518801,3.63,-1.5833333333333304
4.519936,3.1,1.950000000000001
4.521262,3.37,0.15000000000000036
4.523301,3.39,0.01666666666666572
4.524261,3.27,0.8166666666666664
4.525334,2.89,3.349999999999998
4.525413,3.5,-0.7166666666666668
4.526912,3.48,-0.5833333333333321
4.530591,3.44,-0.31666666666666643
4.530733,3.22,1.1500000000000004
4.530889,3.38,0.08333333333333393
4.533409,3.38,0.08333333333333393
4.53354,3.51,-0.7833333333333297
4.535558,3.74,-2.316666666666668
4.535883,3.4,-0.04999999999999716
4.53613,3.1,1.950000000000001
4.537518,3.42,-0.1833333333333318
4.538463,3.37,0.15000000000000036
4.541174,3.11,1.8833333333333346
4.541741,3.02,2.4833333333333343
4.543163,3.21,1.2166666666666686
4.543241,3.2,1.2833333333333332
4.544739,3.19,1.3500000000000014
4.545363,3.15,1.616666666666669
4.547103,2.83,3.75
4.547379,3.05,2.283333333333335
4.547944,3.02,2.4833333333333343
4.54868,3.44,-0.31666666666666643
4.550443,3.65,-1.716666666666665
4.551045,3.04,2.3500000000000014
4.551518,3.07,2.150000000000002
4.55262,3.24,1.0166666666666657
4.552858,3.16,1.5500000000000007
4.553485,2.84,3.6833333333333336
4.554097,3.29,0.6833333333333353
4.554938,3.18,1.416666666666666
4.555575,3.07,2.150000000000002
4.556438,3.37,0.15000000000000036
4.55648,3.28,0.7500000000000036
4.558727,3.14,1.6833333333333336
4.559065,3.0,2.616666666666667
4.559371,2.89,3.349999999999998
4.560046,3.17,1.4833333333333343
4.560544,2.99,2.6833333333333336
4.562441,3.09,2.0166666666666693
4.563454,3.27,0.8166666666666664
4.563613,3.23,1.083333333333334
4.563674,3.76,-2.4499999999999975
4.566194,3.24,1.0166666666666657
4.566448,3.31,0.5500000000000007
4.567054,3.41,-0.11666666666666536
4.567297,3.3,0.6166666666666689
4.567526,3.42,-0.1833333333333318
4.568427,3.83,-2.916666666666666
4.568962,3.73,-2.25
4.569227,3.51,-0.7833333333333297
4.569518,3.56,-1.1166666666666671
4.57027,3.45,-0.38333333333333464
4.570362,3.62,-1.5166666666666675
4.571341,3.44,-0.31666666666666643
4.5714,3.18,1.416666666666666
4.571981,3.23,1.083333333333334
4.572063,3.32,0.4833333333333343
4.573197,3.19,1.3500000000000014
4.573243,2.9,3.283333333333335
4.57372,3.28,0.7500000000000036
4.574373,3.36,0.21666666666666856
4.574443,3.21,1.2166666666666686
4.574899,3.32,0.4833333333333343
4.576034,3.57,-1.18333333333333
4.576097,3.08,2.083333333333334
4.576216,3.63,-1.5833333333333304
4.576907,3.14,1.6833333333333336
4.577346,3.24,1.0166666666666657
4.577735,2.63,5.083333333333336
4.578593,2.78,4.083333333333336
4.578741,3.11,1.8833333333333346
4.579804,3.06,2.216666666666667
4.579804,3.24,1.0166666666666657
4.580889,3.49,-0.6500000000000004
4.581202,3.23,1.083333333333334
4.581555,3.12,1.8166666666666664
4.582615,3.42,-0.1833333333333318
4.582984,3.31,0.5500000000000007
4.583185,3.27,0.8166666666666664
4.584518,3.21,1.2166666666666686
4.584734,3.26,0.8833333333333346
4.586148,3.56,-1.1166666666666671
4.586162,3.18,1.416666666666666
4.586889,3.23,1.083333333333334
4.587736,3.37,0.15000000000000036
4.589207,3.13,1.7500000000000018
4.589565,3.44,-0.31666666666666643
4.590333,2.86,3.5500000000000007
4.591505,3.01,2.5500000000000007
4.59157,3.16,1.5500000000000007
4.592346,2.99,2.6833333333333336
4.593667,2.94,3.0166666666666693
4.594737,3.37,0.15000000000000036
4.595381,2.97,2.8166666666666664
4.595648,3.05,2.283333333333335
4.59603,3.02,2.4833333333333343
4.597,3.07,2.150000000000002
4.59797,3.05,2.283333333333335
4.598949,3.31,0.5500000000000007
4.59919,3.4,-0.04999999999999716
4.600333,3.07,2.150000000000002
4.601202,3.1,1.950000000000001
4.601476,3.11,1.8833333333333346
4.60225,3.4,-0.04999999999999716
4.603,3.56,-1.1166666666666671
4.603667,2.88,3.416666666666668
4.605551,3.52,-0.8499999999999979
4.605727,3.77,-2.5166666666666657
4.60681,3.29,0.6833333333333353
4.607,3.25,0.9500000000000011
4.607667,3.43,-0.25
4.608852,3.26,0.8833333333333346
4.609011,3.3,0.6166666666666689
4.609072,3.58,-1.2499999999999982
4.610333,3.24,1.0166666666666657
4.611036,3.53,-0.9166666666666643
4.612534,3.42,-0.1833333333333318
4.612855,3.54,-0.9833333333333325
4.614607,3.71,-2.1166666666666654
4.615584,3.37,0.15000000000000036
4.616935,3.27,0.8166666666666664
4.619117,2.96,2.8833333333333364
4.620131,3.4,-0.04999999999999716
4.620374,3.13,1.7500000000000018
4.621334,2.79,4.016666666666669
4.623628,3.02,2.4833333333333343
4.624677,3.22,1.1500000000000004
4.625734,3.35,0.283333333333335
4.626496,3.16,1.5500000000000007
4.628137,3.22,1.1500000000000004
4.629224,2.92,3.150000000000002
4.630134,3.22,1.1500000000000004
4.630361,3.28,0.7500000000000036
4.631042,3.48,-0.5833333333333321
4.632647,3.23,1.083333333333334
4.633771,3.05,2.283333333333335
4.634482,3.3,0.6166666666666689
4.635436,3.16,1.5500000000000007
4.636851,3.24,1.0166666666666657
4.6379,3.07,2.150000000000002
4.638458,2.7,4.616666666666667
4.63966,3.08,2.083333333333334
4.640926,3.34,0.3500000000000032
4.641644,3.22,1.1500000000000004
4.642008,3.02,2.4833333333333343
4.643651,3.34,0.3500000000000032
4.644669,3.08,2.083333333333334
4.645913,3.27,0.8166666666666664
4.646441,2.91,3.216666666666665
4.647204,3.44,-0.31666666666666643
4.648333,3.36,0.21666666666666856
4.649273,3.27,0.8166666666666664
4.649679,3.67,-1.8499999999999996
4.650617,3.31,0.5500000000000007
4.651667,3.41,-0.11666666666666536
4.652154,3.11,1.8833333333333346
4.652634,3.46,-0.4499999999999975
4.653703,3.5,-0.7166666666666668
4.654314,3.58,-1.2499999999999982
4.654629,3.48,-0.5833333333333321
4.655,3.39,0.01666666666666572
4.655994,3.06,2.216666666666667
4.65721,3.08,2.083333333333334
4.65721,3.4,-0.04999999999999716
4.6586,3.25,0.9500000000000011
4.660156,3.08,2.083333333333334
4.660745,3.21,1.2166666666666686
4.661933,3.44,-0.31666666666666643
4.662601,3.06,2.216666666666667
4.66428,3.26,0.8833333333333346
4.664339,3.31,0.5500000000000007
4.6646,3.14,1.6833333333333336
4.6666,2.84,3.6833333333333336
4.667815,3.06,2.216666666666667
4.669045,2.88,3.416666666666668
4.670823,3.4,-0.04999999999999716
4.67135,3.11,1.8833333333333346
4.673489,3.01,2.5500000000000007
4.673801,3.08,2.083333333333334
4.674254,3.03,2.416666666666668
4.674885,3.14,1.6833333333333336
4.675267,3.2,1.2833333333333332
4.677934,2.7,4.616666666666667
4.67842,3.23,1.083333333333334
4.6786,3.06,2.216666666666667
4.679711,3.33,0.4166666666666661
4.682232,3.39,0.01666666666666572
4.682384,2.99,2.6833333333333336
4.682751,3.39,0.01666666666666572
4.68356,3.12,1.8166666666666664
4.684206,3.09,2.0166666666666693
4.686797,3.32,0.4833333333333343
4.686938,3.13,1.7500000000000018
4.687125,3.28,0.7500000000000036
4.688759,3.43,-0.25
4.69136,3.16,1.5500000000000007
4.691491,3.4,-0.04999999999999716
4.691501,3.46,-0.4499999999999975
4.692149,3.24,1.0166666666666657
4.695923,3.33,0.4166666666666661
4.696045,3.15,1.616666666666669
4.700251,3.5,-0.7166666666666668
4.700486,3.12,1.8166666666666664
4.700599,3.29,0.6833333333333353
4.700736,3.25,0.9500000000000011
4.701327,3.31,0.5500000000000007
4.702421,3.48,-0.5833333333333321
4.70459,3.36,0.21666666666666856
4.704632,2.93,3.083333333333332
4.705078,3.16,1.5500000000000007
4.705141,3.41,-0.11666666666666536
4.705369,3.43,-0.25
4.708623,3.08,2.083333333333334
4.70952,2.99,2.6833333333333336
4.709603,2.93,3.083333333333332
4.709703,3.37,0.15000000000000036
4.712653,2.9,3.283333333333335
4.713404,3.22,1.1500000000000004
4.713671,2.82,3.8166666666666664
4.714128,2.77,4.150000000000002
4.714263,3.33,0.4166666666666661
4.716685,3.08,2.083333333333334
4.71779,3.16,1.5500000000000007
4.718825,3.37,0.15000000000000036
4.720716,3.0,2.616666666666667
4.721974,3.28,0.7500000000000036
4.722176,3.07,2.150000000000002
4.723385,2.97,2.8166666666666664
4.724747,3.29,0.6833333333333353
4.726562,3.41,-0.11666666666666536
4.728476,3.42,-0.1833333333333318
4.729124,3.44,-0.31666666666666643
4.729753,2.98,2.7500000000000036
4.730316,3.32,0.4833333333333343
4.731167,3.0,2.616666666666667
4.731757,2.95,2.9499999999999993
4.733211,3.53,-0.9166666666666643
4.734,3.57,-1.18333333333333
4.735039,3.54,-0.9833333333333325
4.735252,3.36,0.21666666666666856
4.737296,3.46,-0.4499999999999975
4.73832,3.21,1.2166666666666686
4.739339,2.97,2.8166666666666664
4.741368,3.37,0.15000000000000036
4.741382,3.15,1.616666666666669
4.741588,3.15,1.616666666666669
4.743425,3.2,1.2833333333333332
4.744849,3.25,0.9500000000000011
4.745053,3.51,-0.7833333333333297
4.745468,3.2,1.2833333333333332
4.747511,3.28,0.7500000000000036
4.748118,3.21,1.2166666666666686
4.748793,3.33,0.4166666666666661
4.749687,3.15,1.616666666666669
4.750882,2.93,3.083333333333332
4.751918,3.49,-0.6500000000000004
4.752762,3.25,0.9500000000000011
4.754151,2.93,3.083333333333332
4.756323,2.66,4.883333333333333
4.756382,3.17,1.4833333333333343
4.75673,3.18,1.416666666666666
4.758394,3.21,1.2166666666666686
4.758615,3.14,1.6833333333333336
4.760524,3.12,1.8166666666666664
4.760698,2.99,2.6833333333333336
4.762682,3.16,1.5500000000000007
4.764667,3.18,1.416666666666666
4.764667,3.47,-0.5166666666666657
4.76665,3.33,0.4166666666666661
4.768635,2.83,3.75
4.768992,3.02,2.4833333333333343
4.769661,3.4,-0.04999999999999716
4.769825,3.31,0.5500000000000007
4.772603,3.31,0.5500000000000007
4.772603,3.61,-1.4499999999999993
4.773149,3.24,1.0166666666666657
4.773334,3.63,-1.5833333333333304
4.774742,3.68,-1.9166666666666679
4.77585,3.42,-0.1833333333333318
4.776219,3.51,-0.7833333333333297
4.777116,3.2,1.2833333333333332
4.779017,3.52,-0.8499999999999979
4.77929,3.29,0.6833333333333353
4.779491,3.41,-0.11666666666666536
4.780468,3.19,1.3500000000000014
4.781172,3.54,-0.9833333333333325
4.781867,3.27,0.8166666666666664
4.782183,3.53,-0.9166666666666643
4.782362,3.36,0.21666666666666856
4.782745,3.13,1.7500000000000018
4.784241,2.92,3.150000000000002
4.785152,3.41,-0.11666666666666536
4.78535,3.33,0.4166666666666661
4.785432,3.34,0.3500000000000032
4.787655,3.3,0.6166666666666689
4.788503,3.37,0.15000000000000036
4.788517,3.26,0.8833333333333346
4.788991,3.28,0.7500000000000036
4.789029,3.29,0.6833333333333353
4.791233,3.17,1.4833333333333343
4.791367,3.87,-3.183333333333332
4.791573,3.2,1.2833333333333332
4.791683,3.43,-0.25
4.792172,3.31,0.5500000000000007
4.792922,3.45,-0.38333333333333464
4.794482,3.33,0.4166666666666661
4.794687,3.04,2.3500000000000014
4.794869,3.33,0.4166666666666661
4.796043,3.4,-0.04999999999999716
4.796979,3.09,2.0166666666666693
4.797602,2.92,3.150000000000002
4.797934,3.26,0.8833333333333346
4.798058,3.34,0.3500000000000032
4.798513,3.02,2.4833333333333343
4.799163,3.65,-1.716666666666665
4.80118,3.19,1.3500000000000014
4.801246,3.54,-0.9833333333333325
4.801347,3.13,1.7500000000000018
4.802303,3.28,0.7500000000000036
4.803219,3.64,-1.6499999999999986
4.803843,3.37,0.15000000000000036
4.804427,3.31,0.5500000000000007
4.804435,3.39,0.01666666666666572
4.805403,2.99,2.6833333333333336
4.806091,3.43,-0.25
4.806963,3.19,1.3500000000000014
4.807623,3.63,-1.5833333333333304
4.807672,3.42,-0.1833333333333318
4.807989,3.25,0.9500000000000011
4.80946,3.11,1.8833333333333346
4.80988,3.38,0.08333333333333393
4.810084,3.07,2.150000000000002
4.810812,3.65,-1.716666666666665
4.810919,2.79,4.016666666666669
4.811644,2.99,2.6833333333333336
4.813203,3.48,-0.5833333333333321
4.813669,2.82,3.8166666666666664
4.814,3.72,-2.1833333333333336
4.814121,3.35,0.283333333333335
4.815684,3.41,-0.11666666666666536
4.816301,3.63,-1.5833333333333304
4.816905,3.48,-0.5833333333333321
4.817158,3.5,-0.7166666666666668
4.817649,3.15,1.616666666666669
4.817847,3.3,0.6166666666666689
4.819392,2.8,3.950000000000003
4.819689,3.28,0.7500000000000036
4.820316,3.44,-0.31666666666666643
4.821631,3.87,-3.183333333333332
4.821864,3.38,0.08333333333333393
4.822482,3.63,-1.5833333333333304
4.823474,3.39,0.01666666666666572
4.824955,3.57,-1.18333333333333
4.825257,3.14,1.6833333333333336
4.825611,3.32,0.4833333333333343
4.826632,3.34,0.3500000000000032
4.828042,3.16,1.5500000000000007
4.828045,3.15,1.616666666666669
4.828662,3.09,2.0166666666666693
4.829592,3.0,2.616666666666667
4.82979,3.18,1.416666666666666
4.830208,2.86,3.5500000000000007
4.830826,3.14,1.6833333333333336
4.831135,3.43,-0.25
4.832947,3.2,1.2833333333333332
4.833298,3.56,-1.1166666666666671
4.833573,3.02,2.4833333333333343
4.83361,3.07,2.150000000000002
4.834844,3.78,-2.583333333333332
4.836105,3.19,1.3500000000000014
4.836394,3.14,1.6833333333333336
4.837555,3.26,0.8833333333333346
4.837934,3.21,1.2166666666666686
4.839179,3.03,2.416666666666668
4.839263,3.36,0.21666666666666856
4.841333,3.56,-1.1166666666666671
4.841963,3.04,2.3500000000000014
4.842421,3.41,-0.11666666666666536
4.844747,3.46,-0.4499999999999975
4.845517,3.33,0.4166666666666661
4.846192,3.54,-0.9833333333333325
4.847531,3.46,-0.4499999999999975
4.847651,3.43,-0.25
4.847678,3.38,0.08333333333333393
4.848702,3.63,-1.5833333333333304
4.848736,3.61,-1.4499999999999993
4.849052,3.57,-1.18333333333333
4.849759,3.64,-1.6499999999999986
4.850762,3.62,-1.5166666666666675
4.851681,3.45,-0.38333333333333464
4.852584,3.09,2.0166666666666693
4.852998,3.63,-1.5833333333333304
4.85301,3.13,1.7500000000000018
4.854235,3.13,1.7500000000000018
4.854406,3.14,1.6833333333333336
4.856227,3.3,0.6166666666666689
4.856331,3.49,-0.6500000000000004
4.857765,3.83,-2.916666666666666
4.858049,3.14,1.6833333333333336
4.858337,3.42,-0.1833333333333318
4.859652,2.52,5.816666666666666
4.859871,3.17,1.4833333333333343
4.861294,3.51,-0.7833333333333297
4.861605,3.25,0.9500000000000011
4.862788,2.96,2.8833333333333364
4.862974,3.26,0.8833333333333346
4.863318,3.16,1.5500000000000007
4.864823,3.27,0.8166666666666664
4.865031,3.19,1.3500000000000014
4.866295,2.87,3.4833333333333343
4.866744,3.13,1.7500000000000018
4.867237,3.14,1.6833333333333336
4.867771,3.28,0.7500000000000036
4.868352,3.27,0.8166666666666664
4.869617,2.97,2.8166666666666664
4.87017,3.05,2.283333333333335
4.871686,3.06,2.216666666666667
4.871882,3.04,2.3500000000000014
4.871882,3.32,0.4833333333333343
4.872938,3.03,2.416666666666668
4.873595,3.22,1.1500000000000004
4.875308,2.89,3.349999999999998
4.875412,3.41,-0.11666666666666536
4.876135,2.77,4.150000000000002
4.876259,3.29,0.6833333333333353
4.876335,2.87,3.4833333333333343
4.878733,3.12,1.8166666666666664
4.878941,3.45,-0.38333333333333464
4.879581,3.17,1.4833333333333343
4.880446,3.03,2.416666666666668
4.880585,3.02,2.4833333333333343
4.882159,3.26,0.8833333333333346
4.883117,3.26,0.8833333333333346
4.883872,3.32,0.4833333333333343
4.885584,3.39,0.01666666666666572
4.885647,3.58,-1.2499999999999982
4.886704,3.52,-0.8499999999999979
4.887297,3.48,-0.5833333333333321
4.88901,3.85,-3.0500000000000007
4.889484,3.87,-3.183333333333332
4.889529,3.96,-3.783333333333333
4.890291,3.75,-2.383333333333331
4.890723,3.76,-2.4499999999999975
4.892436,3.81,-2.7833333333333314
4.893877,3.68,-1.9166666666666679
4.894149,3.72,-2.1833333333333336
4.895861,3.68,-1.9166666666666679
4.896159,3.55,-1.049999999999999
4.896588,4.03,-4.250000000000002
4.897464,3.49,-0.6500000000000004
4.897574,3.81,-2.7833333333333314
4.899005,3.41,-0.11666666666666536
4.899519,3.58,-1.2499999999999982
4.9005,3.96,-3.783333333333333
4.901482,3.4,-0.04999999999999716
4.901541,3.28,0.7500000000000036
4.902448,3.28,0.7500000000000036
4.903564,3.3,0.6166666666666689
4.904666,3.43,-0.25
4.905583,3.2,1.2833333333333332
4.905585,3.36,0.21666666666666856
4.905889,3.11,1.8833333333333346
4.907607,3.25,0.9500000000000011
4.908641,3.1,1.950000000000001
4.90963,3.22,1.1500000000000004
4.909684,2.84,3.6833333333333336
4.912773,3.2,1.2833333333333332
4.912865,3.07,2.150000000000002
4.913,3.5,-0.7166666666666668
4.913674,3.17,1.4833333333333343
4.915696,3.11,1.8833333333333346
4.916212,3.3,0.6166666666666689
4.917166,3.42,-0.1833333333333318
4.917718,3.19,1.3500000000000014
4.917886,3.13,1.7500000000000018
4.918932,3.03,2.416666666666668
4.919654,3.04,2.3500000000000014
4.921333,3.57,-1.18333333333333
4.921762,3.23,1.083333333333334
4.922123,3.17,1.4833333333333343
4.923,2.95,2.9499999999999993
4.923067,3.16,1.5500000000000007
4.924032,3.77,-2.5166666666666657
4.924754,3.3,0.6166666666666689
4.925046,3.35,0.283333333333335
4.925113706818181,3.23,1.083333333333334
4.926045522727272,3.48,-0.5833333333333321
4.926977338636363,3.21,1.2166666666666686
4.927909154545454,3.26,0.8833333333333346
4.928840970454545,3.37,0.15000000000000036
4.929772786363636,3.38,0.08333333333333393
4.930704602272727,3.41,-0.11666666666666536
4.931636418181818,3.29,0.6833333333333353
4.932568234090909,3.38,0.08333333333333393
4.93350005,3.3,0.6166666666666689
4.934431865909091,3.46,-0.4499999999999975
4.935363681818181,3.71,-2.1166666666666654
4.936295497727272,3.14,1.6833333333333336
4.937227313636363,3.18,1.416666666666666
4.938159129545454,3.28,0.7500000000000036
4.939090945454545,3.35,0.283333333333335
4.940022761363636,3.36,0.21666666666666856
4.940954577272727,3.25,0.9500000000000011
4.941886393181818,3.4,-0.04999999999999716
4.942818209090909,3.39,0.01666666666666572
4.943750025,3.39,0.01666666666666572
4.946545472727273,3.24,1.0166666666666657
4.947477288636364,3.17,1.4833333333333343
4.948409104545454,3.19,1.3500000000000014
4.949340920454545,3.22,1.1500000000000004
4.950272736363636,3.2,1.2833333333333332
4.951204552272727,3.11,1.8833333333333346
4.952136368181818,3.06,2.216666666666667
4.953068184090909,3.08,2.083333333333334
4.954,2.99,2.6833333333333336
4.955071430952381,3.06,2.216666666666667
4.956142861904762,3.21,1.2166666666666686
4.9572142928571425,3.15,1.616666666666669
4.9582857238095235,3.16,1.5500000000000007
4.959357154761904,3.16,1.5500000000000007
4.960428585714285,3.25,0.9500000000000011
4.961500016666666,3.24,1.0166666666666657
4.962571447619047,3.24,1.0166666666666657
4.963642878571428,3.11,1.8833333333333346
4.964714309523809,3.1,1.950000000000001
4.96578574047619,3.22,1.1500000000000004
4.966857171428571,3.1,1.950000000000001
4.967928602380952,3.19,1.3500000000000014
4.969000033333333,3.04,2.3500000000000014
4.970071464285714,3.15,1.616666666666669
4.971142895238095,3.09,2.0166666666666693
4.9722143261904765,3.17,1.4833333333333343
4.973285757142857,3.09,2.0166666666666693
4.9743571880952375,3.11,1.8833333333333346
4.9754286190476185,3.26,0.8833333333333346
4.976500049999999,3.14,1.6833333333333336
4.977571480952381,3.04,2.3500000000000014
4.978642911904762,3.11,1.8833333333333346
4.979714342857143,3.26,0.8833333333333346
4.980785773809523,3.25,0.9500000000000011
4.981642918571429,3.17,1.4833333333333343
4.982928635714286,3.25,0.9500000000000011
4.984000066666667,3.19,1.3500000000000014
4.985071497619048,3.21,1.2166666666666686
4.986142928571429,3.29,0.6833333333333353
4.98721435952381,3.16,1.5500000000000007
4.988285790476191,3.29,0.6833333333333353
4.9893572214285715,3.37,0.15000000000000036
4.9904286523809525,3.22,1.1500000000000004
4.991500083333333,3.37,0.15000000000000036
4.992571514285714,3.18,1.416666666666666
4.993642945238095,3.15,1.616666666666669
4.994714376190476,3.08,2.083333333333334
4.995785807142857,3.23,1.083333333333334
4.996857238095238,3.16,1.5500000000000007
4.997928669047619,3.12,1.8166666666666664
4.9990001,3.09,2.0166666666666693
5.0001936387096775,3.1,1.950000000000001
5.001387177419355,3.19,1.3500000000000014
5.002580716129032,3.17,1.4833333333333343
5.003774254838709,3.08,2.083333333333334
5.004967793548387,3.3,0.6166666666666689
5.006161332258064,3.34,0.3500000000000032
5.007354870967742,3.12,1.8166666666666664
5.008548409677419,3.33,0.4166666666666661
5.009741948387097,3.33,0.4166666666666661
5.010935487096774,3.32,0.4833333333333343
5.012129025806452,3.47,-0.5166666666666657
5.013322564516129,3.35,0.283333333333335
5.014516103225806,3.33,0.4166666666666661
5.015709641935484,3.27,0.8166666666666664
5.016903180645161,3.34,0.3500000000000032
5.018096719354839,3.34,0.3500000000000032
5.019290258064516,3.21,1.2166666666666686
5.020483796774193,3.32,0.4833333333333343
5.02167733548387,3.21,1.2166666666666686
5.022870874193548,3.08,2.083333333333334
5.0240644129032255,3.13,1.7500000000000018
5.025257951612903,3.02,2.4833333333333343
5.0264514903225805,3.17,1.4833333333333343
5.027645029032258,3.03,2.416666666666668
5.028838567741936,3.08,2.083333333333334
5.030032106451613,3.1,1.950000000000001
5.03122564516129,3.04,2.3500000000000014
5.032419183870967,3.12,1.8166666666666664
5.033612722580645,3.02,2.4833333333333343
5.034806261290322,3.11,1.8833333333333346
5.0359998,3.32,0.4833333333333343
5.037092515231788,3.08,2.083333333333334
5.038185230463576,3.03,2.416666666666668
5.039277945695364,2.91,3.216666666666665
5.040370660927152,3.24,1.0166666666666657
5.04058920397351,3.14,1.6833333333333336
5.041345362913907,2.96,2.8833333333333364
5.041681919205298,3.09,2.0166666666666693
5.042289468874173,3.12,1.8166666666666664
5.0427746344370865,2.96,2.8833333333333364
5.0427746344370865,3.1,1.950000000000001
5.043233574834437,3.19,1.3500000000000014
5.043867349668874,3.2,1.2833333333333332
5.044177680794702,3.27,0.8166666666666664
5.044960064900662,3.05,2.283333333333335
5.045121786754967,3.09,2.0166666666666693
5.046052780132451,2.98,2.7500000000000036
5.047145495364238,3.22,1.1500000000000004
5.048238210596026,3.18,1.416666666666666
5.049330925827815,3.11,1.8833333333333346
5.049330925827815,3.25,0.9500000000000011
5.049846687417219,2.99,2.6833333333333336
5.050423641059603,2.99,2.6833333333333336
5.050790793377484,3.14,1.6833333333333336
5.0515163562913905,3.17,1.4833333333333343
5.051734899337749,3.46,-0.4499999999999975
5.052679005298013,3.34,0.3500000000000032
5.053623111258278,3.12,1.8166666666666664
5.053701786754967,3.15,1.616666666666669
5.053701786754967,3.42,-0.1833333333333318
5.054567217218543,3.14,1.6833333333333336
5.0547945019867555,3.35,0.283333333333335
5.055511323178808,3.46,-0.4499999999999975
5.055887217218543,3.22,1.1500000000000004
5.0564598,3.29,0.6833333333333353
5.056979932450331,3.16,1.5500000000000007
5.056979932450331,3.3,0.6166666666666689
5.056979932450331,3.33,0.4166666666666661
5.057403905960265,3.44,-0.31666666666666643
5.05807264768212,3.28,0.7500000000000036
5.05807264768212,3.4,-0.04999999999999716
5.05834801192053,3.39,0.01666666666666572
5.059165362913908,3.38,0.08333333333333393
5.060258078145695,3.43,-0.25
5.061350793377484,3.37,0.15000000000000036
5.062443508609272,3.04,2.3500000000000014
5.062443508609272,3.14,1.6833333333333336
5.062443508609272,3.53,-0.9166666666666643
5.0635362238410595,3.22,1.1500000000000004
5.064628939072848,3.12,1.8166666666666664
5.064628939072848,3.17,1.4833333333333343
5.064628939072848,3.21,1.2166666666666686
5.065721654304636,3.14,1.6833333333333336
5.065721654304636,3.16,1.5500000000000007
5.065721654304636,3.16,1.5500000000000007
5.065721654304636,3.23,1.083333333333334
5.0668143695364245,3.12,1.8166666666666664
5.0668143695364245,3.19,1.3500000000000014
5.0668143695364245,3.21,1.2166666666666686
5.067907084768212,3.07,2.150000000000002
5.0689998,3.08,2.083333333333334
5.070256215384616,3.1,1.950000000000001
5.070256215384616,3.11,1.8833333333333346
5.070256215384616,3.12,1.8166666666666664
5.070256215384616,3.13,1.7500000000000018
5.0740254615384615,3.11,1.8833333333333346
5.075281876923078,3.14,1.6833333333333336
5.07628700923077,3.16,1.5500000000000007
5.077794707692308,3.13,1.7500000000000018
5.0790511230769235,3.15,1.616666666666669
5.080307538461539,3.16,1.5500000000000007
5.081563953846154,3.21,1.2166666666666686
5.082820369230769,3.11,1.8833333333333346
5.084076784615385,3.02,2.4833333333333343
5.0853332,3.14,1.6833333333333336
5.086589615384615,3.19,1.3500000000000014
5.0878460307692315,3.1,1.950000000000001
5.089102446153847,3.4,-0.04999999999999716
5.090358861538462,3.15,1.616666666666669
5.091615276923077,3.31,0.5500000000000007
5.092871692307693,3.13,1.7500000000000018
5.094128107692308,3.25,0.9500000000000011
5.095384523076923,3.27,0.8166666666666664
5.0966409384615385,3.48,-0.5833333333333321
5.097897353846154,3.16,1.5500000000000007
5.099153769230769,3.42,-0.1833333333333318
5.100410184615385,3.22,1.1500000000000004
5.101666600000001,3.24,1.0166666666666657
5.102923015384616,3.32,0.4833333333333343
5.104179430769231,3.29,0.6833333333333353
5.1054358461538465,3.2,1.2833333333333332
5.106692261538462,3.3,0.6166666666666689
5.107948676923077,3.19,1.3500000000000014
5.109205092307692,3.15,1.616666666666669
5.110461507692308,3.11,1.8833333333333346
5.111717923076924,3.19,1.3500000000000014
5.112974338461539,3.04,2.3500000000000014
5.114230753846154,3.15,1.616666666666669
5.11548716923077,3.1,1.950000000000001
5.116743584615385,3.18,1.416666666666666
5.118,3.22,1.1500000000000004
5.119192315384615,2.9,3.283333333333335
5.120384630769231,3.1,1.950000000000001
5.121576946153847,3.15,1.616666666666669
5.122769261538462,3.08,2.083333333333334
5.123961576923077,3.16,1.5500000000000007
5.126346207692308,3.22,1.1500000000000004
5.1275385230769235,3.19,1.3500000000000014
5.128730838461538,3.03,2.416666666666668
5.129923153846154,3.29,0.6833333333333353
5.131115469230769,3.26,0.8833333333333346
5.132307784615385,3.19,1.3500000000000014
5.1335001,3.29,0.6833333333333353
5.134692415384616,3.13,1.7500000000000018
5.135884730769231,3.17,1.4833333333333343
5.137077046153846,3.12,1.8166666666666664
5.138269361538462,3.23,1.083333333333334
5.139461676923077,3.05,2.283333333333335
5.140653992307692,3.1,1.950000000000001
5.141846307692307,3.05,2.283333333333335
5.143038623076923,3.0,2.616666666666667
5.144230938461538,3.14,1.6833333333333336
5.145423253846154,3.17,1.4833333333333343
5.146615569230769,3.19,1.3500000000000014
5.147807884615385,3.16,1.5500000000000007
5.1490002,3.28,0.7500000000000036
5.149955748888889,3.25,0.9500000000000011
5.151389072222222,3.16,1.5500000000000007
5.152583508333334,3.16,1.5500000000000007
5.153777944444444,3.13,1.7500000000000018
5.154972380555555,3.22,1.1500000000000004
5.1561668166666665,3.16,1.5500000000000007
5.157361252777777,3.21,1.2166666666666686
5.158555688888889,3.19,1.3500000000000014
5.1597501249999995,3.16,1.5500000000000007
5.160944561111111,3.14,1.6833333333333336
5.162138997222222,3.2,1.2833333333333332
5.163333433333333,3.18,1.416666666666666
5.164527869444444,3.2,1.2833333333333332
5.165722305555556,3.28,0.7500000000000036
5.166916741666666,3.18,1.416666666666666
5.168111177777778,3.23,1.083333333333334
5.169305613888889,3.4,-0.04999999999999716
5.170500049999999,3.25,0.9500000000000011
5.171694486111111,3.4,-0.04999999999999716
5.172888922222222,3.35,0.283333333333335
5.174083358333333,3.27,0.8166666666666664
5.175277794444444,3.31,0.5500000000000007
5.1764722305555555,3.23,1.083333333333334
5.177666666666666,3.2,1.2833333333333332
5.178861102777778,3.29,0.6833333333333353
5.1800555388888885,3.12,1.8166666666666664
5.181249975,3.26,0.8833333333333346
5.182444411111111,3.24,1.0166666666666657
5.183638847222222,3.27,0.8166666666666664
5.184833283333333,3.17,1.4833333333333343
5.186027719444445,3.22,1.1500000000000004
5.187222155555555,3.04,2.3500000000000014
5.188416591666666,3.3,0.6166666666666689
5.189611027777778,3.25,0.9500000000000011
5.190805463888888,3.24,1.0166666666666657
5.1919999,3.09,2.0166666666666693
5.193451516129032,3.22,1.1500000000000004
5.194903132258064,3.3,0.6166666666666689
5.196354748387097,3.3,0.6166666666666689
5.197806364516128,3.23,1.083333333333334
5.199257980645161,3.03,2.416666666666668
5.200709596774193,3.15,1.616666666666669
5.202161212903226,3.25,0.9500000000000011
5.203612829032258,3.26,0.8833333333333346
5.20506444516129,3.35,0.283333333333335
5.206516061290323,3.22,1.1500000000000004
5.207967677419354,2.99,2.6833333333333336
5.209419293548387,3.33,0.4166666666666661
5.2108709096774195,3.28,0.7500000000000036
5.212322525806451,3.41,-0.11666666666666536
5.213774141935484,3.35,0.283333333333335
5.215225758064516,3.3,0.6166666666666689
5.216677374193548,3.5,-0.7166666666666668
5.2181289903225805,3.45,-0.38333333333333464
5.219580606451613,3.43,-0.25
5.221032222580646,3.46,-0.4499999999999975
5.222483838709677,3.16,1.5500000000000007
5.22393545483871,3.39,0.01666666666666572
5.2253870709677415,3.5,-0.7166666666666668
5.226838687096774,3.19,1.3500000000000014
5.22799998,3.27,0.8166666666666664
5.229741919354839,3.08,2.083333333333334
5.231193535483871,3.26,0.8833333333333346
5.232645151612903,3.03,2.416666666666668
5.234096767741935,3.11,1.8833333333333346
5.2355483838709675,3.05,2.283333333333335
5.237,2.9,3.283333333333335
5.2380270270270275,3.1,1.950000000000001
5.239054054054054,3.05,2.283333333333335
5.240081081081081,3.07,2.150000000000002
5.241108108108108,3.16,1.5500000000000007
5.242135135135135,2.96,2.8833333333333364
5.243162162162163,3.07,2.150000000000002
5.244189189189189,3.07,2.150000000000002
5.245216216216217,3.07,2.150000000000002
5.246243243243243,3.04,2.3500000000000014
5.2472702702702705,3.1,1.950000000000001
5.248297297297298,3.11,1.8833333333333346
5.249324324324324,3.1,1.950000000000001
5.250351351351352,3.09,2.0166666666666693
5.251378378378378,3.0,2.616666666666667
5.252405405405406,3.05,2.283333333333335
5.253432432432433,3.14,1.6833333333333336
5.25445945945946,3.23,1.083333333333334
5.255486486486487,3.12,1.8166666666666664
5.2565135135135135,3.16,1.5500000000000007
5.257540540540541,3.12,1.8166666666666664
5.258567567567567,3.02,2.4833333333333343
5.259594594594595,3.22,1.1500000000000004
5.260621621621622,3.22,1.1500000000000004
5.261648648648649,3.25,0.9500000000000011
5.262675675675676,3.15,1.616666666666669
5.263702702702703,3.1,1.950000000000001
5.26472972972973,3.12,1.8166666666666664
5.265756756756757,3.12,1.8166666666666664
5.266783783783784,3.19,1.3500000000000014
5.267810810810811,3.16,1.5500000000000007
5.268837837837838,3.14,1.6833333333333336
5.269864864864865,3.2,1.2833333333333332
5.2708918918918926,3.26,0.8833333333333346
5.271918918918919,3.08,2.083333333333334
5.273972972972973,3.07,2.150000000000002
5.275,3.25,0.9500000000000011
5.276351788273616,3.15,1.616666666666669
5.277703576547232,3.25,0.9500000000000011
5.279055364820848,3.24,1.0166666666666657
5.280407153094463,3.23,1.083333333333334
5.2817589413680786,3.09,2.0166666666666693
5.283110729641694,3.29,0.6833333333333353
5.28446251791531,3.25,0.9500000000000011
5.285814306188925,3.31,0.5500000000000007
5.286257692742671,3.23,1.083333333333334
5.287166094462541,3.2,1.2833333333333332
5.288015017498372,3.25,0.9500000000000011
5.288517882736157,3.25,0.9500000000000011
5.2897777494071665,3.41,-0.11666666666666536
5.289869671009773,3.15,1.616666666666669
5.291535074162867,3.23,1.083333333333334
5.292573247557003,3.23,1.083333333333334
5.293297806071662,3.22,1.1500000000000004
5.293925035830619,3.33,0.4166666666666661
5.295055130827362,3.21,1.2166666666666686
5.295276824104235,3.3,0.6166666666666689
5.29662861237785,3.33,0.4166666666666661
5.2977100429967425,3.27,0.8166666666666664
5.298575187491857,3.3,0.6166666666666689
5.2993321889250815,3.28,0.7500000000000036
5.300683977198697,3.28,0.7500000000000036
5.302035765472313,3.32,0.4833333333333343
5.303387553745928,3.29,0.6833333333333353
5.303857976065147,3.26,0.8833333333333346
5.304739342019545,3.31,0.5500000000000007
5.305615300820847,3.16,1.5500000000000007
5.30609113029316,3.22,1.1500000000000004
5.307378032729642,3.11,1.8833333333333346
5.3074429185667755,3.28,0.7500000000000036
5.308794706840391,3.15,1.616666666666669
5.309135357485342,3.04,2.3500000000000014
5.310146495114006,3.22,1.1500000000000004
5.310898089394137,3.21,1.2166666666666686
5.312655414149837,3.12,1.8166666666666664
5.312850071661238,3.18,1.416666666666666
5.314201859934854,3.17,1.4833333333333343
5.314418146058632,3.08,2.083333333333334
5.3155536482084695,3.15,1.616666666666669
5.316132213589577,3.15,1.616666666666669
5.3169054364820845,3.17,1.4833333333333343
5.317673252221499,3.17,1.4833333333333343
5.3182572247557,3.27,0.8166666666666664
5.319208883700326,3.28,0.7500000000000036
5.319609013029316,3.22,1.1500000000000004
5.320749922332247,3.21,1.2166666666666686
5.320960801302932,3.24,1.0166666666666657
5.322290960964169,3.18,1.416666666666666
5.322312589576547,3.12,1.8166666666666664
5.323664377850163,3.25,0.9500000000000011
5.326908669706841,3.15,1.616666666666669
5.32771974267101,3.1,1.950000000000001
5.328449708338763,3.23,1.083333333333334
5.329071530944625,3.1,1.950000000000001
5.32998533981759,3.14,1.6833333333333336
5.330423319218241,3.21,1.106666666666667
5.331526378449511,3.19,1.1600000000000001
5.331775107491857,3.4,0.6000000000000005
5.333067417081433,3.17,1.2133333333333334
5.3331268957654725,3.09,1.4266666666666672
5.334478684039088,3.32,0.8133333333333335
5.334608455713355,3.2,1.1333333333333329
5.335830472312703,3.22,1.0799999999999996
5.336144087192182,3.31,0.8399999999999999
5.337182260586319,3.07,1.4800000000000004
5.338523234553746,3.16,1.2399999999999998
5.339074764169381,3.34,0.7600000000000007
5.339842579908795,3.39,0.626666666666666
5.340426552442997,3.29,0.8933333333333335
5.341161925263844,3.19,1.1600000000000001
5.341778340716612,3.19,1.1600000000000001
5.342481270618893,3.06,1.5066666666666664
5.343130128990228,3.19,1.1600000000000001
5.344481917263844,3.07,1.4800000000000004
5.345833705537459,3.21,1.106666666666667
5.347185493811075,3.24,1.026666666666666
5.34853728208469,3.25,1.0
5.349889070358306,3.17,1.2133333333333334
5.351240858631922,2.97,1.7466666666666661
5.352592646905538,3.2,1.1333333333333329
5.3539444351791525,3.13,1.3200000000000003
5.355296223452768,3.04,1.56
5.356648011726384,3.1,1.4
5.3579998,3.13,1.3200000000000003
5.360237914285714,2.94,1.8266666666666667
5.362476028571428,3.13,1.3200000000000003
5.366952257142858,3.17,1.2133333333333334
5.369190371428571,3.19,1.1600000000000001
5.371204674285714,3.18,1.186666666666666
5.3759047142857135,3.0,1.6666666666666665
5.378142828571429,2.96,1.7733333333333334
5.380380942857143,3.26,0.9733333333333336
5.382619057142857,3.2,1.1333333333333329
5.384857171428571,3.17,1.2133333333333334
5.3870952857142855,3.31,0.8399999999999999
5.3893334,3.26,0.9733333333333336
5.391571514285714,3.29,0.8933333333333335
5.393809628571429,3.28,0.9200000000000008
5.396047742857142,3.23,1.0533333333333332
5.398285857142857,2.82,2.146666666666667
5.400523971428572,2.92,1.8800000000000003
5.403657331428572,2.85,2.0666666666666664
5.4050002,3.15,1.266666666666667
5.405869765217391,3.09,1.4266666666666672
5.407608895652174,2.85,2.0666666666666664
5.408478460869565,3.09,1.4266666666666672
5.410217591304348,3.35,0.7333333333333334
5.411087156521739,2.97,1.7466666666666661
5.411956721739131,3.23,1.0533333333333332
5.412826286956522,3.06,1.5066666666666664
5.414565417391304,3.08,1.4533333333333331
5.415434982608696,3.25,1.0
5.416304547826087,3.22,1.0799999999999996
5.417174113043479,3.14,1.293333333333333
5.41804367826087,3.48,0.3866666666666667
5.419782808695652,3.12,1.3466666666666662
5.420652373913044,3.27,0.9466666666666663
5.422391504347826,3.07,1.4800000000000004
5.423261069565218,3.14,1.293333333333333
5.424130634782609,3.14,1.293333333333333
5.4250002,2.48,3.0533333333333337
5.426375187500001,3.08,1.4533333333333331
5.427750175,3.12,1.3466666666666662
5.4291251625,2.99,1.693333333333333
5.43050015,3.25,1.0
5.4318751375000005,3.27,0.9466666666666663
5.433250125,3.11,1.3733333333333335
5.4346251125,3.24,1.026666666666666
5.4360001,3.16,1.2399999999999998
5.4373750874999995,3.11,1.3733333333333335
5.438750075000001,3.17,1.2133333333333334
5.44150005,3.12,1.3466666666666662
5.4428750375,3.14,1.293333333333333
5.444250025,2.99,1.693333333333333
5.4456250125,3.01,1.6400000000000006
5.447,2.97,1.7466666666666661
5.448190480952381,3.17,1.2133333333333334
5.449380961904762,3.0,1.6666666666666665
5.450571442857143,3.07,1.4800000000000004
5.451761923809524,3.1,1.4
5.452952404761905,3.38,0.6533333333333333
5.454023837619047,3.25,1.0
5.455333366666666,3.39,0.626666666666666
5.456523847619048,3.37,0.6799999999999997
5.457714328571429,3.35,0.7333333333333334
5.458904809523809,3.37,0.6799999999999997
5.462476252380952,3.3,0.8666666666666671
5.4636667333333335,3.33,0.7866666666666662
5.464857214285714,3.36,0.706666666666667
5.466047695238095,3.27,0.9466666666666663
5.467238176190476,3.18,1.186666666666666
5.468428657142857,3.26,0.9733333333333336
5.469619138095238,3.19,1.1600000000000001
5.4720001,3.18,1.186666666666666
5.473190580952381,3.26,0.9733333333333336
5.475571542857143,3.38,0.6533333333333333
5.476762023809524,3.25,1.0
5.477952504761904,3.43,0.5199999999999996
5.479142985714286,3.25,1.0
5.480333466666666,3.23,1.0533333333333332
5.481523947619047,3.28,0.9200000000000008
5.482714428571429,3.27,0.9466666666666663
5.483904909523809,3.2,1.1333333333333329
5.48509539047619,3.28,0.9200000000000008
5.486285871428571,3.21,1.106666666666667
5.487476352380952,3.34,0.7600000000000007
5.488666833333333,3.21,1.106666666666667
5.489857314285714,3.31,0.8399999999999999
5.493428757142857,3.35,0.7333333333333334
5.494619238095238,3.17,1.2133333333333334
5.4970002,3.03,1.5866666666666673
5.497884807692307,3.13,1.3200000000000003
5.498769415384615,3.18,1.186666666666666
5.499654023076923,3.27,0.9466666666666663
5.5014232384615385,3.22,1.0799999999999996
5.502307846153846,3.4,0.6000000000000005
5.503192453846154,3.27,0.9466666666666663
5.504077061538461,3.19,1.1600000000000001
5.504961669230769,3.38,0.6533333333333333
5.5058462769230765,3.4,0.6000000000000005
5.507615492307692,3.39,0.626666666666666
5.5085001,3.34,0.7600000000000007
5.509384707692307,3.21,1.106666666666667
5.510269315384615,3.2,1.1333333333333329
5.511153923076923,3.19,1.1600000000000001
5.512038530769231,3.17,1.2133333333333334
5.512923138461538,3.16,1.2399999999999998
5.513807746153846,3.22,1.0799999999999996
5.514692353846153,3.46,0.4400000000000004
5.515576961538461,3.19,1.1600000000000001
5.516461569230769,2.97,1.7466666666666661
5.517346176923077,3.04,1.56
5.518230784615384,2.98,1.7200000000000002
5.519115392307692,2.99,1.693333333333333
5.52,2.89,1.9599999999999995
5.525616424657534,3.28,0.9200000000000008
5.527020530821917,3.1,1.4
5.528424636986301,3.28,0.9200000000000008
5.529828743150685,3.31,0.8399999999999999
5.531232849315068,3.22,1.0799999999999996
5.534041061643835,3.22,1.0799999999999996
5.535445167808219,3.13,1.3200000000000003
5.539938307534246,3.5,0.33333333333333304
5.542746519863013,3.47,0.4133333333333331
5.544150626027397,3.8,-0.4666666666666659
5.545554732191781,3.75,-0.33333333333333304
5.546958838356164,3.5,0.33333333333333304
5.549767050684931,3.52,0.28000000000000025
5.551171156849315,3.4,0.6000000000000005
5.552575263013699,3.5,0.33333333333333304
5.553979369178082,3.23,1.0533333333333332
5.555383475342466,3.29,0.8933333333333335
5.55678758150685,3.21,1.106666666666667
5.559595793835617,3.27,0.9466666666666663
5.5609999,3.15,1.266666666666667
5.5627930034482755,3.25,1.0
5.564586106896552,3.21,1.106666666666667
5.566379210344827,3.44,0.4933333333333332
5.568172313793104,3.23,1.0533333333333332
5.569965417241379,3.29,0.8933333333333335
5.571758520689655,3.29,0.8933333333333335
5.573551624137932,3.06,1.5066666666666664
5.575344727586207,3.39,0.626666666666666
5.577137831034483,3.46,0.4400000000000004
5.5789309344827585,3.47,0.4133333333333331
5.580724037931034,3.45,0.4666666666666659
5.582517141379311,3.37,0.6799999999999997
5.584310244827586,3.38,0.6533333333333333
5.586103348275862,3.44,0.4933333333333332
5.587896451724138,3.62,0.013333333333332753
5.589689555172414,3.38,0.6533333333333333
5.5914826586206905,3.43,0.5199999999999996
5.5932757620689655,3.41,0.5733333333333333
5.595068865517241,3.46,0.4400000000000004
5.596861968965517,3.3,0.8666666666666671
5.598655072413793,3.28,0.9200000000000008
5.600448175862069,3.29,0.8933333333333335
5.602241279310345,3.24,1.026666666666666
5.604034382758621,3.29,0.8933333333333335
5.605827486206896,3.34,0.7600000000000007
5.6076205896551725,3.29,0.8933333333333335
5.609413693103448,3.29,0.8933333333333335
5.611206796551724,3.3,0.8666666666666671
5.6129999,3.41,0.5733333333333333
5.613847728260869,3.22,1.0799999999999996
5.617239041304348,3.28,0.9200000000000008
5.618086869565217,3.37,0.6799999999999997
5.619782526086957,3.16,1.2399999999999998
5.620630354347826,3.27,0.9466666666666663
5.621478182608696,3.28,0.9200000000000008
5.622326010869565,3.51,0.30666666666666753
5.623173839130435,3.24,1.026666666666666
5.624021667391305,3.39,0.626666666666666
5.624869495652174,3.33,0.7866666666666662
5.625717323913044,3.34,0.7600000000000007
5.626565152173913,3.42,0.5466666666666669
5.627412980434783,3.38,0.6533333333333333
5.628260808695653,3.35,0.7333333333333334
5.629108636956522,3.35,0.7333333333333334
5.629956465217392,3.46,0.4400000000000004
5.630804293478261,3.55,0.20000000000000018
5.631652121739131,3.14,1.293333333333333
5.632415167173913,3.18,1.186666666666666
5.63334777826087,3.14,1.293333333333333
5.63419560652174,3.31,0.8399999999999999
5.635043434782609,3.28,0.9200000000000008
5.6367390913043485,3.48,0.3866666666666667
5.6375869195652175,3.31,0.8399999999999999
5.6384347478260874,3.37,0.6799999999999997
5.6392825760869565,3.3,0.8666666666666671
5.640130404347826,3.09,1.4266666666666672
5.640978232608696,3.29,0.8933333333333335
5.641826060869565,3.4,0.6000000000000005
5.642673889130435,3.27,0.9466666666666663
5.644369545652174,3.26,0.9733333333333336
5.646065202173913,3.2,1.1333333333333329
5.647760858695652,3.3,0.8666666666666671
5.648608686956522,3.19,1.1600000000000001
5.649456515217392,3.12,1.3466666666666662
5.650304343478261,3.12,1.3466666666666662
5.651152171739131,3.2,1.1333333333333329
5.652,2.91,1.9066666666666663
5.653026315789474,3.23,1.0533333333333332
5.6550789473684215,3.25,1.0
5.656105263157895,3.25,1.0
5.657131578947369,3.16,1.2399999999999998
5.658157894736842,3.23,1.0533333333333332
5.659184210526316,3.31,0.8399999999999999
5.660210526315789,2.61,2.706666666666667
5.6612368421052635,3.21,1.106666666666667
5.662263157894737,3.43,0.5199999999999996
5.663289473684211,3.17,1.2133333333333334
5.666368421052632,3.2,1.1333333333333329
5.667394736842105,3.18,1.186666666666666
5.6684210526315795,2.87,2.013333333333333
5.669447368421053,3.3,0.8666666666666671
5.670473684210527,3.33,0.7866666666666662
5.6715,3.27,0.9466666666666663
5.672526315789473,3.1,1.4
5.673552631578947,3.44,0.4933333333333332
5.676631578947369,3.09,1.4266666666666672
5.677657894736842,3.36,0.706666666666667
5.678684210526316,3.35,0.7333333333333334
5.67971052631579,3.36,0.706666666666667
5.681763157894737,3.38,0.6533333333333333
5.683815789473684,3.27,0.9466666666666663
5.685868421052631,2.65,2.6
5.686894736842105,3.51,0.30666666666666753
5.687921052631578,3.2,1.1333333333333329
5.6889473684210525,3.1,1.4
5.689871052631578,3.25,1.0
5.691,3.04,1.56
5.692258064516129,3.3,0.8666666666666671
5.693516129032258,3.07,1.4800000000000004
5.694774193548387,3.13,1.3200000000000003
5.696032258064516,2.99,1.693333333333333
5.697290322580645,3.08,1.4533333333333331
5.698548387096775,3.33,0.7866666666666662
5.699806451612903,3.3,0.8666666666666671
5.702322580645162,3.72,-0.25333333333333385
5.70358064516129,3.52,0.28000000000000025
5.70483870967742,3.32,0.8133333333333335
5.706096774193548,3.39,0.626666666666666
5.707354838709677,3.48,0.3866666666666667
5.708612903225807,3.32,0.8133333333333335
5.711129032258065,3.25,1.0
5.712387096774194,3.23,1.0533333333333332
5.713645161290323,3.52,0.28000000000000025
5.714903225806452,3.18,1.186666666666666
5.716161290322581,3.13,1.3200000000000003
5.71741935483871,3.09,1.4266666666666672
5.719935483870968,3.06,1.5066666666666664
5.721193548387097,3.21,1.106666666666667
5.7224516129032255,3.37,0.6799999999999997
5.723709677419356,3.2,1.1333333333333329
5.724967741935484,3.26,0.9733333333333336
5.726225806451613,3.22,1.0799999999999996
5.727483870967743,3.38,0.6533333333333333
5.728741935483871,3.0,1.6666666666666665
5.73,2.39,3.293333333333333
5.73138709032258,3.2,1.1333333333333329
5.732774180645162,3.36,0.706666666666667
5.734161270967743,3.18,1.186666666666666
5.735548361290323,3.18,1.186666666666666
5.736935451612903,3.2,1.1333333333333329
5.738322541935484,3.26,0.9733333333333336
5.739709632258065,3.21,1.106666666666667
5.741096722580646,3.24,1.026666666666666
5.743870903225807,3.44,0.4933333333333332
5.746645083870968,3.79,-0.4400000000000004
5.7494192645161295,3.5,0.33333333333333304
5.75080635483871,3.83,-0.5466666666666669
5.75219344516129,3.78,-0.4133333333333331
5.753580535483871,3.67,-0.1200000000000001
5.754967625806453,3.6,0.06666666666666643
5.7563547161290325,3.76,-0.35999999999999943
5.757741806451613,3.56,0.1733333333333329
5.759128896774193,3.5,0.33333333333333304
5.760515987096775,3.58,0.1200000000000001
5.761903077419356,3.42,0.5466666666666669
5.764677258064516,3.34,0.7600000000000007
5.766064348387097,3.4,0.6000000000000005
5.767451438709678,3.34,0.7600000000000007
5.76869982,3.27,0.9466666666666663
5.7702256193548385,3.41,0.5733333333333333
5.77161270967742,3.37,0.6799999999999997
5.7729998,3.29,0.8933333333333335
5.7739998,3.3,0.8666666666666671
5.774999800000001,3.34,0.7600000000000007
5.7759998,3.43,0.5199999999999996
5.7769998000000005,3.27,0.9466666666666663
5.7779998,3.69,-0.1733333333333329
5.7789998,3.23,1.0533333333333332
5.779999800000001,3.54,0.22666666666666657
5.7809998,3.3,0.8666666666666671
5.7819998,3.19,1.1600000000000001
5.7839998,3.63,-0.013333333333332753
5.7849998000000005,3.44,0.4933333333333332
5.7879998,3.45,0.4666666666666659
5.7889998,3.29,0.8933333333333335
5.7899998,3.4,0.6000000000000005
5.7909998,3.73,-0.28000000000000025
5.7919998,3.64,-0.040000000000000036
5.7939998,3.49,0.35999999999999943
5.7949998,3.49,0.35999999999999943
5.7959998,3.81,-0.4933333333333332
5.7969998,3.72,-0.25333333333333385
5.7989998,3.43,0.5199999999999996
5.7999998,3.28,0.9200000000000008
5.8009998,3.44,0.4933333333333332
5.8019998,3.38,0.6533333333333333
5.802999799999999,3.16,1.2399999999999998
5.8039998,3.17,1.2133333333333334
5.8049998,3.28,0.9200000000000008
5.807222022222222,3.35,0.7333333333333334
5.808333133333333,3.17,1.2133333333333334
5.809444244444444,3.18,1.186666666666666
5.810555355555556,3.16,1.2399999999999998
5.811666466666666,3.38,0.6533333333333333
5.812777577777778,3.39,0.626666666666666
5.8138886888888885,3.41,0.5733333333333333
5.8149998,3.16,1.2399999999999998
5.818333133333334,3.69,-0.1733333333333329
5.819444244444444,3.3,0.8666666666666671
5.820555355555555,3.21,1.106666666666667
5.821666466666667,3.3,0.8666666666666671
5.822333133333333,3.15,1.266666666666667
5.823888688888889,3.25,1.0
5.8249998,3.16,1.2399999999999998
5.826352752941176,3.26,0.9733333333333336
5.827705705882353,3.11,1.3733333333333335
5.829058658823529,3.08,1.4533333333333331
5.830411611764706,3.35,0.7333333333333334
5.831764564705882,3.25,1.0
5.833117517647058,3.4,0.6000000000000005
5.835823423529411,3.45,0.4666666666666659
5.837176376470588,3.57,0.1466666666666674
5.839882282352941,3.27,0.9466666666666663
5.842588188235293,3.45,0.4666666666666659
5.845294094117646,3.08,1.4533333333333331
5.848,3.08,1.4533333333333331
5.849136359090909,3.21,1.106666666666667
5.850272718181818,3.32,0.8133333333333335
5.852545436363636,3.24,1.026666666666666
5.853681795454546,3.1,1.4
5.8548181545454545,3.03,1.5866666666666673
5.855954513636363,3.71,-0.22666666666666657
5.857090872727272,3.75,-0.33333333333333304
5.858227231818182,3.08,1.4533333333333331
5.859363590909091,3.49,0.35999999999999943
5.8604999499999995,3.33,0.7866666666666662
5.861636309090909,3.22,1.0799999999999996
5.862772668181818,3.25,1.0
5.863909027272727,3.56,0.1733333333333329
5.8650453863636365,2.92,1.8800000000000003
5.866181745454545,3.01,1.6400000000000006
5.867318104545454,3.27,0.9466666666666663
5.868454463636363,3.29,0.8933333333333335
5.869590822727273,3.19,1.1600000000000001
5.870727181818181,3.32,0.8133333333333335
5.87186354090909,3.12,1.3466666666666662
5.8729999,3.2,1.1333333333333329
5.874136259090909,3.22,1.0799999999999996
5.8752726181818185,3.25,1.0
5.877545336363636,3.26,0.9733333333333336
5.878681695454546,3.26,0.9733333333333336
5.879704418636363,3.17,1.2133333333333334
5.880954413636363,3.47,0.4133333333333331
5.882090772727273,3.2,1.1333333333333329
5.883227131818182,3.37,0.6799999999999997
5.884363490909091,3.19,1.1600000000000001
5.8854998499999995,3.33,0.7866666666666662
5.886636209090909,3.31,0.8399999999999999
5.888908927272727,3.32,0.8133333333333335
5.890045286363637,3.25,1.0
5.891181645454545,3.07,1.4800000000000004
5.892318004545454,3.19,1.1600000000000001
5.893454363636364,3.32,0.8133333333333335
5.894590722727273,3.13,1.3200000000000003
5.8957270818181815,3.13,1.3200000000000003
5.89686344090909,3.24,1.026666666666666
5.8979998,2.97,1.7466666666666661
5.899281059375,3.03,1.5866666666666673
5.90056231875,3.14,1.293333333333333
5.901843578125,2.99,1.693333333333333
5.9031248375,3.25,1.0
5.904406096875,3.15,1.266666666666667
5.9056873562500005,3.56,0.1733333333333329
5.906968615625,3.41,0.5733333333333333
5.908249875,3.38,0.6533333333333333
5.909531134374999,3.59,0.09333333333333371
5.910812393750001,3.57,0.1466666666666674
5.912093653125001,3.34,0.7600000000000007
5.9133749125,3.34,0.7600000000000007
5.914656171875,3.4,0.6000000000000005
5.91593743125,3.19,1.1600000000000001
5.917218690625,3.22,1.0799999999999996
5.91849995,3.18,1.186666666666666
5.919781209375,3.14,1.293333333333333
5.921062468750001,2.97,1.7466666666666661
5.922343728125,3.31,0.8399999999999999
5.923,2.98,1.7200000000000002
5.9236249875,3.2,1.1333333333333329
5.9249062468750004,3.15,1.266666666666667
5.925,3.01,1.6400000000000006
5.926,3.1,1.4
5.92618750625,3.15,1.266666666666667
5.927468765625001,3.11,1.3733333333333335
5.928750025,3.25,1.0
5.929,3.16,1.2399999999999998
5.93,3.22,1.0799999999999996
5.9300312843750005,3.38,0.6533333333333333
5.931,3.15,1.266666666666667
5.931312543750001,3.32,0.8133333333333335
5.932593803125,3.29,0.8933333333333335
5.9338750625,3.14,1.293333333333333
5.934,3.16,1.2399999999999998
5.935,3.19,1.1600000000000001
5.9351563218750005,3.28,0.9200000000000008
5.936437581250001,3.3,0.8666666666666671
5.937,3.14,1.293333333333333
5.937718840625001,3.24,1.026666666666666
5.939,3.01,1.6400000000000006
5.9390001,3.23,1.0533333333333332
5.9418000866666665,3.13,1.3200000000000003
5.942146341463415,3.43,0.5199999999999996
5.94320008,3.34,0.7600000000000007
5.944243902439024,3.09,1.4266666666666672
5.944600073333334,3.37,0.6799999999999997
5.945817073170732,3.32,0.8133333333333335
5.946000066666667,3.37,0.6799999999999997
5.947390243902439,3.25,1.0
5.9474000600000005,3.28,0.9200000000000008
5.948800053333334,3.05,1.5333333333333337
5.949487804878049,3.19,1.1600000000000001
5.950200046666667,3.08,1.4533333333333331
5.951585365853658,3.29,0.8933333333333335
5.951600040000001,3.36,0.706666666666667
5.953000033333334,3.31,0.8399999999999999
5.953158536585366,3.25,1.0
5.954400026666667,3.25,1.0
5.955256097560976,3.24,1.026666666666666
5.9556600206666666,3.28,0.9200000000000008
5.956829268292683,3.44,0.4933333333333332
5.957200013333334,3.44,0.4933333333333332
5.958402439024391,3.49,0.35999999999999943
5.96,3.13,1.3200000000000003
5.9605,3.21,1.106666666666667
5.961399993333334,3.33,0.7866666666666662
5.962073170731707,3.32,0.8133333333333335
5.962799986666666,3.25,1.0
5.963646341463415,3.31,0.8399999999999999
5.96419998,3.29,0.8933333333333335
5.965599973333334,3.27,0.9466666666666663
5.965743902439025,3.04,1.56
5.966999966666666,3.2,1.1333333333333329
5.967317073170732,3.26,0.9733333333333336
5.96839996,3.25,1.0
5.968890243902439,3.25,1.0
5.969799953333333,3.28,0.9200000000000008
5.97098780487805,3.03,1.5866666666666673
5.971199946666666,3.25,1.0
5.972560975609756,3.36,0.706666666666667
5.97259994,3.15,1.266666666666667
5.973999933333333,3.22,1.0799999999999996
5.974134146341464,3.16,1.2399999999999998
5.975399926666666,3.33,0.7866666666666662
5.976756097560976,3.09,1.4266666666666672
5.978329268292684,3.26,0.9733333333333336
5.979902439024391,3.23,1.0533333333333332
5.982,3.27,0.9466666666666663
5.983177570093458,3.21,1.106666666666667
5.984355140186916,3.19,1.1600000000000001
5.985925233644861,3.23,1.0533333333333332
5.987102803738319,3.25,1.0
5.988280373831777,3.09,1.4266666666666672
5.9898504672897195,3.26,0.9733333333333336
5.9910280373831775,3.17,1.2133333333333334
5.992205607476635,3.1,1.4
5.99377570093458,3.11,1.3733333333333335
5.995345794392524,3.21,1.106666666666667
5.996523364485982,3.25,1.0
5.998093457943925,3.25,1.0
5.999271028037383,3.23,1.0533333333333332
6.000448598130841,3.42,0.5466666666666669
6.002018691588785,3.29,0.8933333333333335
6.003196261682243,3.51,0.30666666666666753
6.005943925233645,3.49,0.35999999999999943
6.007514018691589,3.17,1.2133333333333334
6.008691588785047,3.22,1.0799999999999996
6.010261682242991,2.99,1.693333333333333
6.0118317757009345,3.27,0.9466666666666663
6.0130093457943925,3.33,0.7866666666666662
6.013401869158879,3.2,1.1333333333333329
6.0141869158878505,3.23,1.0533333333333332
6.016149532710281,3.1,1.4
6.017327102803739,3.18,1.186666666666666
6.0188971962616815,3.11,1.3733333333333335
6.0200747663551395,3.14,1.293333333333333
6.0212523364485975,3.14,1.293333333333333
6.022822429906542,3.09,1.4266666666666672
6.024,3.33,0.7866666666666662
6.025333333333333,3.22,1.0799999999999996
6.027111111111111,3.24,1.026666666666666
6.0297777777777775,3.13,1.3200000000000003
6.031555555555555,3.2,1.1333333333333329
6.032888888888889,3.17,1.2133333333333334
6.034222222222223,3.29,0.8933333333333335
6.036,3.54,0.22666666666666657
6.037333333333333,3.33,0.7866666666666662
6.038666666666667,3.25,1.0
6.040444444444444,3.33,0.7866666666666662
6.041777777777777,3.33,0.7866666666666662
6.043111111111111,3.22,1.0799999999999996
6.044444444444444,3.26,0.9733333333333336
6.0457777777777775,3.36,0.706666666666667
6.047555555555555,3.21,1.106666666666667
6.049333333333333,3.18,1.186666666666666
6.050666666666666,3.15,1.266666666666667
6.052,3.07,1.4800000000000004
6.053289719626168,3.16,1.2399999999999998
6.055009345794392,3.12,1.3466666666666662
6.056299065420561,3.18,1.186666666666666
6.059308411214953,3.1,1.4
6.060598130841122,3.06,1.5066666666666664
6.061887850467289,3.21,1.106666666666667
6.063177570093457,3.23,1.0533333333333332
6.064897196261682,3.15,1.266666666666667
6.0679065420560745,3.6,0.06666666666666643
6.069196261682243,3.24,1.026666666666666
6.070915887850467,3.38,0.6533333333333333
6.072205607476635,3.57,0.1466666666666674
6.073495327102803,3.35,0.7333333333333334
6.075214953271028,3.4,0.6000000000000005
6.077794392523365,3.41,0.5733333333333333
6.079084112149532,3.32,0.8133333333333335
6.081233644859813,3.24,1.026666666666666
6.082093457943925,3.22,1.0799999999999996
6.083383177570093,3.27,0.9466666666666663
6.086392523364485,3.18,1.186666666666666
6.08811214953271,3.16,1.2399999999999998
6.089401869158878,3.17,1.2133333333333334
6.090691588785046,3.14,1.293333333333333
6.0924112149532705,3.25,1.0
6.093700934579439,3.16,1.2399999999999998
6.094990654205607,3.14,1.293333333333333
6.096710280373832,3.14,1.293333333333333
6.098,3.21,1.106666666666667
6.0992371134020615,2.92,1.8800000000000003
6.100886597938144,3.19,1.1600000000000001
6.102123711340206,3.12,1.3466666666666662
6.103360824742268,3.04,1.56
6.10501030927835,3.26,0.9733333333333336
6.106247422680412,3.22,1.0799999999999996
6.107484536082474,3.2,1.1333333333333329
6.1087216494845356,3.44,0.4933333333333332
6.109958762886597,3.27,0.9466666666666663
6.11160824742268,3.14,1.293333333333333
6.113257731958762,3.06,1.5066666666666664
6.1144948453608245,3.34,0.7600000000000007
6.115731958762886,3.04,1.56
6.117381443298969,3.32,0.8133333333333335
6.118618556701031,3.47,0.4133333333333331
6.119855670103092,3.27,0.9466666666666663
6.121505154639175,3.32,0.8133333333333335
6.122742268041237,3.31,0.8399999999999999
6.123979381443299,3.25,1.0
6.12480412371134,3.39,0.626666666666666
6.126041237113402,3.27,0.9466666666666663
6.128103092783505,3.32,0.8133333333333335
6.129752577319588,3.14,1.293333333333333
6.130989690721649,3.25,1.0
6.132226804123711,3.17,1.2133333333333334
6.133876288659794,3.11,1.3733333333333335
6.135113402061855,3.22,1.0799999999999996
6.136350515463917,3.18,1.186666666666666
6.138,3.28,0.9200000000000008
6.1406875,3.09,1.4266666666666672
6.14203125,3.24,1.026666666666666
6.144270833333334,3.22,1.0799999999999996
6.145166666666666,3.22,1.0799999999999996
6.146958333333333,3.32,0.8133333333333335
6.148302083333332,3.19,1.1600000000000001
6.149645833333333,3.29,0.8933333333333335
6.1514375,3.16,1.2399999999999998
6.152781249999999,3.03,1.5866666666666673
6.154125,3.32,0.8133333333333335
6.156364583333333,3.05,1.5333333333333337
6.157708333333333,3.23,1.0533333333333332
6.159052083333333,3.1,1.4
6.16084375,3.12,1.3466666666666662
6.1621875,3.19,1.1600000000000001
6.163531249999999,3.05,1.5333333333333337
6.165322916666667,3.23,1.0533333333333332
6.1671145833333325,3.42,0.5466666666666669
6.168458333333333,3.08,1.4533333333333331
6.17025,3.15,1.266666666666667
6.1715937499999995,3.18,1.186666666666666
6.173385416666666,3.14,1.293333333333333
6.174729166666666,3.09,1.4266666666666672
6.176072916666667,3.24,1.026666666666666
6.177864583333333,2.89,1.9599999999999995
6.17965625,3.09,1.4266666666666672
6.1814479166666665,3.15,1.266666666666667
6.182791666666667,3.16,1.2399999999999998
6.184583333333333,2.97,1.7466666666666661
6.186375,3.15,1.266666666666667
6.18771875,3.03,1.5866666666666673
6.189510416666666,2.91,1.9066666666666663
6.191302083333333,3.16,1.2399999999999998
6.192645833333334,3.19,1.1600000000000001
6.1935416666666665,2.86,2.0400000000000005
6.194437499999999,3.01,1.6400000000000006
6.194885416666667,3.19,1.1600000000000001
6.19578125,3.12,1.3466666666666662
6.197125,3.15,1.266666666666667
6.198916666666666,3.13,1.3200000000000003
6.200260416666667,3.16,1.2399999999999998
6.201604166666667,3.24,1.026666666666666
6.203395833333333,3.23,1.0533333333333332
6.204739583333333,3.11,1.3733333333333335
6.206083333333333,3.07,1.4800000000000004
6.2078750000000005,3.25,1.0
6.20921875,3.07,1.4800000000000004
6.2105625,3.06,1.5066666666666664
6.212354166666667,3.0,1.6666666666666665
6.213697916666667,2.97,1.7466666666666661
6.215041666666667,3.06,1.5066666666666664
6.216833333333333,3.09,1.4266666666666672
6.2177291666666665,3.11,1.3733333333333335
6.219072916666667,3.17,1.2133333333333334
6.2213125,3.25,1.0
6.22265625,3.0,1.6666666666666665
6.224,3.07,1.4800000000000004
6.225922077922077,3.27,0.9466666666666663
6.227363636363636,3.37,0.6799999999999997
6.228805194805195,3.4,0.6000000000000005
6.230727272727273,2.95,1.7999999999999994
6.232649350649351,3.39,0.626666666666666
6.234090909090909,3.37,0.6799999999999997
6.235532467532468,3.3,0.8666666666666671
6.236974025974026,2.83,2.1199999999999997
6.238415584415584,3.59,0.09333333333333371
6.240337662337662,3.34,0.7600000000000007
6.241779220779221,3.35,0.7333333333333334
6.2432207792207794,3.31,0.8399999999999999
6.2451428571428576,3.3,0.8666666666666671
6.246584415584416,3.26,0.9733333333333336
6.248025974025975,3.3,0.8666666666666671
6.249948051948052,3.26,0.9733333333333336
6.2513896103896105,3.19,1.1600000000000001
6.252831168831169,3.25,1.0
6.254753246753247,3.13,1.3200000000000003
6.256194805194805,3.27,0.9466666666666663
6.257636363636363,3.14,1.293333333333333
6.2595584415584415,3.32,0.8133333333333335
6.261,3.23,1.0533333333333332
6.262441558441559,3.23,1.0533333333333332
6.264363636363636,3.32,0.8133333333333335
6.2658051948051945,3.21,1.106666666666667
6.267246753246753,3.13,1.3200000000000003
6.269168831168831,3.15,1.266666666666667
6.27061038961039,3.24,1.026666666666666
6.272051948051948,3.27,0.9466666666666663
6.2739740259740255,3.17,1.2133333333333334
6.275415584415584,3.23,1.0533333333333332
6.276857142857143,3.14,1.293333333333333
6.278779220779221,3.27,0.9466666666666663
6.280220779220779,3.27,0.9466666666666663
6.2821428571428575,3.21,1.106666666666667
6.283584415584416,3.39,0.626666666666666
6.285025974025975,3.31,0.8399999999999999
6.28838961038961,3.22,1.0799999999999996
6.289831168831169,3.16,1.2399999999999998
6.293194805194806,3.18,1.186666666666666
6.294636363636364,3.26,0.9733333333333336
6.296077922077923,3.16,1.2399999999999998
6.298,3.09,1.4266666666666672
6.298763005780347,3.25,1.0
6.299526011560694,3.14,1.293333333333333
6.3013063583815025,2.99,1.693333333333333
6.3020693641618495,2.95,1.7999999999999994
6.303086705202312,3.01,1.6400000000000006
6.303849710982659,3.13,1.3200000000000003
6.304612716763006,3.23,1.0533333333333332
6.3056300578034685,3.28,0.9200000000000008
6.306393063583815,3.22,1.0799999999999996
6.3071560693641615,3.29,0.8933333333333335
6.308173410404624,3.22,1.0799999999999996
6.308936416184971,3.19,1.1600000000000001
6.309699421965318,3.13,1.3200000000000003
6.3107167630057805,3.06,1.5066666666666664
6.3114797687861275,3.18,1.186666666666666
6.3122427745664735,3.13,1.3200000000000003
6.313260115606936,3.15,1.266666666666667
6.314023121387283,3.17,1.2133333333333334
6.31478612716763,3.05,1.5333333333333337
6.315803468208093,3.24,1.026666666666666
6.3165664739884395,3.21,1.106666666666667
6.3173294797687864,3.17,1.2133333333333334
6.318346820809248,3.24,1.026666666666666
6.319109826589595,3.15,1.266666666666667
6.319872832369942,3.42,0.5466666666666669
6.320890173410405,3.14,1.293333333333333
6.3216531791907515,3.2,1.1333333333333329
6.3224161849710985,3.28,0.9200000000000008
6.32343352601156,3.24,1.026666666666666
6.324196531791907,3.21,1.106666666666667
6.324959537572254,3.25,1.0
6.325976878612717,3.3,0.8666666666666671
6.326739884393064,3.22,1.0799999999999996
6.32750289017341,3.21,1.106666666666667
6.328520231213872,3.22,1.0799999999999996
6.329283236994219,3.27,0.9466666666666663
6.330046242774566,3.35,0.7333333333333334
6.331063583815029,3.27,0.9466666666666663
6.331826589595376,3.16,1.2399999999999998
6.3325895953757225,3.18,1.186666666666666
6.333606936416185,3.29,0.8933333333333335
6.335132947976878,3.07,1.4800000000000004
6.336150289017341,3.18,1.186666666666666
6.336913294797688,3.1,1.4
6.3376763005780345,3.27,0.9466666666666663
6.338693641618497,3.1,1.4
6.339456647398843,3.12,1.3466666666666662
6.34021965317919,3.14,1.293333333333333
6.341236994219653,3.3,0.8666666666666671
6.342,2.81,2.1733333333333333
6.343013793103448,3.16,1.2399999999999998
6.344365517241378,3.04,1.56
6.3453793103448275,3.09,1.4266666666666672
6.346393103448276,3.04,1.56
6.347744827586206,3.22,1.0799999999999996
6.348758620689655,3.32,0.8133333333333335
6.3497724137931035,3.17,1.2133333333333334
6.351124137931034,3.22,1.0799999999999996
6.352137931034482,3.21,1.106666666666667
6.353489655172414,3.21,1.106666666666667
6.354503448275862,3.38,0.6533333333333333
6.35551724137931,3.26,0.9733333333333336
6.356868965517241,3.27,0.9466666666666663
6.357882758620689,3.31,0.8399999999999999
6.358896551724138,3.18,1.186666666666666
6.361262068965517,3.11,1.3733333333333335
6.362275862068965,3.18,1.186666666666666
6.3636275862068965,3.4,0.6000000000000005
6.364979310344827,3.43,0.5199999999999996
6.365993103448275,3.39,0.626666666666666
6.3670068965517235,3.21,1.106666666666667
6.368696551724137,3.32,0.8133333333333335
6.369710344827586,3.28,0.9200000000000008
6.370724137931034,3.31,0.8399999999999999
6.372075862068965,3.2,1.1333333333333329
6.373089655172413,3.25,1.0
6.374441379310344,3.26,0.9733333333333336
6.3757931034482755,3.33,0.7866666666666662
6.376806896551724,3.2,1.1333333333333329
6.377820689655172,3.22,1.0799999999999996
6.379510344827586,3.18,1.186666666666666
6.380524137931034,3.27,0.9466666666666663
6.381537931034483,3.22,1.0799999999999996
6.382889655172414,3.2,1.1333333333333329
6.383903448275862,3.45,0.4666666666666659
6.38491724137931,3.12,1.3466666666666662
6.3862689655172415,3.21,1.106666666666667
6.387620689655172,3.19,1.1600000000000001
6.38863448275862,3.27,0.9466666666666663
6.389986206896552,3.36,0.706666666666667
6.391,3.18,1.186666666666666
6.39431914893617,3.22,1.0799999999999996
6.395563829787234,3.18,1.186666666666666
6.397223404255318,3.28,0.9200000000000008
6.398882978723404,3.27,0.9466666666666663
6.400542553191489,3.44,0.4933333333333332
6.401787234042553,3.37,0.6799999999999997
6.403861702127659,3.39,0.626666666666666
6.4051063829787225,3.22,1.0799999999999996
6.406765957446808,3.29,0.8933333333333335
6.408425531914894,3.31,0.8399999999999999
6.4100851063829785,3.07,1.4800000000000004
6.411329787234043,3.6,0.06666666666666643
6.413404255319149,3.11,1.3733333333333335
6.414648936170212,3.2,1.1333333333333329
6.414648936170212,3.53,0.25333333333333385
6.415893617021276,3.37,0.6799999999999997
6.416308510638298,3.31,0.8399999999999999
6.41713829787234,3.33,0.7866666666666662
6.4179680851063825,3.27,0.9466666666666663
6.418797872340425,3.31,0.8399999999999999
6.419627659574468,3.35,0.7333333333333334
6.420042553191489,3.3,0.8666666666666671
6.4208723404255315,3.19,1.1600000000000001
6.421287234042553,3.17,1.2133333333333334
6.422946808510638,3.21,1.106666666666667
6.422946808510638,3.22,1.0799999999999996
6.424191489361702,3.31,0.8399999999999999
6.424191489361702,3.38,0.6533333333333333
6.425436170212766,3.2,1.1333333333333329
6.4258510638297865,3.08,1.4533333333333331
6.427095744680851,3.12,1.3466666666666662
6.427925531914894,3.33,0.7866666666666662
6.43,3.07,1.4800000000000004
6.43193220338983,3.21,1.106666666666667
6.433864406779661,3.15,1.266666666666667
6.435796610169492,3.29,0.8933333333333335
6.4383728813559316,3.46,0.4400000000000004
6.440305084745762,3.26,0.9733333333333336
6.442237288135593,3.28,0.9200000000000008
6.444813559322034,3.33,0.7866666666666662
6.446745762711863,3.19,1.1600000000000001
6.448677966101694,3.28,0.9200000000000008
6.451254237288135,3.21,1.106666666666667
6.453186440677966,3.32,0.8133333333333335
6.455118644067796,3.26,0.9733333333333336
6.457694915254237,3.4,0.6000000000000005
6.459627118644067,3.28,0.9200000000000008
6.461559322033898,3.19,1.1600000000000001
6.464135593220338,3.16,1.2399999999999998
6.46606779661017,3.26,0.9733333333333336
6.468,3.05,1.5333333333333337
6.469540983606557,3.18,1.186666666666666
6.470311475409836,3.19,1.1600000000000001
6.471467213114754,3.24,1.026666666666666
6.4733934426229505,3.17,1.2133333333333334
6.474549180327869,3.25,1.0
6.475704918032786,3.43,0.5199999999999996
6.477245901639344,3.34,0.7600000000000007
6.478401639344262,3.25,1.0
6.47955737704918,3.23,1.0533333333333332
6.4810983606557375,3.12,1.3466666666666662
6.482254098360656,3.14,1.293333333333333
6.483409836065573,3.24,1.026666666666666
6.4849508196721315,3.31,0.8399999999999999
6.48572131147541,3.24,1.026666666666666
6.486877049180328,3.35,0.7333333333333334
6.488032786885245,3.29,0.8933333333333335
6.489188524590164,3.36,0.706666666666667
6.490729508196721,3.24,1.026666666666666
6.491885245901639,3.16,1.2399999999999998
6.493040983606557,3.19,1.1600000000000001
6.494581967213115,3.26,0.9733333333333336
6.4957377049180325,3.38,0.6533333333333333
6.496893442622951,3.16,1.2399999999999998
6.498434426229508,3.15,1.266666666666667
6.4995901639344265,3.18,1.186666666666666
6.500745901639344,3.68,-0.1466666666666674
6.50305737704918,3.33,0.7866666666666662
6.506524590163934,3.19,1.1600000000000001
6.507680327868852,3.26,0.9733333333333336
6.50883606557377,3.36,0.706666666666667
6.509991803278688,3.51,0.30666666666666753
6.5107622950819675,3.31,0.8399999999999999
6.512303278688524,3.16,1.2399999999999998
6.513844262295082,3.18,1.186666666666666
6.515000000000001,3.27,0.9466666666666663
6.516155737704918,3.22,1.0799999999999996
6.517696721311475,3.38,0.6533333333333333
6.518852459016394,3.11,1.3733333333333335
6.520008196721311,3.02,1.6133333333333333
6.521549180327869,3.26,0.9733333333333336
6.522704918032787,3.3,0.8666666666666671
6.523860655737705,3.23,1.0533333333333332
6.525401639344262,3.33,0.7866666666666662
6.526557377049181,3.29,0.8933333333333335
6.527713114754098,3.33,0.7866666666666662
6.5292540983606555,3.25,1.0
6.530795081967213,3.22,1.0799999999999996
6.531950819672131,3.3,0.8666666666666671
6.5331065573770495,3.2,1.1333333333333329
6.534262295081968,3.17,1.2133333333333334
6.535418032786885,3.29,0.8933333333333335
6.536959016393443,3.26,0.9733333333333336
6.538114754098361,3.19,1.1600000000000001
6.539270491803279,3.27,0.9466666666666663
6.5408114754098365,3.29,0.8933333333333335
6.541967213114754,3.21,1.106666666666667
6.543122950819672,3.4,0.6000000000000005
6.5442786885245905,3.17,1.2133333333333334
6.545819672131148,3.14,1.293333333333333
6.546975409836066,3.24,1.026666666666666
6.548516393442623,3.21,1.106666666666667
6.549672131147541,3.44,0.4933333333333332
6.550827868852459,3.32,0.8133333333333335
6.552368852459017,3.18,1.186666666666666
6.553524590163935,3.38,0.6533333333333333
6.5550655737704915,3.23,1.0533333333333332
6.556991803278688,3.27,0.9466666666666663
6.562,3.06,1.5066666666666664
6.566631578947368,3.25,1.0
6.568947368421052,3.24,1.026666666666666
6.5706842105263155,3.31,0.8399999999999999
6.5712631578947365,3.26,0.9733333333333336
6.5724210526315785,3.27,0.9466666666666663
6.5724210526315785,3.4,0.6000000000000005
6.5741578947368415,3.07,1.4800000000000004
6.574736842105263,3.34,0.7600000000000007
6.575894736842105,2.99,1.693333333333333
6.575894736842105,3.09,1.4266666666666672
6.5776315789473685,3.17,1.2133333333333334
6.5793684210526315,3.16,1.2399999999999998
6.5793684210526315,3.17,1.2133333333333334
6.581105263157895,3.26,0.9733333333333336
6.584,2.92,1.8800000000000003
6.5844239631336405,3.06,1.5066666666666664
6.5852718894009215,3.07,1.4800000000000004
6.585695852534562,3.17,1.2133333333333334
6.586119815668202,3.11,1.3733333333333335
6.587815668202765,3.18,1.186666666666666
6.588663594470046,3.03,1.5866666666666673
6.589935483870968,3.3,0.8666666666666671
6.591207373271889,3.1,1.4
6.59205529953917,3.3,0.8666666666666671
6.5933271889400915,3.31,0.8399999999999999
6.595023041474654,3.35,0.7333333333333334
6.596294930875576,3.37,0.6799999999999997
6.597566820276498,3.29,0.8933333333333335
6.598838709677419,3.37,0.6799999999999997
6.599686635944701,3.32,0.8133333333333335
6.600958525345622,3.24,1.026666666666666
6.602654377880184,3.17,1.2133333333333334
6.603926267281106,3.39,0.626666666666666
6.604774193548387,3.24,1.026666666666666
6.606470046082949,3.27,0.9466666666666663
6.607741935483871,3.25,1.0
6.6090138248847925,3.64,-0.040000000000000036
6.6094377880184325,3.31,0.8399999999999999
6.609861751152073,3.29,0.8933333333333335
6.610709677419354,3.13,1.3200000000000003
6.612405529953917,3.18,1.186666666666666
6.613677419354839,3.31,0.8399999999999999
6.614949308755761,3.19,1.1600000000000001
6.6166451612903225,3.4,0.6000000000000005
6.6179170506912435,3.35,0.7333333333333334
6.619188940092165,3.27,0.9466666666666663
6.620884792626728,3.3,0.8666666666666671
6.62215668202765,3.3,0.8666666666666671
6.623428571428572,3.32,0.8133333333333335
6.6251244239631335,3.29,0.8933333333333335
6.626396313364055,3.29,0.8933333333333335
6.627668202764977,3.35,0.7333333333333334
6.629364055299539,3.17,1.2133333333333334
6.630635944700461,3.29,0.8933333333333335
6.631907834101382,3.07,1.4800000000000004
6.6336036866359445,3.19,1.1600000000000001
6.634875576036866,3.43,0.5199999999999996
6.636147465437788,3.28,0.9200000000000008
6.63784331797235,3.27,0.9466666666666663
6.639115207373272,3.34,0.7600000000000007
6.640387096774194,3.19,1.1600000000000001
6.642082949308756,3.23,1.0533333333333332
6.643354838709677,3.56,0.1733333333333329
6.646322580645161,3.25,1.0
6.647594470046083,3.43,0.5199999999999996
6.6488663594470045,3.31,0.8399999999999999
6.650562211981567,3.22,1.0799999999999996
6.651410138248848,3.24,1.026666666666666
6.65268202764977,3.34,0.7600000000000007
6.654801843317973,3.31,0.8399999999999999
6.656073732718894,3.39,0.626666666666666
6.6573456221198155,3.23,1.0533333333333332
6.659041474654377,3.25,1.0
6.660313364055299,3.23,1.0533333333333332
6.661585253456221,3.28,0.9200000000000008
6.663281105990784,3.34,0.7600000000000007
6.6645529953917055,3.12,1.3466666666666662
6.665824884792627,3.17,1.2133333333333334
6.667520737327189,3.13,1.3200000000000003
6.668792626728111,3.13,1.3200000000000003
6.670064516129032,3.13,1.3200000000000003
6.671760368663595,3.09,1.4266666666666672
6.673032258064516,2.98,1.7200000000000002
6.674304147465437,2.95,1.7999999999999994
6.676,2.9,1.9333333333333336
6.677092233009709,3.03,1.5866666666666673
6.678184466019418,2.89,1.9599999999999995
6.679640776699029,3.02,1.6133333333333333
6.681097087378641,3.04,1.56
6.682189320388349,3.03,1.5866666666666673
6.683281553398058,3.1,1.4
6.684373786407766,3.08,1.4533333333333331
6.689106796116504,3.31,0.8399999999999999
6.690563106796117,3.27,0.9466666666666663
6.691655339805826,3.18,1.186666666666666
6.693111650485437,3.27,0.9466666666666663
6.694203883495145,3.3,0.8666666666666671
6.695296116504855,3.18,1.186666666666666
6.696752427184466,3.28,0.9200000000000008
6.697844660194175,3.21,1.106666666666667
6.698936893203883,3.06,1.5066666666666664
6.700029126213592,3.16,1.2399999999999998
6.701485436893203,3.32,0.8133333333333335
6.703669902912622,3.07,1.4800000000000004
6.705126213592234,2.93,1.853333333333333
6.706218446601943,3.22,1.0799999999999996
6.706218446601943,3.38,0.6533333333333333
6.70731067961165,3.14,1.293333333333333
6.709131067961165,3.26,0.9733333333333336
6.710223300970874,3.32,0.8133333333333335
6.711315533980582,3.3,0.8666666666666671
6.7124077669902915,3.33,0.7866666666666662
6.7124077669902915,3.35,0.7333333333333334
6.7135,3.22,1.0799999999999996
6.7135,3.26,0.9733333333333336
6.714592233009709,3.33,0.7866666666666662
6.714956310679612,3.27,0.9466666666666663
6.71604854368932,3.35,0.7333333333333334
6.717140776699029,3.18,1.186666666666666
6.71859708737864,3.23,1.0533333333333332
6.719689320388349,3.21,1.106666666666667
6.720781553398058,3.24,1.026666666666666
6.721873786407767,3.17,1.2133333333333334
6.723330097087379,3.21,1.106666666666667
6.724422330097088,3.21,1.106666666666667
6.725514563106795,3.4,0.6000000000000005
6.726970873786408,3.16,1.2399999999999998
6.728427184466019,3.24,1.026666666666666
6.7295194174757285,3.3,0.8666666666666671
6.730611650485437,3.24,1.026666666666666
6.731703883495146,3.22,1.0799999999999996
6.732796116504855,3.09,1.4266666666666672
6.734252427184466,3.29,0.8933333333333335
6.735344660194174,3.21,1.106666666666667
6.736436893203884,3.3,0.8666666666666671
6.737893203883495,3.17,1.2133333333333334
6.738985436893204,3.24,1.026666666666666
6.740077669902912,2.93,1.853333333333333
6.741533980582525,3.24,1.026666666666666
6.742626213592234,3.32,0.8133333333333335
6.7437184466019415,3.19,1.1600000000000001
6.7451747572815535,3.17,1.2133333333333334
6.746266990291263,3.18,1.186666666666666
6.747359223300972,3.19,1.1600000000000001
6.748815533980583,3.13,1.3200000000000003
6.749907766990291,3.19,1.1600000000000001
6.751,3.04,1.56
6.752391304347826,3.21,1.106666666666667
6.753434782608696,3.16,1.2399999999999998
6.754478260869566,3.05,1.5333333333333337
6.755869565217391,3.18,1.186666666666666
6.756913043478261,3.2,1.1333333333333329
6.75795652173913,3.15,1.266666666666667
6.759347826086957,3.06,1.5066666666666664
6.760391304347826,3.07,1.4800000000000004
6.761434782608696,3.14,1.293333333333333
6.761434782608696,3.14,1.293333333333333
6.762826086956522,3.06,1.5066666666666664
6.763521739130435,3.17,1.2133333333333334
6.763521739130435,3.17,1.2133333333333334
6.7642173913043475,3.27,0.9466666666666663
6.7642173913043475,3.27,0.9466666666666663
6.765260869565218,3.24,1.026666666666666
6.766304347826087,3.2,1.1333333333333329
6.767347826086957,3.2,1.1333333333333329
6.768391304347826,3.22,1.0799999999999996
6.769782608695652,3.12,1.3466666666666662
6.7708260869565216,3.14,1.293333333333333
6.771869565217392,3.23,1.0533333333333332
6.773260869565217,3.25,1.0
6.774304347826087,3.13,1.3200000000000003
6.775347826086956,3.63,-0.013333333333332753
6.780565217391304,3.16,1.2399999999999998
6.781608695652174,3.14,1.293333333333333
6.782652173913044,3.18,1.186666666666666
6.78404347826087,3.13,1.3200000000000003
6.785086956521739,3.09,1.4266666666666672
6.786130434782608,3.13,1.3200000000000003
6.787521739130434,2.93,1.853333333333333
6.788565217391304,3.21,1.106666666666667
6.7896086956521735,2.9,1.9333333333333336
6.790652173913043,3.12,1.3466666666666662
6.791666666666666,3.16,1.2399999999999998
6.792666666666666,2.78,2.253333333333334
6.7940000000000005,2.85,2.0666666666666664
6.795000000000001,3.17,1.2133333333333334
6.795999999999999,3.2,1.1333333333333329
6.7973333333333334,3.22,1.0799999999999996
6.798333333333334,3.24,1.026666666666666
6.799333333333334,3.36,0.706666666666667
6.803,3.25,1.0
6.804333333333333,3.31,0.8399999999999999
6.8053333333333335,3.32,0.8133333333333335
6.806333333333333,3.22,1.0799999999999996
6.808,3.32,0.8133333333333335
6.809,3.24,1.026666666666666
6.8100000000000005,3.23,1.0533333333333332
6.811333333333334,3.19,1.1600000000000001
6.812333333333333,3.2,1.1333333333333329
6.8133333333333335,3.22,1.0799999999999996
6.815,3.12,1.3466666666666662
6.816000000000001,3.19,1.1600000000000001
6.817333333333334,3.31,0.8399999999999999
6.818333333333333,3.34,0.7600000000000007
6.819333333333334,3.21,1.106666666666667
6.820333333333334,3.3,0.8666666666666671
6.822,3.25,1.0
6.823,3.36,0.706666666666667
6.824,2.99,1.693333333333333
6.825,3.16,1.2399999999999998
6.8260000000000005,3.42,0.5466666666666669
6.828,3.16,1.2399999999999998
6.829000000000001,3.24,1.026666666666666
6.829666666666667,3.25,1.0
6.8306666666666676,3.17,1.2133333333333334
6.831666666666667,3.24,1.026666666666666
6.832333333333334,3.11,1.3733333333333335
6.833333333333333,3.36,0.706666666666667
6.834333333333333,3.18,1.186666666666666
6.835333333333334,3.29,0.8933333333333335
6.836333333333334,3.2,1.1333333333333329
6.8373333333333335,3.17,1.2133333333333334
6.838000000000001,3.19,1.1600000000000001
6.839,3.2,1.1333333333333329
6.840000000000001,3.05,1.5333333333333337
6.841000000000001,3.11,1.3733333333333335
6.8420000000000005,3.26,0.9733333333333336
6.842666666666667,3.35,0.7333333333333334
6.843666666666667,2.94,1.8266666666666667
6.844666666666667,3.19,1.1600000000000001
6.846,3.12,1.3466666666666662
6.8470270270270275,3.19,1.1600000000000001
6.848310810810811,3.14,1.293333333333333
6.8493378378378384,3.19,1.1600000000000001
6.850364864864865,3.18,1.186666666666666
6.851648648648649,3.28,0.9200000000000008
6.852675675675676,3.14,1.293333333333333
6.853702702702703,3.2,1.1333333333333329
6.854986486486487,3.37,0.6799999999999997
6.856013513513514,3.29,0.8933333333333335
6.856783783783785,3.27,0.9466666666666663
6.857810810810811,3.26,0.9733333333333336
6.858581081081081,3.26,0.9733333333333336
6.859351351351352,3.3,0.8666666666666671
6.860378378378378,3.26,0.9733333333333336
6.860891891891892,3.32,0.8133333333333335
6.861405405405406,3.38,0.6533333333333333
6.862175675675676,3.26,0.9733333333333336
6.862945945945946,3.37,0.6799999999999997
6.863972972972974,3.39,0.626666666666666
6.864486486486487,3.21,1.106666666666667
6.865256756756756,3.28,0.9200000000000008
6.866027027027027,3.26,0.9733333333333336
6.866283783783785,3.17,1.2133333333333334
6.866540540540541,3.31,0.8399999999999999
6.867054054054055,3.19,1.1600000000000001
6.867310810810811,3.2,1.1333333333333329
6.867824324324324,3.18,1.186666666666666
6.867824324324324,3.27,0.9466666666666663
6.868851351351352,3.15,1.266666666666667
6.869621621621622,3.16,1.2399999999999998
6.8703918918918925,3.07,1.4800000000000004
6.871418918918919,3.14,1.293333333333333
6.872189189189189,3.22,1.0799999999999996
6.87295945945946,3.15,1.266666666666667
6.873986486486486,3.12,1.3466666666666662
6.8745,3.13,1.3200000000000003
6.875270270270271,3.04,1.56
6.876554054054055,3.14,1.293333333333333
6.8773243243243245,3.11,1.3733333333333335
6.878094594594595,3.14,1.293333333333333
6.879121621621622,3.1,1.4
6.8798918918918925,3.11,1.3733333333333335
6.880662162162163,3.13,1.3200000000000003
6.881689189189189,3.19,1.1600000000000001
6.88245945945946,3.14,1.293333333333333
6.88322972972973,3.07,1.4800000000000004
6.884224358974359,3.19,1.1600000000000001
6.884897435897436,3.17,1.2133333333333334
6.885570512820513,3.16,1.2399999999999998
6.886467948717948,3.2,1.1333333333333329
6.887141025641026,3.25,1.0
6.887814102564103,2.89,1.9599999999999995
6.888711538461539,3.29,0.8933333333333335
6.889384615384616,3.21,1.106666666666667
6.890057692307692,3.19,1.1600000000000001
6.890955128205128,3.23,1.0533333333333332
6.891628205128205,3.22,1.0799999999999996
6.892301282051283,3.24,1.026666666666666
6.892974358974359,3.2,1.1333333333333329
6.893871794871795,3.23,1.0533333333333332
6.894544871794872,3.26,0.9733333333333336
6.895442307692307,3.23,1.0533333333333332
6.895891025641026,3.16,1.2399999999999998
6.896788461538462,3.15,1.266666666666667
6.897685897435897,3.13,1.3200000000000003
6.898358974358974,3.2,1.1333333333333329
6.899032051282051,3.03,1.5866666666666673
6.899929487179487,3.15,1.266666666666667
6.900153846153846,3.18,1.186666666666666
6.900602564102564,3.22,1.0799999999999996
6.901051282051282,3.09,1.4266666666666672
6.901724358974358,3.39,0.626666666666666
6.902397435897436,3.26,0.9733333333333336
6.903294871794872,3.15,1.266666666666667
6.9037435897435895,3.04,1.56
6.904641025641025,3.06,1.5066666666666664
6.905538461538462,3.49,0.35999999999999943
6.905987179487179,3.09,1.4266666666666672
6.906884615384615,3.21,1.106666666666667
6.907782051282051,3.1,1.4
6.9082307692307685,3.14,1.293333333333333
6.908903846153845,3.18,1.186666666666666
6.910025641025641,3.22,1.0799999999999996
6.910698717948717,3.21,1.106666666666667
6.911371794871795,3.1,1.4
6.912269230769231,3.22,1.0799999999999996
6.912942307692307,3.21,1.106666666666667
6.913615384615384,3.19,1.1600000000000001
6.91451282051282,3.29,0.8933333333333335
6.915185897435896,3.18,1.186666666666666
6.915858974358974,3.14,1.293333333333333
6.91675641025641,3.2,1.1333333333333329
6.917429487179487,3.15,1.266666666666667
6.918102564102563,3.26,0.9733333333333336
6.919,3.02,1.6133333333333333
6.919926470588235,3.19,1.1600000000000001
6.92085294117647,3.21,1.106666666666667
6.922088235294117,3.1,1.4
6.923014705882353,3.16,1.2399999999999998
6.923941176470588,3.12,1.3466666666666662
6.925176470588235,3.12,1.3466666666666662
6.92610294117647,3.27,0.9466666666666663
6.927029411764705,3.22,1.0799999999999996
6.927955882352941,3.25,1.0
6.929191176470588,3.32,0.8133333333333335
6.930117647058823,3.22,1.0799999999999996
6.9313529411764705,3.2,1.1333333333333329
6.932279411764706,3.15,1.266666666666667
6.934441176470588,3.18,1.186666666666666
6.935367647058824,3.09,1.4266666666666672
6.936294117647059,3.16,1.2399999999999998
6.9375294117647055,2.96,1.7733333333333334
6.93814705882353,3.0,1.6666666666666665
6.939073529411765,3.22,1.0799999999999996
6.94,3.22,1.0799999999999996
6.940617647058823,3.31,0.8399999999999999
6.941544117647059,3.17,1.2133333333333334
6.942470588235294,3.22,1.0799999999999996
6.9437058823529405,3.23,1.0533333333333332
6.944632352941176,3.2,1.1333333333333329
6.945558823529412,3.26,0.9733333333333336
6.94679411764706,3.15,1.266666666666667
6.947720588235295,3.14,1.293333333333333
6.948647058823529,3.14,1.293333333333333
6.949882352941177,3.18,1.186666666666666
6.9505,3.26,0.9733333333333336
6.951426470588236,3.16,1.2399999999999998
6.952970588235295,3.24,1.026666666666666
6.95389705882353,3.09,1.4266666666666672
6.954823529411765,2.93,1.853333333333333
6.956058823529412,3.07,1.4800000000000004
6.957911764705883,3.13,1.3200000000000003
6.95914705882353,2.9,1.9333333333333336
6.960073529411765,2.7,2.4666666666666663
6.961,2.9,1.9333333333333336
6.962250000000001,2.84,2.0933333333333337
6.963187500000001,2.73,2.3866666666666667
6.964125,2.8,2.2000000000000006
6.965375000000001,2.99,1.693333333333333
6.966312500000001,2.95,1.7999999999999994
6.967250000000001,3.0,1.6666666666666665
6.968500000000001,3.05,1.5333333333333337
6.969437500000001,2.96,1.7733333333333334
6.9716249999999995,3.15,1.266666666666667
6.9725624999999996,2.95,1.7999999999999994
6.9735,3.22,1.0799999999999996
6.9744375,3.29,0.8933333333333335
6.976,3.28,0.9200000000000008
6.9769375,3.28,0.9200000000000008
6.977875,3.26,0.9733333333333336
6.9788125,3.14,1.293333333333333
6.979749999999999,3.14,1.293333333333333
6.981,2.98,1.7200000000000002
6.9828,3.02,1.6133333333333333
6.9846,3.02,1.6133333333333333
6.986999999999999,3.07,1.4800000000000004
6.9887999999999995,3.15,1.266666666666667
6.9906,2.98,1.7200000000000002
6.9918000000000005,3.02,1.6133333333333333
6.993599999999999,2.97,1.7466666666666661
6.995399999999998,2.96,1.7733333333333334
6.9978,3.13,1.3200000000000003
6.9996,3.03,1.5866666666666673
7.0014,2.94,1.8266666666666667
7.003799999999999,3.07,1.4800000000000004
7.005599999999999,3.05,1.5333333333333337
7.0074,3.19,1.1600000000000001
7.009799999999999,3.11,1.3733333333333335
7.0116,3.07,1.4800000000000004
7.013399999999999,3.17,1.2133333333333334
7.015199999999999,3.3,0.8666666666666671
7.0169999999999995,3.19,1.1600000000000001
7.0188,3.16,1.2399999999999998
7.0206,3.29,0.8933333333333335
7.022399999999999,3.17,1.2133333333333334
7.0241999999999996,3.13,1.3200000000000003
7.026,3.12,1.3466666666666662
7.0278,3.08,1.4533333333333331
7.0296,2.79,2.2266666666666666
7.031999999999999,2.99,1.693333333333333
7.033799999999999,2.87,2.013333333333333
7.035,2.73,2.3866666666666667
7.03668,3.06,1.5066666666666664
7.03794,2.93,1.853333333333333
7.0392,3.15,1.266666666666667
7.04088,3.02,1.6133333333333333
7.04214,3.03,1.5866666666666673
7.043399999999999,2.98,1.7200000000000002
7.0446599999999995,3.07,1.4800000000000004
7.046339999999999,3.07,1.4800000000000004
7.047599999999999,3.01,1.6400000000000006
7.0488599999999995,3.1,1.4
7.05012,3.1,1.4
7.051379999999999,2.99,1.693333333333333
7.053059999999999,3.0,1.6666666666666665
7.054319999999999,2.91,1.9066666666666663
7.056,3.05,1.5333333333333337
7.0576799999999995,3.04,1.56
7.059359999999999,3.02,1.6133333333333333
7.060619999999999,3.23,1.0533333333333332
7.06272,3.24,1.026666666666666
7.06398,3.23,1.0533333333333332
7.065659999999999,3.27,0.9466666666666663
7.067339999999999,2.97,1.7466666666666661
7.068599999999999,3.28,0.9200000000000008
7.069859999999999,3.06,1.5066666666666664
7.071539999999999,3.1,1.4
7.072799999999999,2.95,1.7999999999999994
7.074059999999999,2.94,1.8266666666666667
7.07574,2.77,2.28
7.077,2.84,2.0933333333333337
7.079280991735536,2.69,2.4933333333333336
7.080421487603305,3.0,1.6666666666666665
7.081561983471073,3.05,1.5333333333333337
7.0830826446280994,2.79,2.2266666666666666
7.084223140495868,2.83,2.1199999999999997
7.086884297520661,2.85,2.0666666666666664
7.087644628099174,3.11,1.3733333333333335
7.088785123966941,2.94,1.8266666666666667
7.090305785123967,3.11,1.3733333333333335
7.091446280991736,3.39,0.626666666666666
7.092586776859505,3.28,0.9200000000000008
7.094107438016529,3.32,0.8133333333333335
7.0952479338842975,3.07,1.4800000000000004
7.096388429752066,3.29,0.8933333333333335
7.097528925619835,3.18,1.186666666666666
7.098669421487603,3.19,1.1600000000000001
7.099809917355373,3.19,1.1600000000000001
7.101330578512397,3.14,1.293333333333333
7.102471074380166,3.23,1.0533333333333332
7.104371900826447,3.14,1.293333333333333
7.105512396694215,3.19,1.1600000000000001
7.107413223140496,3.1,1.4
7.108173553719008,3.14,1.293333333333333
7.109314049586778,3.03,1.5866666666666673
7.110454545454546,3.09,1.4266666666666672
7.111214876033058,3.04,1.56
7.111975206611571,3.09,1.4266666666666672
7.113115702479339,2.99,1.693333333333333
7.113876033057852,3.04,1.56
7.11501652892562,3.05,1.5333333333333337
7.116917355371901,2.98,1.7200000000000002
7.118438016528925,3.02,1.6133333333333333
7.119578512396695,3.14,1.293333333333333
7.121479338842976,3.04,1.56
7.123,2.75,2.3333333333333335
7.124320388349515,2.91,1.9066666666666663
7.12564077669903,2.99,1.693333333333333
7.126961165048544,2.92,1.8800000000000003
7.128281553398058,2.86,2.0400000000000005
7.129932038834952,2.93,1.853333333333333
7.130922330097087,2.97,1.7466666666666661
7.132242718446602,3.15,1.266666666666667
7.1338932038834955,2.93,1.853333333333333
7.1348834951456315,3.23,1.0533333333333332
7.136203883495146,3.18,1.186666666666666
7.1378543689320395,3.29,0.8933333333333335
7.1388446601941755,3.18,1.186666666666666
7.14016504854369,3.2,1.1333333333333329
7.1418155339805836,2.95,1.7999999999999994
7.143135922330098,3.09,1.4266666666666672
7.144126213592234,3.09,1.4266666666666672
7.145776699029126,2.92,1.8800000000000003
7.147097087378642,3.02,1.6133333333333333
7.148087378640778,2.92,1.8800000000000003
7.14973786407767,2.7,2.4666666666666663
7.151058252427184,2.89,1.9599999999999995
7.1523786407767,2.81,2.1733333333333333
7.153699029126214,3.01,1.6400000000000006
7.15468932038835,2.92,1.8800000000000003
7.155679611650486,2.92,1.8800000000000003
7.157,3.14,1.293333333333333
7.158090909090909,3.15,1.266666666666667
7.1591818181818185,3.06,1.5066666666666664
7.160636363636363,3.12,1.3466666666666662
7.161727272727273,2.9,1.9333333333333336
7.1628181818181815,2.93,1.853333333333333
7.164272727272728,3.21,1.106666666666667
7.165363636363637,2.89,1.9599999999999995
7.166454545454546,2.71,2.44
7.167909090909091,3.03,1.5866666666666673
7.1690000000000005,2.78,2.253333333333334
7.170090909090909,2.81,2.1733333333333333
7.171545454545455,2.87,2.013333333333333
7.1726363636363635,2.88,1.9866666666666668
7.173727272727272,3.11,1.3733333333333335
7.175181818181818,2.83,2.1199999999999997
7.176272727272727,3.09,1.4266666666666672
7.177363636363636,3.15,1.266666666666667
7.1788181818181815,3.13,1.3200000000000003
7.17990909090909,3.25,1.0
7.180999999999999,3.25,1.0
7.182818181818182,3.22,1.0799999999999996
7.1842727272727265,3.15,1.266666666666667
7.185363636363636,3.41,0.5733333333333333
7.186454545454545,2.98,1.7200000000000002
7.18790909090909,3.25,1.0
7.188999999999999,2.88,1.9866666666666668
7.190454545454545,2.92,1.8800000000000003
7.191909090909091,3.03,1.5866666666666673
7.193,2.98,1.7200000000000002
7.1950206185567005,2.79,2.2266666666666666
7.196536082474226,3.05,1.5333333333333337
7.198556701030927,3.1,1.4
7.200577319587629,3.0,1.6666666666666665
7.2020927835051545,3.06,1.5066666666666664
7.204113402061855,3.07,1.4800000000000004
7.2056288659793815,3.0,1.6666666666666665
7.207144329896907,3.09,1.4266666666666672
7.208659793814433,3.1,1.4
7.210680412371134,3.05,1.5333333333333337
7.213711340206185,3.16,1.2399999999999998
7.215731958762886,3.03,1.5866666666666673
7.217247422680412,3.21,1.106666666666667
7.218762886597937,3.21,1.106666666666667
7.220278350515463,3.23,1.0533333333333332
7.221793814432989,3.19,1.1600000000000001
7.2233092783505155,3.25,1.0
7.2253298969072155,3.08,1.4533333333333331
7.226845360824742,3.22,1.0799999999999996
7.228360824742268,3.31,0.8399999999999999
7.2303814432989695,3.18,1.186666666666666
7.231896907216496,2.89,1.9599999999999995
7.232907216494845,3.15,1.266666666666667
7.234927835051545,2.94,1.8266666666666667
7.2359381443298965,3.14,1.293333333333333
7.236443298969071,2.96,1.7733333333333334
7.237453608247423,2.96,1.7733333333333334
7.237958762886597,3.06,1.5066666666666664
7.238969072164949,3.04,1.56
7.239979381443299,2.92,1.8800000000000003
7.240484536082474,3.01,1.6400000000000006
7.242,2.84,2.0933333333333337
7.2439663865546216,2.96,1.7733333333333334
7.2452773109243696,2.93,1.853333333333333
7.246260504201681,3.15,1.266666666666667
7.247243697478991,2.96,1.7733333333333334
7.248226890756302,3.04,1.56
7.2492100840336136,2.85,2.0666666666666664
7.249865546218488,3.04,1.56
7.250848739495798,3.15,1.266666666666667
7.25183193277311,2.99,1.693333333333333
7.252815126050421,3.15,1.266666666666667
7.25379831932773,3.17,1.2133333333333334
7.255109243697479,3.05,1.5333333333333337
7.256420168067227,3.25,1.0
7.2574033613445375,3.12,1.3466666666666662
7.258386554621849,2.99,1.693333333333333
7.25936974789916,3.26,0.9733333333333336
7.261663865546218,3.09,1.4266666666666672
7.2626470588235295,3.03,1.5866666666666673
7.26363025210084,3.21,1.106666666666667
7.264941176470588,3.16,1.2399999999999998
7.265596638655462,3.19,1.1600000000000001
7.266579831932773,2.94,1.8266666666666667
7.2692016806722695,3.13,1.3200000000000003
7.270184873949579,3.21,1.106666666666667
7.271495798319328,3.03,1.5866666666666673
7.272478991596639,3.01,1.6400000000000006
7.273462184873949,3.22,1.0799999999999996
7.274773109243697,3.01,1.6400000000000006
7.275756302521009,3.02,1.6133333333333333
7.276739495798319,3.01,1.6400000000000006
7.278050420168067,2.88,1.9866666666666668
7.279033613445378,2.88,1.9866666666666668
7.2800168067226885,2.93,1.853333333333333
7.281,2.86,2.0400000000000005
7.282971153846154,2.94,1.8266666666666667
7.284153846153846,2.95,1.7999999999999994
7.2853365384615385,2.93,1.853333333333333
7.2865192307692315,3.13,1.3200000000000003
7.287701923076923,2.99,1.693333333333333
7.289278846153846,2.94,1.8266666666666667
7.290461538461539,3.16,1.2399999999999998
7.291644230769231,3.23,1.0533333333333332
7.2932211538461535,3.18,1.186666666666666
7.2944038461538465,3.2,1.1333333333333329
7.295586538461539,3.21,1.106666666666667
7.297163461538461,3.09,1.4266666666666672
7.298346153846154,3.06,1.5066666666666664
7.299528846153846,3.27,0.9466666666666663
7.301105769230769,3.02,1.6133333333333333
7.302288461538462,3.26,0.9733333333333336
7.303471153846154,3.27,0.9466666666666663
7.305048076923078,3.06,1.5066666666666664
7.30623076923077,3.12,1.3466666666666662
7.307413461538461,3.04,1.56
7.308990384615385,3.24,1.026666666666666
7.309384615384616,3.07,1.4800000000000004
7.31135576923077,3.15,1.266666666666667
7.312932692307693,2.88,1.9866666666666668
7.314115384615385,3.05,1.5333333333333337
7.315298076923077,3.02,1.6133333333333333
7.3168750000000005,2.95,1.7999999999999994
7.3180576923076925,2.87,2.013333333333333
7.319240384615385,2.91,1.9066666666666663
7.320817307692308,2.71,2.44
7.322,2.9,1.9333333333333336
7.324330097087379,2.84,2.0933333333333337
7.325883495145632,2.91,1.9066666666666663
7.327048543689321,2.81,2.1733333333333333
7.328601941747573,2.76,2.306666666666667
7.3297669902912626,2.95,1.7999999999999994
7.330932038834952,3.06,1.5066666666666664
7.332485436893204,3.18,1.186666666666666
7.333650485436894,3.26,0.9733333333333336
7.334815533980583,3.17,1.2133333333333334
7.336368932038835,3.08,1.4533333333333331
7.337533980582524,3.22,1.0799999999999996
7.3386990291262135,3.14,1.293333333333333
7.34064077669903,3.16,1.2399999999999998
7.341417475728155,3.22,1.0799999999999996
7.342582524271845,3.18,1.186666666666666
7.34452427184466,2.91,1.9066666666666663
7.3453009708737875,3.12,1.3466666666666662
7.346466019417476,3.22,1.0799999999999996
7.348407766990292,2.94,1.8266666666666667
7.349572815533981,3.18,1.186666666666666
7.3511262135922335,3.18,1.186666666666666
7.352291262135922,3.03,1.5866666666666673
7.353456310679611,3.07,1.4800000000000004
7.355398058252428,3.07,1.4800000000000004
7.356563106796117,2.85,2.0666666666666664
7.357728155339807,3.15,1.266666666666667
7.358893203883496,2.99,1.693333333333333
7.360834951456311,2.86,2.0400000000000005
7.362,2.98,1.7200000000000002
7.363226086956522,2.95,1.7999999999999994
7.364860869565218,2.83,2.1199999999999997
7.366086956521739,2.93,1.853333333333333
7.36731304347826,2.86,2.0400000000000005
7.368539130434782,2.92,1.8800000000000003
7.370173913043479,3.02,1.6133333333333333
7.3714,3.09,1.4266666666666672
7.372626086956522,2.99,1.693333333333333
7.37344347826087,2.87,2.013333333333333
7.374669565217391,2.98,1.7200000000000002
7.376304347826086,3.26,0.9733333333333336
7.377530434782608,3.14,1.293333333333333
7.378347826086957,3.12,1.3466666666666662
7.379982608695652,3.15,1.266666666666667
7.381208695652174,3.24,1.026666666666666
7.382434782608695,3.2,1.1333333333333329
7.383252173913044,3.23,1.0533333333333332
7.384886956521739,3.24,1.026666666666666
7.386113043478261,3.19,1.1600000000000001
7.387747826086956,3.0,1.6666666666666665
7.388973913043478,3.2,1.1333333333333329
7.389791304347826,2.97,1.7466666666666661
7.391834782608696,3.21,1.106666666666667
7.393060869565218,3.1,1.4
7.394286956521739,3.07,1.4800000000000004
7.395921739130435,2.99,1.693333333333333
7.3971478260869565,3.04,1.56
7.3983739130434785,3.03,1.5866666666666673
7.400417391304347,3.02,1.6133333333333333
7.401234782608696,2.61,2.706666666666667
7.402460869565218,2.98,1.7200000000000002
7.40368695652174,3.06,1.5066666666666664
7.404913043478261,2.94,1.8266666666666667
7.406139130434783,3.0,1.6666666666666665
7.407773913043478,2.98,1.7200000000000002
7.409,2.99,1.693333333333333
7.4102,3.0,1.6666666666666665
7.4117999999999995,2.76,2.306666666666667
7.412999999999999,3.08,1.4533333333333331
7.414199999999999,3.14,1.293333333333333
7.4158,3.28,0.9200000000000008
7.416999999999999,3.3,0.8666666666666671
7.4182,3.22,1.0799999999999996
7.4193999999999996,3.28,0.9200000000000008
7.420599999999999,3.38,0.6533333333333333
7.421799999999999,3.37,0.6799999999999997
7.4234,3.1,1.4
7.4246,3.25,1.0
7.4258,3.19,1.1600000000000001
7.4274,3.11,1.3733333333333335
7.428999999999999,3.01,1.6400000000000006
7.430199999999999,2.97,1.7466666666666661
7.431399999999999,3.1,1.4
7.4322,2.92,1.8800000000000003
7.4334,3.02,1.6133333333333333
7.435,2.8,2.2000000000000006
7.4364042553191485,2.89,1.9599999999999995
7.437808510638297,2.88,1.9866666666666668
7.439680851063829,2.83,2.1199999999999997
7.441085106382978,3.05,1.5333333333333337
7.442489361702127,2.98,1.7200000000000002
7.443893617021276,3.03,1.5866666666666673
7.4476382978723406,3.1,1.4
7.449042553191489,3.11,1.3733333333333335
7.450914893617021,2.96,1.7733333333333334
7.45231914893617,3.07,1.4800000000000004
7.453723404255319,3.12,1.3466666666666662
7.455595744680851,3.2,1.1333333333333329
7.457,3.07,1.4800000000000004
7.458404255319149,3.22,1.0799999999999996
7.460276595744681,3.21,1.106666666666667
7.4616808510638295,3.09,1.4266666666666672
7.463085106382978,3.35,0.7333333333333334
7.46495744680851,3.25,1.0
7.466361702127659,3.29,0.8933333333333335
7.467765957446808,3.01,1.6400000000000006
7.469638297872341,2.8,2.2000000000000006
7.47104255319149,2.91,1.9066666666666663
7.472446808510638,3.02,1.6133333333333333
7.47431914893617,2.89,1.9599999999999995
7.475723404255319,3.11,1.3733333333333335
7.477127659574468,2.88,1.9866666666666668
7.479,2.78,2.253333333333334
7.483351351351351,2.95,1.7999999999999994
7.485216216216216,3.1,1.4
7.487702702702702,2.98,1.7200000000000002
7.489567567567567,2.91,1.9066666666666663
7.491432432432432,2.88,1.9866666666666668
7.4939189189189195,3.15,1.266666666666667
7.495783783783784,3.21,1.106666666666667
7.497648648648649,3.19,1.1600000000000001
7.500135135135135,3.14,1.293333333333333
7.502000000000001,2.72,2.4133333333333327
7.503864864864865,3.08,1.4533333333333331
7.506351351351351,3.09,1.4266666666666672
7.510081081081081,3.17,1.2133333333333334
7.511945945945946,2.91,1.9066666666666663
7.514432432432432,3.09,1.4266666666666672
7.516297297297297,3.16,1.2399999999999998
7.518783783783783,2.83,2.1199999999999997
7.520648648648648,3.08,1.4533333333333331
7.522513513513513,2.98,1.7200000000000002
7.525,2.86,2.0400000000000005
7.52646511627907,2.96,1.7733333333333334
7.52793023255814,3.05,1.5333333333333337
7.529883720930233,2.93,1.853333333333333
7.531348837209302,3.04,1.56
7.532813953488373,3.07,1.4800000000000004
7.534767441860465,2.92,1.8800000000000003
7.536232558139535,3.11,1.3733333333333335
7.537697674418605,2.97,1.7466666666666661
7.539162790697675,3.39,0.626666666666666
7.541116279069767,3.02,1.6133333333333333
7.542581395348837,3.24,1.026666666666666
7.54453488372093,3.18,1.186666666666666
7.545999999999999,3.13,1.3200000000000003
7.54746511627907,3.12,1.3466666666666662
7.549418604651163,3.21,1.106666666666667
7.5508837209302335,3.23,1.0533333333333332
7.552348837209303,3.13,1.3200000000000003
7.5543023255813955,2.99,1.693333333333333
7.555767441860466,3.01,1.6400000000000006
7.557232558139535,3.18,1.186666666666666
7.558697674418605,3.14,1.293333333333333
7.560162790697675,3.15,1.266666666666667
7.562116279069768,3.13,1.3200000000000003
7.563581395348837,2.86,2.0400000000000005
7.565046511627908,3.0,1.6666666666666665
7.567,2.99,1.693333333333333
7.56874,3.22,1.0799999999999996
7.57048,2.85,2.0666666666666664
7.5728,3.13,1.3200000000000003
7.57454,3.13,1.3200000000000003
7.57628,3.16,1.2399999999999998
7.578600000000002,3.21,1.106666666666667
7.57976,3.1,1.4
7.5815,3.23,1.0533333333333332
7.5844000000000005,3.25,1.0
7.586140000000001,3.14,1.293333333333333
7.587880000000001,3.13,1.3200000000000003
7.5902,2.94,1.8266666666666667
7.59194,2.68,2.5199999999999996
7.593680000000001,3.01,1.6400000000000006
7.596,3.07,1.4800000000000004
7.597068493150685,3.01,1.6400000000000006
7.59813698630137,2.98,1.7200000000000002
7.599561643835616,2.95,1.7999999999999994
7.600630136986301,2.93,1.853333333333333
7.601698630136986,2.77,2.28
7.603123287671234,2.93,1.853333333333333
7.604191780821918,2.99,1.693333333333333
7.605260273972602,3.01,1.6400000000000006
7.60668493150685,2.84,2.0933333333333337
7.607753424657535,3.11,1.3733333333333335
7.6088219178082195,3.06,1.5066666666666664
7.610602739726027,3.31,0.8399999999999999
7.612027397260275,3.31,0.8399999999999999
7.613452054794521,3.24,1.026666666666666
7.615232876712328,3.2,1.1333333333333329
7.616657534246576,3.23,1.0533333333333332
7.618082191780822,3.24,1.026666666666666
7.61986301369863,3.31,0.8399999999999999
7.621287671232877,3.41,0.5733333333333333
7.622712328767123,3.06,1.5066666666666664
7.624849315068493,3.23,1.0533333333333332
7.625561643835616,3.39,0.626666666666666
7.626273972602739,3.3,0.8666666666666671
7.626630136986302,3.24,1.026666666666666
7.627342465753424,3.02,1.6133333333333333
7.628054794520548,3.25,1.0
7.629479452054794,3.21,1.106666666666667
7.629835616438356,3.18,1.186666666666666
7.630547945205479,3.13,1.3200000000000003
7.630547945205479,3.25,1.0
7.631616438356164,3.2,1.1333333333333329
7.631972602739725,3.24,1.026666666666666
7.632684931506849,3.2,1.1333333333333329
7.633753424657534,3.23,1.0533333333333332
7.63517808219178,3.36,0.706666666666667
7.636246575342465,3.07,1.4800000000000004
7.63731506849315,3.03,1.5866666666666673
7.6387397260273975,3.03,1.5866666666666673
7.639808219178082,2.87,2.013333333333333
7.640876712328766,3.03,1.5866666666666673
7.642301369863014,3.08,1.4533333333333331
7.643369863013699,3.17,1.2133333333333334
7.644438356164383,2.78,2.253333333333334
7.64586301369863,3.0,1.6666666666666665
7.646931506849315,2.96,1.7733333333333334
7.648,3.09,1.4266666666666672
7.649894736842104,3.08,1.4533333333333331
7.651315789473684,3.13,1.3200000000000003
7.652736842105263,2.95,1.7999999999999994
7.654631578947368,3.32,0.8133333333333335
7.656052631578946,3.3,0.8666666666666671
7.657473684210526,3.12,1.3466666666666662
7.658421052631579,3.38,0.6533333333333333
7.660789473684211,3.47,0.4133333333333331
7.661736842105262,3.38,0.6533333333333333
7.663157894736842,3.21,1.106666666666667
7.6655263157894735,3.2,1.1333333333333329
7.666947368421053,3.27,0.9466666666666663
7.668842105263158,3.1,1.4
7.670263157894737,3.37,0.6799999999999997
7.671684210526315,3.26,0.9733333333333336
7.673578947368421,3.26,0.9733333333333336
7.675,3.33,0.7866666666666662
7.676421052631579,3.32,0.8133333333333335
7.678315789473684,3.15,1.266666666666667
7.679736842105263,3.26,0.9733333333333336
7.681157894736842,3.2,1.1333333333333329
7.683052631578948,3.15,1.266666666666667
7.684473684210527,3.2,1.1333333333333329
7.685894736842105,3.17,1.2133333333333334
7.68921052631579,3.0,1.6666666666666665
7.690631578947369,3.13,1.3200000000000003
7.694894736842106,3.58,0.1200000000000001
7.695842105263158,3.43,0.5199999999999996
7.697263157894737,3.26,0.9733333333333336
7.698684210526316,3.25,1.0
7.700105263157895,3.42,0.5466666666666669
7.702,3.44,0.4933333333333332
7.702965346534653,3.09,1.4266666666666672
7.703930693069307,3.4,0.6000000000000005
7.7052178217821785,3.42,0.5466666666666669
7.706183168316833,3.4,0.6000000000000005
7.707148514851485,3.38,0.6533333333333333
7.70940099009901,3.26,0.9733333333333336
7.710366336633664,3.05,1.5333333333333337
7.711653465346535,3.2,1.1333333333333329
7.712618811881189,3.16,1.2399999999999998
7.713584158415842,3.31,0.8399999999999999
7.714871287128713,3.28,0.9200000000000008
7.715836633663367,3.26,0.9733333333333336
7.71680198019802,3.18,1.186666666666666
7.718089108910891,3.38,0.6533333333333333
7.718732673267327,3.31,0.8399999999999999
7.719698019801981,3.2,1.1333333333333329
7.720663366336634,3.23,1.0533333333333332
7.722272277227724,3.26,0.9733333333333336
7.723237623762376,3.18,1.186666666666666
7.724524752475248,3.2,1.1333333333333329
7.725490099009901,3.17,1.2133333333333334
7.726455445544555,3.19,1.1600000000000001
7.727742574257426,3.21,1.106666666666667
7.72870792079208,3.09,1.4266666666666672
7.729673267326733,3.23,1.0533333333333332
7.730960396039604,3.04,1.56
7.731925742574258,3.3,0.8666666666666671
7.732891089108911,3.61,0.040000000000000036
7.734178217821782,3.18,1.186666666666666
7.735143564356435,3.27,0.9466666666666663
7.736108910891089,3.22,1.0799999999999996
7.737396039603961,3.16,1.2399999999999998
7.738361386138615,3.08,1.4533333333333331
7.739326732673267,3.04,1.56
7.740613861386139,3.12,1.3466666666666662
7.741579207920792,3.17,1.2133333333333334
7.7425445544554465,3.39,0.626666666666666
7.743831683168318,3.21,1.106666666666667
7.745440594059406,3.22,1.0799999999999996
7.746084158415842,3.1,1.4
7.747049504950495,3.28,0.9200000000000008
7.748014851485149,3.23,1.0533333333333332
7.748980198019802,3.17,1.2133333333333334
7.750267326732673,3.23,1.0533333333333332
7.751232673267327,3.21,1.106666666666667
7.75219801980198,3.19,1.1600000000000001
7.753485148514852,3.04,1.56
7.754450495049506,3.25,1.0
7.755415841584158,3.2,1.1333333333333329
7.75670297029703,3.38,0.6533333333333333
7.757668316831683,3.34,0.7600000000000007
7.7586336633663375,3.26,0.9733333333333336
7.759920792079209,3.18,1.186666666666666
7.760886138613862,3.21,1.106666666666667
7.761851485148515,3.14,1.293333333333333
7.763138613861386,3.07,1.4800000000000004
7.76410396039604,3.15,1.266666666666667
7.765069306930694,3.11,1.3733333333333335
7.767,3.13,1.3200000000000003
7.773,3.06,1.5066666666666664
7.777285714285715,3.32,0.8133333333333335
7.7815714285714295,3.44,0.4933333333333332
7.784571428571429,3.29,0.8933333333333335
7.785857142857143,3.34,0.7600000000000007
7.788857142857143,3.18,1.186666666666666
7.7901428571428575,3.22,1.0799999999999996
7.791857142857144,2.97,1.7466666666666661
7.7931428571428585,3.09,1.4266666666666672
7.794428571428571,3.33,0.7866666666666662
7.796142857142858,3.19,1.1600000000000001
7.797428571428572,3.16,1.2399999999999998
7.798714285714286,2.94,1.8266666666666667
7.800428571428572,3.06,1.5066666666666664
7.802571428571429,3.09,1.4266666666666672
7.803428571428571,3.15,1.266666666666667
7.804714285714286,3.14,1.293333333333333
7.806,3.08,1.4533333333333331
7.807285714285714,3.11,1.3733333333333335
7.809,3.07,1.4800000000000004
7.810105263157895,3.19,1.1600000000000001
7.81121052631579,3.24,1.026666666666666
7.812684210526316,3.18,1.186666666666666
7.813789473684212,3.12,1.3466666666666662
7.814894736842105,3.06,1.5066666666666664
7.8163684210526325,3.37,0.6799999999999997
7.817473684210527,3.49,0.35999999999999943
7.8185789473684215,3.36,0.706666666666667
7.820052631578948,3.4,0.6000000000000005
7.821157894736842,3.37,0.6799999999999997
7.822263157894737,3.27,0.9466666666666663
7.823736842105263,3.28,0.9200000000000008
7.824842105263158,3.28,0.9200000000000008
7.825947368421053,3.32,0.8133333333333335
7.827421052631578,3.38,0.6533333333333333
7.828526315789474,3.33,0.7866666666666662
7.829631578947368,2.99,1.693333333333333
7.8311052631578955,3.2,1.1333333333333329
7.83221052631579,3.26,0.9733333333333336
7.833315789473684,3.02,1.6133333333333333
7.834789473684211,3.27,0.9466666666666663
7.835894736842105,3.29,0.8933333333333335
7.837000000000001,3.43,0.5199999999999996
7.838473684210526,3.19,1.1600000000000001
7.839578947368421,3.28,0.9200000000000008
7.840684210526316,3.28,0.9200000000000008
7.842157894736842,3.33,0.7866666666666662
7.843263157894737,3.23,1.0533333333333332
7.844368421052631,3.27,0.9466666666666663
7.8458421052631575,3.26,0.9733333333333336
7.846947368421052,3.26,0.9733333333333336
7.8480526315789465,3.31,0.8399999999999999
7.849526315789474,3.42,0.5466666666666669
7.850631578947369,3.16,1.2399999999999998
7.851736842105263,3.16,1.2399999999999998
7.853210526315789,3.15,1.266666666666667
7.854315789473684,3.15,1.266666666666667
7.855421052631579,3.2,1.1333333333333329
7.856894736842105,3.1,1.4
7.858,3.3,0.8666666666666671
7.859263157894737,3.1,1.4
7.860947368421052,3.08,1.4533333333333331
7.8634736842105255,3.3,0.8666666666666671
7.866421052631578,3.21,1.106666666666667
7.867684210526315,3.2,1.1333333333333329
7.868947368421052,3.16,1.2399999999999998
7.870631578947369,3.37,0.6799999999999997
7.871894736842105,3.13,1.3200000000000003
7.873578947368421,3.1,1.4
7.874842105263158,3.08,1.4533333333333331
7.8761052631578945,3.07,1.4800000000000004
7.87778947368421,2.98,1.7200000000000002
7.8794736842105255,3.08,1.4533333333333331
7.880736842105263,3.0,1.6666666666666665
7.882,2.83,2.1199999999999997
7.883786666666666,2.91,1.9066666666666663
7.885126666666666,3.22,1.0799999999999996
7.886466666666666,3.13,1.3200000000000003
7.888253333333334,3.38,0.6533333333333333
7.889593333333334,3.25,1.0
7.890933333333334,3.26,0.9733333333333336
7.892273333333334,3.24,1.026666666666666
7.893613333333333,3.19,1.1600000000000001
7.894506666666667,3.21,1.106666666666667
7.897186666666666,3.18,1.186666666666666
7.898526666666666,3.36,0.706666666666667
7.899866666666667,3.28,0.9200000000000008
7.901653333333333,3.33,0.7866666666666662
7.902993333333333,3.41,0.5733333333333333
7.904333333333333,3.11,1.3733333333333335
7.90612,3.34,0.7600000000000007
7.9074599999999995,3.3,0.8666666666666671
7.908799999999999,3.06,1.5066666666666664
7.910139999999999,3.36,0.706666666666667
7.911926666666667,3.27,0.9466666666666663
7.913266666666667,3.25,1.0
7.915053333333334,3.4,0.6000000000000005
7.916393333333334,3.39,0.626666666666666
7.9177333333333335,3.15,1.266666666666667
7.919073333333333,3.3,0.8666666666666671
7.92086,3.32,0.8133333333333335
7.9222,3.24,1.026666666666666
7.923986666666666,3.35,0.7333333333333334
7.926666666666667,3.26,0.9733333333333336
7.928006666666667,3.29,0.8933333333333335
7.929793333333333,3.22,1.0799999999999996
7.9311333333333325,3.13,1.3200000000000003
7.932473333333333,3.37,0.6799999999999997
7.934706666666667,3.39,0.626666666666666
7.935600000000001,3.4,0.6000000000000005
7.936940000000001,3.46,0.4400000000000004
7.938726666666667,3.31,0.8399999999999999
7.940066666666667,3.26,0.9733333333333336
7.941853333333333,3.43,0.5199999999999996
7.943193333333333,3.35,0.7333333333333334
7.944533333333333,3.29,0.8933333333333335
7.945873333333333,3.38,0.6533333333333333
7.94766,3.35,0.7333333333333334
7.949,3.1,1.4
7.951499999999999,3.34,0.7600000000000007
7.953374999999999,3.31,0.8399999999999999
7.9552499999999995,3.32,0.8133333333333335
7.957125,3.32,0.8133333333333335
7.959625000000001,3.42,0.5466666666666669
7.961500000000001,3.13,1.3200000000000003
7.964,3.29,0.8933333333333335
7.9658750000000005,3.28,0.9200000000000008
7.9677500000000006,3.2,1.1333333333333329
7.969625000000001,3.26,0.9733333333333336
7.972125,3.12,1.3466666666666662
7.974,2.97,1.7466666666666661
7.976933333333333,3.25,1.0
7.9791333333333325,3.25,1.0
7.983533333333333,3.32,0.8133333333333335
7.986466666666666,3.22,1.0799999999999996
7.988666666666665,3.01,1.6400000000000006
7.9916,3.08,1.4533333333333331
7.9938,3.11,1.3733333333333335
7.996,3.1,1.4
7.9975000000000005,3.04,1.56
7.9995,3.02,1.6133333333333333
8.001000000000001,2.87,2.013333333333333
8.003,3.11,1.3733333333333335
8.0045,3.12,1.3466666666666662
8.006,3.29,0.8933333333333335
8.0075,3.33,0.7866666666666662
8.0095,3.22,1.0799999999999996
8.011,3.13,1.3200000000000003
8.013,3.1,1.4
8.0145,2.97,1.7466666666666661
8.016,2.91,1.9066666666666663
8.018235294117648,2.96,1.7733333333333334
8.020470588235295,3.07,1.4800000000000004
8.02158823529412,2.97,1.7466666666666661
8.023264705882355,3.23,1.0533333333333332
8.025500000000001,3.16,1.2399999999999998
8.027176470588236,3.07,1.4800000000000004
8.029411764705882,3.04,1.56
8.031088235294119,3.15,1.266666666666667
8.032764705882354,3.03,1.5866666666666673
8.035,2.87,2.013333333333333
8.036434782608696,3.1,1.4
8.037869565217392,2.88,1.9866666666666668
8.039304347826087,3.29,0.8933333333333335
8.041217391304349,3.31,0.8399999999999999
8.042652173913043,3.34,0.7600000000000007
8.044086956521738,3.33,0.7866666666666662
8.046000000000001,3.31,0.8399999999999999
8.047434782608697,3.31,0.8399999999999999
8.048869565217393,3.29,0.8933333333333335
8.050782608695652,3.25,1.0
8.052217391304348,2.88,1.9866666666666668
8.054130434782609,3.32,0.8133333333333335
8.055565217391305,3.24,1.026666666666666
8.057,3.21,1.106666666666667
8.058434782608696,3.17,1.2133333333333334
8.060347826086957,3.32,0.8133333333333335
8.061782608695653,3.13,1.3200000000000003
8.063695652173912,3.14,1.293333333333333
8.065130434782608,3.11,1.3733333333333335
8.066565217391304,3.03,1.5866666666666673
8.068,3.17,1.2133333333333334
8.069913043478262,3.16,1.2399999999999998
8.071347826086956,3.04,1.56
8.073260869565217,3.22,1.0799999999999996
8.074695652173913,3.42,0.5466666666666669
8.076130434782609,3.11,1.3733333333333335
8.077565217391305,3.23,1.0533333333333332
8.079478260869566,3.19,1.1600000000000001
8.080913043478262,3.12,1.3466666666666662
8.082826086956521,3.29,0.8933333333333335
8.084260869565217,3.18,1.186666666666666
8.085695652173913,3.15,1.266666666666667
8.089521739130435,3.41,0.5733333333333333
8.09095652173913,3.1,1.4
8.092869565217391,3.21,1.106666666666667
8.094782608695652,3.3,0.8666666666666671
8.095739130434783,3.3,0.8666666666666671
8.097173913043479,3.34,0.7600000000000007
8.098608695652175,3.15,1.266666666666667
8.100521739130434,3.08,1.4533333333333331
8.10195652173913,3.17,1.2133333333333334
8.10386956521739,3.26,0.9733333333333336
8.105304347826086,3.01,1.6400000000000006
8.107695652173913,3.24,1.026666666666666
8.109130434782609,3.33,0.7866666666666662
8.110565217391304,3.17,1.2133333333333334
8.112,3.26,0.9733333333333336
8.113913043478261,3.27,0.9466666666666663
8.115347826086957,2.73,2.3866666666666667
8.116782608695653,3.36,0.706666666666667
8.118695652173912,3.18,1.186666666666666
8.120130434782608,3.19,1.1600000000000001
8.121565217391304,3.31,0.8399999999999999
8.123478260869565,3.33,0.7866666666666662
8.12491304347826,3.14,1.293333333333333
8.126826086956521,3.3,0.8666666666666671
8.128739130434782,3.16,1.2399999999999998
8.130652173913044,3.14,1.293333333333333
8.13208695652174,3.17,1.2133333333333334
8.134478260869566,3.31,0.8399999999999999
8.135913043478261,3.25,1.0
8.13782608695652,3.2,1.1333333333333329
8.140217391304347,3.29,0.8933333333333335
8.141652173913043,3.12,1.3466666666666662
8.143565217391304,3.26,0.9733333333333336
8.145,3.03,1.5866666666666673
8.147391304347824,3.34,0.7600000000000007
8.14882608695652,3.27,0.9466666666666663
8.151217391304348,3.27,0.9466666666666663
8.152652173913044,2.86,2.0400000000000005
8.154565217391303,3.16,1.2399999999999998
8.15695652173913,3.29,0.8933333333333335
8.158391304347825,3.15,1.266666666666667
8.160782608695651,3.17,1.2133333333333334
8.162217391304347,3.0,1.6666666666666665
8.163652173913043,3.17,1.2133333333333334
8.164130434782608,3.03,1.5866666666666673
8.165086956521739,3.15,1.266666666666667
8.165565217391304,3.14,1.293333333333333
8.167,2.86,2.0400000000000005
8.167575757575756,3.17,1.2133333333333334
8.168151515151514,3.1,1.4
8.16930303030303,3.02,1.6133333333333333
8.169878787878787,2.99,1.693333333333333
8.17160606060606,3.16,1.2399999999999998
8.172757575757576,3.16,1.2399999999999998
8.17390909090909,3.02,1.6133333333333333
8.17390909090909,3.2,1.1333333333333329
8.174484848484848,3.22,1.0799999999999996
8.176787878787879,3.25,1.0
8.178515151515152,3.26,0.9733333333333336
8.182545454545455,3.12,1.3466666666666662
8.184272727272727,3.24,1.026666666666666
8.186,2.96,1.7733333333333334
8.188766355140187,3.06,1.5066666666666664
8.190841121495327,2.84,2.0933333333333337
8.19222429906542,3.33,0.7866666666666662
8.194990654205608,3.23,1.0533333333333332
8.197757009345796,3.29,0.8933333333333335
8.199831775700936,3.21,1.106666666666667
8.204672897196263,3.09,1.4266666666666672
8.206747663551402,3.2,1.1333333333333329
8.20951401869159,3.13,1.3200000000000003
8.211588785046729,2.85,2.0666666666666664
8.214355140186916,3.17,1.2133333333333334
8.216429906542055,3.27,0.9466666666666663
8.218504672897197,3.04,1.56
8.220579439252337,3.27,0.9466666666666663
8.223345794392523,3.25,1.0
8.225420560747663,3.22,1.0799999999999996
8.228186915887852,3.27,0.9466666666666663
8.230261682242991,3.3,0.8666666666666671
8.232336448598133,3.11,1.3733333333333335
8.234411214953273,3.3,0.8666666666666671
8.23717757009346,3.29,0.8933333333333335
8.2392523364486,3.17,1.2133333333333334
8.242018691588786,3.35,0.7333333333333334
8.244093457943926,3.33,0.7866666666666662
8.246168224299065,3.05,1.5333333333333337
8.248242990654207,3.22,1.0799999999999996
8.251009345794392,3.19,1.1600000000000001
8.253084112149534,3.2,1.1333333333333329
8.255850467289719,3.25,1.0
8.25792523364486,3.1,1.4
8.26,2.94,1.8266666666666667
8.261575,3.14,1.293333333333333
8.26315,3.16,1.2399999999999998
8.265250000000002,3.14,1.293333333333333
8.26735,3.16,1.2399999999999998
8.268925000000001,3.27,0.9466666666666663
8.272200000000002,3.06,1.5066666666666664
8.2746,3.37,0.6799999999999997
8.2769,3.01,1.6400000000000006
8.2797,2.99,1.693333333333333
8.2821,3.01,1.6400000000000006
8.2844,3.06,1.5066666666666664
8.2868,3.21,1.106666666666667
8.289100000000001,3.0,1.6666666666666665
8.2915,3.34,0.7600000000000007
8.293899999999999,3.08,1.4533333333333331
8.2962,3.25,1.0
8.2986,3.13,1.3200000000000003
8.3009,3.35,0.7333333333333334
8.3033,3.02,1.6133333333333333
8.3056,3.16,1.2399999999999998
8.308,3.24,1.026666666666666
8.3103,3.22,1.0799999999999996
8.312700000000001,3.45,0.4666666666666659
8.315,3.41,0.5733333333333333
8.3174,3.52,0.28000000000000025
8.319700000000001,3.37,0.6799999999999997
8.3221,3.27,0.9466666666666663
8.324399999999999,3.43,0.5199999999999996
8.326799999999999,3.4,0.6000000000000005
8.3292,3.28,0.9200000000000008
8.3315,3.4,0.6000000000000005
8.3339,3.34,0.7600000000000007
8.336200000000002,3.25,1.0
8.3381,3.35,0.7333333333333334
8.3386,3.25,1.0
8.3405,3.35,0.7333333333333334
8.3409,3.09,1.4266666666666672
8.342799999999999,3.25,1.0
8.3452,3.3,0.8666666666666671
8.3475,3.37,0.6799999999999997
8.3499,3.36,0.706666666666667
8.3522,3.27,0.9466666666666663
8.3546,3.38,0.6533333333333333
8.3593,3.32,0.8133333333333335
8.361600000000001,3.32,0.8133333333333335
8.364,3.27,0.9466666666666663
8.366299999999999,3.29,0.8933333333333335
8.3687,3.18,1.186666666666666
8.371,3.22,1.0799999999999996
8.3734,3.22,1.0799999999999996
8.3758,3.15,1.266666666666667
8.3781,3.27,0.9466666666666663
8.3805,3.34,0.7600000000000007
8.3828,3.32,0.8133333333333335
8.385200000000001,3.22,1.0799999999999996
8.3875,3.14,1.293333333333333
8.389899999999999,3.06,1.5066666666666664
8.3922,3.21,1.106666666666667
8.3946,3.1,1.4
8.3969,3.19,1.1600000000000001
8.399299999999998,3.27,0.9466666666666663
8.4016,3.22,1.0799999999999996
8.404,3.32,0.8133333333333335
8.4056,3.33,0.7866666666666662
8.4071,3.03,1.5866666666666673
8.408700000000001,3.08,1.4533333333333331
8.4103,2.94,1.8266666666666667
8.4122,3.06,1.5066666666666664
8.413799999999998,3.16,1.2399999999999998
8.415299999999998,3.38,0.6533333333333333
8.4169,3.27,0.9466666666666663
8.4185,3.32,0.8133333333333335
8.4201,3.09,1.4266666666666672
8.4216,3.24,1.026666666666666
8.423200000000001,3.25,1.0
8.4248,3.15,1.266666666666667
8.4264,3.16,1.2399999999999998
8.4279,3.23,1.0533333333333332
8.4295,3.02,1.6133333333333333
8.4311,3.22,1.0799999999999996
8.4327,3.26,0.9733333333333336
8.4342,3.18,1.186666666666666
8.435799999999999,3.4,0.6000000000000005
8.4374,3.32,0.8133333333333335
8.439,3.16,1.2399999999999998
8.4405,3.47,0.4133333333333331
8.4421,3.45,0.4666666666666659
8.443700000000002,3.33,0.7866666666666662
8.4453,3.19,1.1600000000000001
8.4468,3.31,0.8399999999999999
8.4484,3.2,1.1333333333333329
8.45,3.24,1.026666666666666
8.451600000000001,3.22,1.0799999999999996
8.453100000000001,3.2,1.1333333333333329
8.4547,3.16,1.2399999999999998
8.456299999999999,3.21,1.106666666666667
8.4579,3.13,1.3200000000000003
8.4594,3.24,1.026666666666666
8.461,3.17,1.2133333333333334
8.4631,3.16,1.2399999999999998
8.4651,3.12,1.3466666666666662
8.4672,3.24,1.026666666666666
8.469299999999999,3.07,1.4800000000000004
8.4714,3.11,1.3733333333333335
8.4735,3.11,1.3733333333333335
8.4776,3.06,1.5066666666666664
8.479700000000001,3.16,1.2399999999999998
8.4818,3.22,1.0799999999999996
8.483799999999999,3.35,0.7333333333333334
8.485899999999999,3.18,1.186666666666666
8.488,3.25,1.0
8.49,3.24,1.026666666666666
8.4921,3.09,1.4266666666666672
8.4963,3.14,1.293333333333333
8.498299999999999,3.14,1.293333333333333
8.500399999999999,3.06,1.5066666666666664
8.5025,3.08,1.4533333333333331
8.5066,3.2,1.1333333333333329
8.508700000000001,3.15,1.266666666666667
8.5108,3.71,-0.22666666666666657
8.5129,3.42,0.5466666666666669
8.515,3.38,0.6533333333333333
8.517,3.25,1.0
8.5191,3.19,1.1600000000000001
8.5212,3.25,1.0
8.523299999999999,3.14,1.293333333333333
8.5253,3.14,1.293333333333333
8.5274,3.1,1.4
8.5295,3.13,1.3200000000000003
8.5315,3.22,1.0799999999999996
8.5336,3.19,1.1600000000000001
8.5357,3.05,1.5333333333333337
8.537799999999999,3.04,1.56
8.5398,2.97,1.7466666666666661
8.5419,3.07,1.4800000000000004
8.544,2.93,1.853333333333333
8.5459,3.14,1.293333333333333
8.547799999999999,3.07,1.4800000000000004
8.549700000000001,3.21,1.106666666666667
8.5515,3.29,0.8933333333333335
8.5534,3.16,1.2399999999999998
8.555299999999999,3.39,0.626666666666666
8.5572,3.19,1.1600000000000001
8.5591,3.32,0.8133333333333335
8.561,3.37,0.6799999999999997
8.562899999999999,3.24,1.026666666666666
8.5648,3.27,0.9466666666666663
8.566600000000001,3.01,1.6400000000000006
8.5685,3.23,1.0533333333333332
8.5704,3.13,1.3200000000000003
8.572299999999998,3.29,0.8933333333333335
8.574200000000001,3.11,1.3733333333333335
8.5761,2.94,1.8266666666666667
8.578,3.08,1.4533333333333331
8.579799999999999,3.13,1.3200000000000003
8.581700000000001,3.07,1.4800000000000004
8.5836,3.17,1.2133333333333334
8.5855,3.13,1.3200000000000003
8.587399999999999,3.51,0.30666666666666753
8.5893,2.93,1.853333333333333
8.5912,3.42,0.5466666666666669
8.5931,3.25,1.0
8.594899999999999,3.31,0.8399999999999999
8.5968,3.39,0.626666666666666
8.598700000000001,3.54,0.22666666666666657
8.6006,3.43,0.5199999999999996
8.6025,3.46,0.4400000000000004
8.6044,3.44,0.4933333333333332
8.6063,3.42,0.5466666666666669
8.6082,3.57,0.1466666666666674
8.61,3.5,0.33333333333333304
8.6119,3.33,0.7866666666666662
8.6138,3.44,0.4933333333333332
8.6157,3.46,0.4400000000000004
8.6176,3.4,0.6000000000000005
8.6187,3.3,0.8666666666666671
8.6206,3.15,1.266666666666667
8.6225,3.44,0.4933333333333332
8.6244,3.31,0.8399999999999999
8.626299999999999,3.31,0.8399999999999999
8.6319,3.34,0.7600000000000007
8.633799999999999,3.11,1.3733333333333335
8.6357,3.61,0.040000000000000036
8.6376,3.45,0.4666666666666659
8.6395,3.29,0.8933333333333335
8.641399999999999,3.18,1.186666666666666
8.6432,3.33,0.7866666666666662
8.645100000000001,3.32,0.8133333333333335
8.647,3.24,1.026666666666666
8.6489,3.29,0.8933333333333335
8.650799999999998,3.2,1.1333333333333329
8.652700000000001,3.16,1.2399999999999998
8.6546,3.23,1.0533333333333332
8.6565,3.14,1.293333333333333
8.658299999999999,2.98,1.7200000000000002
8.660200000000001,3.04,1.56
8.6621,3.03,1.5866666666666673
8.664,2.83,2.1199999999999997
8.6661,2.9,1.9333333333333336
8.668299999999999,3.34,0.7600000000000007
8.670399999999999,3.5,0.33333333333333304
8.672600000000001,3.41,0.5733333333333333
8.674700000000001,3.31,0.8399999999999999
8.6769,3.31,0.8399999999999999
8.679,3.42,0.5466666666666669
8.6812,3.36,0.706666666666667
8.6833,3.3,0.8666666666666671
8.6855,3.11,1.3733333333333335
8.6876,3.11,1.3733333333333335
8.6898,3.11,1.3733333333333335
8.6919,3.15,1.266666666666667
8.6941,3.39,0.626666666666666
8.696200000000001,3.22,1.0799999999999996
8.6984,3.33,0.7866666666666662
8.7005,3.31,0.8399999999999999
8.7027,3.25,1.0
8.704799999999999,3.27,0.9466666666666663
8.7069,2.97,1.7466666666666661
8.709100000000001,3.04,1.56
8.711200000000002,3.15,1.266666666666667
8.7134,3.14,1.293333333333333
8.7155,3.34,0.7600000000000007
8.7177,3.14,1.293333333333333
8.7198,3.28,0.9200000000000008
8.722,3.31,0.8399999999999999
8.7241,3.38,0.6533333333333333
8.726299999999998,3.56,0.1733333333333329
8.728399999999999,3.34,0.7600000000000007
8.7306,3.38,0.6533333333333333
8.732700000000001,3.47,0.4133333333333331
8.7349,3.25,1.0
8.737,3.21,1.106666666666667
8.7392,3.25,1.0
8.741299999999999,3.12,1.3466666666666662
8.7435,3.26,0.9733333333333336
8.7456,3.33,0.7866666666666662
8.7477,3.18,1.186666666666666
8.7499,3.08,1.4533333333333331
8.752,3.01,1.6400000000000006
8.7542,2.97,1.7466666666666661
8.7563,2.86,2.0400000000000005
8.7585,2.89,1.9599999999999995
8.7606,3.01,1.6400000000000006
8.762799999999999,3.06,1.5066666666666664
8.764899999999999,3.08,1.4533333333333331
8.767100000000001,3.27,0.9466666666666663
8.769200000000001,3.27,0.9466666666666663
8.7714,3.3,0.8666666666666671
8.7735,3.13,1.3200000000000003
8.7757,3.14,1.293333333333333
8.7778,3.12,1.3466666666666662
8.78,2.98,1.7200000000000002
8.7821,3.1,1.4
8.7843,3.05,1.5333333333333337
8.7864,3.01,1.6400000000000006
8.7885,3.0,1.6666666666666665
8.790700000000001,3.04,1.56
8.7928,3.17,1.2133333333333334
8.795,3.21,1.106666666666667
8.7971,3.37,0.6799999999999997
8.799299999999999,3.28,0.9200000000000008
8.8014,3.25,1.0
8.803600000000001,3.27,0.9466666666666663
8.8057,3.33,0.7866666666666662
8.8079,3.24,1.026666666666666
8.81,3.26,0.9733333333333336
8.8122,3.37,0.6799999999999997
8.8143,3.43,0.5199999999999996
8.8165,3.32,0.8133333333333335
8.8186,3.44,0.4933333333333332
8.820799999999998,3.29,0.8933333333333335
8.822899999999999,3.3,0.8666666666666671
8.8251,3.49,0.35999999999999943
8.827200000000001,3.18,1.186666666666666
8.8293,3.11,1.3733333333333335
8.8315,3.09,1.4266666666666672
8.8336,3.29,0.8933333333333335
8.835799999999999,3.22,1.0799999999999996
8.8379,3.31,0.8399999999999999
8.8401,3.07,1.4800000000000004
8.8422,3.24,1.026666666666666
8.8444,3.32,0.8133333333333335
8.8465,3.29,0.8933333333333335
8.848700000000001,3.18,1.186666666666666
8.8508,3.28,0.9200000000000008
8.853,3.34,0.7600000000000007
8.8551,3.33,0.7866666666666662
8.857299999999999,3.26,0.9733333333333336
8.859399999999999,3.11,1.3733333333333335
8.861600000000001,3.28,0.9200000000000008
8.863700000000001,3.23,1.0533333333333332
8.8659,3.11,1.3733333333333335
8.868,2.97,1.7466666666666661
8.8708,3.08,1.4533333333333331
8.873700000000001,3.15,1.266666666666667
8.8765,3.18,1.186666666666666
8.879299999999999,3.04,1.56
8.882200000000001,3.42,0.5466666666666669
8.885,3.37,0.6799999999999997
8.887799999999999,3.29,0.8933333333333335
8.8907,3.36,0.706666666666667
8.8935,3.42,0.5466666666666669
8.8963,3.34,0.7600000000000007
8.8992,3.22,1.0799999999999996
8.902,3.35,0.7333333333333334
8.9048,3.39,0.626666666666666
8.9077,3.33,0.7866666666666662
8.9105,3.3,0.8666666666666671
8.9162,3.25,1.0
8.919,3.37,0.6799999999999997
8.9218,3.39,0.626666666666666
8.924700000000001,3.35,0.7333333333333334
8.9275,3.41,0.5733333333333333
8.930299999999999,3.27,0.9466666666666663
8.933200000000001,3.28,0.9200000000000008
8.936,3.46,0.4400000000000004
8.938799999999999,3.22,1.0799999999999996
8.9417,3.28,0.9200000000000008
8.9445,3.14,1.293333333333333
8.9502,3.13,1.3200000000000003
8.953,3.08,1.4533333333333331
8.9549,3.17,1.2133333333333334
8.9568,3.11,1.3733333333333335
8.9587,3.05,1.5333333333333337
8.9605,3.33,0.7866666666666662
8.962399999999999,3.44,0.4933333333333332
8.9643,3.36,0.706666666666667
8.9662,3.5,0.33333333333333304
8.9681,3.25,1.0
8.97,3.55,0.20000000000000018
8.973700000000001,3.37,0.6799999999999997
8.9775,3.27,0.9466666666666663
8.9794,3.12,1.3466666666666662
8.9813,3.09,1.4266666666666672
8.9831,3.28,0.9200000000000008
8.985,3.2,1.1333333333333329
8.9869,3.41,0.5733333333333333
8.9888,3.2,1.1333333333333329
8.9907,3.38,0.6533333333333333
8.9926,3.29,0.8933333333333335
8.994399999999999,3.17,1.2133333333333334
8.9963,3.04,1.56
8.9982,3.14,1.293333333333333
9.0001,3.03,1.5866666666666673
9.002,2.98,1.7200000000000002
9.0039,3.22,1.0799999999999996
9.005700000000001,3.21,1.106666666666667
9.0076,3.39,0.626666666666666
9.0095,3.3,0.8666666666666671
9.0114,3.14,1.293333333333333
9.0133,3.15,1.266666666666667
9.017,3.15,1.266666666666667
9.0189,2.98,1.7200000000000002
9.0208,2.65,2.6
9.0227,2.85,2.0666666666666664
9.0246,2.77,2.28
9.0283,2.89,1.9599999999999995
9.0302,2.91,1.9066666666666663
9.034,2.8,2.2000000000000006
9.0364,3.07,1.4800000000000004
9.0387,2.86,2.0400000000000005
9.0411,2.9,1.9333333333333336
9.0458,3.02,1.6133333333333333
9.0481,3.2,1.1333333333333329
9.0505,3.32,0.8133333333333335
9.0528,3.22,1.0799999999999996
9.055200000000001,3.3,0.8666666666666671
9.0575,3.23,1.0533333333333332
9.059899999999999,3.24,1.026666666666666
9.0622,3.04,1.56
9.0646,3.19,1.1600000000000001
9.0669,3.05,1.5333333333333337
9.0693,3.18,1.186666666666666
9.0716,3.27,0.9466666666666663
9.074,3.24,1.026666666666666
9.0763,3.25,1.0
9.078700000000001,3.35,0.7333333333333334
9.081,3.3,0.8666666666666671
9.0834,3.21,1.106666666666667
9.085700000000001,3.25,1.0
9.0881,3.23,1.0533333333333332
9.090399999999999,3.07,1.4800000000000004
9.092799999999999,3.24,1.026666666666666
9.0951,3.05,1.5333333333333337
9.0975,2.99,1.693333333333333
9.0998,3.06,1.5066666666666664
9.1022,3.05,1.5333333333333337
9.1045,3.09,1.4266666666666672
9.1069,2.91,1.9066666666666663
9.109200000000001,3.03,1.5866666666666673
9.111600000000001,3.12,1.3466666666666662
9.1139,3.13,1.3200000000000003
9.116299999999999,3.07,1.4800000000000004
9.1186,2.91,1.9066666666666663
9.121,2.94,1.8266666666666667
9.1229,2.91,1.9066666666666663
9.124799999999999,2.9,1.9333333333333336
9.126700000000001,3.29,0.8933333333333335
9.1286,3.17,1.2133333333333334
9.1305,3.18,1.186666666666666
9.1324,3.09,1.4266666666666672
9.1343,2.97,1.7466666666666661
9.1362,3.04,1.56
9.1381,3.09,1.4266666666666672
9.139899999999999,3.01,1.6400000000000006
9.1418,2.92,1.8800000000000003
9.1437,2.89,1.9599999999999995
9.1456,2.93,1.853333333333333
9.1475,3.18,1.186666666666666
9.1494,3.05,1.5333333333333337
9.151299999999999,3.04,1.56
9.1532,3.07,1.4800000000000004
9.155100000000001,3.1,1.4
9.157,2.89,1.9599999999999995
9.159600000000001,2.97,1.7466666666666661
9.1622,3.08,1.4533333333333331
9.1648,2.88,1.9866666666666668
9.167399999999999,2.75,2.3333333333333335
9.17,2.98,1.7200000000000002
9.172600000000001,3.1,1.4
9.1752,3.1,1.4
9.177700000000002,3.39,0.626666666666666
9.180299999999999,3.24,1.026666666666666
9.1829,3.31,0.8399999999999999
9.1855,3.12,1.3466666666666662
9.1881,3.17,1.2133333333333334
9.190700000000001,3.21,1.106666666666667
9.193299999999999,3.19,1.1600000000000001
9.1959,3.2,1.1333333333333329
9.1985,3.1,1.4
9.2011,3.11,1.3733333333333335
9.203700000000001,3.14,1.293333333333333
9.2115,3.42,0.5466666666666669
9.2141,3.45,0.4666666666666659
9.216700000000001,3.33,0.7866666666666662
9.2192,3.35,0.7333333333333334
9.2218,3.41,0.5733333333333333
9.2244,3.36,0.706666666666667
9.227,3.26,0.9733333333333336
9.2296,3.22,1.0799999999999996
9.2322,3.17,1.2133333333333334
9.2348,3.16,1.2399999999999998
9.2374,3.14,1.293333333333333
9.24,3.1,1.4
9.242299999999998,3.2,1.1333333333333329
9.2447,3.12,1.3466666666666662
9.247,3.12,1.3466666666666662
9.2493,3.02,1.6133333333333333
9.2516,3.2,1.1333333333333329
9.254,3.31,0.8399999999999999
9.2563,3.29,0.8933333333333335
9.2586,3.42,0.5466666666666669
9.261,3.35,0.7333333333333334
9.2633,3.34,0.7600000000000007
9.265600000000001,3.41,0.5733333333333333
9.2679,3.43,0.5199999999999996
9.270299999999999,3.22,1.0799999999999996
9.2726,3.38,0.6533333333333333
9.274899999999999,3.3,0.8666666666666671
9.277299999999999,3.22,1.0799999999999996
9.2796,3.08,1.4533333333333331
9.2819,3.17,1.2133333333333334
9.2842,3.08,1.4533333333333331
9.2866,3.09,1.4266666666666672
9.2889,3.13,1.3200000000000003
9.2912,3.03,1.5866666666666673
9.2936,3.06,1.5066666666666664
9.2959,3.22,1.0799999999999996
9.298200000000001,3.36,0.706666666666667
9.3005,2.97,1.7466666666666661
9.3029,3.17,1.2133333333333334
9.305200000000001,3.16,1.2399999999999998
9.3075,3.17,1.2133333333333334
9.309899999999999,3.11,1.3733333333333335
9.3122,3.23,1.0533333333333332
9.3145,3.04,1.56
9.316799999999999,3.06,1.5066666666666664
9.3192,2.99,1.693333333333333
9.3215,3.03,1.5866666666666673
9.323799999999999,2.92,1.8800000000000003
9.3262,2.88,1.9866666666666668
9.3285,3.09,1.4266666666666672
9.3308,3.14,1.293333333333333
9.3331,3.09,1.4266666666666672
9.3355,3.17,1.2133333333333334
9.3378,3.17,1.2133333333333334
9.3401,3.3,0.8666666666666671
9.3425,3.37,0.6799999999999997
9.3448,3.29,0.8933333333333335
9.347100000000001,3.17,1.2133333333333334
9.3494,3.22,1.0799999999999996
9.351799999999999,3.05,1.5333333333333337
9.3541,3.17,1.2133333333333334
9.356399999999999,3.13,1.3200000000000003
9.358799999999999,3.08,1.4533333333333331
9.3611,2.98,1.7200000000000002
9.3634,2.96,1.7733333333333334
9.3657,2.96,1.7733333333333334
9.3681,3.05,1.5333333333333337
9.3704,2.92,1.8800000000000003
9.3727,3.17,1.2133333333333334
9.3751,3.12,1.3466666666666662
9.3774,3.1,1.4
9.379700000000001,3.2,1.1333333333333329
9.382,3.27,0.9466666666666663
9.3844,3.06,1.5066666666666664
9.386700000000001,3.28,0.9200000000000008
9.389,2.99,1.693333333333333
9.391399999999999,3.09,1.4266666666666672
9.3937,3.1,1.4
9.396,2.95,1.7999999999999994
9.398299999999999,3.01,1.6400000000000006
9.4007,2.93,1.853333333333333
9.403,2.81,2.1733333333333333
9.4049,2.95,1.7999999999999994
9.406799999999999,3.03,1.5866666666666673
9.408700000000001,3.1,1.4
9.4106,3.19,1.1600000000000001
9.4125,3.24,1.026666666666666
9.414399999999999,3.29,0.8933333333333335
9.4163,3.13,1.3200000000000003
9.4182,3.24,1.026666666666666
9.4201,3.17,1.2133333333333334
9.422,3.22,1.0799999999999996
9.4239,3.32,0.8133333333333335
9.425799999999999,3.2,1.1333333333333329
9.427700000000002,3.24,1.026666666666666
9.4296,3.36,0.706666666666667
9.4315,3.29,0.8933333333333335
9.433399999999999,3.2,1.1333333333333329
9.4353,3.12,1.3466666666666662
9.437100000000001,3.23,1.0533333333333332
9.439,2.79,2.2266666666666666
9.4409,3.02,1.6133333333333333
9.4428,2.95,1.7999999999999994
9.444700000000001,3.05,1.5333333333333337
9.4466,3.0,1.6666666666666665
9.4485,3.25,1.0
9.4504,3.08,1.4533333333333331
9.4523,3.29,0.8933333333333335
9.4542,3.17,1.2133333333333334
9.456100000000001,3.29,0.8933333333333335
9.458,3.37,0.6799999999999997
9.4599,3.16,1.2399999999999998
9.461799999999998,3.22,1.0799999999999996
9.463700000000001,3.14,1.293333333333333
9.4656,3.16,1.2399999999999998
9.4675,3.14,1.293333333333333
9.4694,3.29,0.8933333333333335
9.4713,3.16,1.2399999999999998
9.4732,3.25,1.0
9.475100000000001,3.04,1.56
9.477,3.04,1.56
9.4789,2.99,1.693333333333333
9.480799999999999,3.0,1.6666666666666665
9.482700000000001,3.07,1.4800000000000004
9.4846,2.93,1.853333333333333
9.4865,3.04,1.56
9.4884,3.06,1.5066666666666664
9.4903,2.86,2.0400000000000005
9.4922,3.21,1.106666666666667
9.4941,3.17,1.2133333333333334
9.496,3.3,0.8666666666666671
9.499799999999999,3.22,1.0799999999999996
9.5016,3.3,0.8666666666666671
9.5035,3.16,1.2399999999999998
9.5054,3.22,1.0799999999999996
9.507299999999999,3.18,1.186666666666666
9.5092,3.12,1.3466666666666662
9.5111,3.09,1.4266666666666672
9.513,3.15,1.266666666666667
9.514899999999999,2.93,1.853333333333333
9.5187,2.97,1.7466666666666661
9.521,2.76,2.306666666666667
9.523100000000001,2.91,1.9066666666666663
9.5252,3.26,0.9733333333333336
9.5274,3.19,1.1600000000000001
9.5295,3.29,0.8933333333333335
9.531600000000001,3.23,1.0533333333333332
9.533700000000001,3.28,0.9200000000000008
9.5358,3.3,0.8666666666666671
9.5379,3.25,1.0
9.5401,3.18,1.186666666666666
9.542200000000001,3.19,1.1600000000000001
9.5443,3.09,1.4266666666666672
9.5464,3.16,1.2399999999999998
9.5485,3.16,1.2399999999999998
9.550600000000001,2.99,1.693333333333333
9.5528,3.08,1.4533333333333331
9.5549,2.96,1.7733333333333334
9.557,2.85,2.0666666666666664
9.5591,2.93,1.853333333333333
9.561200000000001,2.91,1.9066666666666663
9.5634,3.04,1.56
9.5655,2.97,1.7466666666666661
9.5676,3.17,1.2133333333333334
9.5693,3.26,0.9733333333333336
9.571399999999999,3.18,1.186666666666666
9.5735,3.18,1.186666666666666
9.5756,3.04,1.56
9.5778,3.16,1.2399999999999998
9.5799,3.14,1.293333333333333
9.582,3.04,1.56
9.584100000000001,3.1,1.4
9.586200000000002,3.01,1.6400000000000006
9.588299999999998,2.92,1.8800000000000003
9.5905,3.01,1.6400000000000006
9.592600000000001,2.85,2.0666666666666664
9.594700000000001,2.98,1.7200000000000002
9.5968,2.81,2.1733333333333333
9.5989,2.66,2.573333333333333
9.6011,2.76,2.306666666666667
9.603200000000001,2.74,2.3599999999999994
9.6053,2.97,1.7466666666666661
9.6074,3.15,1.266666666666667
9.6095,3.22,1.0799999999999996
9.6138,3.25,1.0
9.6159,3.3,0.8666666666666671
9.618,3.28,0.9200000000000008
9.6201,3.37,0.6799999999999997
9.622200000000001,3.02,1.6133333333333333
9.6243,3.2,1.1333333333333329
9.6265,3.1,1.4
9.6286,3.0,1.6666666666666665
9.630700000000001,2.95,1.7999999999999994
9.6328,2.95,1.7999999999999994
9.6349,2.91,1.9066666666666663
9.6371,2.91,1.9066666666666663
9.6392,3.01,1.6400000000000006
9.6413,3.15,1.266666666666667
9.6434,2.95,1.7999999999999994
9.6455,3.0,1.6666666666666665
9.6476,3.17,1.2133333333333334
9.649799999999999,2.95,1.7999999999999994
9.6519,3.01,1.6400000000000006
9.654,2.9,1.9333333333333336
9.6561,3.07,1.4800000000000004
9.6582,2.98,1.7200000000000002
9.6603,3.04,1.56
9.6646,3.11,1.3733333333333335
9.6667,2.99,1.693333333333333
9.6688,2.96,1.7733333333333334
9.6709,2.9,1.9333333333333336
9.6731,3.0,1.6666666666666665
9.6752,2.93,1.853333333333333
9.677299999999999,2.94,1.8266666666666667
9.6794,2.71,2.44
9.6815,2.81,2.1733333333333333
9.6836,2.9,1.9333333333333336
9.685799999999999,2.85,2.0666666666666664
9.687899999999999,2.98,1.7200000000000002
9.69,3.17,1.2133333333333334
9.6921,3.04,1.56
9.6942,3.29,0.8933333333333335
9.696299999999999,3.31,0.8399999999999999
9.6985,3.19,1.1600000000000001
9.7006,3.16,1.2399999999999998
9.7027,3.28,0.9200000000000008
9.704799999999999,3.12,1.3466666666666662
9.7069,3.15,1.266666666666667
9.709100000000001,3.11,1.3733333333333335
9.711200000000002,2.98,1.7200000000000002
9.713299999999998,2.96,1.7733333333333334
9.715399999999999,3.07,1.4800000000000004
9.7175,3.04,1.56
9.7196,2.9,1.9333333333333336
9.7218,3.08,1.4533333333333331
9.7239,2.99,1.693333333333333
9.7256,2.89,1.9599999999999995
9.7281,3.12,1.3466666666666662
9.7302,3.12,1.3466666666666662
9.7324,3.3,0.8666666666666671
9.7345,3.21,1.106666666666667
9.736600000000001,3.26,0.9733333333333336
9.738700000000001,3.32,0.8133333333333335
9.7408,3.33,0.7866666666666662
9.742899999999999,3.27,0.9466666666666663
9.7451,3.08,1.4533333333333331
9.747200000000001,2.92,1.8800000000000003
9.7493,3.16,1.2399999999999998
9.7514,3.01,1.6400000000000006
9.7535,3.0,1.6666666666666665
9.755600000000001,2.95,1.7999999999999994
9.7578,3.01,1.6400000000000006
9.7599,2.96,1.7733333333333334
9.762,2.8,2.2000000000000006
9.764100000000001,2.87,2.013333333333333
9.765799999999999,2.84,2.0933333333333337
9.7675,2.82,2.146666666666667
9.769200000000001,2.9,1.9333333333333336
9.7709,2.85,2.0666666666666664
9.7726,2.91,1.9066666666666663
9.774299999999998,3.02,1.6133333333333333
9.7761,3.35,0.7333333333333334
9.7778,3.15,1.266666666666667
9.7795,3.15,1.266666666666667
9.7812,3.23,1.0533333333333332
9.7829,3.05,1.5333333333333337
9.784600000000001,3.13,1.3200000000000003
9.786299999999999,2.94,1.8266666666666667
9.7881,2.87,2.013333333333333
9.7898,2.92,1.8800000000000003
9.7915,2.78,2.253333333333334
9.7932,2.91,1.9066666666666663
9.7949,3.13,1.3200000000000003
9.7966,2.99,1.693333333333333
9.7983,2.9,1.9333333333333336
9.8001,2.88,1.9866666666666668
9.8018,3.01,1.6400000000000006
9.8035,2.92,1.8800000000000003
9.805200000000001,3.11,1.3733333333333335
9.806899999999999,3.08,1.4533333333333331
9.8086,3.27,0.9466666666666663
9.8103,2.96,1.7733333333333334
9.812100000000001,3.46,0.4400000000000004
9.813799999999999,3.26,0.9733333333333336
9.8155,3.31,0.8399999999999999
9.817200000000001,3.61,0.040000000000000036
9.8189,3.42,0.5466666666666669
9.8203,3.1,1.4
9.8306,3.08,1.4533333333333331
9.8323,2.82,2.146666666666667
9.834,2.95,1.7999999999999994
9.835700000000001,2.9,1.9333333333333336
9.837399999999999,2.89,1.9599999999999995
9.8391,2.95,1.7999999999999994
9.8409,2.98,1.7200000000000002
9.842600000000001,2.99,1.693333333333333
9.844299999999999,2.91,1.9066666666666663
9.846,3.04,1.56
9.847700000000001,2.8,2.2000000000000006
9.8494,3.16,1.2399999999999998
9.8511,3.33,0.7866666666666662
9.8529,3.2,1.1333333333333329
9.8546,3.27,0.9466666666666663
9.8563,3.21,1.106666666666667
9.858,3.19,1.1600000000000001
9.8597,3.14,1.293333333333333
9.8614,3.1,1.4
9.863100000000001,3.07,1.4800000000000004
9.8649,2.98,1.7200000000000002
9.8666,3.11,1.3733333333333335
9.8683,3.07,1.4800000000000004
9.87,2.99,1.693333333333333
9.8717,3.03,1.5866666666666673
9.8734,3.22,1.0799999999999996
9.8751,3.1,1.4
9.8769,3.1,1.4
9.8786,2.79,2.2266666666666666
9.8803,2.98,1.7200000000000002
9.882,2.48,3.0533333333333337
9.883899999999999,2.73,2.3866666666666667
9.8859,3.0,1.6666666666666665
9.887799999999999,2.76,2.306666666666667
9.889700000000001,3.05,1.5333333333333337
9.8917,3.03,1.5866666666666673
9.893600000000001,3.12,1.3466666666666662
9.8955,3.2,1.1333333333333329
9.8975,3.24,1.026666666666666
9.8994,3.23,1.0533333333333332
9.901299999999999,3.14,1.293333333333333
9.9033,3.18,1.186666666666666
9.9052,3.14,1.293333333333333
9.9071,2.9,1.9333333333333336
9.9091,2.92,1.8800000000000003
9.911,3.02,1.6133333333333333
9.913,3.04,1.56
9.9149,3.04,1.56
9.916799999999999,3.02,1.6133333333333333
9.9188,3.01,1.6400000000000006
9.9207,3.01,1.6400000000000006
9.922600000000001,2.87,2.013333333333333
9.9246,2.97,1.7466666666666661
9.9265,2.96,1.7733333333333334
9.9284,3.06,1.5066666666666664
9.930399999999999,2.96,1.7733333333333334
9.9323,3.09,1.4266666666666672
9.9342,3.19,1.1600000000000001
9.936200000000001,3.1,1.4
9.9381,3.09,1.4266666666666672
9.94,3.18,1.186666666666666
9.942,3.0,1.6666666666666665
9.9439,3.08,1.4533333333333331
9.945799999999998,3.32,0.8133333333333335
9.947799999999999,3.1,1.4
9.9497,3.23,1.0533333333333332
9.951600000000001,2.95,1.7999999999999994
9.9536,3.08,1.4533333333333331
9.9555,3.07,1.4800000000000004
9.9574,3.01,1.6400000000000006
9.9594,2.99,1.693333333333333
9.9613,2.89,1.9599999999999995
9.963299999999998,2.88,1.9866666666666668
9.965200000000001,2.84,2.0933333333333337
9.9671,2.86,2.0400000000000005
9.969100000000001,3.0,1.6666666666666665
9.971,2.97,1.7466666666666661
9.9729,2.79,2.2266666666666666
9.9749,2.89,1.9599999999999995
9.976799999999999,2.88,1.9866666666666668
9.9787,2.81,2.1733333333333333
9.9807,2.83,2.1199999999999997
9.9826,2.78,2.253333333333334
9.9845,2.79,2.2266666666666666
9.9865,2.88,1.9866666666666668
9.9884,2.7,2.4666666666666663
9.9903,2.82,2.146666666666667
9.992299999999998,3.04,1.56
9.994200000000001,2.89,1.9599999999999995
9.9961,2.99,1.693333333333333
10.0,2.7,2.4666666666666663
10.0019,2.81,2.1733333333333333
10.0039,2.68,2.5199999999999996
10.005799999999999,2.86,2.0400000000000005
10.007700000000002,2.85,2.0666666666666664
10.0097,2.7,2.4666666666666663
10.0116,2.69,2.4933333333333336
10.0136,2.93,1.853333333333333
10.0155,2.77,2.28
10.0174,3.16,1.2399999999999998
10.0194,3.02,1.6133333333333333
10.0213,3.01,1.6400000000000006
10.023200000000001,3.11,1.3733333333333335
10.0255,3.1,1.4
10.028,3.09,1.4266666666666672
10.0306,3.07,1.4800000000000004
10.033100000000001,3.04,1.56
10.0356,3.0,1.6666666666666665
10.038200000000002,2.99,1.693333333333333
10.040700000000001,2.91,1.9066666666666663
10.0458,2.81,2.1733333333333333
10.0483,2.88,1.9866666666666668
10.050799999999999,2.88,1.9866666666666668
10.0534,2.93,1.853333333333333
10.0559,2.75,2.3333333333333335
10.058399999999999,3.01,1.6400000000000006
10.0609,2.86,2.0400000000000005
10.0635,3.01,1.6400000000000006
10.066,2.91,1.9066666666666663
10.0685,2.91,1.9066666666666663
10.0716,2.87,2.013333333333333
10.0741,3.09,1.4266666666666672
10.0792,2.89,1.9599999999999995
10.081700000000001,2.91,1.9066666666666663
10.084200000000001,2.67,2.546666666666667
10.086799999999998,2.8,2.2000000000000006
10.0893,2.81,2.1733333333333333
10.0918,2.96,1.7733333333333334
10.094299999999999,3.0,1.6666666666666665
10.0969,2.86,2.0400000000000005
10.0994,3.12,1.3466666666666662
10.101899999999999,3.18,1.186666666666666
10.1045,3.12,1.3466666666666662
10.107,3.12,1.3466666666666662
10.1098,3.1,1.4
10.1125,3.12,1.3466666666666662
10.1153,3.01,1.6400000000000006
10.1175,2.79,2.2266666666666666
10.1202,3.02,1.6133333333333333
10.123,2.76,2.306666666666667
10.1257,2.97,1.7466666666666661
10.1285,2.99,1.693333333333333
10.131200000000002,3.05,1.5333333333333337
10.134,2.9,1.9333333333333336
10.136700000000001,2.86,2.0400000000000005
10.1395,2.74,2.3599999999999994
10.1422,2.9,1.9333333333333336
10.145,3.04,1.56
10.1477,3.0,1.6666666666666665
10.1505,3.04,1.56
10.1532,2.94,1.8266666666666667
10.156,2.98,1.7200000000000002
10.158700000000001,2.81,2.1733333333333333
10.1615,2.93,1.853333333333333
10.164200000000001,2.79,2.2266666666666666
10.167,2.8,2.2000000000000006
10.1697,2.88,1.9866666666666668
10.1725,2.89,1.9599999999999995
10.1752,2.97,1.7466666666666661
10.178,2.88,1.9866666666666668
10.1807,2.94,1.8266666666666667
10.1835,3.23,1.0533333333333332
10.186200000000001,2.76,2.306666666666667
10.189,2.93,1.853333333333333
10.191799999999999,2.71,2.44
10.1945,2.84,2.0933333333333337
10.197299999999998,2.72,2.4133333333333327
10.2,2.83,2.1199999999999997
10.2028,3.12,1.3466666666666662
10.2055,3.06,1.5066666666666664
10.2083,2.91,1.9066666666666663
10.211,3.0,1.6666666666666665
10.213799999999999,2.92,1.8800000000000003
10.219299999999999,3.0,1.6666666666666665
10.222,3.01,1.6400000000000006
10.2248,2.85,2.0666666666666664
10.2275,3.0,1.6666666666666665
10.2303,2.92,1.8800000000000003
10.233,2.98,1.7200000000000002
10.2358,2.92,1.8800000000000003
10.2385,2.88,1.9866666666666668
10.241299999999999,2.86,2.0400000000000005
10.244,2.88,1.9866666666666668
10.246799999999999,2.8,2.2000000000000006
10.2495,2.88,1.9866666666666668
10.2523,2.93,1.853333333333333
10.255,2.92,1.8800000000000003
10.2578,2.95,1.7999999999999994
10.2605,3.1,1.4
10.2633,3.15,1.266666666666667
10.266,3.11,1.3733333333333335
10.268799999999999,3.11,1.3733333333333335
10.2715,3.28,0.9200000000000008
10.2741,3.18,1.186666666666666
10.2766,3.13,1.3200000000000003
10.279200000000001,3.07,1.4800000000000004
10.2817,2.93,1.853333333333333
10.2843,2.8,2.2000000000000006
10.2868,2.83,2.1199999999999997
10.289399999999999,2.83,2.1199999999999997
10.2919,2.93,1.853333333333333
10.2945,2.97,1.7466666666666661
10.297,2.78,2.253333333333334
10.2995,2.95,1.7999999999999994
10.302100000000001,2.88,1.9866666666666668
10.3046,2.82,2.146666666666667
10.3072,2.68,2.5199999999999996
10.309700000000001,2.72,2.4133333333333327
10.312299999999999,2.77,2.28
10.3148,2.89,1.9599999999999995
10.3174,2.97,1.7466666666666661
10.3199,3.03,1.5866666666666673
10.3225,2.95,1.7999999999999994
10.325,2.87,2.013333333333333
10.3276,2.83,2.1199999999999997
10.3301,2.8,2.2000000000000006
10.3327,2.82,2.146666666666667
10.3352,2.83,2.1199999999999997
10.3378,2.99,1.693333333333333
10.3429,3.09,1.4266666666666672
10.3454,3.07,1.4800000000000004
10.348,3.1,1.4
10.3509,3.15,1.266666666666667
10.3542,3.14,1.293333333333333
10.3574,3.09,1.4266666666666672
10.3606,2.88,1.9866666666666668
10.3639,3.08,1.4533333333333331
10.3671,3.0,1.6666666666666665
10.370299999999999,3.06,1.5066666666666664
10.3742,2.78,2.253333333333334
10.3775,3.2,1.1333333333333329
10.380700000000001,2.99,1.693333333333333
10.383899999999999,2.98,1.7200000000000002
10.3872,3.01,1.6400000000000006
10.3904,2.93,1.853333333333333
10.393600000000001,2.95,1.7999999999999994
10.3969,2.89,1.9599999999999995
10.4001,2.9,1.9333333333333336
10.4033,2.95,1.7999999999999994
10.406600000000001,2.95,1.7999999999999994
10.409799999999999,2.91,1.9066666666666663
10.413,3.09,1.4266666666666672
10.4163,3.06,1.5066666666666664
10.4195,3.01,1.6400000000000006
10.4227,3.02,1.6133333333333333
10.426,2.98,1.7200000000000002
10.429200000000002,2.94,1.8266666666666667
10.4324,2.92,1.8800000000000003
10.4357,2.9,1.9333333333333336
10.4389,3.3,0.8666666666666671
10.4421,2.93,1.853333333333333
10.4454,2.72,2.4133333333333327
10.447899999999999,2.9,1.9333333333333336
10.4512,2.61,2.706666666666667
10.4544,2.75,2.3333333333333335
10.4574,2.73,2.3866666666666667
10.459100000000001,2.67,2.546666666666667
10.460899999999999,2.79,2.2266666666666666
10.4627,2.84,2.0933333333333337
10.4644,3.01,1.6400000000000006
10.4662,3.02,1.6133333333333333
10.468,3.08,1.4533333333333331
10.4698,2.88,1.9866666666666668
10.4715,2.95,1.7999999999999994
10.4733,2.99,1.693333333333333
10.475100000000001,2.87,2.013333333333333
10.476799999999999,2.88,1.9866666666666668
10.4786,2.84,2.0933333333333337
10.4804,2.86,2.0400000000000005
10.4822,2.95,1.7999999999999994
10.4839,2.89,1.9599999999999995
10.485700000000001,2.91,1.9066666666666663
10.4875,2.86,2.0400000000000005
10.4892,2.86,2.0400000000000005
10.491,2.83,2.1199999999999997
10.492799999999999,2.77,2.28
10.4945,2.83,2.1199999999999997
10.4963,2.87,2.013333333333333
10.4981,2.9,1.9333333333333336
10.4999,2.92,1.8800000000000003
10.5016,3.08,1.4533333333333331
10.5034,2.97,1.7466666666666661
10.508700000000001,2.97,1.7466666666666661
10.5105,2.92,1.8800000000000003
10.5123,2.86,2.0400000000000005
10.514,2.73,2.3866666666666667
10.515799999999999,2.92,1.8800000000000003
10.5176,2.78,2.253333333333334
10.5193,2.95,1.7999999999999994
10.5211,2.84,2.0933333333333337
10.5229,2.85,2.0666666666666664
10.524700000000001,2.79,2.2266666666666666
10.526399999999999,2.81,2.1733333333333333
10.5282,2.75,2.3333333333333335
10.53,2.71,2.44
10.5317,2.76,2.306666666666667
10.5335,2.91,1.9066666666666663
10.5353,2.84,2.0933333333333337
10.5371,2.97,1.7466666666666661
10.538799999999998,3.04,1.56
10.5406,2.94,1.8266666666666667
10.542399999999999,2.99,1.693333333333333
10.5441,2.96,1.7733333333333334
10.5459,3.05,1.5333333333333337
10.5477,3.07,1.4800000000000004
10.5495,3.07,1.4800000000000004
10.551200000000001,3.09,1.4266666666666672
10.553,3.07,1.4800000000000004
10.554799999999998,3.11,1.3733333333333335
10.5565,2.88,1.9866666666666668
10.5583,2.95,1.7999999999999994
10.5601,3.03,1.5866666666666673
10.5619,3.05,1.5333333333333337
10.563600000000001,2.84,2.0933333333333337
10.5654,2.81,2.1733333333333333
10.567200000000001,2.8,2.2000000000000006
10.5689,2.88,1.9866666666666668
10.5707,2.83,2.1199999999999997
10.5725,2.79,2.2266666666666666
10.574200000000001,2.78,2.253333333333334
10.576,2.84,2.0933333333333337
10.5778,2.88,1.9866666666666668
10.579600000000001,2.81,2.1733333333333333
10.581299999999999,2.85,2.0666666666666664
10.5831,2.85,2.0666666666666664
10.5849,2.8,2.2000000000000006
10.5866,2.86,2.0400000000000005
10.5884,2.97,1.7466666666666661
10.590200000000001,3.01,1.6400000000000006
10.592,3.03,1.5866666666666673
10.5937,3.08,1.4533333333333331
10.5955,3.05,1.5333333333333337
10.597299999999999,3.03,1.5866666666666673
10.599,2.91,1.9066666666666663
10.6008,2.72,2.4133333333333327
10.6026,2.82,2.146666666666667
10.6044,2.73,2.3866666666666667
10.6061,2.64,2.6266666666666665
10.607899999999999,2.6,2.733333333333333
10.6097,2.49,3.0266666666666664
10.6114,2.69,2.4933333333333336
10.6132,2.67,2.546666666666667
10.615,2.74,2.3599999999999994
10.6168,2.84,2.0933333333333337
10.6185,2.8,2.2000000000000006
10.620299999999999,2.7,2.4666666666666663
10.6221,2.62,2.6799999999999997
10.6238,2.66,2.573333333333333
10.6256,2.59,2.7600000000000002
10.6274,2.66,2.573333333333333
10.6292,2.64,2.6266666666666665
10.6309,2.71,2.44
10.632700000000002,2.78,2.253333333333334
10.6345,2.92,1.8800000000000003
10.6362,2.96,1.7733333333333334
10.638,3.25,1.0
10.6398,2.96,1.7733333333333334
10.6416,2.98,1.7200000000000002
10.6433,2.91,1.9066666666666663
10.645100000000001,2.92,1.8800000000000003
10.6469,2.84,2.0933333333333337
10.6486,2.8,2.2000000000000006
10.6504,2.71,2.44
10.6522,2.51,2.973333333333334
10.654,2.8,2.2000000000000006
10.655700000000001,2.81,2.1733333333333333
10.6575,2.82,2.146666666666667
10.6593,2.91,1.9066666666666663
10.661,2.9,1.9333333333333336
10.662799999999999,2.9,1.9333333333333336
10.6646,2.91,1.9066666666666663
10.6663,2.93,1.853333333333333
10.6681,2.97,1.7466666666666661
10.6699,2.95,1.7999999999999994
10.671700000000001,3.16,1.2399999999999998
10.673399999999999,3.06,1.5066666666666664
10.6752,2.92,1.8800000000000003
10.677,3.09,1.4266666666666672
10.678700000000001,3.03,1.5866666666666673
10.6805,3.03,1.5866666666666673
10.6823,2.95,1.7999999999999994
10.6841,3.0,1.6666666666666665
10.685799999999999,2.94,1.8266666666666667
10.6876,2.8,2.2000000000000006
10.6894,2.9,1.9333333333333336
10.6911,2.72,2.4133333333333327
10.6929,2.89,1.9599999999999995
10.694700000000001,2.63,2.6533333333333338
10.6965,2.55,2.866666666666667
10.6982,2.56,2.84
10.7,2.5,3.0
10.703,2.56,2.84
10.7119,2.92,1.8800000000000003
10.7149,2.93,1.853333333333333
10.717799999999999,2.95,1.7999999999999994
10.720799999999999,2.93,1.853333333333333
10.723799999999999,3.02,1.6133333333333333
10.726700000000001,2.92,1.8800000000000003
10.729700000000001,2.97,1.7466666666666661
10.732700000000001,2.64,2.6266666666666665
10.7356,2.78,2.253333333333334
10.7386,2.62,2.6799999999999997
10.7416,2.55,2.866666666666667
10.7446,2.55,2.866666666666667
10.7475,2.78,2.253333333333334
10.7505,2.76,2.306666666666667
10.7535,2.8,2.2000000000000006
10.7564,2.83,2.1199999999999997
10.7594,2.66,2.573333333333333
10.7624,2.75,2.3333333333333335
10.7654,2.55,2.866666666666667
10.7683,2.68,2.5199999999999996
10.7713,2.61,2.706666666666667
10.774299999999998,2.42,3.213333333333334
10.7772,2.63,2.6533333333333338
10.7802,2.44,3.16
10.7832,2.54,2.893333333333333
10.786100000000001,2.31,3.506666666666667
10.789100000000001,2.63,2.6533333333333338
10.7921,2.78,2.253333333333334
10.7951,2.97,1.7466666666666661
10.798,3.04,1.56
10.801,3.11,1.3733333333333335
10.803,3.15,1.266666666666667
10.805,3.25,1.0
10.8071,3.14,1.293333333333333
10.8131,3.0,1.6666666666666665
10.815100000000001,2.96,1.7733333333333334
10.817200000000001,2.99,1.693333333333333
10.8192,3.01,1.6400000000000006
10.821200000000001,3.02,1.6133333333333333
10.8232,2.92,1.8800000000000003
10.8252,2.96,1.7733333333333334
10.8273,2.83,2.1199999999999997
10.8293,2.95,1.7999999999999994
10.831299999999999,2.97,1.7466666666666661
10.8333,2.95,1.7999999999999994
10.8353,2.99,1.693333333333333
10.837399999999999,3.01,1.6400000000000006
10.8394,2.96,1.7733333333333334
10.8414,2.95,1.7999999999999994
10.843399999999999,3.0,1.6666666666666665
10.8454,3.03,1.5866666666666673
10.8475,3.03,1.5866666666666673
10.8495,2.9,1.9333333333333336
10.8515,3.06,1.5066666666666664
10.8535,3.05,1.5333333333333337
10.8555,3.07,1.4800000000000004
10.8576,3.04,1.56
10.8596,2.89,1.9599999999999995
10.8636,2.89,1.9599999999999995
10.8656,2.78,2.253333333333334
10.8697,2.84,2.0933333333333337
10.8717,2.9,1.9333333333333336
10.873700000000001,2.87,2.013333333333333
10.8757,2.73,2.3866666666666667
10.877799999999999,2.8,2.2000000000000006
10.8798,2.96,1.7733333333333334
10.8818,2.93,1.853333333333333
10.883799999999999,2.82,2.146666666666667
10.8858,3.03,1.5866666666666673
10.8879,2.95,1.7999999999999994
10.889899999999999,2.94,1.8266666666666667
10.8919,2.91,1.9066666666666663
10.8939,2.98,1.7200000000000002
10.8959,3.01,1.6400000000000006
10.898,2.87,2.013333333333333
10.9,3.07,1.4800000000000004
10.902,3.05,1.5333333333333337
10.904,2.95,1.7999999999999994
10.906,2.98,1.7200000000000002
10.908100000000001,2.98,1.7200000000000002
10.9101,2.87,2.013333333333333
10.9121,3.09,1.4266666666666672
10.914100000000001,3.05,1.5333333333333337
10.9161,3.06,1.5066666666666664
10.9182,3.04,1.56
10.920200000000001,3.05,1.5333333333333337
10.9222,3.06,1.5066666666666664
10.9242,3.01,1.6400000000000006
10.926200000000001,2.95,1.7999999999999994
10.9283,2.94,1.8266666666666667
10.930299999999999,2.74,2.3599999999999994
10.9323,2.79,2.2266666666666666
10.934299999999999,2.75,2.3333333333333335
10.9363,2.72,2.4133333333333327
10.9384,2.8,2.2000000000000006
10.9404,2.7,2.4666666666666663
10.9425,2.69,2.4933333333333336
10.945200000000002,2.73,2.3866666666666667
10.947899999999999,2.72,2.4133333333333327
10.9506,2.88,1.9866666666666668
10.9534,2.8,2.2000000000000006
10.956100000000001,2.89,1.9599999999999995
10.9588,2.91,1.9066666666666663
10.9615,2.96,1.7733333333333334
10.9642,2.94,1.8266666666666667
10.966899999999999,3.0,1.6666666666666665
10.9696,2.95,1.7999999999999994
10.972299999999999,2.93,1.853333333333333
10.975,2.9,1.9333333333333336
10.9777,2.91,1.9066666666666663
10.9804,2.85,2.0666666666666664
10.9831,2.91,1.9066666666666663
10.9858,2.89,1.9599999999999995
10.9885,2.87,2.013333333333333
10.991200000000001,2.94,1.8266666666666667
10.9939,2.89,1.9599999999999995
10.9966,2.99,1.693333333333333
10.9993,2.95,1.7999999999999994
11.002,2.97,1.7466666666666661
11.004700000000001,2.89,1.9599999999999995
11.0074,2.8,2.2000000000000006
11.0101,2.81,2.1733333333333333
11.012799999999999,2.73,2.3866666666666667
11.0155,2.63,2.6533333333333338
11.0182,2.71,2.44
11.0209,2.58,2.7866666666666666
11.023299999999999,2.6,2.733333333333333
11.0253,2.74,2.3599999999999994
11.0274,2.87,2.013333333333333
11.0295,2.9,1.9333333333333336
11.031600000000001,2.87,2.013333333333333
11.033700000000001,3.04,1.56
11.0358,3.03,1.5866666666666673
11.0379,3.06,1.5066666666666664
11.04,3.02,1.6133333333333333
11.0421,3.09,1.4266666666666672
11.0442,3.1,1.4
11.0462,3.1,1.4
11.0483,3.14,1.293333333333333
11.0504,3.07,1.4800000000000004
11.0525,3.1,1.4
11.0546,3.06,1.5066666666666664
11.056700000000001,3.0,1.6666666666666665
11.0588,2.96,1.7733333333333334
11.0609,3.16,1.2399999999999998
11.063,2.98,1.7200000000000002
11.065100000000001,3.11,1.3733333333333335
11.0671,3.0,1.6666666666666665
11.0692,3.15,1.266666666666667
11.071299999999999,3.08,1.4533333333333331
11.0734,3.06,1.5066666666666664
11.0755,2.85,2.0666666666666664
11.0776,2.87,2.013333333333333
11.0797,2.9,1.9333333333333336
11.0818,3.0,1.6666666666666665
11.0839,2.92,1.8800000000000003
11.086,2.95,1.7999999999999994
11.088,2.94,1.8266666666666667
11.0901,2.99,1.693333333333333
11.0922,2.99,1.693333333333333
11.094299999999999,3.03,1.5866666666666673
11.0964,3.14,1.293333333333333
11.0985,3.1,1.4
11.1006,3.09,1.4266666666666672
11.1027,3.04,1.56
11.1048,3.11,1.3733333333333335
11.1069,3.21,1.106666666666667
11.1089,3.25,1.0
11.111,3.14,1.293333333333333
11.113100000000001,3.14,1.293333333333333
11.115200000000002,3.12,1.3466666666666662
11.117299999999998,3.0,1.6666666666666665
11.119399999999999,2.9,1.9333333333333336
11.1215,3.02,1.6133333333333333
11.1236,2.93,1.853333333333333
11.1257,2.97,1.7466666666666661
11.127799999999999,2.94,1.8266666666666667
11.1298,2.87,2.013333333333333
11.1319,2.95,1.7999999999999994
11.134,2.78,2.253333333333334
11.1361,2.82,2.146666666666667
11.138200000000001,2.89,1.9599999999999995
11.1403,2.88,1.9866666666666668
11.1424,2.9,1.9333333333333336
11.1445,2.76,2.306666666666667
11.146600000000001,2.9,1.9333333333333336
11.148700000000002,3.01,1.6400000000000006
11.1507,3.12,1.3466666666666662
11.1528,2.89,1.9599999999999995
11.1549,3.07,1.4800000000000004
11.157,3.04,1.56
11.1591,3.04,1.56
11.161200000000001,2.92,1.8800000000000003
11.1633,2.84,2.0933333333333337
11.1654,2.9,1.9333333333333336
11.1675,2.81,2.1733333333333333
11.1696,2.51,2.973333333333334
11.1716,2.68,2.5199999999999996
11.1737,2.74,2.3599999999999994
11.175799999999999,2.83,2.1199999999999997
11.1779,2.8,2.2000000000000006
11.18,2.91,1.9066666666666663
11.1821,2.88,1.9866666666666668
11.1842,2.83,2.1199999999999997
11.1863,2.83,2.1199999999999997
11.1884,2.7,2.4666666666666663
11.1905,2.88,1.9866666666666668
11.1925,2.81,2.1733333333333333
11.194600000000001,2.9,1.9333333333333336
11.1967,3.13,1.3200000000000003
11.198799999999999,3.2,1.1333333333333329
11.200899999999999,3.21,1.106666666666667
11.203,3.15,1.266666666666667
11.2051,3.21,1.106666666666667
11.2072,3.08,1.4533333333333331
11.209299999999999,2.99,1.693333333333333
11.2114,3.01,1.6400000000000006
11.2134,2.88,1.9866666666666668
11.2155,3.07,1.4800000000000004
11.217600000000001,2.96,1.7733333333333334
11.219700000000001,2.97,1.7466666666666661
11.2218,3.02,1.6133333333333333
11.2239,3.05,1.5333333333333337
11.226,2.93,1.853333333333333
11.2281,3.07,1.4800000000000004
11.2302,3.1,1.4
11.232299999999999,3.03,1.5866666666666673
11.2343,3.01,1.6400000000000006
11.2364,3.1,1.4
11.2385,3.08,1.4533333333333331
11.2406,3.15,1.266666666666667
11.242700000000001,3.1,1.4
11.2448,3.09,1.4266666666666672
11.2469,3.03,1.5866666666666673
11.249,2.98,1.7200000000000002
11.251100000000001,2.76,2.306666666666667
11.253200000000001,2.97,1.7466666666666661
11.2552,3.01,1.6400000000000006
11.257299999999999,3.06,1.5066666666666664
11.2594,2.79,2.2266666666666666
11.2615,2.67,2.546666666666667
11.2636,2.75,2.3333333333333335
11.2657,2.63,2.6533333333333338
11.2678,2.84,2.0933333333333337
11.2699,3.0,1.6666666666666665
11.272,3.02,1.6133333333333333
11.2741,3.1,1.4
11.2761,3.0,1.6666666666666665
11.2782,2.93,1.853333333333333
11.280299999999999,2.86,2.0400000000000005
11.282399999999999,2.9,1.9333333333333336
11.2845,3.04,1.56
11.2866,2.83,2.1199999999999997
11.2887,2.65,2.6
11.290799999999999,2.67,2.546666666666667
11.2929,2.92,1.8800000000000003
11.295,2.96,1.7733333333333334
11.297,2.95,1.7999999999999994
11.299100000000001,2.88,1.9866666666666668
11.301200000000001,3.0,1.6666666666666665
11.3033,2.88,1.9866666666666668
11.305399999999999,2.86,2.0400000000000005
11.3075,2.79,2.2266666666666666
11.3096,2.59,2.7600000000000002
11.3117,2.67,2.546666666666667
11.3139,2.9,1.9333333333333336
11.3161,2.88,1.9866666666666668
11.318299999999999,2.92,1.8800000000000003
11.3205,3.11,1.3733333333333335
11.322700000000001,3.11,1.3733333333333335
11.3249,3.29,0.8933333333333335
11.3271,3.05,1.5333333333333337
11.3292,3.06,1.5066666666666664
11.3314,3.15,1.266666666666667
11.3336,3.2,1.1333333333333329
11.335799999999999,3.07,1.4800000000000004
11.338,2.99,1.693333333333333
11.340200000000001,3.04,1.56
11.3424,2.97,1.7466666666666661
11.3445,2.98,1.7200000000000002
11.3467,3.04,1.56
11.3489,2.93,1.853333333333333
11.3511,3.03,1.5866666666666673
11.353299999999999,2.98,1.7200000000000002
11.3555,3.0,1.6666666666666665
11.357700000000001,2.96,1.7733333333333334
11.3598,2.99,1.693333333333333
11.362,2.87,2.013333333333333
11.3642,2.98,1.7200000000000002
11.3664,2.91,1.9066666666666663
11.3686,3.01,1.6400000000000006
11.3708,3.07,1.4800000000000004
11.373,2.94,1.8266666666666667
11.3751,2.91,1.9066666666666663
11.3773,3.02,1.6133333333333333
11.3795,2.67,2.546666666666667
11.3817,2.47,3.079999999999999
11.383899999999999,2.78,2.253333333333334
11.3861,2.92,1.8800000000000003
11.3883,2.81,2.1733333333333333
11.3905,2.91,1.9066666666666663
11.3926,3.03,1.5866666666666673
11.3948,2.76,2.306666666666667
11.397,2.9,1.9333333333333336
11.3992,2.78,2.253333333333334
11.401399999999999,2.85,2.0666666666666664
11.4036,2.84,2.0933333333333337
11.4058,3.0,1.6666666666666665
11.4079,3.07,1.4800000000000004
11.4101,3.2,1.1333333333333329
11.412700000000001,3.09,1.4266666666666672
11.4154,3.09,1.4266666666666672
11.4182,3.02,1.6133333333333333
11.421,2.93,1.853333333333333
11.4237,2.95,1.7999999999999994
11.4265,2.84,2.0933333333333337
11.4293,2.83,2.1199999999999997
11.432,2.83,2.1199999999999997
11.4348,2.75,2.3333333333333335
11.4376,2.64,2.6266666666666665
11.440299999999999,2.8,2.2000000000000006
11.443100000000001,2.73,2.3866666666666667
11.4459,2.93,1.853333333333333
11.4487,2.88,1.9866666666666668
11.4514,2.81,2.1733333333333333
11.4542,2.73,2.3866666666666667
11.457,2.92,1.8800000000000003
11.459700000000002,2.86,2.0400000000000005
11.4625,3.19,1.1600000000000001
11.4653,2.99,1.693333333333333
11.468,2.85,2.0666666666666664
11.470799999999999,2.8,2.2000000000000006
11.473600000000001,3.01,1.6400000000000006
11.476299999999998,3.08,1.4533333333333331
11.4791,2.85,2.0666666666666664
11.4819,2.94,1.8266666666666667
11.4846,2.8,2.2000000000000006
11.4874,2.9,1.9333333333333336
11.490200000000002,2.85,2.0666666666666664
11.492899999999999,2.95,1.7999999999999994
11.495700000000001,3.11,1.3733333333333335
11.4985,3.05,1.5333333333333337
11.501299999999999,2.89,1.9599999999999995
11.504,2.83,2.1199999999999997
11.5068,2.99,1.693333333333333
11.5096,2.94,1.8266666666666667
11.5123,2.92,1.8800000000000003
11.5151,3.02,1.6133333333333333
11.5179,3.02,1.6133333333333333
11.5206,2.7,2.4666666666666663
11.523399999999999,2.97,1.7466666666666661
11.526200000000001,2.91,1.9066666666666663
11.5289,3.03,1.5866666666666673
11.5317,3.05,1.5333333333333337
11.5345,3.04,1.56
11.5372,2.98,1.7200000000000002
11.54,3.0,1.6666666666666665
11.5428,2.84,2.0933333333333337
11.5455,2.83,2.1199999999999997
11.5483,2.95,1.7999999999999994
11.5511,2.91,1.9066666666666663
11.5539,2.94,1.8266666666666667
11.5566,2.88,1.9866666666666668
11.5594,2.72,2.4133333333333327
11.5622,2.65,2.6
11.5649,2.79,2.2266666666666666
11.5677,2.92,1.8800000000000003
11.5705,2.97,1.7466666666666661
11.5732,3.15,1.266666666666667
11.576,3.11,1.3733333333333335
11.5788,3.13,1.3200000000000003
11.5816,3.0,1.6666666666666665
11.5845,2.75,2.3333333333333335
11.587299999999999,2.6,2.733333333333333
11.5901,2.86,2.0400000000000005
11.5929,2.97,1.7466666666666661
11.5957,2.91,1.9066666666666663
11.5985,2.74,2.3599999999999994
11.6014,2.89,1.9599999999999995
11.6042,2.88,1.9866666666666668
11.607,2.85,2.0666666666666664
11.6098,2.92,1.8800000000000003
11.6126,2.73,2.3866666666666667
11.6154,3.05,1.5333333333333337
11.6183,3.13,1.3200000000000003
11.6211,3.1,1.4
11.623899999999999,3.06,1.5066666666666664
11.626700000000001,2.73,2.3866666666666667
11.6295,2.82,2.146666666666667
11.632299999999999,2.73,2.3866666666666667
11.635200000000001,2.84,2.0933333333333337
11.638,2.72,2.4133333333333327
11.640799999999999,2.85,2.0666666666666664
11.643600000000001,2.86,2.0400000000000005
11.6464,2.6,2.733333333333333
11.6492,2.68,2.5199999999999996
11.6521,2.84,2.0933333333333337
11.6549,3.08,1.4533333333333331
11.6575,3.12,1.3466666666666662
11.66,3.01,1.6400000000000006
11.6624,2.98,1.7200000000000002
11.6649,3.08,1.4533333333333331
11.667399999999999,2.9,1.9333333333333336
11.6699,2.9,1.9333333333333336
11.6724,2.95,1.7999999999999994
11.6749,2.88,1.9866666666666668
11.677299999999999,3.03,1.5866666666666673
11.679799999999998,3.06,1.5066666666666664
11.6823,3.18,1.186666666666666
11.6848,3.0,1.6666666666666665
11.687299999999999,3.07,1.4800000000000004
11.6897,3.15,1.266666666666667
11.692200000000001,3.21,1.106666666666667
11.694700000000001,2.96,1.7733333333333334
11.6972,3.11,1.3733333333333335
11.6997,3.14,1.293333333333333
11.704600000000001,2.74,2.3599999999999994
11.7071,2.92,1.8800000000000003
11.7096,2.84,2.0933333333333337
11.7145,2.81,2.1733333333333333
11.717,2.87,2.013333333333333
11.7194,2.59,2.7600000000000002
11.721200000000001,2.96,1.7733333333333334
11.7231,2.89,1.9599999999999995
11.725,2.86,2.0400000000000005
11.726799999999999,2.85,2.0666666666666664
11.7287,2.77,2.28
11.7306,2.83,2.1199999999999997
11.7362,2.93,1.853333333333333
11.738,3.13,1.3200000000000003
11.7399,3.01,1.6400000000000006
11.7418,3.1,1.4
11.7436,3.1,1.4
11.7455,2.99,1.693333333333333
11.747399999999999,3.1,1.4
11.7492,2.91,1.9066666666666663
11.751100000000001,2.97,1.7466666666666661
11.753,2.97,1.7466666666666661
11.7548,2.87,2.013333333333333
11.7567,2.91,1.9066666666666663
11.7586,2.91,1.9066666666666663
11.760399999999999,2.92,1.8800000000000003
11.7623,2.87,2.013333333333333
11.7679,3.0,1.6666666666666665
11.7698,2.94,1.8266666666666667
11.771600000000001,2.95,1.7999999999999994
11.7735,2.96,1.7733333333333334
11.7754,3.02,1.6133333333333333
11.7772,2.87,2.013333333333333
11.7791,2.95,1.7999999999999994
11.781,2.88,1.9866666666666668
11.7828,2.85,2.0666666666666664
11.7847,2.88,1.9866666666666668
11.7866,2.86,2.0400000000000005
11.7884,2.83,2.1199999999999997
11.790299999999998,2.68,2.5199999999999996
11.7921,2.78,2.253333333333334
11.794,2.77,2.28
11.7959,2.7,2.4666666666666663
11.7981,2.63,2.6533333333333338
11.800799999999999,2.8,2.2000000000000006
11.8035,2.81,2.1733333333333333
11.8062,2.87,2.013333333333333
11.8116,2.75,2.3333333333333335
11.8143,2.98,1.7200000000000002
11.817,3.08,1.4533333333333331
11.819700000000001,2.81,2.1733333333333333
11.8224,2.77,2.28
11.8251,3.04,1.56
11.8278,2.97,1.7466666666666661
11.833200000000001,2.76,2.306666666666667
11.835899999999999,3.04,1.56
11.8386,3.08,1.4533333333333331
11.8418,2.91,1.9066666666666663
11.8445,2.82,2.146666666666667
11.8472,2.91,1.9066666666666663
11.8499,2.84,2.0933333333333337
11.8526,2.98,1.7200000000000002
11.8553,2.82,2.146666666666667
11.858,3.03,1.5866666666666673
11.860700000000001,2.82,2.146666666666667
11.8634,2.89,1.9599999999999995
11.866100000000001,2.84,2.0933333333333337
11.868799999999998,2.98,1.7200000000000002
11.8715,3.0,1.6666666666666665
11.8742,2.91,1.9066666666666663
11.8769,2.95,1.7999999999999994
11.8796,2.95,1.7999999999999994
11.882299999999999,3.06,1.5066666666666664
11.885,3.05,1.5333333333333337
11.8877,3.12,1.3466666666666662
11.8904,3.12,1.3466666666666662
11.892100000000001,3.08,1.4533333333333331
11.8948,3.17,1.2133333333333334
11.8975,3.19,1.1600000000000001
11.899899999999999,3.11,1.3733333333333335
11.9022,3.15,1.266666666666667
11.9045,3.08,1.4533333333333331
11.9069,2.97,1.7466666666666661
11.9092,2.86,2.0400000000000005
11.9116,2.98,1.7200000000000002
11.9139,2.94,1.8266666666666667
11.9162,3.02,1.6133333333333333
11.9186,2.91,1.9066666666666663
11.9209,2.95,1.7999999999999994
11.923200000000001,2.79,2.2266666666666666
11.925600000000001,2.81,2.1733333333333333
11.9279,2.93,1.853333333333333
11.930200000000001,2.94,1.8266666666666667
11.9326,2.97,1.7466666666666661
11.934899999999999,3.22,1.0799999999999996
11.937299999999999,3.03,1.5866666666666673
11.9396,3.16,1.2399999999999998
11.9419,3.13,1.3200000000000003
11.9443,3.22,1.0799999999999996
11.9466,3.01,1.6400000000000006
11.9489,3.01,1.6400000000000006
11.9513,2.85,2.0666666666666664
11.9536,2.92,1.8800000000000003
11.9559,2.92,1.8800000000000003
11.9583,3.0,1.6666666666666665
11.960600000000001,3.03,1.5866666666666673
11.963,3.14,1.293333333333333
11.9653,3.15,1.266666666666667
11.967600000000001,3.2,1.1333333333333329
11.97,3.02,1.6133333333333333
11.977,3.04,1.56
11.979299999999999,2.78,2.253333333333334
11.9816,2.93,1.853333333333333
11.984,2.93,1.853333333333333
11.988700000000001,2.82,2.146666666666667
11.991,2.77,2.28
11.9933,2.72,2.4133333333333327
11.995700000000001,2.63,2.6533333333333338
11.998,2.58,2.7866666666666666
12.000399999999999,2.68,2.5199999999999996
12.002799999999999,2.69,2.4933333333333336
12.0051,2.82,2.146666666666667
12.0075,2.85,2.0666666666666664
12.0099,2.85,2.0666666666666664
12.0123,2.77,2.28
12.014700000000001,2.88,1.9866666666666668
12.017100000000001,2.92,1.8800000000000003
12.0194,2.96,1.7733333333333334
12.021799999999999,3.0,1.6666666666666665
12.0242,2.93,1.853333333333333
12.0266,2.78,2.253333333333334
12.029,2.66,2.573333333333333
12.0314,2.78,2.253333333333334
12.033700000000001,2.68,2.5199999999999996
12.036100000000001,2.79,2.2266666666666666
12.0385,2.99,1.693333333333333
12.040899999999999,2.83,2.1199999999999997
12.043299999999999,2.79,2.2266666666666666
12.0457,2.85,2.0666666666666664
12.048,2.64,2.6266666666666665
12.0504,2.8,2.2000000000000006
12.0528,2.85,2.0666666666666664
12.055200000000001,3.01,1.6400000000000006
12.0576,3.05,1.5333333333333337
12.059899999999999,3.09,1.4266666666666672
12.062299999999999,2.98,1.7200000000000002
12.0647,2.85,2.0666666666666664
12.0671,2.63,2.6533333333333338
12.0695,2.75,2.3333333333333335
12.0719,2.67,2.546666666666667
12.074200000000001,2.7,2.4666666666666663
12.076600000000001,2.96,1.7733333333333334
12.079,2.69,2.4933333333333336
12.0814,2.67,2.546666666666667
12.0838,2.86,2.0400000000000005
12.086200000000002,2.9,1.9333333333333336
12.0885,2.78,2.253333333333334
12.0909,2.79,2.2266666666666666
12.0933,2.62,2.6799999999999997
12.0957,2.56,2.84
12.0981,2.61,2.706666666666667
12.1004,2.86,2.0400000000000005
12.102799999999998,2.92,1.8800000000000003
12.1052,2.95,1.7999999999999994
12.1076,2.92,1.8800000000000003
12.11,2.74,2.3599999999999994
12.1124,2.71,2.44
12.114700000000001,2.66,2.573333333333333
12.1171,2.61,2.706666666666667
12.1195,2.69,2.4933333333333336
12.1219,2.78,2.253333333333334
12.124799999999999,2.8,2.2000000000000006
12.1271,2.85,2.0666666666666664
12.1295,2.85,2.0666666666666664
12.1319,2.87,2.013333333333333
12.1343,2.88,1.9866666666666668
12.136700000000001,2.91,1.9066666666666663
12.139,2.98,1.7200000000000002
12.142,2.94,1.8266666666666667
12.1454,2.89,1.9599999999999995
12.1488,2.97,1.7466666666666661
12.1522,2.83,2.1199999999999997
12.1556,2.76,2.306666666666667
12.159,2.84,2.0933333333333337
12.1624,2.89,1.9599999999999995
12.165799999999999,2.69,2.4933333333333336
12.1692,2.72,2.4133333333333327
12.1725,2.78,2.253333333333334
12.1759,2.67,2.546666666666667
12.1793,2.82,2.146666666666667
12.1827,3.09,1.4266666666666672
12.1861,3.05,1.5333333333333337
12.1895,2.99,1.693333333333333
12.1908,2.66,2.573333333333333
12.1942,2.75,2.3333333333333335
12.1976,2.82,2.146666666666667
12.201,2.85,2.0666666666666664
12.2044,2.75,2.3333333333333335
12.211200000000002,2.88,1.9866666666666668
12.2146,3.03,1.5866666666666673
12.218,3.03,1.5866666666666673
12.2213,2.98,1.7200000000000002
12.2246,2.96,1.7733333333333334
12.2279,2.93,1.853333333333333
12.2311,2.85,2.0666666666666664
12.234399999999999,2.96,1.7733333333333334
12.2377,2.91,1.9066666666666663
12.241,3.1,1.4
12.244299999999999,2.95,1.7999999999999994
12.2475,2.94,1.8266666666666667
12.2508,2.98,1.7200000000000002
12.254100000000001,3.06,1.5066666666666664
12.2574,2.9,1.9333333333333336
12.2606,2.78,2.253333333333334
12.2639,2.81,2.1733333333333333
12.2672,2.69,2.4933333333333336
12.2705,2.56,2.84
12.273700000000002,2.74,2.3599999999999994
12.277,2.71,2.44
12.280299999999999,2.86,2.0400000000000005
12.2836,2.97,1.7466666666666661
12.2869,2.85,2.0666666666666664
12.2901,3.09,1.4266666666666672
12.2934,3.01,1.6400000000000006
12.296700000000001,3.01,1.6400000000000006
12.299100000000001,3.13,1.3200000000000003
12.3009,2.92,1.8800000000000003
12.302700000000002,3.01,1.6400000000000006
12.3045,2.94,1.8266666666666667
12.306299999999998,2.87,2.013333333333333
12.3081,2.93,1.853333333333333
12.309899999999999,2.96,1.7733333333333334
12.3117,2.69,2.4933333333333336
12.3135,2.77,2.28
12.315299999999999,2.65,2.6
12.3171,2.79,2.2266666666666666
12.3189,2.75,2.3333333333333335
12.3207,2.58,2.7866666666666666
12.3225,2.7,2.4666666666666663
12.3243,2.75,2.3333333333333335
12.3261,2.59,2.7600000000000002
12.3279,2.82,2.146666666666667
12.329600000000001,2.63,2.6533333333333338
12.3314,2.82,2.146666666666667
12.333200000000001,2.69,2.4933333333333336
12.335,2.87,2.013333333333333
12.336799999999998,2.89,1.9599999999999995
12.3386,3.16,1.2399999999999998
12.340399999999999,3.02,1.6133333333333333
12.3422,3.0,1.6666666666666665
12.344,2.92,1.8800000000000003
12.345799999999999,2.94,1.8266666666666667
12.3476,2.86,2.0400000000000005
12.3494,2.88,1.9866666666666668
12.353,2.67,2.546666666666667
12.3548,2.77,2.28
12.3566,2.77,2.28
12.3584,2.83,2.1199999999999997
12.3602,2.73,2.3866666666666667
12.362,2.64,2.6266666666666665
12.3638,2.79,2.2266666666666666
12.3656,2.76,2.306666666666667
12.3674,2.87,2.013333333333333
12.369200000000001,2.87,2.013333333333333
12.371,2.77,2.28
12.3728,2.99,1.693333333333333
12.374600000000001,3.07,1.4800000000000004
12.3764,3.08,1.4533333333333331
12.378200000000001,3.05,1.5333333333333337
12.38,3.15,1.266666666666667
12.3826,3.08,1.4533333333333331
12.3851,2.97,1.7466666666666661
12.3877,3.05,1.5333333333333337
12.3903,2.94,1.8266666666666667
12.3928,2.86,2.0400000000000005
12.3954,2.84,2.0933333333333337
12.3979,2.9,1.9333333333333336
12.4005,2.85,2.0666666666666664
12.4031,3.08,1.4533333333333331
12.4056,3.0,1.6666666666666665
12.4108,2.86,2.0400000000000005
12.4133,2.85,2.0666666666666664
12.415899999999999,2.83,2.1199999999999997
12.4185,2.66,2.573333333333333
12.421,2.99,1.693333333333333
12.4236,2.94,1.8266666666666667
12.426200000000001,3.01,1.6400000000000006
12.428700000000001,2.93,1.853333333333333
12.431299999999998,2.99,1.693333333333333
12.4338,2.85,2.0666666666666664
12.436399999999999,2.93,1.853333333333333
12.439,2.87,2.013333333333333
12.4415,2.99,1.693333333333333
12.4441,3.0,1.6666666666666665
12.4467,3.1,1.4
12.449200000000001,3.09,1.4266666666666672
12.451799999999999,3.02,1.6133333333333333
12.4544,2.84,2.0933333333333337
12.4569,2.9,1.9333333333333336
12.4595,2.84,2.0933333333333337
12.4621,2.87,2.013333333333333
12.4646,2.85,2.0666666666666664
12.4672,2.84,2.0933333333333337
12.469700000000001,2.7,2.4666666666666663
12.472299999999999,2.87,2.013333333333333
12.4749,2.67,2.546666666666667
12.4774,2.71,2.44
12.48,2.62,2.6799999999999997
12.482299999999999,2.85,2.0666666666666664
12.4847,3.01,1.6400000000000006
12.487,2.96,1.7733333333333334
12.4893,2.95,1.7999999999999994
12.491700000000002,2.85,2.0666666666666664
12.494,2.95,1.7999999999999994
12.4963,2.98,1.7200000000000002
12.498700000000001,2.86,2.0400000000000005
12.501,2.77,2.28
12.5034,3.03,1.5866666666666673
12.505700000000001,2.99,1.693333333333333
12.508,2.99,1.693333333333333
12.510399999999999,2.96,1.7733333333333334
12.5127,3.01,1.6400000000000006
12.515,2.94,1.8266666666666667
12.5174,2.97,1.7466666666666661
12.5197,2.98,1.7200000000000002
12.522,3.0,1.6666666666666665
12.5244,3.07,1.4800000000000004
12.5267,3.01,1.6400000000000006
12.529,2.96,1.7733333333333334
12.5314,2.96,1.7733333333333334
12.533700000000001,2.88,1.9866666666666668
12.536100000000001,2.88,1.9866666666666668
12.5384,2.88,1.9866666666666668
12.540700000000001,2.87,2.013333333333333
12.5431,2.88,1.9866666666666668
12.545399999999999,2.91,1.9066666666666663
12.5477,3.08,1.4533333333333331
12.5501,2.99,1.693333333333333
12.5524,3.01,1.6400000000000006
12.5547,2.99,1.693333333333333
12.558,2.86,2.0400000000000005
12.5603,3.06,1.5066666666666664
12.5631,3.07,1.4800000000000004
12.5655,3.1,1.4
12.5678,2.86,2.0400000000000005
12.570200000000002,2.98,1.7200000000000002
12.5725,2.95,1.7999999999999994
12.5748,2.87,2.013333333333333
12.577200000000001,3.08,1.4533333333333331
12.5795,3.01,1.6400000000000006
12.5818,2.9,1.9333333333333336
12.584200000000001,2.96,1.7733333333333334
12.5865,2.85,2.0666666666666664
12.588799999999999,2.79,2.2266666666666666
12.5912,3.13,1.3200000000000003
12.5935,2.85,2.0666666666666664
12.595799999999999,2.84,2.0933333333333337
12.5982,2.76,2.306666666666667
12.6005,2.84,2.0933333333333337
12.6029,2.79,2.2266666666666666
12.6052,3.02,1.6133333333333333
12.6061,3.08,1.4533333333333331
12.6085,2.95,1.7999999999999994
12.6108,2.93,1.853333333333333
12.613100000000001,2.86,2.0400000000000005
12.6155,2.85,2.0666666666666664
12.617799999999999,2.96,1.7733333333333334
12.6201,3.01,1.6400000000000006
12.6225,2.86,2.0400000000000005
12.624799999999999,2.88,1.9866666666666668
12.6271,2.9,1.9333333333333336
12.6295,2.93,1.853333333333333
12.6318,2.96,1.7733333333333334
12.6341,2.9,1.9333333333333336
12.6365,2.99,1.693333333333333
12.6388,3.03,1.5866666666666673
12.641200000000001,2.96,1.7733333333333334
12.6435,2.94,1.8266666666666667
12.6458,2.99,1.693333333333333
12.648200000000001,2.83,2.1199999999999997
12.6505,3.04,1.56
12.6528,2.92,1.8800000000000003
12.6552,2.76,2.306666666666667
12.6575,2.83,2.1199999999999997
12.659799999999999,3.07,1.4800000000000004
12.6622,3.0,1.6666666666666665
12.6645,3.0,1.6666666666666665
12.666799999999999,2.83,2.1199999999999997
12.6692,2.9,1.9333333333333336
12.6715,3.01,1.6400000000000006
12.6739,2.93,1.853333333333333
12.676200000000001,2.81,2.1733333333333333
12.6785,2.88,1.9866666666666668
12.6809,2.9,1.9333333333333336
12.683200000000001,2.79,2.2266666666666666
12.6855,2.51,2.973333333333334
12.6928,2.9,1.9333333333333336
12.6953,2.97,1.7466666666666661
12.697700000000001,2.98,1.7200000000000002
12.7001,3.04,1.56
12.7026,3.1,1.4
12.703,2.83,2.1199999999999997
12.705,3.03,1.5866666666666673
12.7074,3.02,1.6133333333333333
12.708,3.0,1.6666666666666665
12.7099,2.81,2.1733333333333333
12.712299999999999,2.93,1.853333333333333
12.713,2.7800000000000002,2.2533333333333325
12.714799999999999,2.85,2.0666666666666664
12.7172,3.08,1.4533333333333331
12.719,2.74,2.3599999999999994
12.7196,3.09,1.4266666666666672
12.722100000000001,3.17,1.2133333333333334
12.724,2.65,2.6
12.7245,3.02,1.6133333333333333
12.726899999999999,2.91,1.9066666666666663
12.729,2.8800000000000003,1.986666666666666
12.7294,2.93,1.853333333333333
12.7318,3.04,1.56
12.734,2.95,1.7999999999999994
12.7343,2.95,1.7999999999999994
12.7367,2.93,1.853333333333333
12.7391,2.92,1.8800000000000003
12.74,3.0100000000000002,1.6399999999999992
12.745,2.77,2.28
12.7464,2.94,1.8266666666666667
12.748899999999999,2.92,1.8800000000000003
12.75,2.71,2.44
12.751299999999999,3.09,1.4266666666666672
12.7537,2.99,1.693333333333333
12.755,3.0,1.6666666666666665
12.756200000000002,3.0,1.6666666666666665
12.7586,2.91,1.9066666666666663
12.761,2.8000000000000003,2.1999999999999993
12.7611,3.08,1.4533333333333331
12.7635,2.97,1.7466666666666661
12.7659,2.97,1.7466666666666661
12.766,2.75,2.3333333333333335
12.7684,2.89,1.9599999999999995
12.769,3.02,1.6133333333333333
12.7708,3.0,1.6666666666666665
12.772,3.0100000000000002,1.6399999999999992
12.773200000000001,3.01,1.6400000000000006
12.774,3.16,1.2399999999999998
12.7757,2.93,1.853333333333333
12.777,3.15,1.266666666666667
12.7781,3.11,1.3733333333333335
12.78,3.1100000000000003,1.3733333333333326
12.7806,2.89,1.9599999999999995
12.783,2.85,2.0666666666666664
12.783,3.0700000000000003,1.479999999999999
12.785,2.8800000000000003,1.986666666666666
12.7854,2.86,2.0400000000000005
12.7879,2.88,1.9866666666666668
12.788,2.92,1.8800000000000003
12.790299999999998,2.85,2.0666666666666664
12.791,2.89,1.9599999999999995
12.7927,2.85,2.0666666666666664
12.794,2.99,1.693333333333333
12.795200000000001,2.91,1.9066666666666663
12.796,2.93,1.853333333333333
12.797600000000001,2.67,2.546666666666667
12.799,3.15,1.266666666666667
12.8001,2.85,2.0666666666666664
12.802,2.99,1.693333333333333
12.802,3.18,1.186666666666666
12.8025,2.78,2.253333333333334
12.8049,2.82,2.146666666666667
12.805,3.0700000000000003,1.479999999999999
12.8074,2.83,2.1199999999999997
12.808,3.15,1.266666666666667
12.8098,2.86,2.0400000000000005
12.81,2.87,2.013333333333333
12.8122,2.81,2.1733333333333333
12.813,2.8200000000000003,2.146666666666666
12.8147,2.88,1.9866666666666668
12.816,2.69,2.4933333333333336
12.8171,2.8,2.2000000000000006
12.819,2.75,2.3333333333333335
12.8195,2.83,2.1199999999999997
12.822,2.77,2.28
12.822,2.85,2.0666666666666664
12.824399999999999,2.96,1.7733333333333334
12.8269,2.92,1.8800000000000003
12.829,2.9,1.9333333333333336
12.8293,3.06,1.5066666666666664
12.831700000000001,3.07,1.4800000000000004
12.832,2.7800000000000002,2.2533333333333325
12.834200000000001,3.14,1.293333333333333
12.835,2.64,2.6266666666666665
12.8366,3.01,1.6400000000000006
12.838,2.92,1.8800000000000003
12.839,3.12,1.3466666666666662
12.841,2.94,1.8266666666666667
12.8415,2.94,1.8266666666666667
12.8439,3.09,1.4266666666666672
12.844,2.99,1.693333333333333
12.8464,3.08,1.4533333333333331
12.848,2.95,1.7999999999999994
12.848799999999999,2.96,1.7733333333333334
12.851,2.98,1.7200000000000002
12.8512,2.99,1.693333333333333
12.8537,2.88,1.9866666666666668
12.854,2.72,2.4133333333333327
12.8561,2.88,1.9866666666666668
12.857,2.65,2.6
12.8585,2.76,2.306666666666667
12.861,2.8800000000000003,1.986666666666666
12.8612,2.59,2.7600000000000002
12.865,3.02,1.6133333333333333
12.87,2.8800000000000003,1.986666666666666
12.874,3.15,1.266666666666667
12.878,3.0900000000000003,1.4266666666666659
12.882,2.97,1.7466666666666661
12.886,2.95,1.7999999999999994
12.89,3.12,1.3466666666666662
12.894,3.21,1.106666666666667
12.899,3.1300000000000003,1.319999999999999
12.903,3.1,1.4
12.907,2.97,1.7466666666666661
12.911,2.95,1.7999999999999994
12.915,2.93,1.853333333333333
12.919,2.96,1.7733333333333334
12.924,2.85,2.0666666666666664
12.928,2.83,2.1199999999999997
12.932,2.73,2.3866666666666667
12.935,2.9,1.9333333333333336
12.939,3.0,1.6666666666666665
12.942,2.99,1.693333333333333
12.945,3.1100000000000003,1.3733333333333326
12.948,2.8200000000000003,2.146666666666666
12.951,2.7600000000000002,2.306666666666666
12.954,2.85,2.0666666666666664
12.957,2.98,1.7200000000000002
12.961,2.96,1.7733333333333334
12.964,2.85,2.0666666666666664
12.967,2.8800000000000003,1.986666666666666
12.97,2.69,2.4933333333333336
12.974,2.8400000000000003,2.0933333333333324
12.977,3.0300000000000002,1.586666666666666
12.981,3.12,1.3466666666666662
12.982,2.96,1.7733333333333334
12.985,2.96,1.7733333333333334
12.989,3.2,1.1333333333333329
12.992,3.1300000000000003,1.319999999999999
12.996,3.3000000000000003,0.8666666666666663
12.999,3.21,1.106666666666667
13.003,3.0700000000000003,1.479999999999999
13.006,3.0700000000000003,1.479999999999999
13.01,2.8400000000000003,2.0933333333333324
13.012,2.8800000000000003,1.986666666666666
13.014,2.98,1.7200000000000002
13.017,2.93,1.853333333333333
13.019,2.98,1.7200000000000002
13.021,2.94,1.8266666666666667
13.023,3.0,1.6666666666666665
13.025,2.97,1.7466666666666661
13.027,3.0700000000000003,1.479999999999999
13.03,3.0500000000000003,1.5333333333333328
13.032,2.91,1.9066666666666663
13.034,2.83,2.1199999999999997
13.036,2.93,1.853333333333333
13.038,2.98,1.7200000000000002
13.04,2.97,1.7466666666666661
13.043,2.8800000000000003,1.986666666666666
13.045,2.77,2.28
13.047,2.56,2.84
13.049,2.5,3.0
13.051,2.57,2.813333333333334
13.053,2.8200000000000003,2.146666666666666
13.055,2.81,2.1733333333333333
13.057,2.98,1.7200000000000002
13.059,3.0300000000000002,1.586666666666666
13.061,3.0,1.6666666666666665
13.063,2.94,1.8266666666666667
13.065,3.06,1.5066666666666664
13.067,3.0500000000000003,1.5333333333333328
13.069,2.97,1.7466666666666661
13.071,3.0700000000000003,1.479999999999999
13.073,2.95,1.7999999999999994
13.075,2.71,2.44
13.077,2.87,2.013333333333333
13.079,2.8000000000000003,2.1999999999999993
13.081,2.91,1.9066666666666663
13.084,2.83,2.1199999999999997
13.086,2.69,2.4933333333333336
13.088,2.94,1.8266666666666667
13.09,2.53,2.9200000000000004
13.092,2.94,1.8266666666666667
13.094,2.87,2.013333333333333
13.096,2.75,2.3333333333333335
13.098,2.74,2.3599999999999994
13.1,2.66,2.573333333333333
13.102,2.42,3.213333333333334
13.105,2.55,2.866666666666667
13.108,2.69,2.4933333333333336
13.111,2.64,2.6266666666666665
13.114,2.72,2.4133333333333327
13.117,2.68,2.5199999999999996
13.12,2.49,3.0266666666666664
13.123,2.72,2.4133333333333327
13.126,2.68,2.5199999999999996
13.129,2.69,2.4933333333333336
13.132,2.72,2.4133333333333327
13.135,2.72,2.4133333333333327
13.135,2.74,2.3599999999999994
13.138,2.47,3.079999999999999
13.141,2.3,3.533333333333334
13.145,2.38,3.3200000000000003
13.149,2.38,3.3200000000000003
13.153,2.63,2.6533333333333338
13.156,2.79,2.2266666666666666
13.159,2.96,1.7733333333333334
13.163,2.89,1.9599999999999995
13.167,2.89,1.9599999999999995
13.171,2.93,1.853333333333333
13.175,2.93,1.853333333333333
13.178,2.77,2.28
13.182,2.77,2.28
13.186,2.71,2.44
13.19,2.8000000000000003,2.1999999999999993
13.194,2.62,2.6799999999999997
13.198,2.73,2.3866666666666667
13.202,2.58,2.7866666666666666
13.205,2.69,2.4933333333333336
13.209,2.56,2.84
13.213,2.55,2.866666666666667
13.217,2.37,3.3466666666666667
13.22,2.59,2.7600000000000002
13.223,2.67,2.546666666666667
13.227,2.67,2.546666666666667
13.23,2.64,2.6266666666666665
13.23,2.68,2.5199999999999996
13.233,2.94,1.8266666666666667
13.237,2.53,2.9200000000000004
13.24,2.4,3.2666666666666666
13.24,2.61,2.706666666666667
13.243,2.39,3.293333333333333
13.246,2.54,2.893333333333333
13.25,2.5,3.0
13.253,2.41,3.2399999999999993
13.256,2.35,3.3999999999999995
13.259,2.58,2.7866666666666666
13.261,2.8600000000000003,2.039999999999999
13.264,2.91,1.9066666666666663
13.267,2.7,2.4666666666666663
13.269,2.57,2.813333333333334
13.272,2.58,2.7866666666666666
13.277,2.64,2.6266666666666665
13.28,2.8400000000000003,2.0933333333333324
13.282,2.65,2.6
13.285,2.67,2.546666666666667
13.288,2.61,2.706666666666667
13.29,2.68,2.5199999999999996
13.293,2.73,2.3866666666666667
13.295,2.7800000000000002,2.2533333333333325
13.298,2.8600000000000003,2.039999999999999
13.301,2.96,1.7733333333333334
13.303,2.98,1.7200000000000002
13.306,2.95,1.7999999999999994
13.309,2.87,2.013333333333333
13.311,2.8200000000000003,2.146666666666666
13.314,2.9,1.9333333333333336
13.316,2.83,2.1199999999999997
13.319,2.9,1.9333333333333336
13.321,2.93,1.853333333333333
13.324,2.65,2.6
13.327,2.8200000000000003,2.146666666666666
13.329,2.79,2.2266666666666666
13.332,2.29,3.5599999999999996
13.335,2.61,2.706666666666667
13.338,2.68,2.5199999999999996
13.341,2.96,1.7733333333333334
13.344,3.02,1.6133333333333333
13.347,2.91,1.9066666666666663
13.35,3.0,1.6666666666666665
13.353,2.79,2.2266666666666666
13.356,2.67,2.546666666666667
13.359,2.89,1.9599999999999995
13.362,2.64,2.6266666666666665
13.365,2.62,2.6799999999999997
13.368,2.53,2.9200000000000004
13.371,2.42,3.213333333333334
13.373,2.59,2.7600000000000002
13.376,2.5100000000000002,2.9733333333333327
13.378,2.57,2.813333333333334
13.381,2.69,2.4933333333333336
13.383,2.7800000000000002,2.2533333333333325
13.386,2.74,2.3599999999999994
13.388,2.7,2.4666666666666663
13.39,2.8200000000000003,2.146666666666666
13.393,2.79,2.2266666666666666
13.395,2.85,2.0666666666666664
13.398,2.77,2.28
13.4,2.7600000000000002,2.306666666666666
13.403,2.7,2.4666666666666663
13.405,2.73,2.3866666666666667
13.407,2.66,2.573333333333333
13.41,2.45,3.133333333333333
13.412,2.41,3.2399999999999993
13.415,2.27,3.6133333333333333
13.417,2.47,3.079999999999999
13.419,2.54,2.893333333333333
13.42,2.41,3.2399999999999993
13.421,2.38,3.3200000000000003
13.423,2.45,3.133333333333333
13.424,2.62,2.6799999999999997
13.425,2.27,3.6133333333333333
13.426,2.41,3.2399999999999993
13.428,2.28,3.586666666666667
13.429,2.4,3.2666666666666666
13.43,2.85,2.0666666666666664
13.431,2.4,3.2666666666666666
13.433,2.47,3.079999999999999
13.434,2.72,2.4133333333333327
13.435,2.71,2.44
13.436,2.8200000000000003,2.146666666666666
13.438,2.92,1.8800000000000003
13.439,2.8000000000000003,2.1999999999999993
13.44,2.8800000000000003,1.986666666666666
13.441,2.67,2.546666666666667
13.443,3.02,1.6133333333333333
13.444,2.66,2.573333333333333
13.445,2.85,2.0666666666666664
13.447,2.61,2.706666666666667
13.448,2.65,2.6
13.449,2.7,2.4666666666666663
13.45,2.98,1.7200000000000002
13.452,2.69,2.4933333333333336
13.453,2.8600000000000003,2.039999999999999
13.454,2.69,2.4933333333333336
13.455,2.87,2.013333333333333
13.457,2.8800000000000003,1.986666666666666
13.458,2.96,1.7733333333333334
13.459,2.9,1.9333333333333336
13.46,2.79,2.2266666666666666
13.462,2.8000000000000003,2.1999999999999993
13.463,2.96,1.7733333333333334
13.464,2.8600000000000003,2.039999999999999
13.466,2.8400000000000003,2.0933333333333324
13.467,2.8800000000000003,1.986666666666666
13.468,2.81,2.1733333333333333
13.469,2.79,2.2266666666666666
13.471,2.72,2.4133333333333327
13.472,2.8400000000000003,2.0933333333333324
13.473,2.73,2.3866666666666667
13.474,2.64,2.6266666666666665
13.476,2.65,2.6
13.477,2.72,2.4133333333333327
13.478,2.58,2.7866666666666666
13.481,2.62,2.6799999999999997
13.482,2.63,2.6533333333333338
13.483,2.57,2.813333333333334
13.485,2.6,2.733333333333333
13.486,2.67,2.546666666666667
13.487,2.62,2.6799999999999997
13.488,2.57,2.813333333333334
13.49,2.6,2.733333333333333
13.491,2.5100000000000002,2.9733333333333327
13.492,2.61,2.706666666666667
13.493,2.52,2.9466666666666668
13.495,2.62,2.6799999999999997
13.496,2.54,2.893333333333333
13.497,2.56,2.84
13.498,2.48,3.0533333333333337
13.5,2.55,2.866666666666667
13.501,2.41,3.2399999999999993
13.503,2.5100000000000002,2.9733333333333327
13.506,2.43,3.1866666666666665
13.507,2.54,2.893333333333333
13.509,2.52,2.9466666666666668
13.51,2.72,2.4133333333333327
13.512,2.66,2.573333333333333
13.513,2.64,2.6266666666666665
13.515,2.58,2.7866666666666666
13.516,2.94,1.8266666666666667
13.518,2.75,2.3333333333333335
13.519,2.54,2.893333333333333
13.521,2.43,3.1866666666666665
13.521,2.52,2.9466666666666668
13.523,2.68,2.5199999999999996
13.524,2.35,3.3999999999999995
13.526,2.3,3.533333333333334
13.527,2.45,3.133333333333333
13.529,2.16,3.9066666666666663
13.53,2.07,4.146666666666667
13.532,2.53,2.9200000000000004
13.533,2.66,2.573333333333333
13.535,2.32,3.4800000000000004
13.536,2.21,3.7733333333333334
13.538,2.21,3.7733333333333334
13.539,2.24,3.6933333333333325
13.541,2.12,4.013333333333333
13.542,2.29,3.5599999999999996
13.544,2.18,3.8533333333333326
13.544,2.2600000000000002,3.6399999999999997
13.545,2.2,3.8
13.546,2.33,3.453333333333333
13.548,2.64,2.6266666666666665
13.549,2.66,2.573333333333333
13.551,2.73,2.3866666666666667
13.552,2.72,2.4133333333333327
13.553,2.8400000000000003,2.0933333333333324
13.555,2.55,2.866666666666667
13.556,2.61,2.706666666666667
13.557,2.7600000000000002,2.306666666666666
13.559,2.64,2.6266666666666665
13.56,2.57,2.813333333333334
13.561,2.92,1.8800000000000003
13.564,2.63,2.6533333333333338
13.565,2.52,2.9466666666666668
13.567,2.8400000000000003,2.0933333333333324
13.568,2.77,2.28
13.57,2.97,1.7466666666666661
13.571,2.75,2.3333333333333335
13.572,2.57,2.813333333333334
13.574,3.0100000000000002,1.6399999999999992
13.576,2.79,2.2266666666666666
13.578,2.91,1.9066666666666663
13.579,2.8800000000000003,1.986666666666666
13.58,2.93,1.853333333333333
13.582,2.63,2.6533333333333338
13.583,2.79,2.2266666666666666
13.584,2.83,2.1199999999999997
13.586,2.55,2.866666666666667
13.587,2.52,2.9466666666666668
13.589,2.62,2.6799999999999997
13.59,2.53,2.9200000000000004
13.591,2.37,3.3466666666666667
13.593,2.42,3.213333333333334
13.594,2.24,3.6933333333333325
13.596,2.55,2.866666666666667
13.598,2.64,2.6266666666666665
13.6,2.77,2.28
13.602,2.89,1.9599999999999995
13.604,2.66,2.573333333333333
13.605,2.63,2.6533333333333338
13.607,2.74,2.3599999999999994
13.609,2.46,3.1066666666666665
13.611,2.37,3.3466666666666667
13.613,2.41,3.2399999999999993
13.615,2.54,2.893333333333333
13.617,2.43,3.1866666666666665
13.619,2.74,2.3599999999999994
13.621,2.55,2.866666666666667
13.623,2.79,2.2266666666666666
13.625,2.55,2.866666666666667
13.627,2.49,3.0266666666666664
13.629,2.37,3.3466666666666667
13.631,2.57,2.813333333333334
13.633,2.33,3.453333333333333
13.635,2.28,3.586666666666667
13.636,2.41,3.2399999999999993
13.638,2.63,2.6533333333333338
13.639,2.85,2.0666666666666664
13.641,2.83,2.1199999999999997
13.642,2.81,2.1733333333333333
13.644,3.0100000000000002,1.6399999999999992
13.645,2.83,2.1199999999999997
13.647,2.89,1.9599999999999995
13.648,2.73,2.3866666666666667
13.65,2.9,1.9333333333333336
13.651,2.74,2.3599999999999994
13.653,2.8200000000000003,2.146666666666666
13.654,2.74,2.3599999999999994
13.655,2.74,2.3599999999999994
13.657,2.85,2.0666666666666664
13.658,2.8400000000000003,2.0933333333333324
13.66,2.8600000000000003,2.039999999999999
13.661,2.89,1.9599999999999995
13.663,2.96,1.7733333333333334
13.664,2.8600000000000003,2.039999999999999
13.666,2.8800000000000003,1.986666666666666
13.667,2.79,2.2266666666666666
13.669,2.91,1.9066666666666663
13.67,2.79,2.2266666666666666
13.672,2.8200000000000003,2.146666666666666
13.673,2.79,2.2266666666666666
13.674,2.8200000000000003,2.146666666666666
13.676,2.71,2.44
13.677,2.9,1.9333333333333336
13.679,2.67,2.546666666666667
13.68,2.64,2.6266666666666665
13.682,2.73,2.3866666666666667
13.683,2.87,2.013333333333333
13.685,2.68,2.5199999999999996
13.686,2.8400000000000003,2.0933333333333324
13.688,2.57,2.813333333333334
13.689,3.0500000000000003,1.5333333333333328
13.69,2.96,1.7733333333333334
13.692,3.02,1.6133333333333333
13.693,2.79,2.2266666666666666
13.695,2.8800000000000003,1.986666666666666
13.696,2.64,2.6266666666666665
13.698,2.44,3.16
13.699,2.56,2.84
13.701,2.48,3.0533333333333337
13.702,2.6,2.733333333333333
13.704,2.66,2.573333333333333
13.705,2.59,2.7600000000000002
13.707,2.56,2.84
13.708,2.46,3.1066666666666665
13.709,2.64,2.6266666666666665
13.71,2.64,2.6266666666666665
13.711,2.61,2.706666666666667
13.712,2.6,2.733333333333333
13.713,2.52,2.9466666666666668
13.714,2.67,2.546666666666667
13.715,2.74,2.3599999999999994
13.716,2.81,2.1733333333333333
13.717,2.97,1.7466666666666661
13.718,2.85,2.0666666666666664
13.719,2.81,2.1733333333333333
13.72,2.75,2.3333333333333335
13.721,2.74,2.3599999999999994
13.722,2.64,2.6266666666666665
13.722,2.67,2.546666666666667
13.723,2.85,2.0666666666666664
13.724,2.71,2.44
13.725,2.81,2.1733333333333333
13.725,2.8800000000000003,1.986666666666666
13.725,2.93,1.853333333333333
13.726,2.89,1.9599999999999995
13.727,2.83,2.1199999999999997
13.728,2.85,2.0666666666666664
13.729,2.64,2.6266666666666665
13.73,2.92,1.8800000000000003
13.731,2.75,2.3333333333333335
13.732,3.0500000000000003,1.5333333333333328
13.733,2.8200000000000003,2.146666666666666
13.734,2.8000000000000003,2.1999999999999993
13.735,2.79,2.2266666666666666
13.736,2.91,1.9066666666666663
13.737,2.8000000000000003,2.1999999999999993
13.738,2.81,2.1733333333333333
13.739,2.81,2.1733333333333333
13.74,2.8200000000000003,2.146666666666666
13.741,2.8800000000000003,1.986666666666666
13.742,2.7,2.4666666666666663
13.743,2.83,2.1199999999999997
13.744,2.8000000000000003,2.1999999999999993
13.745,2.77,2.28
13.746,2.75,2.3333333333333335
13.746,2.85,2.0666666666666664
13.747,3.04,1.56
13.748,2.8200000000000003,2.146666666666666
13.749,2.7600000000000002,2.306666666666666
13.749,2.79,2.2266666666666666
13.75,2.77,2.28
13.751,2.6,2.733333333333333
13.752,2.85,2.0666666666666664
13.753,2.81,2.1733333333333333
13.754,2.62,2.6799999999999997
13.755,2.85,2.0666666666666664
13.756,2.93,1.853333333333333
13.757,2.7800000000000002,2.2533333333333325
13.759,2.87,2.013333333333333
13.76,3.0300000000000002,1.586666666666666
13.761,3.04,1.56
13.762,2.7800000000000002,2.2533333333333325
13.763,2.87,2.013333333333333
13.764,2.75,2.3333333333333335
13.765,2.81,2.1733333333333333
13.766,2.9,1.9333333333333336
13.767,2.98,1.7200000000000002
13.768,2.77,2.28
13.768,2.8000000000000003,2.1999999999999993
13.769,3.02,1.6133333333333333
13.77,2.73,2.3866666666666667
13.771,2.83,2.1199999999999997
13.772,2.8400000000000003,2.0933333333333324
13.773,2.7800000000000002,2.2533333333333325
13.774,2.7800000000000002,2.2533333333333325
13.775,2.85,2.0666666666666664
13.776,2.6,2.733333333333333
13.777,2.92,1.8800000000000003
13.778,2.92,1.8800000000000003
13.779,2.97,1.7466666666666661
13.78,2.7800000000000002,2.2533333333333325
13.782,2.87,2.013333333333333
13.783,2.58,2.7866666666666666
13.784,2.8000000000000003,2.1999999999999993
13.785,2.89,1.9599999999999995
13.786,2.72,2.4133333333333327
13.787,2.65,2.6
13.788,2.7,2.4666666666666663
13.789,2.65,2.6
13.79,2.61,2.706666666666667
13.791,2.56,2.84
13.792,2.67,2.546666666666667
13.793,2.7600000000000002,2.306666666666666
13.794,2.95,1.7999999999999994
13.795,2.71,2.44
13.796,2.6,2.733333333333333
13.797,2.63,2.6533333333333338
13.798,2.57,2.813333333333334
13.799,2.71,2.44
13.8,2.55,2.866666666666667
13.801,2.29,3.5599999999999996
13.802,2.63,2.6533333333333338
13.803,2.53,2.9200000000000004
13.804,2.77,2.28
13.805,2.5100000000000002,2.9733333333333327
13.806,2.63,2.6533333333333338
13.807,2.48,3.0533333333333337
13.808,2.8200000000000003,2.146666666666666
13.809,2.43,3.1866666666666665
13.81,2.6,2.733333333333333
13.812,2.41,3.2399999999999993
13.813,2.21,3.7733333333333334
13.814,2.45,3.133333333333333
13.815,2.48,3.0533333333333337
13.816,2.34,3.4266666666666667
13.817,2.39,3.293333333333333
13.818,2.39,3.293333333333333
13.819,2.66,2.573333333333333
13.82,2.38,3.3200000000000003
13.821,2.37,3.3466666666666667
13.823,2.29,3.5599999999999996
13.824,2.14,3.96
13.825,2.24,3.6933333333333325
13.826,2.27,3.6133333333333333
13.827,2.1,4.066666666666666
13.828,2.07,4.146666666666667
13.829,2.34,3.4266666666666667
13.83,2.11,4.04
13.831,2.52,2.9466666666666668
13.832,2.32,3.4800000000000004
13.833,2.45,3.133333333333333
13.834,2.47,3.079999999999999
13.835,2.31,3.506666666666667
13.836,2.52,2.9466666666666668
13.837,2.68,2.5199999999999996
13.838,2.6,2.733333333333333
13.839,2.6,2.733333333333333
13.84,2.55,2.866666666666667
13.841,2.72,2.4133333333333327
13.842,2.49,3.0266666666666664
13.843,2.8000000000000003,2.1999999999999993
13.848,2.41,3.2399999999999993
13.85,2.37,3.3466666666666667
13.852,2.49,3.0266666666666664
13.855,2.32,3.4800000000000004
13.857,2.49,3.0266666666666664
13.86,2.25,3.666666666666667
13.862,2.24,3.6933333333333325
13.865,2.29,3.5599999999999996
13.867,2.0100000000000002,4.306666666666666
13.869,2.16,3.9066666666666663
13.872,2.11,4.04
13.874,1.9,4.6000000000000005
13.876,1.9300000000000002,4.52
13.879,1.96,4.44
13.881,2.0100000000000002,4.306666666666666
13.883,2.28,3.586666666666667
13.886,2.2600000000000002,3.6399999999999997
13.888,2.32,3.4800000000000004
13.891,2.29,3.5599999999999996
13.893,2.05,4.2
13.896,1.9300000000000002,4.52
13.898,1.8399999999999999,4.760000000000001
13.901,1.7200000000000002,5.079999999999999
13.903,1.8900000000000001,4.626666666666666
13.905,1.7400000000000002,5.026666666666666
13.906,1.7000000000000002,5.133333333333333
13.908,1.83,4.786666666666666
13.91,1.9100000000000001,4.573333333333333
13.912,1.98,4.386666666666667
13.914,1.8199999999999998,4.8133333333333335
13.916,1.7799999999999998,4.920000000000001
13.917,2.17,3.88
13.919,1.71,5.1066666666666665
13.921,2.53,2.9200000000000004
13.923,2.34,3.4266666666666667
13.925,2.5100000000000002,2.9733333333333327
13.926,2.42,3.213333333333334
13.928,2.2,3.8
13.93,2.37,3.3466666666666667
13.932,2.46,3.1066666666666665
13.934,2.06,4.173333333333333
13.936,2.14,3.96
13.937,1.92,4.546666666666667
13.939,2.05,4.2
13.941,1.96,4.44
13.943,2.24,3.6933333333333325
13.945,2.02,4.28
13.947,2.04,4.226666666666667
13.948,2.14,3.96
13.95,2.22,3.746666666666666
13.952,2.18,3.8533333333333326
13.954,2.2,3.8
13.956,2.2,3.8
13.957,2.19,3.826666666666667
13.959,2.46,3.1066666666666665
13.961,2.28,3.586666666666667
13.963,2.52,2.9466666666666668
13.965,2.31,3.506666666666667
13.967,2.58,2.7866666666666666
13.968,2.32,3.4800000000000004
13.97,2.2600000000000002,3.6399999999999997
13.972,2.24,3.6933333333333325
13.974,2.2,3.8
13.976,2.21,3.7733333333333334
13.977,2.29,3.5599999999999996
13.979,2.24,3.6933333333333325
13.981,2.2,3.8
13.983,2.15,3.9333333333333336
13.985,2.07,4.146666666666667
13.987,2.17,3.88
13.988,2.02,4.28
13.99,1.96,4.44
13.992,1.7000000000000002,5.133333333333333
13.993,1.87,4.68
13.995,1.9500000000000002,4.466666666666666
13.996,1.94,4.493333333333333
13.997,1.8199999999999998,4.8133333333333335
13.998,2.22,3.746666666666666
14.0,2.02,4.28
14.001,2.22,3.746666666666666
14.002,2.03,4.253333333333334
14.003,2.46,3.1066666666666665
14.005,2.42,3.213333333333334
14.006,2.2,3.8
14.007,2.4,3.2666666666666666
14.008,2.4,3.2666666666666666
14.01,2.47,3.079999999999999
14.011,2.38,3.3200000000000003
14.012,2.5100000000000002,2.9733333333333327
14.013,2.34,3.4266666666666667
14.015,2.41,3.2399999999999993
14.016,2.23,3.7199999999999998
14.017,2.44,3.16
14.018,2.32,3.4800000000000004
14.02,2.36,3.373333333333334
14.021,2.12,4.013333333333333
14.022,2.38,3.3200000000000003
14.023,2.0100000000000002,4.306666666666666
14.025,2.46,3.1066666666666665
14.026,2.05,4.2
14.027,1.9300000000000002,4.52
14.028,2.19,3.826666666666667
14.03,2.19,3.826666666666667
14.031,2.12,4.013333333333333
14.033,2.33,3.453333333333333
14.035,2.3,3.533333333333334
14.036,2.7800000000000002,2.2533333333333325
14.038,2.39,3.293333333333333
14.038,2.48,3.0533333333333337
14.04,2.8000000000000003,2.1999999999999993
14.042,2.66,2.573333333333333
14.043,2.61,2.706666666666667
14.045,2.5,3.0
14.047,2.66,2.573333333333333
14.049,2.63,2.6533333333333338
14.05,2.42,3.213333333333334
14.052,2.44,3.16
14.054,2.33,3.453333333333333
14.056,2.48,3.0533333333333337
14.057,2.19,3.826666666666667
14.059,2.36,3.373333333333334
14.061,2.21,3.7733333333333334
14.062,2.21,3.7733333333333334
14.064,2.45,3.133333333333333
14.066,2.15,3.9333333333333336
14.068,2.27,3.6133333333333333
14.069,2.2,3.8
14.071,2.32,3.4800000000000004
14.073,2.12,4.013333333333333
14.075,2.25,3.666666666666667
14.076,2.28,3.586666666666667
14.078,2.32,3.4800000000000004
14.08,2.34,3.4266666666666667
14.082,2.32,3.4800000000000004
14.083,2.34,3.4266666666666667
14.085,2.38,3.3200000000000003
14.087,2.2600000000000002,3.6399999999999997
14.089,2.53,2.9200000000000004
14.09,2.36,3.373333333333334
14.092,2.35,3.3999999999999995
14.094,2.33,3.453333333333333
14.096,2.37,3.3466666666666667
14.097,2.11,4.04
14.099,2.19,3.826666666666667
14.101,2.05,4.2
14.103,2.09,4.093333333333334
14.104,2.19,3.826666666666667
14.106,2.05,4.2
14.108,1.9100000000000001,4.573333333333333
14.11,2.13,3.9866666666666672
14.112,2.03,4.253333333333334
14.114,2.04,4.226666666666667
14.116,2.0100000000000002,4.306666666666666
14.118,2.22,3.746666666666666
14.12,2.08,4.12
14.122,2.21,3.7733333333333334
14.123,2.39,3.293333333333333
14.125,2.28,3.586666666666667
14.127,2.48,3.0533333333333337
14.129,2.49,3.0266666666666664
14.131,2.42,3.213333333333334
14.133,2.81,2.1733333333333333
14.135,2.44,3.16
14.137,2.59,2.7600000000000002
14.139,2.49,3.0266666666666664
14.141,2.7800000000000002,2.2533333333333325
14.143,2.68,2.5199999999999996
14.145,2.9,1.9333333333333336
14.147,2.46,3.1066666666666665
14.149,2.2600000000000002,3.6399999999999997
14.151,2.34,3.4266666666666667
14.152,2.23,3.7199999999999998
14.154,2.0100000000000002,4.306666666666666
14.156,2.0100000000000002,4.306666666666666
14.158,2.12,4.013333333333333
14.16,2.38,3.3200000000000003
14.162,2.07,4.146666666666667
14.164,2.29,3.5599999999999996
14.166,2.52,2.9466666666666668
14.168,2.56,2.84
14.17,2.3,3.533333333333334
14.172,2.29,3.5599999999999996
14.174,2.24,3.6933333333333325
14.174,2.43,3.1866666666666665
14.176,2.22,3.746666666666666
14.178,2.31,3.506666666666667
14.18,2.38,3.3200000000000003
14.181,2.31,3.506666666666667
14.183,2.63,2.6533333333333338
14.185,2.47,3.079999999999999
14.187,2.5,3.0
14.189,2.44,3.16
14.191,2.47,3.079999999999999
14.193,2.37,3.3466666666666667
14.195,2.44,3.16
14.197,2.21,3.7733333333333334
14.199,2.31,3.506666666666667
14.201,2.17,3.88
14.203,2.16,3.9066666666666663
14.205,2.12,4.013333333333333
14.207,2.38,3.3200000000000003
14.209,2.16,3.9066666666666663
14.209,2.19,3.826666666666667
14.21,1.94,4.493333333333333
14.212,2.17,3.88
14.214,2.16,3.9066666666666663
14.216,2.2,3.8
14.218,2.2,3.8
14.22,2.32,3.4800000000000004
14.222,2.48,3.0533333333333337
14.224,2.29,3.5599999999999996
14.226,2.28,3.586666666666667
14.228,2.35,3.3999999999999995
14.23,2.21,3.7733333333333334
14.232,2.2600000000000002,3.6399999999999997
14.232,2.31,3.506666666666667
14.234,2.2600000000000002,3.6399999999999997
14.236,2.31,3.506666666666667
14.238,2.22,3.746666666666666
14.24,2.24,3.6933333333333325
14.242,2.21,3.7733333333333334
14.244,2.33,3.453333333333333
14.246,2.23,3.7199999999999998
14.248,2.2,3.8
14.25,2.24,3.6933333333333325
14.252,2.46,3.1066666666666665
14.254,2.35,3.3999999999999995
14.256,2.41,3.2399999999999993
14.258,2.32,3.4800000000000004
14.26,2.38,3.3200000000000003
14.261,2.21,3.7733333333333334
14.263,1.9100000000000001,4.573333333333333
14.265,2.28,3.586666666666667
14.267,2.04,4.226666666666667
14.269,2.13,3.9866666666666672
14.271,1.94,4.493333333333333
14.273,2.17,3.88
14.275,1.7999999999999998,4.866666666666667
14.276,2.22,3.746666666666666
14.278,1.8900000000000001,4.626666666666666
14.279,1.96,4.44
14.281,1.85,4.733333333333333
14.282,2.14,3.96
14.283,2.16,3.9066666666666663
14.285,2.5,3.0
14.286,2.24,3.6933333333333325
14.286,2.31,3.506666666666667
14.287,2.47,3.079999999999999
14.289,2.43,3.1866666666666665
14.29,2.45,3.133333333333333
14.292,2.4,3.2666666666666666
14.293,2.47,3.079999999999999
14.294,2.32,3.4800000000000004
14.296,2.13,3.9866666666666672
14.297,2.29,3.5599999999999996
14.298,2.06,4.173333333333333
14.3,2.15,3.9333333333333336
14.301,1.88,4.653333333333333
14.303,1.94,4.493333333333333
14.304,1.77,4.946666666666666
14.306,1.98,4.386666666666667
14.308,1.7799999999999998,4.920000000000001
14.31,1.9500000000000002,4.466666666666666
14.312,1.96,4.44
14.314,1.9300000000000002,4.52
14.315,1.88,4.653333333333333
14.317,1.9900000000000002,4.359999999999999
14.319,1.8599999999999999,4.706666666666667
14.321,1.96,4.44
14.323,2.0100000000000002,4.306666666666666
14.325,2.05,4.2
14.327,2.25,3.666666666666667
14.329,2.28,3.586666666666667
14.331,2.37,3.3466666666666667
14.333,2.44,3.16
14.335,2.44,3.16
14.336,2.3,3.533333333333334
14.338,2.09,4.093333333333334
14.34,2.13,3.9866666666666672
14.342,1.8199999999999998,4.8133333333333335
14.344,1.87,4.68
14.346,1.94,4.493333333333333
14.348,1.8399999999999999,4.760000000000001
14.35,2.2600000000000002,3.6399999999999997
14.352,2.05,4.2
14.354,2.16,3.9066666666666663
14.356,1.96,4.44
14.358,2.15,3.9333333333333336
14.359,1.9500000000000002,4.466666666666666
14.361,2.11,4.04
14.363,1.8199999999999998,4.8133333333333335
14.363,1.9300000000000002,4.52
14.365,1.92,4.546666666666667
14.367,2.09,4.093333333333334
14.369,2.02,4.28
14.371,2.3,3.533333333333334
14.373,2.33,3.453333333333333
14.375,2.24,3.6933333333333325
14.377,2.32,3.4800000000000004
14.379,2.23,3.7199999999999998
14.38,2.13,3.9866666666666672
14.382,1.87,4.68
14.384,2.0100000000000002,4.306666666666666
14.386,1.7400000000000002,5.026666666666666
14.388,1.9300000000000002,4.52
14.39,1.69,5.16
14.392,2.12,4.013333333333333
14.394,2.0,4.333333333333333
14.396,2.41,3.2399999999999993
14.398,2.32,3.4800000000000004
14.4,2.45,3.133333333333333
14.402,2.32,3.4800000000000004
14.403,2.41,3.2399999999999993
14.405,2.19,3.826666666666667
14.407,2.34,3.4266666666666667
14.409,2.04,4.226666666666667
14.411,2.32,3.4800000000000004
14.413,2.09,4.093333333333334
14.415,2.25,3.666666666666667
14.417,2.19,3.826666666666667
14.419,2.2600000000000002,3.6399999999999997
14.421,2.29,3.5599999999999996
14.423,2.35,3.3999999999999995
14.424,2.35,3.3999999999999995
14.426,1.9500000000000002,4.466666666666666
14.428,2.14,3.96
14.43,1.7999999999999998,4.866666666666667
14.432,1.8599999999999999,4.706666666666667
14.434,1.94,4.493333333333333
14.436,1.75,5.0
14.437,1.85,4.733333333333333
14.438,2.05,4.2
14.439,2.07,4.146666666666667
14.441,2.25,3.666666666666667
14.442,2.45,3.133333333333333
14.443,2.13,3.9866666666666672
14.444,2.67,2.546666666666667
14.445,2.5100000000000002,2.9733333333333327
14.446,2.75,2.3333333333333335
14.447,2.49,3.0266666666666664
14.45,2.53,2.9200000000000004
14.451,2.52,2.9466666666666668
14.452,2.46,3.1066666666666665
14.453,2.44,3.16
14.454,2.37,3.3466666666666667
14.455,2.22,3.746666666666666
14.456,2.2,3.8
14.458,2.18,3.8533333333333326
14.459,2.21,3.7733333333333334
14.46,2.21,3.7733333333333334
14.461,1.9500000000000002,4.466666666666666
14.463,1.9,4.6000000000000005
14.464,2.13,3.9866666666666672
14.466,2.0100000000000002,4.306666666666666
14.467,2.06,4.173333333333333
14.468,1.9900000000000002,4.359999999999999
14.469,2.18,3.8533333333333326
14.47,1.9100000000000001,4.573333333333333
14.471,2.15,3.9333333333333336
14.472,2.09,4.093333333333334
14.473,2.21,3.7733333333333334
14.475,2.05,4.2
14.476,2.17,3.88
14.477,2.32,3.4800000000000004
14.478,2.29,3.5599999999999996
14.479,2.34,3.4266666666666667
14.48,2.35,3.3999999999999995
14.481,2.36,3.373333333333334
14.483,2.58,2.7866666666666666
14.484,2.21,3.7733333333333334
14.485,2.29,3.5599999999999996
14.486,2.05,4.2
14.487,2.0,4.333333333333333
14.488,2.19,3.826666666666667
14.489,2.15,3.9333333333333336
14.491,2.07,4.146666666666667
14.492,1.98,4.386666666666667
14.493,1.87,4.68
14.494,1.83,4.786666666666666
14.495,2.0,4.333333333333333
14.5,1.94,4.493333333333333
14.501,1.79,4.8933333333333335
14.503,1.88,4.653333333333333
14.504,1.7400000000000002,5.026666666666666
14.505,1.7999999999999998,4.866666666666667
14.506,1.67,5.213333333333334
14.507,1.77,4.946666666666666
14.509,1.9500000000000002,4.466666666666666
14.51,1.9900000000000002,4.359999999999999
14.511,2.06,4.173333333333333
14.513,2.19,3.826666666666667
14.514,2.37,3.3466666666666667
14.515,2.43,3.1866666666666665
14.517,2.43,3.1866666666666665
14.518,2.4,3.2666666666666666
14.519,2.37,3.3466666666666667
14.521,2.35,3.3999999999999995
14.522,2.47,3.079999999999999
14.523,2.39,3.293333333333333
14.525,2.49,3.0266666666666664
14.526,2.41,3.2399999999999993
14.527,2.47,3.079999999999999
14.529,2.36,3.373333333333334
14.53,2.57,2.813333333333334
14.531,2.3,3.533333333333334
14.533,2.1,4.066666666666666
14.534,2.36,3.373333333333334
14.535,2.31,3.506666666666667
14.537,2.37,3.3466666666666667
14.538,2.17,3.88
14.539,2.18,3.8533333333333326
14.541,2.09,4.093333333333334
14.542,2.31,3.506666666666667
14.543,2.16,3.9066666666666663
14.545,1.98,4.386666666666667
14.546,1.9100000000000001,4.573333333333333
14.547,1.9700000000000002,4.413333333333333
14.549,1.98,4.386666666666667
14.55,1.75,5.0
14.551,1.8199999999999998,4.8133333333333335
14.553,2.0100000000000002,4.306666666666666
14.554,1.94,4.493333333333333
14.555,2.04,4.226666666666667
14.556,1.9300000000000002,4.52
14.558,1.98,4.386666666666667
14.559,2.09,4.093333333333334
14.56,1.9500000000000002,4.466666666666666
14.561,1.9700000000000002,4.413333333333333
14.563,2.0100000000000002,4.306666666666666
14.564,1.9900000000000002,4.359999999999999
14.565,1.9300000000000002,4.52
14.566,1.9300000000000002,4.52
14.568,2.12,4.013333333333333
14.569,2.21,3.7733333333333334
14.57,2.2,3.8
14.571,2.31,3.506666666666667
14.573,2.27,3.6133333333333333
14.574,2.44,3.16
14.575,2.17,3.88
14.576,2.23,3.7199999999999998
14.578,2.04,4.226666666666667
14.579,2.04,4.226666666666667
14.58,2.09,4.093333333333334
14.581,1.98,4.386666666666667
14.583,2.06,4.173333333333333
14.584,1.9100000000000001,4.573333333333333
14.585,1.9300000000000002,4.52
14.586,1.79,4.8933333333333335
14.588,1.75,5.0
14.589,1.7400000000000002,5.026666666666666
14.591,1.8399999999999999,4.760000000000001
14.592,1.71,5.1066666666666665
14.594,1.8199999999999998,4.8133333333333335
14.596,1.83,4.786666666666666
14.598,1.9700000000000002,4.413333333333333
14.599,1.9900000000000002,4.359999999999999
14.601,2.32,3.4800000000000004
14.603,2.19,3.826666666666667
14.605,2.32,3.4800000000000004
14.606,2.28,3.586666666666667
14.608,2.46,3.1066666666666665
14.61,2.3,3.533333333333334
14.612,2.56,2.84
14.613,2.37,3.3466666666666667
14.615,2.5,3.0
14.617,1.98,4.386666666666667
14.619,2.27,3.6133333333333333
14.62,1.98,4.386666666666667
14.622,2.16,3.9066666666666663
14.624,2.1,4.066666666666666
14.626,2.21,3.7733333333333334
14.627,1.92,4.546666666666667
14.629,1.96,4.44
14.631,2.02,4.28
14.633,2.12,4.013333333333333
14.634,2.16,3.9066666666666663
14.636,2.12,4.013333333333333
14.638,2.04,4.226666666666667
14.639,2.05,4.2
14.641,2.17,3.88
14.643,2.03,4.253333333333334
14.645,2.18,3.8533333333333326
14.646,2.0100000000000002,4.306666666666666
14.648,2.06,4.173333333333333
14.65,2.05,4.2
14.652,2.13,3.9866666666666672
14.653,2.07,4.146666666666667
14.655,2.19,3.826666666666667
14.657,2.13,3.9866666666666672
14.659,2.15,3.9333333333333336
14.66,2.25,3.666666666666667
14.662,2.23,3.7199999999999998
14.664,2.27,3.6133333333333333
14.666,2.36,3.373333333333334
14.667,2.19,3.826666666666667
14.669,2.13,3.9866666666666672
14.671,2.19,3.826666666666667
14.673,2.27,3.6133333333333333
14.674,2.07,4.146666666666667
14.676,2.06,4.173333333333333
14.678,1.8599999999999999,4.706666666666667
14.68,1.9900000000000002,4.359999999999999
14.681,1.9,4.6000000000000005
14.683,1.92,4.546666666666667
14.685,1.67,5.213333333333334
14.686,2.05,4.2
14.688,1.7600000000000002,4.973333333333333
14.69,1.8599999999999999,4.706666666666667
14.692,1.9100000000000001,4.573333333333333
14.693,2.0,4.333333333333333
14.695,2.0100000000000002,4.306666666666666
14.697,2.12,4.013333333333333
14.699,2.15,3.9333333333333336
14.7,2.19,3.826666666666667
14.702,1.98,4.386666666666667
14.704,2.17,3.88
14.706,2.08,4.12
14.707,2.11,4.04
14.709,1.9900000000000002,4.359999999999999
14.711,2.19,3.826666666666667
14.713,2.13,3.9866666666666672
14.714,1.96,4.44
14.716,1.73,5.053333333333334
14.718,1.7600000000000002,4.973333333333333
14.72,1.9300000000000002,4.52
14.721,1.8199999999999998,4.8133333333333335
14.723,1.73,5.053333333333334
14.725,1.7600000000000002,4.973333333333333
14.727,1.7200000000000002,5.079999999999999
14.728,1.71,5.1066666666666665
14.73,1.79,4.8933333333333335
14.732,1.56,5.506666666666667
14.733,1.7799999999999998,4.920000000000001
14.735,1.44,5.826666666666667
14.737,1.7200000000000002,5.079999999999999
14.739,1.7799999999999998,4.920000000000001
14.74,2.08,4.12
14.742,2.11,4.04
14.744,2.15,3.9333333333333336
14.746,1.92,4.546666666666667
14.747,1.7400000000000002,5.026666666666666
14.749,1.69,5.16
14.751,1.75,5.0
14.753,1.9500000000000002,4.466666666666666
14.754,2.13,3.9866666666666672
14.756,1.9700000000000002,4.413333333333333
14.758,2.14,3.96
14.76,1.92,4.546666666666667
14.761,2.0,4.333333333333333
14.763,2.11,4.04
14.765,1.8599999999999999,4.706666666666667
14.767,1.8599999999999999,4.706666666666667
14.768,1.85,4.733333333333333
14.77,2.14,3.96
14.772,2.1,4.066666666666666
14.774,2.28,3.586666666666667
14.775,2.41,3.2399999999999993
14.777,2.52,2.9466666666666668
14.779,2.2600000000000002,3.6399999999999997
14.781,2.44,3.16
14.783,2.53,2.9200000000000004
14.785,2.48,3.0533333333333337
14.787,2.47,3.079999999999999
14.793,2.03,4.253333333333334
14.797,2.1,4.066666666666666
14.801,2.11,4.04
14.804,1.96,4.44
14.808,1.98,4.386666666666667
14.812,1.8599999999999999,4.706666666666667
14.816,1.77,4.946666666666666
14.82,1.69,5.16
14.824,2.24,3.6933333333333325
14.827,1.87,4.68
14.831,1.52,5.613333333333333
14.835,1.5,5.666666666666667
14.837,1.55,5.533333333333333
14.839,1.7200000000000002,5.079999999999999
14.842,1.94,4.493333333333333
14.844,2.2,3.8
14.846,2.21,3.7733333333333334
14.848,2.04,4.226666666666667
14.85,2.08,4.12
14.852,2.2,3.8
14.853,1.75,5.0
14.855,1.8399999999999999,4.760000000000001
14.855,2.1,4.066666666666666
14.857,2.0,4.333333333333333
14.859,1.8599999999999999,4.706666666666667
14.861,1.98,4.386666666666667
14.864,1.98,4.386666666666667
14.866,2.23,3.7199999999999998
14.868,2.35,3.3999999999999995
14.87,2.19,3.826666666666667
14.872,2.16,3.9066666666666663
14.875,2.06,4.173333333333333
14.877,2.1,4.066666666666666
14.879,2.0,4.333333333333333
14.881,2.02,4.28
14.883,1.85,4.733333333333333
14.886,1.8399999999999999,4.760000000000001
14.888,2.0,4.333333333333333
14.89,1.9900000000000002,4.359999999999999
14.892,2.2600000000000002,3.6399999999999997
14.895,2.21,3.7733333333333334
14.897,2.18,3.8533333333333326
14.899,2.31,3.506666666666667
14.901,2.29,3.5599999999999996
14.903,2.15,3.9333333333333336
14.906,2.06,4.173333333333333
14.908,1.98,4.386666666666667
14.91,1.7000000000000002,5.133333333333333
14.914,1.83,4.786666666666666
14.918,1.8900000000000001,4.626666666666666
14.922,1.88,4.653333333333333
14.926,1.8599999999999999,4.706666666666667
14.93,1.54,5.56
14.933,1.7000000000000002,5.133333333333333
14.937,1.52,5.613333333333333
14.941,2.17,3.88
14.945,1.9900000000000002,4.359999999999999
14.949,1.69,5.16
14.953,1.9100000000000001,4.573333333333333
14.957,2.12,4.013333333333333
14.961,2.0100000000000002,4.306666666666666
14.964,2.0,4.333333333333333
14.968,1.9300000000000002,4.52
14.972,2.0100000000000002,4.306666666666666
14.976,2.17,3.88
14.98,2.24,3.6933333333333325
14.984,2.35,3.3999999999999995
14.987,2.15,3.9333333333333336
14.991,2.04,4.226666666666667
14.995,2.09,4.093333333333334
14.999,2.1,4.066666666666666
15.003,2.03,4.253333333333334
15.007,2.15,3.9333333333333336
15.01,2.03,4.253333333333334
15.014,2.0,4.333333333333333
15.018,2.06,4.173333333333333
15.022,2.12,4.013333333333333
15.026,2.13,3.9866666666666672
15.03,2.0,4.333333333333333
15.034,2.3,3.533333333333334
15.037,2.06,4.173333333333333
15.041,1.9500000000000002,4.466666666666666
15.045,1.9100000000000001,4.573333333333333
15.049,1.88,4.653333333333333
15.053,1.75,5.0
15.057,1.92,4.546666666666667
15.06,2.09,4.093333333333334
15.064,1.98,4.386666666666667
15.068,2.16,3.9066666666666663
15.072,2.03,4.253333333333334
15.076,1.67,5.213333333333334
15.08,1.33,6.12
15.084,1.8199999999999998,4.8133333333333335
15.088,1.9100000000000001,4.573333333333333
15.092,1.6,5.3999999999999995
15.096,1.7000000000000002,5.133333333333333
15.1,1.69,5.16
15.103,2.06,4.173333333333333
15.107,2.22,3.746666666666666
15.111,2.21,3.7733333333333334
15.115,2.38,3.3200000000000003
15.119,1.8399999999999999,4.760000000000001
15.122,1.92,4.546666666666667
15.126,2.25,3.666666666666667
15.129,2.11,4.04
15.133,2.19,3.826666666666667
15.136,2.3,3.533333333333334
15.139,2.12,4.013333333333333
15.142,2.11,4.04
15.146,2.35,3.3999999999999995
15.148,2.11,4.04
15.151,1.9500000000000002,4.466666666666666
15.154,2.24,3.6933333333333325
15.158,2.19,3.826666666666667
15.161,2.18,3.8533333333333326
15.164,2.15,3.9333333333333336
15.168,2.11,4.04
15.171,1.98,4.386666666666667
15.174,1.9300000000000002,4.52
15.177,1.85,4.733333333333333
15.181,2.2600000000000002,3.6399999999999997
15.184,2.15,3.9333333333333336
15.187,2.0,4.333333333333333
15.191,1.7799999999999998,4.920000000000001
15.194,1.4,5.933333333333334
15.2,1.6099999999999999,5.373333333333334
15.205,1.9,4.6000000000000005
15.211,1.73,5.053333333333334
15.217,1.69,5.16
15.223,1.92,4.546666666666667
15.228,2.1,4.066666666666666
15.234,2.08,4.12
15.24,2.39,3.293333333333333
15.246,2.33,3.453333333333333
15.251,2.23,3.7199999999999998
15.257,2.25,3.666666666666667
15.263,2.13,3.9866666666666672
15.269,2.32,3.4800000000000004
15.274,2.38,3.3200000000000003
15.28,2.09,4.093333333333334
15.286,1.8900000000000001,4.626666666666666
15.29,2.14,3.96
15.295,1.9,4.6000000000000005
15.299,1.9900000000000002,4.359999999999999
15.303,1.67,5.213333333333334
15.308,1.9700000000000002,4.413333333333333
15.312,2.2,3.8
15.312,2.24,3.6933333333333325
15.316,2.34,3.4266666666666667
15.321,1.8900000000000001,4.626666666666666
15.325,1.85,4.733333333333333
15.328,1.96,4.44
15.33,2.28,3.586666666666667
15.333,2.34,3.4266666666666667
15.336,2.3,3.533333333333334
15.339,2.3,3.533333333333334
15.341,2.44,3.16
15.344,2.45,3.133333333333333
15.347,2.41,3.2399999999999993
15.35,2.24,3.6933333333333325
15.352,2.18,3.8533333333333326
15.355,2.22,3.746666666666666
15.358,1.9,4.6000000000000005
15.361,2.35,3.3999999999999995
15.363,2.44,3.16
15.366,2.15,3.9333333333333336
15.369,2.2,3.8
15.372,2.11,4.04
15.372,2.15,3.9333333333333336
15.374,2.28,3.586666666666667
15.377,2.36,3.373333333333334
15.38,2.32,3.4800000000000004
15.383,2.27,3.6133333333333333
15.385,2.19,3.826666666666667
15.388,2.05,4.2
15.391,2.19,3.826666666666667
15.393,2.41,3.2399999999999993
15.396,2.23,3.7199999999999998
15.399,2.29,3.5599999999999996
15.402,2.32,3.4800000000000004
15.404,2.09,4.093333333333334
15.407,2.46,3.1066666666666665
15.413,2.46,3.1066666666666665
15.415,2.48,3.0533333333333337
15.418,2.42,3.213333333333334
15.421,2.43,3.1866666666666665
15.424,2.28,3.586666666666667
15.426,2.17,3.88
15.429,2.11,4.04
15.432,2.06,4.173333333333333
15.437,1.9100000000000001,4.573333333333333
15.44,1.79,4.8933333333333335
15.443,2.11,4.04
15.447,2.22,3.746666666666666
15.452,2.23,3.7199999999999998
15.456,2.1,4.066666666666666
15.46,2.1,4.066666666666666
15.464,2.0,4.333333333333333
15.468,1.8399999999999999,4.760000000000001
15.472,1.8599999999999999,4.706666666666667
15.476,1.7799999999999998,4.920000000000001
15.48,2.09,4.093333333333334
15.485,2.23,3.7199999999999998
15.489,2.16,3.9066666666666663
15.493,1.8399999999999999,4.760000000000001
15.497,1.88,4.653333333333333
15.501,1.7000000000000002,5.133333333333333
15.506,2.03,4.253333333333334
15.51,2.0100000000000002,4.306666666666666
15.514,1.9100000000000001,4.573333333333333
15.518,1.6600000000000001,5.239999999999999
15.52,1.92,4.546666666666667
15.521,2.09,4.093333333333334
15.523,2.27,3.6133333333333333
15.525,2.39,3.293333333333333
15.527,2.36,3.373333333333334
15.528,2.41,3.2399999999999993
15.53,2.27,3.6133333333333333
15.532,2.22,3.746666666666666
15.534,2.09,4.093333333333334
15.535,2.13,3.9866666666666672
15.537,2.31,3.506666666666667
15.539,2.29,3.5599999999999996
15.541,2.28,3.586666666666667
15.543,2.27,3.6133333333333333
15.544,2.21,3.7733333333333334
15.546,2.28,3.586666666666667
15.548,2.16,3.9066666666666663
15.55,2.25,3.666666666666667
15.551,2.14,3.96
15.553,2.12,4.013333333333333
15.555,2.18,3.8533333333333326
15.555992187500001,2.477,3.0613333333333337
15.558453125,1.9129999999999998,4.565333333333334
15.559507812500001,2.106,4.050666666666667
15.561968750000002,1.9410000000000003,4.490666666666666
15.5630234375,1.8250000000000002,4.8
15.565484375,1.443,5.818666666666666
15.5665390625,1.291,6.224
15.569,1.599,5.402666666666667
15.569872093023255,1.183,6.512
15.572779069767442,1.416,5.890666666666667
15.574813953488372,1.468,5.752
15.57568604651163,1.843,4.752
15.577720930232559,1.446,5.810666666666667
15.578593023255813,1.302,6.1946666666666665
15.580627906976744,1.4089999999999998,5.9093333333333335
15.5815,1.191,6.490666666666667
15.584406976744186,1.199,6.469333333333333
15.586441860465117,1.5590000000000002,5.509333333333333
15.587313953488371,1.549,5.5360000000000005
15.589348837209302,1.6179999999999999,5.352
15.590220930232558,1.456,5.784
15.59088953488372,1.4,5.933333333333334
15.592255813953487,1.3159999999999998,6.157333333333334
15.593127906976743,1.026,6.930666666666666
15.593883720930231,1.415,5.8933333333333335
15.596031999999997,1.2650000000000001,6.293333333333333
15.5960828,1.13,6.653333333333333
15.597555999999999,1.155,6.586666666666667
15.599842,1.7520000000000002,4.994666666666666
15.603651999999999,1.71,5.1066666666666665
15.605175999999998,2.229,3.722666666666666
15.605175999999998,2.773,2.272
15.608731999999998,2.05,4.2
15.613304,2.283,3.578666666666667
15.613812,2.37,3.3466666666666667
15.618892,2.32,3.4800000000000004
15.621431999999997,2.277,3.594666666666666
15.623971999999998,2.36,3.373333333333334
15.629052,2.34,3.4266666666666667
15.62956,2.3560000000000003,3.3839999999999995
15.634131999999997,2.41,3.2399999999999993
15.636671999999999,2.3890000000000002,3.2959999999999994
15.639211999999999,2.39,3.293333333333333
15.640735999999997,2.323,3.4720000000000004
15.644292,2.39,3.293333333333333
15.6448,2.415,3.2266666666666666
15.649371999999998,2.4,3.2666666666666666
15.652927999999998,2.189,3.8293333333333335
15.654452,2.36,3.373333333333334
15.659531999999999,2.3,3.533333333333334
15.661055999999999,2.052,4.1946666666666665
15.664611999999998,2.0100000000000002,4.306666666666666
15.665119999999998,2.145,3.9466666666666663
15.669183999999998,1.71,5.1066666666666665
15.669692,2.0100000000000002,4.306666666666666
15.673248,1.995,4.346666666666667
15.674771999999999,2.14,3.96
15.677311999999999,2.263,3.6320000000000006
15.679852,2.27,3.6133333333333333
15.684931999999998,2.34,3.4266666666666667
15.685439999999998,2.741,2.357333333333333
15.689504,1.88,4.653333333333333
15.690012,1.8599999999999999,4.706666666666667
15.693567999999999,1.9409999999999998,4.490666666666667
15.695092,2.03,4.253333333333334
15.697631999999999,1.827,4.794666666666667
15.700171999999998,2.03,4.253333333333334
15.701696,1.9289999999999998,4.522666666666667
15.705252,1.7999999999999998,4.866666666666667
15.70576,1.7000000000000002,5.133333333333333
15.708808,2.049,4.2026666666666666
15.710331999999998,1.71,5.1066666666666665
15.715411999999999,2.09,4.093333333333334
15.716935999999999,2.004,4.322666666666667
15.720492,1.8599999999999999,4.706666666666667
15.721,1.863,4.698666666666667
15.726379310344827,2.814,2.1626666666666665
15.72705172413793,1.9700000000000002,4.413333333333333
15.731758620689654,2.169,3.8826666666666663
15.733775862068965,2.38,3.3200000000000003
15.737137931034484,2.277,3.594666666666666
15.740499999999997,2.28,3.586666666666667
15.747224137931035,2.15,3.9333333333333336
15.747896551724137,1.8719999999999999,4.674666666666667
15.75394827586207,2.22,3.746666666666666
15.758655172413794,2.251,3.6640000000000006
15.760672413793102,2.4,3.2666666666666666
15.767396551724138,2.2600000000000002,3.6399999999999997
15.769413793103448,2.229,3.722666666666666
15.77412068965517,2.16,3.9066666666666663
15.774793103448275,2.104,4.056
15.780172413793105,2.293,3.5519999999999996
15.780844827586208,2.09,4.093333333333334
15.785551724137932,2.07,4.146666666666667
15.787568965517243,2.19,3.826666666666667
15.790931034482758,2.082,4.114666666666667
15.794293103448275,2.1,4.066666666666666
15.796310344827589,1.8279999999999998,4.792000000000001
15.799745989304814,2.02,4.28
15.799994652406417,1.9969999999999999,4.341333333333334
15.801486631016044,2.277,3.594666666666666
15.802232620320854,2.13,3.9866666666666672
15.803475935828876,2.408,3.245333333333334
15.804719251336898,2.29,3.5599999999999996
15.80546524064171,2.3,3.533333333333334
15.807205882352942,2.39,3.293333333333333
15.807454545454545,2.516,2.957333333333333
15.809692513368983,2.34,3.4266666666666667
15.811433155080213,2.011,4.303999999999999
15.812179144385027,2.14,3.96
15.813422459893049,2.009,4.309333333333334
15.81466577540107,2.09,4.093333333333334
15.815411764705882,2.001,4.330666666666667
15.817152406417112,1.9700000000000002,4.413333333333333
15.819390374331551,2.278,3.5919999999999996
15.819639037433156,2.29,3.5599999999999996
15.821379679144385,2.244,3.682666666666666
15.822125668449198,2.31,3.506666666666667
15.823368983957218,2.299,3.5360000000000005
15.82461229946524,2.32,3.4800000000000004
15.827098930481283,2.38,3.3200000000000003
15.829336898395722,2.206,3.784
15.829585561497327,2.35,3.3999999999999995
15.831326203208556,2.225,3.7333333333333334
15.832072192513369,2.3,3.533333333333334
15.83331550802139,2.136,3.9706666666666663
15.870092780748664,2.309,3.509333333333333
15.872579411764706,2.11,4.04
15.875066042780748,2.093,4.085333333333334
15.87755267379679,2.034,4.2426666666666675
15.880039304812835,2.089,4.096
15.882525935828877,2.18,3.8533333333333326
15.884515240641711,2.267,3.6213333333333333
15.887499197860963,1.842,4.754666666666666
15.889488502673796,1.943,4.485333333333333
15.892983333333333,1.639,5.296
15.899193859649122,2.417,3.221333333333334
15.903334210526316,2.126,3.9973333333333336
15.908509649122808,2.49,3.0266666666666664
15.913685087719298,1.9209999999999998,4.5440000000000005
15.919378070175439,2.424,3.2026666666666666
15.922483333333332,2.02,4.28
15.928693859649123,2.5,3.0
15.934386842105264,2.295,3.546666666666667
15.941114912280701,2.282,3.5813333333333333
15.944737719298246,2.13,3.9866666666666672
15.949913157894738,2.254,3.6559999999999997
15.955088596491228,2.206,3.784
15.96026403508772,2.07,4.146666666666667
15.96543947368421,2.183,3.8453333333333335
15.970614912280702,2.013,4.298666666666667
15.974755263157894,2.067,4.1546666666666665
15.980965789473684,1.6520000000000001,5.261333333333333
15.986141228070176,1.5670000000000002,5.4879999999999995
15.991316666666666,1.759,4.976
15.996492105263158,1.343,6.085333333333334
16.00736052631579,1.3719999999999999,6.008
16.012148277583627,1.331,6.117333333333334
16.017656681644198,1.4969999999999999,5.674666666666667
16.02404643035447,2.273,3.6053333333333333
16.02944466633383,2.317,3.4879999999999995
16.035503910800465,1.9980000000000002,4.338666666666666
16.041508071226495,1.9449999999999998,4.48
16.047512231652522,1.987,4.367999999999999
16.052304543185222,1.8039999999999998,4.856000000000001
16.057702779164586,2.03,4.253333333333334
16.063156099184557,2.084,4.109333333333333
16.06855433516392,1.9929999999999999,4.352
16.077588117823264,1.9380000000000002,4.498666666666666
16.08359227824929,1.8239999999999998,4.802666666666667
16.089596438675322,1.9929999999999999,4.352
16.09560059910135,2.056,4.184
16.101604759527376,2.054,4.189333333333334
16.107058079547347,2.105,4.053333333333334
16.113998668663672,1.65,5.266666666666667
16.122096022632718,1.7730000000000001,4.938666666666666
16.13013829256116,1.745,5.013333333333333
16.138235646530205,1.9649999999999999,4.426666666666667
16.146277916458647,2.066,4.157333333333334
16.154375270427693,2.146,3.944
16.17211233150275,2.02,4.28
16.173048760193044,2.096,4.077333333333333
16.178557164253622,1.916,4.557333333333333
16.178557164253622,1.9209999999999998,4.5440000000000005
16.181862206689964,1.9809999999999999,4.384
16.188251955400236,1.9049999999999998,4.586666666666667
16.189573972374774,1.9449999999999998,4.48
16.195082376435348,1.8599999999999999,4.706666666666667
16.195523048760194,1.8210000000000002,4.810666666666666
16.200590780495926,1.876,4.664000000000001
16.2060991845565,1.806,4.850666666666666
16.206815277084374,1.529,5.589333333333333
16.211607588617074,1.8479999999999999,4.738666666666667
16.21326010983525,1.746,5.010666666666666
16.217115992677652,1.924,4.5360000000000005
16.218107505408554,1.6280000000000001,5.325333333333333
16.222624396738226,1.9529999999999998,4.458666666666667
16.228132800798804,1.7400000000000002,5.026666666666666
16.23364120485938,1.8610000000000002,4.704
16.239149608919956,1.7879999999999998,4.898666666666667
16.24465801298053,1.8439999999999999,4.749333333333333
16.250166417041104,2.019,4.282666666666667
16.25567482110168,2.301,3.530666666666666
16.26118322516226,1.96,4.44
16.266691629222834,2.102,4.061333333333334
16.27220003328341,2.036,4.237333333333333
16.277708437343986,2.009,4.309333333333334
16.283216841404563,1.92,4.546666666666667
16.288725245465137,2.192,3.8213333333333326
16.29423364952571,1.9529999999999998,4.458666666666667
16.29974205358629,2.183,3.8453333333333335
16.305250457646864,1.9980000000000002,4.338666666666666
16.31075886170744,2.07,4.146666666666667
16.31626726576802,2.03,4.253333333333334
16.321775669828593,1.7040000000000002,5.1226666666666665
16.34022882343152,1.544,5.549333333333333
16.34510447761194,1.7040000000000002,5.1226666666666665
16.351895522388062,1.722,5.074666666666666
16.360104477611944,1.638,5.298666666666667
16.366820895522388,1.505,5.653333333333333
16.374656716417913,2.042,4.221333333333334
16.382417910447764,2.1390000000000002,3.9626666666666663
16.390701492537314,1.8359999999999999,4.770666666666667
16.397417910447764,1.7640000000000002,4.962666666666666
16.404880597014927,1.9009999999999998,4.597333333333334
16.413014925373137,1.645,5.28
16.42055223880597,1.811,4.8373333333333335
16.428014925373134,1.9,4.6000000000000005
16.4354776119403,1.806,4.850666666666666
16.44286567164179,1.714,5.096
16.450328358208957,1.4260000000000002,5.864
16.456730791788857,1.295,6.213333333333334
16.461480938416422,1.625,5.333333333333333
16.4682146627566,1.8650000000000002,4.6933333333333325
16.47343460410557,1.766,4.957333333333334
16.47813255131965,1.83,4.786666666666666
16.48392668621701,1.935,4.506666666666667
16.489146627565983,1.863,4.698666666666667
16.494314369501467,1.759,4.976
16.498542521994136,1.6869999999999998,5.168
16.50423225806452,1.669,5.216
16.508930205278592,1.6360000000000001,5.303999999999999
16.513158357771264,1.823,4.8053333333333335
16.51994428152493,1.854,4.722666666666666
16.524642228739,1.923,4.538666666666667
16.529862170087977,1.5510000000000002,5.530666666666666
16.53560410557185,1.682,5.181333333333334
16.540249853372437,1.681,5.184
16.54708797653959,1.6139999999999999,5.362666666666667
16.551211730205278,1.9420000000000002,4.4879999999999995
16.55543988269795,2.052,4.1946666666666665
16.56112961876833,2.086,4.104
16.56692375366569,1.681,5.184
16.572143695014663,1.741,5.024
16.577311436950147,1.8679999999999999,4.685333333333333
16.582531378299123,1.7200000000000002,5.079999999999999
16.587803519061584,1.631,5.317333333333333
16.59244926686217,1.6749999999999998,5.2
16.597721407624636,1.85,4.733333333333333
16.603933137829912,2.1310000000000002,3.983999999999999
16.608631085043992,2.171,3.8773333333333335
16.613903225806453,2.193,3.818666666666666
16.618079178885633,2.155,3.920000000000001
16.6243431085044,2.094,4.082666666666667
16.629510850439885,1.7349999999999999,5.04
16.634730791788858,1.6669999999999998,5.221333333333334
16.640002932551322,1.6709999999999998,5.2106666666666674
16.645222873900295,1.987,4.367999999999999
16.649346627565983,2.0140000000000002,4.295999999999999
16.65561055718475,1.9369999999999998,4.501333333333334
16.660830498533727,1.762,4.968
16.698727272727275,2.181,3.8506666666666662
16.703947214076248,2.176,3.864
16.70968914956012,2.099,4.069333333333333
16.714387096774196,1.999,4.335999999999999
16.71960703812317,1.818,4.818666666666666
16.725870967741937,1.794,4.882666666666666
16.730046920821117,1.9249999999999998,4.533333333333334
16.73526686217009,1.7189999999999999,5.082666666666667
16.73944281524927,1.665,5.226666666666667
16.74466275659824,1.6709999999999998,5.2106666666666674
16.75092668621701,1.843,4.752
16.756146627565982,2.016,4.290666666666667
16.76136656891496,2.071,4.143999999999999
16.766586510263934,1.783,4.912
16.771806451612907,1.6869999999999998,5.168
16.776504398826983,1.9540000000000002,4.4559999999999995
16.787466275659828,1.763,4.965333333333334
16.7932082111437,1.6059999999999999,5.384
16.797384164222876,2.125,4.0
16.801560117302053,1.935,4.506666666666667
16.80834604105572,1.384,5.976
16.813237410071945,1.7360000000000002,5.037333333333333
16.82128057553957,1.9980000000000002,4.338666666666666
16.82684892086331,1.7879999999999998,4.898666666666667
16.831798561151082,1.899,4.602666666666667
16.837985611510792,1.8610000000000002,4.704
16.844791366906477,1.8980000000000001,4.605333333333333
16.85097841726619,1.951,4.4639999999999995
16.855928057553957,1.538,5.565333333333333
16.863352517985614,1.9460000000000002,4.477333333333333
16.87077697841727,1.888,4.632000000000001
16.875726618705038,1.7029999999999998,5.125333333333334
16.881913669064748,1.661,5.237333333333333
16.888100719424457,1.637,5.301333333333333
16.89428776978417,1.5070000000000001,5.648
16.900230769230767,1.8250000000000002,4.8
16.905807692307693,1.8319999999999999,4.781333333333333
16.911384615384616,1.951,4.4639999999999995
16.916403846153845,1.964,4.429333333333333
16.923653846153847,1.7240000000000002,5.069333333333333
16.92820430107527,2.153,3.9253333333333336
16.934225806451614,2.241,3.690666666666666
16.939645161290322,2.163,3.898666666666667
16.9444623655914,2.333,3.445333333333333
16.95289247311828,2.166,3.890666666666667
16.958311827956987,2.336,3.437333333333334
16.964935483870967,2.588,2.765333333333333
16.970956989247313,2.5,3.0
16.975774193548386,2.361,3.370666666666666
16.981193548387093,2.439,3.1626666666666665
16.988419354838708,2.267,3.6213333333333333
16.99564516129032,2.262,3.634666666666667
17.0004623655914,2.248,3.6719999999999997
17.00648387096774,2.24,3.6933333333333325
17.012505376344084,2.251,3.6640000000000006
17.018526881720426,2.322,3.474666666666667
17.024608602150536,2.267,3.6213333333333333
17.030027956989247,2.253,3.658666666666666
17.03604946236559,2.177,3.8613333333333335
17.0432752688172,2.443,3.152
17.047490322580643,2.161,3.904
17.054716129032254,2.09,4.093333333333334
17.059533333333334,2.324,3.469333333333334
17.066156989247308,2.294,3.5493333333333332
17.072178494623653,2.5020000000000002,2.994666666666666
17.0782,2.112,4.034666666666666
17.08422150537634,2.086,4.104
17.090243010752687,1.948,4.472
17.095544210526313,1.483,5.712
17.100491578947366,2.311,3.5040000000000004
17.105933684210527,2.011,4.303999999999999
17.110881052631576,1.8170000000000002,4.821333333333333
17.11582842105263,2.334,3.4426666666666668
17.120775789473683,2.163,3.898666666666667
17.126712631578947,2.189,3.8293333333333335
17.13067052631579,2.435,3.173333333333333
17.13561789473684,2.444,3.1493333333333338
17.14106,2.177,3.8613333333333335
17.145512631578946,2.108,4.045333333333333
17.15046,2.305,3.5199999999999996
17.155407368421052,2.448,3.1386666666666665
17.160354736842105,2.285,3.5733333333333333
17.16530210526316,2.279,3.5893333333333333
17.170496842105262,2.188,3.832
17.17519684210526,2.187,3.834666666666667
17.17866,2.339,3.429333333333333
17.18558631578947,2.008,4.312
17.189577886977887,1.896,4.610666666666667
17.192329729729728,2.463,3.0986666666666665
17.195081572481573,2.035,4.239999999999999
17.243486486486486,2.27,3.6133333333333333
17.246238329238327,2.16,3.9066666666666663
17.248990171990172,2.33,3.453333333333333
17.251742014742014,2.48,3.0533333333333337
17.254493857493856,2.42,3.213333333333334
17.2572457002457,2.45,3.133333333333333
17.259997542997542,2.36,3.373333333333334
17.262749385749384,2.4,3.2666666666666666
17.26550122850123,2.29,3.5599999999999996
17.26825307125307,2.22,3.746666666666666
17.271004914004912,2.27,3.6133333333333333
17.273756756756754,2.32,3.4800000000000004
17.2765085995086,2.21,3.7733333333333334
17.27926044226044,2.18,3.8533333333333326
17.282012285012282,2.17,3.88
17.284764127764127,2.29,3.5599999999999996
17.28751597051597,2.18,3.8533333333333326
17.29026781326781,2.03,4.253333333333334
17.293019656019656,1.96,4.44
17.295771498771497,1.7400000000000002,5.026666666666666
17.298523341523342,1.65,5.266666666666667
17.30144252873563,1.62,5.346666666666667
17.305867816091954,2.0100000000000002,4.306666666666666
17.310293103448277,2.58,2.7866666666666666
17.314718390804597,2.48,3.0533333333333337
17.31914367816092,2.25,3.666666666666667
17.32356896551724,2.32,3.4800000000000004
17.327994252873562,2.49,3.0266666666666664
17.332419540229886,2.47,3.079999999999999
17.336844827586205,2.37,3.3466666666666667
17.341270114942528,2.2,3.8
17.345695402298848,2.33,3.453333333333333
17.35012068965517,2.46,3.1066666666666665
17.354545977011494,2.52,2.9466666666666668
17.358971264367813,2.52,2.9466666666666668
17.363396551724136,2.44,3.16
17.367821839080456,2.54,2.893333333333333
17.37224712643678,2.31,3.506666666666667
17.376672413793102,2.09,4.093333333333334
17.38109770114942,2.09,4.093333333333334
17.385522988505745,2.17,3.88
17.389948275862068,2.4,3.2666666666666666
17.39437356321839,1.9900000000000002,4.359999999999999
17.39879885057471,1.9,4.6000000000000005
17.403002873563217,2.05,4.2
17.41499540229885,2.22,3.746666666666666
17.41942068965517,2.147,3.9413333333333336
17.423845977011492,2.438,3.165333333333333
17.42738620689655,2.527,2.9279999999999995
17.431811494252873,2.176,3.864
17.437121839080458,2.118,4.018666666666667
17.441547126436777,2.494,3.015999999999999
17.44552988505747,2.199,3.802666666666667
17.450397701149424,1.955,4.453333333333333
17.455223495702004,1.98,4.386666666666667
17.45857593123209,1.867,4.688
17.461183381088823,2.161,3.904
17.465653295128938,2.341,3.4239999999999995
17.469750716332378,2.063,4.165333333333333
17.47347564469914,2.497,3.008
17.475710601719197,2.538,2.898666666666667
17.479435530085958,2.302,3.5279999999999996
17.48316045845272,2.364,3.3626666666666667
17.48800286532951,2.065,4.16
17.491727793696274,2.193,3.818666666666666
17.495452722063035,2.073,4.1386666666666665
17.499177650429797,2.087,4.101333333333333
17.503275071633237,1.811,4.8373333333333335
17.507,2.384,3.309333333333334
17.51072492836676,2.243,3.6853333333333333
17.514449856733524,2.05,4.2
17.518174785100285,2.046,4.2106666666666674
17.521899713467047,2.302,3.5279999999999996
17.52562464183381,2.0140000000000002,4.295999999999999
17.529349570200573,2.101,4.064
17.533074498567334,1.9129999999999998,4.565333333333334
17.536799426934095,2.195,3.8133333333333335
17.54052435530086,2.327,3.461333333333333
17.54424928366762,2.23,3.7199999999999998
17.547974212034383,2.36,3.373333333333334
17.551699140401148,2.032,4.248
17.555424068767906,2.054,4.189333333333334
17.55914899713467,1.987,4.367999999999999
17.56287392550143,2.176,3.864
17.566598853868193,2.16,3.9066666666666663
17.570323782234958,1.7730000000000001,4.938666666666666
17.57404871060172,1.802,4.8613333333333335
17.57777363896848,1.8900000000000001,4.626666666666666
17.581498567335245,1.9329999999999998,4.5120000000000005
17.585370731707314,1.774,4.936
17.591549593495937,2.053,4.192
17.597728455284553,2.45,3.133333333333333
17.603907317073173,2.592,2.7546666666666666
17.604957723577236,2.32,3.4800000000000004
17.610333333333333,2.261,3.6373333333333333
17.610951219512195,2.19,3.826666666666667
17.617130081300814,1.9300000000000002,4.52
17.623308943089434,2.0100000000000002,4.306666666666666
17.62948780487805,2.28,3.586666666666667
17.63566666666667,2.29,3.5599999999999996
17.641845528455285,2.09,4.093333333333334
17.648024390243904,2.02,4.28
17.654203252032524,2.02,4.28
17.66038211382114,1.73,5.053333333333334
17.66871428571429,1.7400000000000002,5.026666666666666
17.677285714285713,2.2600000000000002,3.6399999999999997
17.685857142857145,1.98,4.386666666666667
17.694428571428574,2.0100000000000002,4.306666666666666
17.703,2.0,4.333333333333333
17.71157142857143,2.28,3.586666666666667
17.720142857142854,2.35,3.3999999999999995
17.728562189054724,2.42,3.213333333333334
17.73637313432836,2.37,3.3466666666666667
17.74418407960199,2.07,4.146666666666667
17.751995024875622,1.9900000000000002,4.359999999999999
17.75980597014925,2.06,4.173333333333333
17.767616915422884,2.19,3.826666666666667
17.775427860696517,2.32,3.4800000000000004
17.783238805970147,2.0,4.333333333333333
17.791049751243783,2.16,3.9066666666666663
17.798860696517412,2.09,4.093333333333334
17.806671641791045,1.7999999999999998,4.866666666666667
17.814482587064678,2.07,4.146666666666667
17.822293532338307,2.32,3.4800000000000004
17.83010447761194,2.12,4.013333333333333
17.83791542288557,2.17,3.88
17.8457263681592,2.11,4.04
17.853537313432838,2.07,4.146666666666667
17.861348258706467,2.03,4.253333333333334
17.8691592039801,2.2,3.8
17.87697014925373,2.43,3.1866666666666665
17.8846644295302,2.64,2.6266666666666665
17.891308724832214,2.56,2.84
17.897953020134228,2.71,2.44
17.90459731543624,2.15,3.9333333333333336
17.91124161073825,2.17,3.88
17.91788590604027,2.35,3.3999999999999995
17.924530201342282,2.39,3.293333333333333
17.931174496644296,2.21,3.7733333333333334
17.93781879194631,2.32,3.4800000000000004
17.94446308724832,2.16,3.9066666666666663
17.951107382550337,2.28,3.586666666666667
17.95775167785235,2.06,4.173333333333333
17.96439597315436,2.17,3.88
17.971040268456377,2.17,3.88
17.977684563758388,1.98,4.386666666666667
17.98403448275862,1.9100000000000001,4.573333333333333
17.989206896551725,2.08,4.12
17.994379310344826,2.44,3.16
17.99955172413793,2.58,2.7866666666666666
18.00472413793103,2.44,3.16
18.009896551724136,2.27,3.6133333333333333
18.01506896551724,2.3,3.533333333333334
18.03762068965517,1.867,4.688
18.042793103448275,2.254,3.6559999999999997
18.04796551724138,2.072,4.141333333333333
18.053137931034485,1.806,4.850666666666666
18.058427906976743,1.6960000000000002,5.143999999999999
18.06555968992248,2.0060000000000002,4.317333333333333
18.072691472868218,2.069,4.149333333333334
18.079823255813952,2.026,4.264
18.08695503875969,2.323,3.4720000000000004
18.094086821705424,2.352,3.3946666666666667
18.101218604651162,2.342,3.421333333333333
18.1083503875969,2.082,4.114666666666667
18.115482170542634,2.027,4.261333333333333
18.122613953488372,2.233,3.7119999999999997
18.129745736434103,2.344,3.4160000000000004
18.13687751937984,2.417,3.221333333333334
18.14400930232558,2.394,3.2826666666666666
18.151032775919727,2.4,3.2666666666666666
18.157487625418057,2.075,4.133333333333333
18.163942474916382,2.345,3.413333333333333
18.17039732441471,2.348,3.405333333333334
18.176852173913044,2.23,3.7199999999999998
18.18330702341137,2.207,3.7813333333333334
18.1897618729097,2.15,3.9333333333333336
18.196216722408025,2.345,3.413333333333333
18.202671571906354,2.343,3.4186666666666667
18.209126421404683,2.362,3.3679999999999994
18.21558127090301,2.009,4.309333333333334
18.222036120401338,1.705,5.12
18.228490969899664,2.0100000000000002,4.306666666666666
18.234945819397993,1.818,4.818666666666666
18.241400668896322,2.086,4.104
18.247855518394648,2.187,3.834666666666667
18.254310367892977,1.9020000000000001,4.594666666666666
18.260765217391302,2.394,3.2826666666666666
18.26722006688963,2.3770000000000002,3.3279999999999994
18.27367491638796,2.29,3.5599999999999996
18.280129765886286,2.637,2.6346666666666665
18.286584615384616,2.336,3.437333333333334
18.29303946488294,2.331,3.4506666666666668
18.29949431438127,2.391,3.2906666666666666
18.3059491638796,2.24,3.6933333333333325
18.312404013377925,2.438,3.165333333333333
18.318858862876255,2.1310000000000002,3.983999999999999
18.32531371237458,1.987,4.367999999999999
18.33176856187291,2.125,4.0
18.335899665551842,2.392,3.2880000000000003
18.3481835443038,2.593,2.7520000000000002
18.35970253164557,2.36,3.373333333333334
18.366613924050633,2.475,3.0666666666666664
18.370069620253165,2.601,2.7306666666666666
18.374677215189873,2.46,3.1066666666666665
18.37870886075949,2.39,3.293333333333333
18.382740506329114,2.394,3.2826666666666666
18.386772151898736,2.326,3.4639999999999995
18.39253164556962,2.7430000000000003,2.351999999999999
18.398867088607595,2.548,2.872
18.402898734177217,2.458,3.111999999999999
18.411537974683544,2.249,3.6693333333333333
18.41729746835443,2.291,3.5573333333333332
18.423056962025317,2.39,3.293333333333333
18.4288164556962,2.162,3.9013333333333335
18.434593333333336,1.9900000000000002,4.359999999999999
18.440526666666663,2.37,3.3466666666666667
18.44646,2.24,3.6933333333333325
18.452393333333333,2.17,3.88
18.458326666666665,2.657,2.5813333333333333
18.46426,2.62,2.6799999999999997
18.47019333333333,2.37,3.3466666666666667
18.476126666666666,2.287,3.5680000000000005
18.48206,2.549,2.8693333333333335
18.487993333333332,2.575,2.7999999999999994
18.493926666666667,2.547,2.8746666666666663
18.499859999999998,2.101,4.064
18.505793333333333,2.355,3.3866666666666667
18.511726666666668,2.459,3.109333333333333
18.51766,2.371,3.3440000000000003
18.523433035714284,1.9660000000000002,4.4239999999999995
18.52776339285714,2.202,3.794666666666667
18.532093749999998,2.17,3.88
18.536424107142857,2.297,3.541333333333333
18.540754464285712,2.214,3.762666666666667
18.54508482142857,2.202,3.794666666666667
18.549415178571426,2.379,3.3226666666666667
18.553745535714285,2.417,3.221333333333334
18.558075892857143,2.387,3.301333333333333
18.56240625,2.529,2.9226666666666667
18.565004464285714,2.279,3.5893333333333333
18.571066964285713,2.2520000000000002,3.6613333333333324
18.57539732142857,2.227,3.7280000000000006
18.57972767857143,2.072,4.141333333333333
18.584058035714285,2.125,4.0
18.58838839285714,2.033,4.245333333333334
18.59271875,2.423,3.205333333333333
18.597049107142855,2.441,3.1573333333333338
18.601379464285714,2.411,3.237333333333333
18.60570982142857,2.289,3.562666666666666
18.610040178571428,2.43,3.1866666666666665
18.614370535714283,2.396,3.277333333333334
18.61870089285714,2.489,3.0293333333333337
18.62303125,2.47,3.079999999999999
18.627361607142856,2.18,3.8533333333333326
18.631691964285714,2.293,3.5519999999999996
18.63602232142857,2.416,3.224
18.64035267857143,2.371,3.3440000000000003
18.644683035714287,2.132,3.9813333333333327
18.649013392857142,2.144,3.9493333333333327
18.65334375,2.258,3.6453333333333333
18.657674107142856,2.332,3.4480000000000004
18.679585714285714,1.887,4.634666666666667
18.683916071428573,1.996,4.344
18.68824642857143,2.576,2.797333333333333
18.692576785714287,2.357,3.381333333333333
18.696907142857143,2.356,3.3840000000000003
18.7012375,2.427,3.1946666666666665
18.705567857142857,2.433,3.1786666666666674
18.709898214285715,2.388,3.2986666666666666
18.71422857142857,1.968,4.418666666666667
18.719145077720206,1.843,4.752
18.725103626943007,1.904,4.589333333333333
18.731062176165803,1.9500000000000002,4.466666666666666
18.7370207253886,2.292,3.554666666666667
18.7429792746114,1.7570000000000001,4.981333333333333
18.748937823834197,2.557,2.8480000000000003
18.754896373056994,2.03,4.253333333333334
18.760854922279794,1.984,4.376
18.76681347150259,2.032,4.248
18.77277202072539,2.13,3.9866666666666672
18.778730569948188,1.9089999999999998,4.5760000000000005
18.784689119170984,2.12,4.013333333333333
18.790647668393785,2.221,3.7439999999999998
18.79660621761658,1.899,4.602666666666667
18.80256476683938,1.9929999999999999,4.352
18.808523316062175,2.172,3.8746666666666663
18.814481865284975,2.226,3.730666666666667
18.820440414507775,2.017,4.288
18.826398963730572,2.128,3.992
18.832315544041453,1.866,4.690666666666666
18.837574611398963,2.075,4.133333333333333
18.842833678756477,2.228,3.7253333333333325
18.84809274611399,2.645,2.6133333333333333
18.853351813471505,2.262,3.634666666666667
18.85861088082902,2.283,3.578666666666667
18.86386994818653,2.043,4.218666666666667
18.869129015544043,2.064,4.1626666666666665
18.874388082901557,2.336,3.437333333333334
18.879647150259068,2.404,3.2560000000000002
18.883538860103627,2.494,3.015999999999999
18.88879792746114,2.454,3.1226666666666665
18.894056994818655,2.438,3.165333333333333
18.89931606217617,2.425,3.2
18.90457512953368,2.392,3.2880000000000003
18.909834196891193,2.2600000000000002,3.6399999999999997
18.915093264248707,2.277,3.594666666666666
18.920352331606217,2.296,3.5440000000000005
18.92561139896373,2.275,3.6000000000000005
18.93087046632124,2.427,3.1946666666666665
18.93612953367876,2.342,3.421333333333333
18.941388601036273,2.507,2.981333333333333
18.946647668393783,2.408,3.245333333333334
18.951906735751297,2.419,3.216
18.957165803108808,2.366,3.357333333333333
18.96242487046632,2.2560000000000002,3.650666666666666
18.967683937823836,2.307,3.514666666666667
18.972943005181346,2.16,3.9066666666666663
18.97820207253886,2.132,3.9813333333333327
18.983461139896374,2.028,4.258666666666667
18.988720207253888,2.206,3.784
18.9939792746114,2.4,3.2666666666666666
18.999238341968912,2.478,3.0586666666666664
19.004497409326426,2.57,2.813333333333334
19.009756476683936,2.397,3.2746666666666675
19.01501554404145,2.571,2.810666666666666
19.020274611398964,2.406,3.2506666666666666
19.025533678756478,2.311,3.5040000000000004
19.030792746113992,2.259,3.642666666666667
19.035719298245613,2.07,4.146666666666667
19.039315789473683,2.23,3.7199999999999998
19.042912280701756,2.31,3.506666666666667
19.046508771929826,2.371,3.3440000000000003
19.050105263157896,2.519,2.949333333333333
19.053701754385965,2.519,2.949333333333333
19.057298245614035,2.771,2.2773333333333334
19.060894736842105,2.741,2.357333333333333
19.064491228070175,2.736,2.3706666666666663
19.068087719298248,2.402,3.261333333333333
19.071684210526314,2.442,3.1546666666666665
19.075280701754387,2.31,3.506666666666667
19.078877192982457,2.432,3.181333333333334
19.081035087719297,2.433,3.1786666666666674
19.086285964912282,2.45,3.133333333333333
19.08988245614035,2.317,3.4879999999999995
19.09347894736842,2.399,3.269333333333333
19.09707543859649,2.321,3.477333333333333
19.100671929824564,2.308,3.5120000000000005
19.10426842105263,2.244,3.682666666666666
19.107864912280704,2.248,3.6719999999999997
19.111461403508773,2.224,3.7359999999999998
19.115057894736843,2.18,3.8533333333333326
19.118690350877195,2.7150000000000003,2.426666666666666
19.122286842105265,2.472,3.0746666666666664
19.125883333333334,2.313,3.498666666666666
19.129479824561404,2.354,3.389333333333333
19.133076315789474,2.276,3.597333333333334
19.136672807017543,2.271,3.610666666666667
19.140269298245617,2.177,3.8613333333333335
19.143865789473683,2.072,4.141333333333333
19.147462280701756,2.295,3.546666666666667
19.151058771929826,2.206,3.784
19.154655263157895,2.212,3.768
19.158236269430052,2.026,4.264
19.162174093264248,2.387,3.301333333333333
19.166111917098444,2.393,3.285333333333334
19.170049740932644,2.706,2.4506666666666668
19.17398756476684,2.157,3.9146666666666663
19.177925388601036,2.483,3.045333333333333
19.181863212435236,2.116,4.024
19.18580103626943,2.404,3.2560000000000002
19.189738860103628,2.185,3.84
19.193676683937824,2.248,3.6719999999999997
19.19761450777202,2.168,3.8853333333333326
19.20155233160622,2.1310000000000002,3.983999999999999
19.205490155440415,2.287,3.5680000000000005
19.20942797927461,2.3770000000000002,3.3279999999999994
19.21336580310881,2.394,3.2826666666666666
19.217303626943007,2.611,2.7039999999999993
19.221241450777203,2.545,2.8800000000000003
19.2251792746114,2.575,2.7999999999999994
19.229117098445595,2.458,3.111999999999999
19.233054922279795,1.725,5.066666666666666
19.236981113801452,2.308,3.5120000000000005
19.24090363196126,1.9289999999999998,4.522666666666667
19.244826150121064,2.093,4.085333333333334
19.24874866828087,2.323,3.4720000000000004
19.25267118644068,2.307,3.514666666666667
19.256593704600483,2.334,3.4426666666666668
19.26051622276029,2.284,3.5760000000000005
19.264438740920095,2.28,3.586666666666667
19.268361259079903,2.279,3.5893333333333333
19.27228377723971,2.447,3.141333333333333
19.276206295399515,2.153,3.9253333333333336
19.280128813559323,2.112,4.034666666666666
19.284051331719127,2.25,3.666666666666667
19.287973849878934,2.276,3.597333333333334
19.291896368038742,2.1350000000000002,3.9733333333333327
19.295818886198546,2.192,3.8213333333333326
19.299741404358354,2.25,3.666666666666667
19.303663922518158,2.383,3.3120000000000003
19.307586440677966,2.503,2.9919999999999995
19.311508958837774,2.369,3.349333333333333
19.315431476997578,2.074,4.136
19.319353995157385,2.176,3.864
19.32327651331719,2.319,3.482666666666667
19.327199031476997,2.116,4.024
19.331121549636805,2.442,3.1546666666666665
19.33504406779661,2.425,3.2
19.338966585956417,2.468,3.0853333333333337
19.34288910411622,2.515,2.9599999999999995
19.34681162227603,2.44,3.16
19.350734140435836,2.7190000000000003,2.415999999999999
19.35465665859564,2.523,2.9386666666666663
19.35857917675545,2.633,2.6453333333333333
19.362501694915252,2.6590000000000003,2.575999999999999
19.36642421307506,2.649,2.6026666666666665
19.373053268765133,2.944,1.8160000000000003
19.374269249394672,2.285,3.5733333333333333
19.377681840193702,2.616,2.6906666666666665
19.38227118644068,2.452,3.128
19.386899757869248,2.473,3.072
19.39152832929782,2.642,2.6213333333333337
19.396117675544794,2.714,2.4293333333333336
19.400746246973366,2.649,2.6026666666666665
19.40537481840194,2.7190000000000003,2.415999999999999
19.409964164648912,3.2630000000000003,0.9653333333333327
19.41459273607748,2.598,2.738666666666667
19.419221307506053,2.718,2.4186666666666667
19.423849878934625,2.547,2.8746666666666663
19.4284392251816,2.47,3.079999999999999
19.43306779661017,2.586,2.770666666666667
19.43812784503632,2.819,2.1493333333333333
19.442285714285717,2.56,2.84
19.446914285714286,2.688,2.4986666666666664
19.451542857142858,2.818,2.1519999999999997
19.456132203389828,2.8720000000000003,2.007999999999999
19.4607607748184,2.596,2.7439999999999998
19.465389346246972,2.592,2.7546666666666666
19.470017917675545,2.431,3.184
19.474528813559324,2.787,2.234666666666667
19.477941404358354,2.7350000000000003,2.3733333333333326
19.481353995157384,2.6670000000000003,2.554666666666666
19.484766585956415,2.729,2.389333333333333
19.488179176755448,2.709,2.4426666666666663
19.49155254237288,2.6710000000000003,2.543999999999999
19.494965133171913,2.622,2.674666666666667
19.498377723970943,2.57,2.813333333333334
19.501790314769977,2.557,2.8480000000000003
19.505202905569007,2.538,2.898666666666667
19.508615496368037,2.673,2.5386666666666664
19.51202808716707,2.589,2.7626666666666666
19.515401452784502,2.753,2.325333333333333
19.518774818401937,2.72,2.4133333333333327
19.522148184019372,2.482,3.047999999999999
19.525482324455204,2.408,3.245333333333334
19.52885569007264,2.313,3.498666666666666
19.53222905569007,2.416,3.224
19.539328813559322,2.156,3.9173333333333327
19.542270702179177,2.304,3.522666666666667
19.546938498789345,2.063,4.165333333333333
19.552233898305087,1.8559999999999999,4.717333333333333
19.557529297820825,1.7959999999999998,4.8773333333333335
19.561253900709218,1.9460000000000002,4.477333333333333
19.56479645390071,2.054,4.189333333333334
19.568155319148936,2.469,3.0826666666666673
19.570936879432622,2.348,3.405333333333334
19.573718439716313,2.429,3.189333333333334
19.576395035460994,2.339,3.429333333333333
19.57883546099291,2.174,3.8693333333333335
19.583663829787234,2.488,3.032
19.586078014184398,2.281,3.5839999999999996
19.588518439716314,2.253,3.658666666666666
19.590932624113474,2.259,3.642666666666667
19.59334680851064,2.305,3.5199999999999996
19.595787234042554,2.493,3.0186666666666673
19.598201418439718,2.672,2.5413333333333328
19.60061560283688,2.373,3.338666666666666
19.603056028368794,2.62,2.6799999999999997
19.605470212765958,2.585,2.7733333333333334
19.607884397163122,2.578,2.7920000000000003
19.610298581560286,2.551,2.8639999999999994
19.6127390070922,2.525,2.9333333333333336
19.615258156028368,2.415,3.2266666666666666
19.61806595744681,2.452,3.128
19.620900000000002,2.398,3.2719999999999994
19.623734042553192,2.386,3.3039999999999994
19.626541843971633,2.06,4.173333333333333
19.629270921985817,1.996,4.344
19.631895035460992,1.8679999999999999,4.685333333333333
19.63588711656442,1.9769999999999999,4.394666666666667
19.63993619631902,2.025,4.266666666666667
19.64398527607362,1.9289999999999998,4.522666666666667
19.648034355828223,1.999,4.335999999999999
19.652083435582824,2.47,3.079999999999999
19.656132515337426,2.431,3.184
19.660181595092023,2.228,3.7253333333333325
19.66423067484663,2.205,3.786666666666666
19.66827975460123,1.9980000000000002,4.338666666666666
19.672328834355827,1.9449999999999998,4.48
19.67637791411043,2.11,4.04
19.68042699386503,1.8639999999999999,4.696000000000001
19.68447607361963,2.346,3.4106666666666667
19.688525153374233,2.469,3.0826666666666673
19.692574233128834,2.337,3.434666666666666
19.696623312883435,2.2600000000000002,3.6399999999999997
19.700672392638037,2.0100000000000002,4.306666666666666
19.704721472392638,2.56,2.84
19.70877055214724,2.637,2.6346666666666665
19.71281963190184,2.303,3.525333333333333
19.716868711656442,2.464,3.096
19.720674846625766,2.155,3.920000000000001
19.72472392638037,2.237,3.7013333333333334
19.72877300613497,2.219,3.7493333333333334
19.73282208588957,2.353,3.3919999999999995
19.73687116564417,2.327,3.461333333333333
19.740920245398772,2.186,3.8373333333333335
19.744969325153374,2.241,3.690666666666666
19.749018404907975,1.9809999999999999,4.384
19.753067484662576,2.025,4.266666666666667
19.757116564417178,1.8239999999999998,4.802666666666667
19.76116564417178,1.7349999999999999,5.04
19.764913043478263,1.7309999999999999,5.050666666666667
19.76795652173913,2.178,3.858666666666667
19.771,2.421,3.2106666666666674
19.774043478260868,2.9850000000000003,1.7066666666666657
19.77708695652174,2.907,1.9146666666666667
19.78013043478261,2.482,3.047999999999999
19.783173913043477,2.47,3.079999999999999
19.786217391304348,2.485,3.04
19.789260869565215,2.725,2.4
19.792304347826086,2.7230000000000003,2.4053333333333327
19.795347826086957,2.69,2.4933333333333336
19.798391304347824,2.681,2.517333333333333
19.801434782608695,2.585,2.7733333333333334
19.804478260869566,2.547,2.8746666666666663
19.807521739130436,2.666,2.5573333333333337
19.810565217391304,2.807,2.1813333333333333
19.813608695652174,2.712,2.4346666666666663
19.816652173913045,2.692,2.4879999999999995
19.819695652173912,2.8840000000000003,1.975999999999999
19.822739130434783,2.779,2.2560000000000002
19.825782608695654,2.823,2.138666666666667
19.82882608695652,2.923,1.8719999999999999
19.831869565217392,2.758,2.312
19.83491304347826,2.867,2.021333333333333
19.83795652173913,2.6350000000000002,2.6399999999999992
19.841,2.27,3.6133333333333333
19.844618677042803,2.567,2.821333333333333
19.848237354085605,2.582,2.781333333333334
19.851856031128403,2.467,3.088
19.855474708171208,2.394,3.2826666666666666
19.858369649805446,2.376,3.3306666666666667
19.863435797665367,2.17,3.88
19.866330739299613,2.317,3.4879999999999995
19.86994941634241,2.408,3.245333333333334
19.873568093385213,2.616,2.6906666666666665
19.87718677042802,2.614,2.696
19.880805447470816,2.599,2.7359999999999993
19.884424124513618,2.706,2.4506666666666668
19.88804280155642,2.673,2.5386666666666664
19.89166147859922,2.736,2.3706666666666663
19.895280155642023,2.532,2.9146666666666667
19.898898832684825,2.551,2.8639999999999994
19.902517509727627,2.397,3.2746666666666675
19.90613618677043,2.431,3.184
19.90975486381323,2.582,2.781333333333334
19.913373540856032,2.461,3.104
19.916992217898834,2.396,3.277333333333334
19.920610894941635,2.202,3.794666666666667
19.924229571984437,2.3810000000000002,3.317333333333333
19.92784824902724,2.195,3.8133333333333335
19.93146692607004,2.122,4.008
19.93504716981132,2.121,4.010666666666666
19.938537735849057,2.455,3.12
19.942028301886793,2.46,3.1066666666666665
19.945518867924527,2.172,3.8746666666666663
19.949009433962264,2.313,3.498666666666666
19.9525,2.327,3.461333333333333
19.955990566037737,2.152,3.928
19.95948113207547,2.161,3.904
19.962971698113208,2.426,3.197333333333333
19.966462264150945,2.5020000000000002,2.994666666666666
19.969952830188678,2.304,3.522666666666667
19.973443396226415,2.251,3.6640000000000006
19.976933962264148,2.478,3.0586666666666664
19.980424528301885,2.223,3.738666666666667
19.983915094339622,2.439,3.1626666666666665
19.987405660377355,2.7520000000000002,2.3279999999999994
19.990896226415092,2.49,3.0266666666666664
19.99438679245283,2.504,2.989333333333333
19.997877358490566,2.25,3.666666666666667
20.0028125,2.1737499999999996,3.870000000000001
20.005703125,2.11975,4.014
20.008593750000003,2.1367499999999997,3.9686666666666675
20.011484375,1.98375,4.376666666666667
20.014375,2.09075,4.091333333333334
20.017265625,2.4547499999999998,3.1206666666666676
20.02015625,2.25975,3.640666666666667
20.023046875000002,2.13121,3.9834400000000008
20.025937499999998,2.28775,3.566
20.028828125,2.3787499999999997,3.323333333333334
20.03171875,2.22275,3.7393333333333336
20.034609375000002,1.9480000000000002,4.4719999999999995
20.03726875,1.76,4.973333333333334
20.040390624999997,2.161,3.904
20.04328125,1.954,4.456
20.046171875,2.2529999999999997,3.658666666666668
20.0490625,2.037,4.234666666666667
20.051953125,2.1149999999999998,4.026666666666667
20.05484375,1.82,4.8133333333333335
20.057734375,2.049,4.2026666666666666
20.060624999999998,1.702,5.128
20.063515625,1.6771,5.1944
20.06640625,1.6629,5.232266666666667
20.0721875,2.1195999999999997,4.014400000000001
20.075078125,2.17048,3.8787200000000004
20.07796875,2.0717,4.142133333333334
20.080859375000003,2.13347,3.9774133333333337
20.08375,1.9880000000000002,4.365333333333333
20.086640624999998,2.1126699999999996,4.032880000000001
20.08953125,2.356,3.3840000000000003
20.092421875,2.078,4.125333333333334
20.095333333333336,2.01287,4.299013333333334
20.098249999999997,2.1784,3.8576000000000006
20.101166666666664,2.1864,3.836266666666667
20.10408333333333,2.0677999999999996,4.152533333333334
20.107,2.08567,4.1048800000000005
20.109916666666667,1.9806000000000001,4.385066666666666
20.11283333333333,1.8832000000000002,4.644799999999999
20.11575,2.3402,3.4261333333333335
20.118666666666666,2.1601999999999997,3.906133333333334
20.121583333333334,2.2485999999999997,3.6704000000000008
20.1245,2.049,4.2026666666666666
20.127416666666665,1.857,4.714666666666667
20.130333333333333,2.1969999999999996,3.8080000000000007
20.13325,1.92867,4.523546666666666
20.136166666666668,1.7418,5.021866666666667
20.139083333333332,1.8278,4.792533333333333
20.141999999999996,2.0244,4.268266666666666
20.144916666666663,2.0305999999999997,4.251733333333334
20.14783333333333,2.1344,3.9749333333333334
20.15075,1.8259999999999998,4.7973333333333334
20.153666666666666,1.938,4.498666666666667
20.15658333333333,2.026,4.264
20.159499999999998,2.0844,4.108266666666666
20.162416666666665,1.9534,4.4576
20.165333333333333,1.9880000000000002,4.365333333333333
20.16825,2.07563,4.131653333333333
20.171166666666664,1.9107999999999998,4.5712
20.174083333333332,2.08248,4.113386666666667
20.177,2.27688,3.594986666666667
20.179916666666664,2.0904599999999998,4.092106666666667
20.18283333333333,1.8779200000000003,4.658879999999999
20.185749999999995,1.98404,4.375893333333333
20.188666666666663,2.02988,4.253653333333333
20.19158333333333,2.3102799999999997,3.5059200000000006
20.194499999999998,2.38569,3.304826666666667
20.197416666666665,2.53688,2.9016533333333334
20.20033333333333,2.2245299999999997,3.734586666666668
20.203249999999997,2.3536799999999998,3.3901866666666676
20.20595265680473,2.5053199999999998,2.985813333333334
20.208334298816567,2.2320599999999997,3.7145066666666677
20.210525409467454,2.19344,3.817493333333334
20.213097582840234,2.13611,3.9703733333333338
20.215479224852068,2.1822,3.8474666666666666
20.2178608668639,2.0945799999999997,4.081120000000001
20.22024250887574,2.07096,4.144106666666667
20.222624150887572,2.19834,3.804426666666667
20.225005792899406,2.16072,3.904746666666667
20.22738743491124,2.11794,4.0188266666666665
20.229769076923073,2.2731,3.6050666666666666
20.23215071893491,2.30348,3.5240533333333337
20.234532360946744,2.2846699999999998,3.5742133333333337
20.236914002958578,2.18618,3.836853333333334
20.23929564497041,2.2988,3.5365333333333338
20.241677286982245,2.17527,3.865946666666667
20.244058928994082,2.31586,3.491040000000001
20.246440571005916,2.10233,4.060453333333334
20.248822213017746,2.17733,3.860453333333333
20.251203855029583,2.04133,4.223120000000001
20.253585497041417,2.1809,3.8509333333333338
20.255967139053254,2.2672399999999997,3.6206933333333344
20.258348781065088,2.30362,3.5236799999999997
20.260730423076918,2.17149,3.876026666666667
20.263112065088755,2.2243299999999997,3.735120000000001
20.26549370710059,1.9993299999999998,4.335120000000001
20.267875349112423,2.11414,4.0289600000000005
20.27025699112426,2.17733,3.860453333333333
20.279783559171594,1.82533,4.79912
20.28216520118343,2.09433,4.081786666666667
20.284546843195262,1.9883300000000002,4.364453333333333
20.2869284852071,1.99433,4.3484533333333335
20.289310127218933,2.07833,4.124453333333334
20.291691769230766,2.09833,4.0711200000000005
20.293311285798815,2.05,4.2
20.294073411242604,2.1963299999999997,3.8097866666666675
20.296455053254434,1.94533,4.47912
20.29883669526627,1.93,4.5200000000000005
20.29883669526627,1.9833300000000003,4.377786666666666
20.301218337278105,1.9400000000000002,4.493333333333333
20.301218337278105,2.1433299999999997,3.9511200000000004
20.303599979289938,1.95171,4.462106666666666
20.303599979289938,2.04,4.226666666666667
20.305981621301775,1.84,4.76
20.308363263313606,2.21,3.7733333333333334
20.310744905325443,2.09,4.093333333333334
20.313126547337276,2.29,3.5599999999999996
20.31550818934911,1.9800000000000002,4.386666666666666
20.317889831360947,2.05,4.2
20.320271473372777,2.27,3.6133333333333333
20.32265311538461,2.26,3.6400000000000006
20.32503475739645,1.8499999999999999,4.733333333333333
20.327416399408282,2.23,3.7199999999999998
20.329798041420116,2.04,4.226666666666667
20.33217968343195,2.1199999999999997,4.0133333333333345
20.334561325443783,2.21,3.7733333333333334
20.33694296745562,2.09,4.093333333333334
20.339324609467454,2.1799999999999997,3.8533333333333344
20.341706251479287,2.0999999999999996,4.066666666666667
20.34408789349112,2.15,3.9333333333333336
20.346469535502955,2.0799999999999996,4.120000000000001
20.348851177514792,2.0999999999999996,4.066666666666667
20.351232819526626,2.15,3.9333333333333336
20.35361446153846,2.17,3.88
20.355996103550293,2.25,3.666666666666667
20.358377745562127,2.0599999999999996,4.173333333333335
20.360759387573964,2.1399999999999997,3.960000000000001
20.363141029585798,2.34,3.4266666666666667
20.36552267159763,2.1599999999999997,3.906666666666667
20.368006446808508,2.2199999999999998,3.746666666666667
20.371312829787232,2.19,3.826666666666667
20.374264957446805,2.03,4.253333333333334
20.37721708510638,2.17,3.88
20.380169212765956,2.0599999999999996,4.173333333333335
20.38312134042553,2.09,4.093333333333334
20.386073468085105,2.23,3.7199999999999998
20.38902559574468,1.93,4.5200000000000005
20.391977723404253,1.95,4.466666666666667
20.39492985106383,2.0,4.333333333333333
20.3978819787234,2.1599999999999997,3.906666666666667
20.400834106382977,2.0,4.333333333333333
20.403786234042553,2.03,4.253333333333334
20.406738361702125,1.93,4.5200000000000005
20.4096904893617,2.0,4.333333333333333
20.412642617021273,1.9200000000000002,4.546666666666666
20.41559474468085,2.0599999999999996,4.173333333333335
20.418546872340425,2.15,3.9333333333333336
20.421498999999997,2.05,4.2
20.424451127659573,2.3499999999999996,3.4000000000000012
20.427403255319145,1.91,4.573333333333333
20.43035538297872,1.73,5.053333333333334
20.433307510638297,2.0,4.333333333333333
20.436259638297873,2.03,4.253333333333334
20.439211765957445,2.0,4.333333333333333
20.442163893617018,2.03,4.253333333333334
20.445116021276593,2.03,4.253333333333334
20.44806814893617,2.19,3.826666666666667
20.451020276595745,1.86,4.706666666666666
20.453972404255317,2.17,3.88
20.45692453191489,2.0799999999999996,4.120000000000001
20.459876659574466,2.27,3.6133333333333333
20.46282878723404,2.3,3.533333333333334
20.465780914893617,2.4499999999999997,3.1333333333333337
20.468733042553193,2.5999999999999996,2.7333333333333343
20.471685170212762,2.32,3.4800000000000004
20.474637297872338,2.07,4.146666666666667
20.47772197972973,2.34,3.4266666666666667
20.48133687837838,2.36,3.373333333333334
20.484951777027028,2.27,3.6133333333333333
20.488566675675674,1.91,4.573333333333333
20.492181574324324,2.42,3.213333333333334
20.495796472972973,2.2399999999999998,3.6933333333333342
20.499411371621623,2.3099999999999996,3.5066666666666677
20.50302627027027,2.28,3.586666666666667
20.506641168918915,2.3,3.533333333333334
20.510256067567564,2.19,3.826666666666667
20.513870966216214,2.32,3.4800000000000004
20.517485864864863,2.2199999999999998,3.746666666666667
20.521100763513513,2.09,4.093333333333334
20.52471566216216,2.19,3.826666666666667
20.528330560810808,2.4899999999999998,3.0266666666666673
20.531945459459457,2.32,3.4800000000000004
20.535560358108107,2.34,3.4266666666666667
20.539175256756756,2.1799999999999997,3.8533333333333344
20.542790155405402,2.2399999999999998,3.6933333333333342
20.546405054054052,2.1399999999999997,3.960000000000001
20.5500199527027,2.3899999999999997,3.293333333333334
20.55363485135135,2.3699999999999997,3.3466666666666676
20.55724975,2.3899999999999997,3.293333333333334
20.560430860810808,2.53,2.9200000000000004
20.564479547297296,2.4499999999999997,3.1333333333333337
20.568094445945945,2.6399999999999997,2.6266666666666674
20.571709344594595,2.44,3.16
20.575324243243244,2.48,3.0533333333333337
20.578939141891887,2.27,3.6133333333333333
20.582554040540536,2.54,2.893333333333333
20.58699996428571,2.55,2.866666666666667
20.591999904761902,2.4,3.2666666666666666
20.596999845238095,2.3299999999999996,3.453333333333334
20.60199978571428,2.3899999999999997,3.293333333333334
20.606999726190473,2.3899999999999997,3.293333333333334
20.611999666666662,2.3099999999999996,3.5066666666666677
20.616999607142855,2.53,2.9200000000000004
20.621999547619048,2.3699999999999997,3.3466666666666676
20.626999488095233,2.28,3.586666666666667
20.631999428571426,2.4,3.2666666666666666
20.636999369047615,2.3899999999999997,3.293333333333334
20.641999309523808,2.4699999999999998,3.080000000000001
20.64699925,2.4,3.2666666666666666
20.651999190476186,2.3099999999999996,3.5066666666666677
20.65699913095238,2.6799999999999997,2.520000000000001
20.661999071428568,2.3299999999999996,3.453333333333334
20.66699901190476,2.32,3.4800000000000004
20.672610111111112,2.32,3.4800000000000004
20.678373999999994,2.4899999999999998,3.0266666666666673
20.684137888888888,2.3,3.533333333333334
20.689901777777777,2.3899999999999997,3.293333333333334
20.695665666666667,2.19,3.826666666666667
20.70142955555556,2.26,3.6400000000000006
20.707193444444442,2.3099999999999996,3.5066666666666677
20.712957333333332,2.19,3.826666666666667
20.718721222222225,2.1399999999999997,3.960000000000001
20.724485111111115,2.5,3.0
20.730249000000004,2.3699999999999997,3.3466666666666676
20.73601288888889,2.28,3.586666666666667
20.74177677777778,2.52,2.9466666666666668
20.74754066666667,2.32,3.4800000000000004
20.752279512195123,2.52,2.9466666666666668
20.75548079268293,2.44,3.16
20.758682073170732,2.32,3.4800000000000004
20.761883353658536,2.4299999999999997,3.1866666666666674
20.765084634146344,2.3,3.533333333333334
20.76828591463415,2.25,3.666666666666667
20.771487195121953,2.26,3.6400000000000006
20.774688475609757,2.15,3.9333333333333336
20.77788975609756,2.1799999999999997,3.8533333333333344
20.781091036585366,2.21,3.7733333333333334
20.784292317073174,2.0599999999999996,4.173333333333335
20.787493597560978,1.8800000000000001,4.653333333333333
20.79069487804878,1.93,4.5200000000000005
20.793896158536587,2.29,3.5599999999999996
20.79709743902439,1.9400000000000002,4.493333333333333
20.800298719512195,1.8699999999999999,4.680000000000001
20.803500000000003,2.1199999999999997,4.0133333333333345
20.806701280487804,2.21,3.7733333333333334
20.80990256097561,1.9000000000000001,4.6
20.813103841463413,1.95,4.466666666666667
20.81630512195122,2.1199999999999997,4.0133333333333345
20.819506402439025,2.13,3.9866666666666672
20.822323529268292,2.2399999999999998,3.6933333333333342
20.825908963414633,2.13,3.9866666666666672
20.829110243902438,2.23,3.7199999999999998
20.832311524390242,2.42,3.213333333333334
20.83551280487805,2.23,3.7199999999999998
20.83871408536585,1.9600000000000002,4.4399999999999995
20.841915365853655,2.1199999999999997,4.0133333333333345
20.845116646341463,2.1599999999999997,3.906666666666667
20.848317926829267,2.21,3.7733333333333334
20.85151920731707,2.09,4.093333333333334
20.854720487804876,2.23,3.7199999999999998
20.858160999999996,2.15,3.9333333333333336
20.861760999999998,2.0999999999999996,4.066666666666667
20.865361,2.11,4.04
20.868961,2.03,4.253333333333334
20.872560999999997,1.86,4.706666666666666
20.876160999999996,2.04,4.226666666666667
20.879761,2.11,4.04
20.883360999999997,2.15,3.9333333333333336
20.886961,1.95,4.466666666666667
20.890560999999998,2.17,3.88
20.894160999999997,2.1199999999999997,4.0133333333333345
20.897761,2.07,4.146666666666667
20.901360999999998,2.2399999999999998,3.6933333333333342
20.904961,2.23,3.7199999999999998
20.908560999999995,1.8699999999999999,4.680000000000001
20.912160999999998,2.3,3.533333333333334
20.915761,2.1599999999999997,3.906666666666667
20.919361,1.95,4.466666666666667
20.922961,1.9800000000000002,4.386666666666666
20.926560999999996,2.2199999999999998,3.746666666666667
20.930161,2.17,3.88
20.933760999999997,2.1599999999999997,3.906666666666667
20.937361,2.19,3.826666666666667
20.940961,2.1599999999999997,3.906666666666667
20.944560999999997,2.2399999999999998,3.6933333333333342
20.948161,2.32,3.4800000000000004
20.951760999999998,1.9400000000000002,4.493333333333333
20.955361,2.2199999999999998,3.746666666666667
20.958961,2.36833,3.3511200000000008
20.962560999999997,2.33033,3.4524533333333336
20.965517271739127,2.14233,3.953786666666667
20.968044391304346,2.3903299999999996,3.2924533333333343
20.970571510869565,2.19333,3.8177866666666667
20.973098630434784,2.34833,3.4044533333333336
20.97562575,2.17433,3.868453333333334
20.978152869565218,2.3973299999999997,3.273786666666667
20.980679989130433,2.4023299999999996,3.2604533333333343
20.98320710869565,2.52467,2.9342133333333336
20.98573422826087,2.5423299999999998,2.887120000000001
20.987958093478262,2.57033,2.812453333333334
20.990788467391305,2.51573,2.9580533333333334
20.99331558695652,2.5423299999999998,2.887120000000001
20.99584270652174,2.50533,2.9857866666666673
20.998369826086957,2.52071,2.944773333333334
21.000896945652173,2.33771,3.4327733333333335
21.00342406521739,2.2627099999999998,3.6327733333333336
21.00595118478261,2.3819999999999997,3.3146666666666675
21.008478304347825,2.2027099999999997,3.7927733333333338
21.011005423913044,2.3317099999999997,3.4487733333333344
21.01353254347826,2.3117099999999997,3.502106666666667
21.016059663043478,2.41071,3.238106666666667
21.018586782608697,2.30171,3.5287733333333335
21.021113902173916,2.42833,3.1911200000000006
21.02364102173913,2.39971,3.2674400000000006
21.026168141304346,2.44771,3.1394400000000005
21.028695260869565,2.3327099999999996,3.446106666666668
21.031222380434784,2.3837099999999998,3.310106666666667
21.033749500000003,2.42767,3.1928799999999997
21.036276619565218,2.518,2.9520000000000004
21.038803739130433,2.48671,3.0354400000000004
21.041330858695652,2.41871,3.2167733333333333
21.04385797826087,2.29471,3.547440000000001
21.04638509782609,2.384,3.309333333333334
21.048912217391308,2.36,3.373333333333334
21.051439336956523,2.203,3.7920000000000007
21.05396645652174,2.1559999999999997,3.9173333333333344
21.056493576086957,2.54871,2.870106666666667
21.060332400000004,2.50671,2.9821066666666667
21.064499150000003,2.3209999999999997,3.477333333333334
21.0686659,2.48067,3.051546666666667
21.07283265,2.5897099999999997,2.760773333333334
21.076999400000002,2.18371,3.84344
21.08116615,2.33569,3.43816
21.0853329,2.33071,3.4514400000000007
21.089499649999997,2.29371,3.550106666666667
21.093666399999996,2.31071,3.5047733333333335
21.09783315,2.31471,3.494106666666667
21.1019999,2.3757099999999998,3.3314400000000006
21.10616665,2.31383,3.496453333333334
21.10932610869565,2.19683,3.8084533333333335
21.112233744565216,2.2548299999999997,3.653786666666668
21.115141380434782,2.10778,4.04592
21.118049016304347,2.17583,3.8644533333333335
21.120956652173913,2.4394899999999997,3.161360000000001
21.123864288043475,2.2117899999999997,3.768560000000001
21.12677192391304,2.0658299999999996,4.157786666666667
21.12967955978261,1.9048300000000002,4.58712
21.132587195652174,1.73483,5.040453333333333
21.13549483152174,1.8888900000000002,4.629626666666666
21.138402467391302,1.92683,4.528453333333333
21.141310103260867,1.97983,4.38712
21.144217739130433,2.25947,3.6414133333333334
21.147125374999998,2.41112,3.2370133333333335
21.150033010869567,2.38271,3.3127733333333333
21.15294064673913,2.1111299999999997,4.036986666666667
21.155848282608694,2.60308,2.7251200000000004
21.15875591847826,2.50112,2.9970133333333338
21.161663554347825,2.47201,3.0746399999999996
21.16712990978261,2.1966599999999996,3.808906666666668
21.17038646195652,2.3152999999999997,3.492533333333334
21.173294097826087,2.38693,3.30152
21.176201733695653,2.44394,3.149493333333333
21.179109369565218,2.18078,3.851253333333333
21.18201700543478,2.39812,3.27168
21.184924641304345,2.43937,3.1616800000000005
21.187832277173914,2.57409,2.802426666666667
21.19073991304348,2.6045599999999998,2.721173333333334
21.193647548913045,2.4811199999999998,3.050346666666667
21.196555184782607,2.75021,2.3327733333333334
21.199462820652172,2.60132,2.729813333333334
21.202370456521738,2.4704599999999997,3.0787733333333343
21.205278092391307,2.36726,3.3539733333333333
21.208185728260872,2.34657,3.4091466666666674
21.211093364130434,2.67366,2.536906666666667
21.214001,2.4091199999999997,3.242346666666667
21.217751,2.4951299999999996,3.0129866666666674
21.221501,2.6361499999999998,2.636933333333334
21.225251000000004,2.50513,2.9863200000000005
21.229001,2.52393,2.9361866666666665
21.232751,2.4627,3.0994666666666673
21.236501,2.2202699999999997,3.7459466666666676
21.240251,2.32971,3.454106666666667
21.244001,2.38612,3.30368
21.247750999999997,2.4377899999999997,3.165893333333334
21.251501,2.3715599999999997,3.342506666666668
21.255251,2.0482,4.2048
21.259001,2.1376999999999997,3.9661333333333344
21.262751,2.33012,3.4530133333333337
21.266500999999998,1.98924,4.362026666666667
21.270251,1.95436,4.4550399999999994
21.274001,2.16973,3.88072
21.277751000000002,1.9838799999999999,4.376320000000001
21.281501000000002,2.0092499999999998,4.308666666666667
21.285251,2.09413,4.08232
21.292751,1.78777,4.89928
21.296501,1.7370400000000001,5.03456
21.300251000000003,1.8144099999999999,4.82824
21.304001,2.00079,4.331226666666667
21.307751,2.17486,3.8670400000000003
21.311501,1.98701,4.3679733333333335
21.315251,1.71176,5.1019733333333335
21.319001,2.22906,3.722506666666667
21.322750999999997,2.21976,3.747306666666667
21.329125958333332,2.3216099999999997,3.4757066666666674
21.332072357142856,2.33912,3.4290133333333337
21.337965154761903,2.22105,3.7438666666666665
21.340911553571427,2.25241,3.660240000000001
21.34385795238095,2.1368099999999997,3.9685066666666673
21.349750750000002,2.1702999999999997,3.879200000000001
21.352697148809522,2.42927,3.1886133333333335
21.355643547619046,2.2451299999999996,3.6796533333333343
21.35858994642857,2.2773999999999996,3.5936000000000012
21.361536345238097,2.02195,4.2748
21.36448274404762,2.21412,3.7623466666666667
21.367075575,2.2321299999999997,3.7143200000000007
21.370375541666665,2.2319199999999997,3.714880000000001
21.37332194047619,2.36007,3.373146666666667
21.376268339285716,2.21712,3.7543466666666667
21.37921473809524,2.27112,3.6103466666666675
21.38216113690476,2.28254,3.5798933333333336
21.385107535714283,2.61413,2.695653333333334
21.388053934523807,2.2893299999999996,3.5617866666666673
21.393946732142858,2.18764,3.83296
21.399839529761902,2.2259599999999997,3.7307733333333344
21.40278592857143,2.46249,3.1000266666666674
21.408678726190477,2.6444099999999997,2.6149066666666676
21.411625124999997,2.5048199999999996,2.9871466666666677
21.41457152380952,2.54832,2.8711466666666667
21.417517922619048,2.5339199999999997,2.9095466666666674
21.42046432142857,2.42433,3.201786666666667
21.423410720238095,2.41694,3.221493333333334
21.426299999999998,2.62873,2.65672
21.429174999999997,2.51613,2.956986666666667
21.43205,2.38658,3.3024533333333332
21.4378,2.2575999999999996,3.6464000000000008
21.440675,2.36312,3.3650133333333336
21.446424999999998,2.44454,3.147893333333333
21.4493,2.42812,3.1916800000000007
21.452175,2.3961599999999996,3.276906666666668
21.455049999999996,2.50716,2.9809066666666673
21.457925,2.34312,3.4183466666666673
21.4608,2.35697,3.3814133333333336
21.463675,2.3928599999999998,3.285706666666667
21.46655,2.3049999999999997,3.5200000000000005
21.469424999999998,2.25427,3.6552800000000003
21.472299999999997,2.40936,3.2417066666666665
21.475175,2.20769,3.779493333333334
21.47805,2.29073,3.5580533333333335
21.480925,2.2238599999999997,3.7363733333333338
21.4838,2.39961,3.2677066666666663
21.486674999999998,2.40373,3.2567200000000005
21.489549999999998,2.4065299999999996,3.2492533333333347
21.492425,2.36873,3.350053333333334
21.494918181818182,2.5044399999999998,2.9881600000000006
21.499713636363634,2.3658599999999996,3.357706666666668
21.50450909090909,2.10614,4.050293333333333
21.506906818181818,2.3978599999999997,3.2723733333333342
21.509304545454544,2.2433099999999997,3.6845066666666675
21.51170227272727,2.0625299999999998,4.166586666666667
21.5141,2.09081,4.091173333333334
21.516497727272725,2.08477,4.10728
21.518895454545454,2.113,4.032
21.52129318181818,2.1257599999999996,3.9979733333333343
21.523690909090906,2.14587,3.944346666666667
21.526088636363635,2.08514,4.106293333333333
21.528486363636365,2.04586,4.211040000000001
21.53088409090909,2.0870699999999998,4.101146666666668
21.53299409090909,2.1105199999999997,4.038613333333334
21.535679545454546,2.09697,4.074746666666667
21.53807727272727,2.2489999999999997,3.6693333333333342
21.540475,2.0860399999999997,4.1038933333333345
21.542872727272727,1.99286,4.352373333333333
21.545270454545452,2.48386,3.0430400000000004
21.54766818181818,1.92898,4.5227200000000005
21.550065909090907,2.29486,3.54704
21.552463636363637,2.4618599999999997,3.1017066666666677
21.554861363636363,2.14958,3.934453333333334
21.55725909090909,2.22286,3.73904
21.559656818181818,2.2729299999999997,3.605520000000001
21.562054545454544,2.35837,3.3776800000000007
21.564452272727273,2.1434499999999996,3.950800000000001
21.566850000000002,2.1506499999999997,3.9316000000000004
21.569247727272725,2.09868,4.070186666666667
21.571645454545454,2.43186,3.181706666666667
21.57404318181818,2.11786,4.01904
21.57644090909091,2.30483,3.520453333333333
21.57883863636364,2.2168599999999996,3.755040000000001
21.58123636363636,2.23651,3.7026399999999997
21.58363409090909,2.2278599999999997,3.7257066666666674
21.58603181818182,2.37131,3.3431733333333336
21.588429545454545,2.39486,3.2803733333333334
21.590827272727275,2.3049899999999997,3.5200266666666673
21.593225,2.15395,3.9227999999999996
21.595622727272726,2.2638599999999998,3.6297066666666673
21.598020454545455,2.31986,3.4803733333333335
21.60041818181818,2.29886,3.5363733333333336
21.60281590909091,2.4425299999999996,3.1532533333333346
21.605213636363636,2.44786,3.1390400000000005
21.607611363636362,2.44786,3.1390400000000005
21.61000909090909,2.09408,4.0824533333333335
21.612406818181817,1.82386,4.80304
21.614804545454547,2.1878599999999997,3.832373333333334
21.617202272727273,2.12744,3.9934933333333333
21.618161363636364,1.99,4.36
21.620559090909094,2.01,4.3066666666666675
21.62295681818182,2.09,4.093333333333334
21.625354545454545,2.2199999999999998,3.746666666666667
21.627752272727275,2.21,3.7733333333333334
21.63015,2.02,4.28
21.63254772727273,2.1999999999999997,3.8000000000000007
21.634945454545456,2.1599999999999997,3.906666666666667
21.63734318181818,1.8299999999999998,4.786666666666667
21.63974090909091,2.15,3.9333333333333336
21.642138636363637,1.91,4.573333333333333
21.644536363636366,1.95,4.466666666666667
21.64693409090909,1.95,4.466666666666667
21.649331818181818,1.95,4.466666666666667
21.651729545454547,2.04,4.226666666666667
21.654127272727273,2.09,4.093333333333334
21.656525000000002,2.11,4.04
21.661320454545454,2.1199999999999997,4.0133333333333345
21.663718181818183,1.82,4.8133333333333335
21.666115909090912,1.9800000000000002,4.386666666666666
21.668513636363638,2.0999999999999996,4.066666666666667
21.670911363636364,1.89,4.626666666666667
21.673309090909093,1.95,4.466666666666667
21.67570681818182,1.8499999999999999,4.733333333333333
21.67810454545455,1.8099999999999998,4.840000000000001
21.680502272727274,1.76,4.973333333333334
21.682708181818185,1.95,4.466666666666667
21.68529772727273,1.79,4.8933333333333335
21.687695454545455,1.9400000000000002,4.493333333333333
21.690093181818185,1.95,4.466666666666667
21.69249090909091,1.78,4.92
21.694888636363636,2.17,3.88
21.697286363636366,2.15,3.9333333333333336
21.69968409090909,2.07,4.146666666666667
21.70208181818182,2.2399999999999998,3.6933333333333342
21.704713340000005,1.99,4.36
21.70828004,1.95,4.466666666666667
21.711846740000002,1.8099999999999998,4.840000000000001
21.715413440000003,1.95,4.466666666666667
21.718980140000003,1.77,4.946666666666666
21.722546840000003,1.86,4.706666666666666
21.72611354,2.3,3.533333333333334
21.72968024,1.8,4.866666666666666
21.73324694,1.8099999999999998,4.840000000000001
21.736813640000005,2.13,3.9866666666666672
21.740380340000005,1.9800000000000002,4.386666666666666
21.743947040000002,1.82,4.8133333333333335
21.747513740000002,1.9000000000000001,4.6
21.751080440000003,1.9200000000000002,4.546666666666666
21.754647140000003,1.8,4.866666666666666
21.758213840000003,1.8699999999999999,4.680000000000001
21.76178054,2.15,3.9333333333333336
21.76534724,1.99,4.36
21.76891394,1.9800000000000002,4.386666666666666
21.779614040000002,2.0599999999999996,4.173333333333335
21.783180740000002,2.1399999999999997,3.960000000000001
21.786747440000003,2.01,4.3066666666666675
21.790314140000003,2.0799999999999996,4.120000000000001
21.793880840000003,1.9800000000000002,4.386666666666666
21.79744754,2.1799999999999997,3.8533333333333344
21.80101424,2.4299999999999997,3.1866666666666674
21.80458094,2.15,3.9333333333333336
21.808147640000005,2.3299999999999996,3.453333333333334
21.81164384920635,2.07,4.146666666666667
21.814858095238097,2.07,4.146666666666667
21.818072341269843,2.13,3.9866666666666672
21.82128658730159,2.04,4.226666666666667
21.824500833333335,1.9000000000000001,4.6
21.82771507936508,1.9200000000000002,4.546666666666666
21.830929325396827,2.09,4.093333333333334
21.834143571428573,1.97,4.413333333333333
21.840572063492065,2.0999999999999996,4.066666666666667
21.84378630952381,2.03,4.253333333333334
21.847000555555553,2.0999999999999996,4.066666666666667
21.850214801587303,2.01,4.3066666666666675
21.85342904761905,2.17,3.88
21.856643293650794,2.01,4.3066666666666675
21.85985753968254,1.91,4.573333333333333
21.863071785714283,2.2399999999999998,3.6933333333333342
21.866286031746032,2.11,4.04
21.869500277777778,2.23,3.7199999999999998
21.872714523809524,2.05,4.2
21.87592876984127,1.9000000000000001,4.6
21.878885876190477,2.02,4.28
21.882357261904758,2.1599999999999997,3.906666666666667
21.885571507936508,2.13,3.9866666666666672
21.888785753968254,2.3,3.533333333333334
21.892,2.3699999999999997,3.3466666666666676
21.894794117647056,2.3099999999999996,3.5066666666666677
21.897588235294116,2.3499999999999996,3.4000000000000012
21.900382352941175,2.29,3.5599999999999996
21.903176470588235,2.3,3.533333333333334
21.905970588235295,2.19,3.826666666666667
21.90876470588235,2.53,2.9200000000000004
21.91155882352941,2.21,3.7733333333333334
21.91435294117647,2.46,3.1066666666666665
21.91714705882353,2.3099999999999996,3.5066666666666677
21.919941176470587,2.3899999999999997,3.293333333333334
21.922735294117643,2.26,3.6400000000000006
21.925529411764703,2.27,3.6133333333333333
21.928323529411763,2.29,3.5599999999999996
21.931117647058823,2.23,3.7199999999999998
21.933911764705883,2.3699999999999997,3.3466666666666676
21.93670588235294,2.29,3.5599999999999996
21.9395,2.1999999999999997,3.8000000000000007
21.94229411764706,2.11,4.04
21.94508823529412,2.27,3.6133333333333333
21.94788235294118,2.3499999999999996,3.4000000000000012
21.950676470588235,2.0999999999999996,4.066666666666667
21.953470588235295,2.23,3.7199999999999998
21.956264705882354,2.1799999999999997,3.8533333333333344
21.959058823529414,2.5,3.0
21.961852941176474,2.5599999999999996,2.840000000000001
21.96464705882353,2.51,2.973333333333334
21.96744117647059,2.44,3.16
21.9699815,2.44,3.16
21.972458375000002,2.52,2.9466666666666668
21.97493525,2.52,2.9466666666666668
21.977412125,2.36,3.373333333333334
21.979889,2.34,3.4266666666666667
21.982365875,2.3299999999999996,3.453333333333334
21.984842750000002,2.2399999999999998,3.6933333333333342
21.987319625,2.1199999999999997,4.0133333333333345
21.9897965,2.29,3.5599999999999996
21.992273375,2.23,3.7199999999999998
21.99475025,2.21,3.7733333333333334
21.997227125000002,2.3,3.533333333333334
21.999704,2.15,3.9333333333333336
22.002180875,2.21,3.7733333333333334
22.00465775,2.28,3.586666666666667
22.007134625,2.17,3.88
22.009611500000002,2.23,3.7199999999999998
22.012088375,2.2399999999999998,3.6933333333333342
22.01456525,2.38,3.3200000000000003
22.017042125,2.34,3.4266666666666667
22.019519,2.02,4.28
22.021995875,2.15,3.9333333333333336
22.02447275,2.0,4.333333333333333
22.026949625,2.11,4.04
22.0294265,2.04,4.226666666666667
22.031903375,2.17,3.88
22.03438025,2.1599999999999997,3.906666666666667
22.036857125,1.97,4.413333333333333
22.03913585,2.32,3.4800000000000004
22.041810875,2.27,3.6133333333333333
22.04428775,2.4499999999999997,3.1333333333333337
22.046764625,2.03,4.253333333333334
22.0492415,2.32,3.4800000000000004
22.051718375,2.4,3.2666666666666666
22.05419525,2.3,3.533333333333334
22.056672125,2.27,3.6133333333333333
22.059149,2.2399999999999998,3.6933333333333342
22.061625875,2.26,3.6400000000000006
22.06410275,2.1799999999999997,3.8533333333333344
22.066579625,2.26,3.6400000000000006
22.0690565,2.2399999999999998,3.6933333333333342
22.071533375,2.1399999999999997,3.960000000000001
22.07401025,2.3099999999999996,3.5066666666666677
22.076384594827584,2.29,3.5599999999999996
22.078690586206896,2.26,3.6400000000000006
22.080996577586205,2.2199999999999998,3.746666666666667
22.083302568965518,2.3099999999999996,3.5066666666666677
22.087914551724136,2.3699999999999997,3.3466666666666676
22.09022054310345,2.1599999999999997,3.906666666666667
22.092526534482758,2.21,3.7733333333333334
22.09483252586207,2.09,4.093333333333334
22.09713851724138,2.21,3.7733333333333334
22.09944450862069,2.29,3.5599999999999996
22.1017505,2.07,4.146666666666667
22.10405649137931,2.09,4.093333333333334
22.106362482758623,1.97,4.413333333333333
22.108668474137932,2.27,3.6133333333333333
22.11097446551724,2.21,3.7733333333333334
22.11328045689655,1.9400000000000002,4.493333333333333
22.115586448275863,2.2199999999999998,3.746666666666667
22.117892439655172,1.9600000000000002,4.4399999999999995
22.120198431034485,1.9400000000000002,4.493333333333333
22.122504422413794,1.8,4.866666666666666
22.124810413793103,1.8499999999999999,4.733333333333333
22.127116405172416,1.82,4.8133333333333335
22.129422396551725,1.79,4.8933333333333335
22.131728387931037,1.8699999999999999,4.680000000000001
22.134034379310343,2.02,4.28
22.136340370689656,1.9000000000000001,4.6
22.138646362068965,2.13,3.9866666666666672
22.140952353448277,2.0799999999999996,4.120000000000001
22.143258344827586,2.27,3.6133333333333333
22.145564336206895,1.8099999999999998,4.840000000000001
22.147870327586208,2.05,4.2
22.150176318965517,2.5599999999999996,2.840000000000001
22.15248231034483,2.54,2.893333333333333
22.15478830172414,2.4699999999999998,3.080000000000001
22.157094293103448,2.6799999999999997,2.520000000000001
22.15940028448276,2.7399999999999998,2.3600000000000008
22.16170627586207,2.52,2.9466666666666668
22.164012267241382,2.34,3.4266666666666667
22.16631825862069,2.3699999999999997,3.3466666666666676
22.16862425,2.25,3.666666666666667
22.17093024137931,2.32,3.4800000000000004
22.182410774509805,2.17,3.88
22.184469647058826,2.23,3.7199999999999998
22.186528519607844,2.28,3.586666666666667
22.188587392156865,2.23,3.7199999999999998
22.190646264705883,2.3,3.533333333333334
22.1927051372549,2.11,4.04
22.194764009803922,2.38,3.3200000000000003
22.196822882352944,2.36,3.373333333333334
22.19888175490196,2.1399999999999997,3.960000000000001
22.20094062745098,2.2399999999999998,3.6933333333333342
22.2029995,2.26,3.6400000000000006
22.20505837254902,2.2399999999999998,3.6933333333333342
22.20835256862745,2.32781,3.459173333333333
22.210411441176472,2.28786,3.5657066666666672
22.21247031372549,2.32916,3.4555733333333336
22.21452918627451,2.2688599999999997,3.6163733333333345
22.21658805882353,2.1598599999999997,3.907040000000001
22.218646931372547,2.21157,3.769146666666667
22.220705803921568,2.34124,3.4233599999999997
22.22276467647059,2.2688599999999997,3.6163733333333345
22.224823549019607,2.39086,3.2910399999999997
22.226882421568625,2.41283,3.232453333333333
22.231000166666668,2.5697099999999997,2.8141066666666674
22.233059039215686,2.5388499999999996,2.896400000000001
22.235117911764707,2.43261,3.179706666666667
22.237176784313725,2.5730899999999997,2.805093333333334
22.239235656862743,2.45092,3.1308800000000003
22.241294529411764,2.4676,3.0864000000000003
22.243353401960785,2.47748,3.0600533333333333
22.245412274509803,2.59983,2.733786666666667
22.24747114705882,2.49158,3.022453333333334
22.249530019607842,2.40806,3.2451733333333337
22.25158889215686,2.60086,2.73104
22.25364776470588,2.52154,2.9425600000000003
22.255706637254903,2.4083799999999997,3.244320000000001
22.25776550980392,2.3464899999999997,3.4093600000000004
22.25982438235294,2.3153099999999998,3.4925066666666673
22.26188325490196,2.4288,3.189866666666667
22.263942127450978,2.52405,2.935866666666667
22.266001,2.36121,3.3701066666666675
22.267864613636362,2.42229,3.207226666666667
22.269728227272726,2.5588599999999997,2.8430400000000007
22.27159184090909,2.57617,2.7968800000000003
22.273306365454545,2.5391999999999997,2.8954666666666675
22.27531906818182,2.4485599999999996,3.137173333333334
22.27718268181818,2.46886,3.0830400000000004
22.279046295454542,2.62586,2.6643733333333337
22.28090990909091,2.42921,3.1887733333333337
22.282773522727272,2.3869499999999997,3.301466666666667
22.284637136363635,2.26959,3.6144266666666667
22.28650075,2.46088,3.1043200000000004
22.28836436363636,2.4912699999999997,3.0232800000000006
22.290227977272725,2.43686,3.168373333333334
22.29209159090909,2.30938,3.5083200000000003
22.293955204545455,2.3737399999999997,3.3366933333333337
22.295818818181814,2.29086,3.5577066666666672
22.29768243181818,2.3332499999999996,3.4446666666666674
22.299546045454544,2.43825,3.1646666666666663
22.301409659090908,2.4497899999999997,3.133893333333334
22.30327327272727,2.50204,2.99456
22.305136886363634,2.3190199999999996,3.482613333333334
22.307000499999997,2.34278,3.4192533333333337
22.30886411363636,2.11958,4.014453333333333
22.310727727272727,2.51931,2.948506666666667
22.31259134090909,2.4248,3.2005333333333335
22.314454954545454,2.66866,2.55024
22.316318568181817,2.3495399999999997,3.401226666666667
22.31818218181818,2.4179399999999998,3.2188266666666676
22.320045795454543,2.6179099999999997,2.685573333333334
22.321909409090907,2.46949,3.08136
22.32377302272727,2.3798,3.3205333333333336
22.325636636363633,2.3781,3.3250666666666673
22.32750025,2.20729,3.7805600000000004
22.331227477272726,2.2254799999999997,3.732053333333334
22.334954704545453,2.48943,3.0281866666666666
22.336818318181816,2.29722,3.540746666666667
22.33868193181818,2.45008,3.133120000000001
22.340545545454546,2.35384,3.38976
22.344272772727273,2.28837,3.5643466666666663
22.346136386363636,2.38143,3.316186666666667
22.348,2.7634299999999996,2.297520000000001
22.350620216346154,2.5551399999999997,2.852960000000001
22.353240432692306,2.42345,3.204133333333334
22.35586064903846,2.48338,3.04432
22.358480865384614,2.6021699999999996,2.7275466666666675
22.36110108173077,2.30361,3.5237066666666665
22.363721298076925,2.2922499999999997,3.554000000000001
22.366341514423073,2.3354299999999997,3.438853333333334
22.36896173076923,2.1412999999999998,3.9565333333333337
22.371581947115384,2.37043,3.3455200000000005
22.37420216346154,2.00921,4.308773333333334
22.379442596153844,2.10728,4.047253333333334
22.3820628125,2.29432,3.5484800000000005
22.384683028846155,2.28857,3.563813333333333
22.387303245192307,2.206,3.784
22.389923461538462,2.2820899999999997,3.5810933333333343
22.392543677884614,2.0740999999999996,4.135733333333334
22.39516389423077,2.24471,3.6807733333333337
22.39778411057692,2.3827599999999998,3.312640000000001
22.400194709615384,2.15164,3.92896
22.403024543269233,2.0635999999999997,4.163733333333334
22.405644759615384,2.21716,3.7542400000000002
22.40826497596154,2.18363,3.843653333333333
22.410885192307692,2.3873699999999998,3.300346666666667
22.413505408653847,1.91877,4.549946666666666
22.416125625000003,2.3889299999999998,3.2961866666666673
22.418745841346155,2.21413,3.76232
22.421366057692307,2.1867799999999997,3.835253333333334
22.423986274038462,2.34969,3.400826666666667
22.426606490384618,2.53605,2.903866666666667
22.42922670673077,2.4812999999999996,3.0498666666666674
22.43184692307692,2.5808999999999997,2.7842666666666673
22.434467139423077,2.5269399999999997,2.9281600000000005
22.437087355769233,2.52698,2.928053333333333
22.43970757211539,2.40541,3.2522400000000005
22.44232778846154,2.3250599999999997,3.4665066666666675
22.444948004807692,2.55469,2.8541600000000003
22.447568221153848,2.48284,3.0457600000000005
22.450188437500003,2.4057199999999996,3.2514133333333346
22.452808653846155,2.4598099999999996,3.1071733333333347
22.45542887019231,2.3571899999999997,3.3808266666666675
22.458028777777777,2.5648899999999997,2.826960000000001
22.460598222222224,2.46317,3.0982133333333337
22.463167666666667,2.4548099999999997,3.1205066666666674
22.465737111111114,2.6715299999999997,2.542586666666667
22.468306555555557,2.47396,3.06944
22.470876,2.59067,2.758213333333334
22.473445444444444,2.55874,2.8433600000000006
22.47601488888889,2.3519099999999997,3.3949066666666674
22.478584333333334,2.3047999999999997,3.5205333333333337
22.48115377777778,2.27311,3.60504
22.48372322222222,2.1604099999999997,3.905573333333334
22.486292666666667,2.25529,3.6525600000000003
22.48886211111111,2.26312,3.6316800000000002
22.491431555555558,2.48628,3.0365866666666674
22.494001,2.0604299999999998,4.172186666666668
22.496570444444444,2.34328,3.4179199999999996
22.499139888888887,2.1810199999999997,3.8506133333333343
22.501709333333334,2.22356,3.7371733333333337
22.504278777777778,2.3380199999999998,3.4319466666666676
22.506848222222224,2.3419,3.4216000000000006
22.509417666666664,2.17171,3.87544
22.51198711111111,2.3053999999999997,3.518933333333334
22.514556555555554,2.1444799999999997,3.948053333333334
22.517126,2.19,3.826666666666667
22.522264888888888,2.6600599999999996,2.5731733333333344
22.52483433333333,2.3415299999999997,3.4225866666666676
22.527403777777778,2.4131299999999998,3.231653333333334
22.532542666666668,2.40143,3.262853333333333
22.535112111111108,2.2624299999999997,3.6335200000000007
22.537681555555555,2.5823899999999997,2.780293333333334
22.540250999999998,2.3659999999999997,3.357333333333334
22.542820444444445,2.5719999999999996,2.808000000000001
22.545389888888888,2.56363,2.8303200000000004
22.54795933333333,2.42005,3.2132000000000005
22.550528777777775,2.7321199999999997,2.381013333333334
22.55309822222222,2.6763,2.529866666666667
22.555462111111108,2.4694599999999998,3.0814400000000006
22.55823711111111,2.29,3.5599999999999996
22.56080655555555,2.5346699999999998,2.907546666666667
22.563375999999998,2.74043,2.3588533333333337
22.56594544444444,2.46353,3.0972533333333336
22.56850594554455,2.72302,2.40528
22.571030673267327,2.5317999999999996,2.915200000000001
22.573555400990095,2.57742,2.7935466666666664
22.576080128712867,2.7062899999999996,2.449893333333334
22.578604856435643,2.7980099999999997,2.2053066666666674
22.581129584158415,2.4923699999999998,3.0203466666666676
22.583654311881187,2.5428599999999997,2.8857066666666675
22.58617903960396,2.4661999999999997,3.090133333333334
22.591228495049503,2.4332599999999998,3.177973333333334
22.593753222772275,2.3314299999999997,3.4495200000000006
22.59627795049505,2.2978099999999997,3.539173333333334
22.59880267821782,2.3303499999999997,3.452400000000001
22.60132740594059,2.4448999999999996,3.146933333333334
22.603852133663366,2.46367,3.0968799999999996
22.60637686138614,2.30773,3.5127200000000007
22.60890158910891,2.2178999999999998,3.7522666666666673
22.611426316831682,2.51041,2.9722400000000007
22.613951044554454,2.33927,3.4286133333333337
22.616475772277226,2.2474999999999996,3.6733333333333347
22.6190005,2.46371,3.096773333333334
22.621525227722774,2.44514,3.1462933333333334
22.624049955445543,2.39043,3.292186666666667
22.626574683168315,2.47197,3.074746666666667
22.62909941089109,2.27927,3.588613333333334
22.631624138613862,2.26509,3.626426666666667
22.634148866336634,2.31098,3.504053333333334
22.636673594059406,2.25722,3.6474133333333336
22.639198321782178,2.529,2.9226666666666667
22.64172304950495,2.12824,3.9913600000000002
22.644247777227726,2.41432,3.2284800000000002
22.654346688118814,2.223,3.738666666666667
22.656871415841586,2.33343,3.444186666666667
22.66293076237624,2.03,4.253333333333334
22.665455490099014,2.19,3.826666666666667
22.667980217821782,1.99,4.36
22.670428565934067,2.32,3.4800000000000004
22.672571395604397,2.02,4.28
22.674714225274727,2.1199999999999997,4.0133333333333345
22.676857054945057,1.9800000000000002,4.386666666666666
22.678999884615386,2.11,4.04
22.681142714285716,2.01,4.3066666666666675
22.683285543956046,2.28,3.586666666666667
22.685428373626376,1.8299999999999998,4.786666666666667
22.689714032967032,1.9800000000000002,4.386666666666666
22.691856862637362,2.19,3.826666666666667
22.693999692307695,2.23,3.7199999999999998
22.696142521978025,2.42,3.213333333333334
22.698285351648355,2.26,3.6400000000000006
22.70042818131868,1.8499999999999999,4.733333333333333
22.70257101098901,2.3499999999999996,3.4000000000000012
22.70471384065934,2.04,4.226666666666667
22.70685667032967,2.0,4.333333333333333
22.7089995,2.07,4.146666666666667
22.71114232967033,2.0799999999999996,4.120000000000001
22.71542798901099,2.15,3.9333333333333336
22.71971364835165,2.54,2.893333333333333
22.721856478021976,2.36,3.373333333333334
22.723999307692306,2.34,3.4266666666666667
22.72614213736264,2.4499999999999997,3.1333333333333337
22.72828496703297,2.27,3.6133333333333333
22.7304277967033,2.2199999999999998,3.746666666666667
22.732570626373626,2.3299999999999996,3.453333333333334
22.734713456043956,2.21,3.7733333333333334
22.736856285714286,2.13,3.9866666666666672
22.738999115384615,2.21,3.7733333333333334
22.741141945054945,2.2199999999999998,3.746666666666667
22.743284774725275,2.28,3.586666666666667
22.745427604395605,2.1799999999999997,3.8533333333333344
22.747570434065935,2.29,3.5599999999999996
22.75012947826087,2.42,3.213333333333334
22.752792576086957,2.1599999999999997,3.906666666666667
22.755455673913044,2.3099999999999996,3.5066666666666677
22.75811877173913,2.2199999999999998,3.746666666666667
22.760781869565218,1.97,4.413333333333333
22.76610806521739,2.3,3.533333333333334
22.76877116304348,2.02,4.28
22.771434260869565,2.15,3.9333333333333336
22.774097358695652,2.26,3.6400000000000006
22.77676045652174,2.4299999999999997,3.1866666666666674
22.782086652173913,2.11,4.04
22.78474975,2.28,3.586666666666667
22.787412847826086,2.3299999999999996,3.453333333333334
22.790075945652173,2.01,4.3066666666666675
22.79241947173913,1.8499999999999999,4.733333333333333
22.795402141304347,1.89,4.626666666666667
22.798065239130434,2.02,4.28
22.80072833695652,1.9400000000000002,4.493333333333333
22.80339143478261,1.8699999999999999,4.680000000000001
22.806054532608698,1.9800000000000002,4.386666666666666
22.80871763043478,2.03,4.253333333333334
22.81138072826087,1.8800000000000001,4.653333333333333
22.814043826086955,1.75,5.0
22.816706923913046,1.9400000000000002,4.493333333333333
22.819370021739132,1.8699999999999999,4.680000000000001
22.822033119565216,2.4699999999999998,3.080000000000001
22.824696217391303,2.25,3.666666666666667
22.827359315217393,2.1199999999999997,4.0133333333333345
22.83002241304348,2.27,3.6133333333333333
22.832685510869567,2.25,3.666666666666667
22.83534860869565,2.0999999999999996,4.066666666666667
22.838011706521737,2.54,2.893333333333333
22.840674804347827,2.36,3.373333333333334
22.843337902173914,2.5,3.0
22.846001,2.55,2.866666666666667
22.84828911440678,2.57,2.813333333333334
22.85057722881356,2.46,3.1066666666666665
22.85286534322034,2.5999999999999996,2.7333333333333343
22.855153457627118,2.4899999999999998,3.0266666666666673
22.8574415720339,2.53,2.9200000000000004
22.859729686440676,2.4499999999999997,3.1333333333333337
22.862017800847457,2.3,3.533333333333334
22.86430591525424,2.42,3.213333333333334
22.86659402966102,2.3099999999999996,3.5066666666666677
22.868882144067797,2.25,3.666666666666667
22.871170258474574,2.4,3.2666666666666666
22.873458372881355,2.1999999999999997,3.8000000000000007
22.875746487288136,2.1999999999999997,3.8000000000000007
22.878034601694917,2.2399999999999998,3.6933333333333342
22.880322716101695,2.1599999999999997,3.906666666666667
22.884898944915253,2.1799999999999997,3.8533333333333344
22.887187059322034,2.28,3.586666666666667
22.891763288135596,2.19,3.826666666666667
22.894051402542374,2.21,3.7733333333333334
22.89633951694915,2.13,3.9866666666666672
22.898627631355932,1.97,4.413333333333333
22.900915745762713,2.0799999999999996,4.120000000000001
22.903203860169494,2.05,4.2
22.90549197457627,2.2199999999999998,3.746666666666667
22.907780088983053,1.95,4.466666666666667
22.91006820338983,2.1999999999999997,3.8000000000000007
22.91235631779661,2.28,3.586666666666667
22.914644432203392,2.26,3.6400000000000006
22.91693254661017,2.1199999999999997,4.0133333333333345
22.91922066101695,2.3099999999999996,3.5066666666666677
22.92150877542373,2.27,3.6133333333333333
22.92379688983051,2.29,3.5599999999999996
22.92608500423729,2.3,3.533333333333334
22.928373118644068,2.21,3.7733333333333334
22.93066123305085,2.52,2.9466666666666668
22.93294934745763,2.59,2.7600000000000002
22.935237461864407,2.48,3.0533333333333337
22.937251002542375,2.6599999999999997,2.573333333333334
22.939813690677965,2.57,2.813333333333334
22.942101805084747,2.5799999999999996,2.7866666666666675
22.94667803389831,2.3,3.533333333333334
22.948966148305086,2.51,2.973333333333334
22.951254262711863,2.4899999999999998,3.0266666666666673
22.953542377118644,2.55,2.866666666666667
22.956202247191012,2.3699999999999997,3.3466666666666676
22.95895505617978,2.4099999999999997,3.240000000000001
22.961707865168542,2.53,2.9200000000000004
22.964460674157305,2.21,3.7733333333333334
22.967213483146068,2.4,3.2666666666666666
22.96996629213483,2.38,3.3200000000000003
22.972719101123598,2.28,3.586666666666667
22.97547191011236,2.28,3.586666666666667
22.978224719101124,2.17,3.88
22.980977528089888,2.04,4.226666666666667
22.983730337078654,2.0599999999999996,4.173333333333335
22.986483146067417,2.17,3.88
22.98923595505618,2.34,3.4266666666666667
22.991988764044944,2.05,4.2
22.994741573033707,2.17,3.88
22.997494382022474,2.32,3.4800000000000004
23.000247191011237,2.05,4.2
23.003,2.51,2.973333333333334
23.005752808988763,2.4499999999999997,3.1333333333333337
23.008505617977526,2.6399999999999997,2.6266666666666674
23.011258426966293,2.25,3.666666666666667
23.014011235955056,2.46,3.1066666666666665
23.016764044943823,2.5599999999999996,2.840000000000001
23.022269662921346,2.7199999999999998,2.413333333333334
23.025022471910113,2.38,3.3200000000000003
23.027775280898876,2.6799999999999997,2.520000000000001
23.030528089887643,2.8499999999999996,2.0666666666666678
23.033280898876402,2.65,2.6
23.033280898876402,2.6803,2.5192
23.03603370786517,2.6913,2.4898666666666665
23.03636404494382,2.78,2.253333333333334
23.038786516853932,2.8112999999999997,2.1698666666666675
23.039337078651684,2.57,2.813333333333334
23.041539325842695,2.8303,2.1192000000000006
23.0424202247191,2.8099999999999996,2.1733333333333342
23.044292134831462,2.7382999999999997,2.364533333333334
23.045393258426966,2.84,2.0933333333333337
23.04704494382022,2.7413,2.3565333333333336
23.04847640449438,2.88,1.9866666666666668
23.04979775280899,2.6893,2.4952000000000005
23.051449438202248,2.82,2.146666666666667
23.0524125,2.6923,2.4872
23.053897499999998,2.8,2.2000000000000006
23.054475,2.7832999999999997,2.2445333333333344
23.056124999999998,2.8099999999999996,2.1733333333333342
23.0565375,2.7582999999999998,2.311200000000001
23.058435,2.6199999999999997,2.680000000000001
23.0586,2.7133,2.4312000000000005
23.0606625,2.6399999999999997,2.6266666666666674
23.0606625,2.7232999999999996,2.4045333333333345
23.062725,2.7363,2.369866666666667
23.062972499999997,2.3299999999999996,3.453333333333334
23.0647875,2.7712999999999997,2.2765333333333344
23.0652,2.44,3.16
23.06685,2.6273,2.6605333333333334
23.06751,2.63,2.6533333333333338
23.0689125,2.6953,2.4792
23.0697375,2.63,2.6533333333333338
23.070974999999997,2.7073,2.4472
23.0720475,2.6599999999999997,2.573333333333334
23.073037499999998,2.7173,2.4205333333333336
23.074274999999997,2.8299999999999996,2.120000000000001
23.0751,2.7822999999999998,2.2472000000000008
23.076585,2.71,2.44
23.0771625,2.7453,2.345866666666667
23.078812499999998,2.75,2.3333333333333335
23.079224999999997,2.7662999999999998,2.289866666666667
23.0811225,2.67,2.546666666666667
23.0812875,2.7872999999999997,2.2338666666666676
23.08335,2.7826899999999997,2.246160000000001
23.08335,2.79,2.2266666666666666
23.0854125,2.7835799999999997,2.2437866666666673
23.085659999999997,2.6399999999999997,2.6266666666666674
23.087475,2.7700299999999998,2.2799200000000006
23.0878875,2.6999999999999997,2.4666666666666672
23.0895375,2.7239799999999996,2.402720000000001
23.0901975,2.8,2.2000000000000006
23.091434999999997,2.72421,2.402106666666667
23.0936625,2.67643,2.52952
23.095725,2.78463,2.2409866666666667
23.0977875,2.75041,2.33224
23.09985,2.6791799999999997,2.5221866666666677
23.101912499999997,2.51566,2.95824
23.103975,2.6648799999999997,2.560320000000001
23.1060375,2.87296,2.00544
23.1081,2.68573,2.5047200000000003
23.110162499999998,2.72551,2.3986400000000003
23.112225,2.66728,2.55392
23.1142875,2.53611,2.903706666666667
23.11635,2.5981099999999997,2.738373333333334
23.118541234536085,2.66783,2.5524533333333337
23.121247407216494,2.71861,2.41704
23.123953579896906,2.5153299999999996,2.959120000000001
23.126659752577318,2.5615599999999996,2.835840000000001
23.129365925257733,2.59338,2.7509866666666674
23.132072097938146,2.5481599999999998,2.871573333333334
23.134778270618554,2.48093,3.0508533333333334
23.13748444329897,2.51278,2.9659200000000006
23.14019061597938,2.65571,2.584773333333333
23.142896788659794,2.5880099999999997,2.7653066666666675
23.145602961340206,2.5724799999999997,2.8067200000000008
23.148309134020618,2.5582599999999998,2.8446400000000005
23.15101530670103,2.49123,3.023386666666667
23.153721479381442,2.5584599999999997,2.8441066666666672
23.156427652061858,2.55068,2.864853333333334
23.15913382474227,2.7869099999999998,2.2349066666666673
23.16183999742268,2.32307,3.4718133333333334
23.16454617010309,2.58718,2.7675199999999998
23.167252342783506,2.399,3.269333333333333
23.169958515463918,2.263,3.6320000000000006
23.17266468814433,2.105,4.053333333333334
23.175370860824742,2.3779999999999997,3.325333333333334
23.178077033505154,2.372,3.341333333333334
23.180783206185566,2.449,3.136
23.18348937886598,2.351,3.397333333333333
23.186195551546394,2.1799999999999997,3.8533333333333344
23.188901724226803,2.296,3.5440000000000005
23.191607896907215,2.038,4.232
23.19431406958763,2.161,3.904
23.197020242268042,2.324,3.469333333333334
23.199726414948454,2.653,2.592
23.202432587628866,2.682,2.514666666666667
23.20513876030928,2.344,3.4160000000000004
23.20784493298969,2.449,3.136
23.210551105670103,2.602,2.728
23.213257278350518,2.484,3.0426666666666664
23.215963451030927,2.2359999999999998,3.7040000000000006
23.21866962371134,2.548,2.872
23.22137579639175,2.4819999999999998,3.048000000000001
23.224081969072166,2.3289999999999997,3.4560000000000004
23.22678814175258,2.61,2.706666666666667
23.229494314432987,2.46,3.1066666666666665
23.232200487113403,2.387,3.301333333333333
23.234906659793815,2.2969999999999997,3.541333333333334
23.237612832474227,2.294,3.5493333333333332
23.24031900515464,2.262,3.634666666666667
23.24302517783505,1.99,4.36
23.24551485670103,2.5959999999999996,2.744000000000001
23.248437523195875,2.2359999999999998,3.7040000000000006
23.25114369587629,2.137,3.968
23.253849868556703,2.1984999999999997,3.804000000000001
23.25655604123711,2.109,4.042666666666666
23.259262213917523,2.0237,4.270133333333334
23.26196838659794,1.9837,4.3768
23.26467455927835,2.041,4.224
23.267380731958763,2.0077,4.3128
23.270086904639175,2.2039999999999997,3.7893333333333343
23.272793077319587,1.9457000000000002,4.478133333333333
23.27549925,1.9709999999999999,4.410666666666667
23.27820542268041,1.9326999999999999,4.5128
23.280911595360827,2.0366999999999997,4.235466666666667
23.283617768041236,2.0856999999999997,4.104800000000001
23.286323940721648,2.2066999999999997,3.7821333333333342
23.289030113402063,2.0149999999999997,4.293333333333334
23.291736286082475,1.8717,4.675466666666667
23.294442458762887,1.9869999999999999,4.368
23.29985480412371,2.2199999999999998,3.746666666666667
23.302560976804124,2.392,3.2880000000000003
23.305267149484536,2.0347,4.2408
23.30797332216495,2.3129999999999997,3.4986666666666677
23.31067949484536,2.1479999999999997,3.938666666666667
23.3187980128866,2.2897,3.5608000000000004
23.32150418556701,2.239,3.6960000000000006
23.32421035824742,2.126,3.9973333333333336
23.326916530927836,2.1557,3.9181333333333335
23.32892342732558,2.11224,4.034026666666667
23.330464139534882,2.3057,3.518133333333334
23.332004851744188,2.1717,3.875466666666667
23.333545563953486,2.2007,3.7981333333333334
23.33508627616279,2.27512,3.59968
23.336626988372092,2.1896799999999996,3.8275200000000007
23.338167700581394,2.2056999999999998,3.7848000000000006
23.3397084127907,2.11441,4.02824
23.341249124999997,2.1681899999999996,3.884826666666668
23.345871261627906,2.3546,3.3877333333333333
23.34741197383721,2.31201,3.5013066666666672
23.34895268604651,2.3624199999999997,3.366880000000001
23.350493398255814,2.3878299999999997,3.299120000000001
23.352034110465116,1.89224,4.6206933333333335
23.353574822674418,2.17665,3.8622666666666667
23.355115534883723,2.1070599999999997,4.047840000000001
23.356656247093024,2.20347,3.790746666666667
23.359737671511628,2.12729,3.9938933333333333
23.36127838372093,2.0027,4.326133333333334
23.362819095930234,2.03111,4.250373333333333
23.364359808139536,2.08452,4.107946666666667
23.365900520348838,2.07693,4.128186666666667
23.36744123255814,2.0703099999999997,4.145840000000001
23.36898194476744,2.04034,4.22576
23.370522656976746,2.14951,3.934640000000001
23.372063369186048,2.0764899999999997,4.129360000000001
23.376685505813953,1.9836700000000003,4.376879999999999
23.37976693023256,1.86085,4.704400000000001
23.38130764244186,2.1994399999999996,3.801493333333334
23.384389066860468,1.82562,4.798346666666666
23.389011203488373,2.06939,4.148293333333334
23.390551915697674,2.25798,3.645386666666667
23.39209262790698,2.2466199999999996,3.6756800000000007
23.395174052325583,2.30353,3.5239200000000004
23.398255476744186,2.0962799999999997,4.0765866666666675
23.39979618895349,2.0450299999999997,4.213253333333334
23.401336901162793,2.1357899999999996,3.9712266666666673
23.402877613372095,2.1408699999999996,3.9576800000000008
23.404418325581396,2.1021099999999997,4.061040000000001
23.409040462209305,2.11936,4.01504
23.410581174418606,2.05254,4.193226666666667
23.412121886627908,2.1123399999999997,4.033760000000001
23.41366259883721,2.1306499999999997,3.984933333333334
23.415203311046515,2.2113,3.7698666666666663
23.416744023255816,2.0780499999999997,4.1252
23.418284735465118,2.1658999999999997,3.890933333333334
23.41982544767442,2.2661499999999997,3.6236000000000006
23.42136615988372,2.2576099999999997,3.646373333333334
23.422906872093026,2.4147999999999996,3.2272000000000007
23.424447584302328,2.2478499999999997,3.6724000000000006
23.42598829651163,1.96356,4.430506666666667
23.42752900872093,2.29739,3.5402933333333335
23.430610433139538,2.06913,4.148986666666667
23.43215114534884,2.2643099999999996,3.6285066666666674
23.43369185755814,2.3660699999999997,3.357146666666668
23.43552828301887,2.1106499999999997,4.038266666666668
23.437438636792454,2.43464,3.174293333333334
23.43934899056604,1.94282,4.485813333333334
23.441259344339624,2.2178799999999996,3.752320000000001
23.44316969811321,2.28741,3.566906666666667
23.445080051886794,1.9865899999999999,4.369093333333334
23.44699040566038,2.11257,4.033146666666667
23.448900759433965,1.99387,4.34968
23.45272146698113,2.1290799999999996,3.9891200000000007
23.456542174528305,2.1509899999999997,3.930693333333334
23.45845252830189,2.07509,4.133093333333334
23.460362882075476,2.2441299999999997,3.6823200000000007
23.462273235849057,2.27901,3.5893066666666664
23.464183589622646,2.28889,3.5629600000000003
23.466093943396228,2.13577,3.97128
23.468004297169813,2.1955299999999998,3.8119200000000006
23.471825004716983,2.3321099999999997,3.447706666666668
23.473582530188683,2.1099699999999997,4.040080000000001
23.475645712264154,2.2622299999999997,3.634053333333334
23.477556066037735,2.36941,3.3482400000000005
23.481376773584905,2.20565,3.784933333333334
23.48710783490566,2.23553,3.705253333333334
23.489018188679246,2.2043999999999997,3.788266666666668
23.49092854245283,2.24835,3.6710666666666674
23.49474925,2.26959,3.6144266666666667
23.496659603773583,2.22728,3.7272533333333335
23.498569957547172,2.1708,3.877866666666667
23.502390665094342,2.24868,3.670186666666667
23.504301018867924,2.08356,4.110506666666667
23.50621137264151,2.55349,2.85736
23.508121726415094,2.54037,2.892346666666667
23.51003208018868,2.10771,4.046106666666667
23.51385278773585,2.4358299999999997,3.171120000000001
23.515999011627905,2.52095,2.9441333333333333
23.518499040697677,2.27725,3.5940000000000003
23.524999116279073,2.17,3.88
23.527499145348838,2.21,3.7733333333333334
23.529999174418606,2.28,3.586666666666667
23.53249920348837,2.1399999999999997,3.960000000000001
23.53499923255814,2.09,4.093333333333334
23.537499261627907,2.23,3.7199999999999998
23.539999290697672,2.4,3.2666666666666666
23.547499377906973,2.3699999999999997,3.3466666666666676
23.549999406976745,2.32,3.4800000000000004
23.55249943604651,2.32,3.4800000000000004
23.554999465116282,2.55,2.866666666666667
23.557499494186047,2.4099999999999997,3.240000000000001
23.564999581395348,2.2399999999999998,3.6933333333333342
23.569999639534885,2.4299999999999997,3.1866666666666674
23.57249966860465,2.26,3.6400000000000006
23.574999697674418,2.1199999999999997,4.0133333333333345
23.577499726744183,2.1999999999999997,3.8000000000000007
23.579999755813954,2.3899999999999997,3.293333333333334
23.58249978488372,2.2199999999999998,3.746666666666667
23.584999813953484,2.1999999999999997,3.8000000000000007
23.587499843023256,2.17,3.88
23.58999987209302,2.4499999999999997,3.1333333333333337
23.592499901162792,2.3699999999999997,3.3466666666666676
23.594999930232557,2.4,3.2666666666666666
23.597499959302322,2.5,3.0
23.599999988372094,2.29,3.5599999999999996
23.602760869565216,2.3499999999999996,3.4000000000000012
23.605695652173914,2.3,3.533333333333334
23.608630434782608,2.3099999999999996,3.5066666666666677
23.611565217391302,2.2199999999999998,3.746666666666667
23.6145,2.1999999999999997,3.8000000000000007
23.617434782608694,2.02,4.28
23.62036956521739,2.19,3.826666666666667
23.623304347826085,2.19,3.826666666666667
23.62623913043478,2.1799999999999997,3.8533333333333344
23.629173913043477,2.09,4.093333333333334
23.63210869565217,2.0,4.333333333333333
23.637978260869563,2.0799999999999996,4.120000000000001
23.640913043478257,2.1399999999999997,3.960000000000001
23.643847826086954,2.28,3.586666666666667
23.64678260869565,2.4099999999999997,3.240000000000001
23.64971739130435,2.15,3.9333333333333336
23.6523,2.4499999999999997,3.1333333333333337
23.656173913043474,2.05,4.2
23.659108695652172,2.04,4.226666666666667
23.662043478260866,2.1199999999999997,4.0133333333333345
23.664978260869564,2.3899999999999997,3.293333333333334
23.667913043478258,1.95,4.466666666666667
23.670847826086952,2.03,4.253333333333334
23.67378260869565,2.17,3.88
23.676717391304344,2.2199999999999998,3.746666666666667
23.679652173913045,2.3299999999999996,3.453333333333334
23.682586956521735,2.1799999999999997,3.8533333333333344
23.68552173913043,2.07,4.146666666666667
23.69139130434782,2.1799999999999997,3.8533333333333344
23.694326086956522,2.07,4.146666666666667
23.700195652173907,2.28,3.586666666666667
23.703130434782608,1.79,4.8933333333333335
23.7060652173913,1.6600000000000001,5.239999999999999
23.71237212209302,2.1399999999999997,3.960000000000001
23.71574424418604,1.9600000000000002,4.4399999999999995
23.719116366279067,2.04,4.226666666666667
23.72248848837209,1.71,5.1066666666666665
23.72923273255814,1.8800000000000001,4.653333333333333
23.732604854651157,2.0,4.333333333333333
23.742721220930235,1.9200000000000002,4.546666666666666
23.746093343023254,1.77,4.946666666666666
23.749465465116273,1.69,5.16
23.752837587209303,1.71,5.1066666666666665
23.756209709302322,1.6300000000000001,5.319999999999999
23.75958183139535,1.68,5.1866666666666665
23.76295395348837,1.99,4.36
23.766326075581393,2.0599999999999996,4.173333333333335
23.76969819767442,1.89,4.626666666666667
23.77307031976744,1.84,4.76
23.776442441860468,1.9800000000000002,4.386666666666666
23.77981456395349,2.03,4.253333333333334
23.78655880813954,2.27,3.6133333333333333
23.789930930232558,1.91,4.573333333333333
23.793303052325587,1.8299999999999998,4.786666666666667
23.796675174418606,2.0999999999999996,4.066666666666667
23.800047296511625,1.99,4.36
23.803419418604655,1.91,4.573333333333333
23.806791540697674,2.01,4.3066666666666675
23.810163662790703,1.9400000000000002,4.493333333333333
23.813535784883722,1.86,4.706666666666666
23.816907906976745,1.97,4.413333333333333
23.82028002906977,2.04,4.226666666666667
23.823652151162793,2.09,4.093333333333334
23.826251000000003,1.93,4.5200000000000005
23.828334333333334,2.23,3.7199999999999998
23.838751000000002,2.17,3.88
23.840834333333333,1.9200000000000002,4.546666666666666
23.84291766666667,2.0799999999999996,4.120000000000001
23.845001,1.89,4.626666666666667
23.847084333333335,2.0799999999999996,4.120000000000001
23.849167666666666,2.0,4.333333333333333
23.851250999999998,1.99,4.36
23.853334333333336,1.9800000000000002,4.386666666666666
23.855417666666664,2.1999999999999997,3.8000000000000007
23.857501000000003,2.07,4.146666666666667
23.859584333333334,1.97,4.413333333333333
23.861667666666666,2.19,3.826666666666667
23.863751,2.15,3.9333333333333336
23.865834333333332,2.21,3.7733333333333334
23.867917666666667,2.0799999999999996,4.120000000000001
23.87208433333333,1.8800000000000001,4.653333333333333
23.87416766666667,1.86,4.706666666666666
23.876250999999996,1.9400000000000002,4.493333333333333
23.878334333333335,1.8299999999999998,4.786666666666667
23.880417666666666,1.74,5.026666666666666
23.882500999999998,1.74,5.026666666666666
23.884584333333333,1.97,4.413333333333333
23.886667666666664,1.8499999999999999,4.733333333333333
23.888751,1.9200000000000002,4.546666666666666
23.89083433333333,2.02,4.28
23.892917666666662,2.3,3.533333333333334
23.895001,2.1399999999999997,3.960000000000001
23.89708433333333,2.1999999999999997,3.8000000000000007
23.899167666666667,2.15,3.9333333333333336
23.901251,2.1199999999999997,4.0133333333333345
23.90333433333333,2.02,4.28
23.906930337340555,2.11,4.04
23.908859674681114,1.8800000000000001,4.653333333333333
23.91078901202167,2.2199999999999998,3.746666666666667
23.912718349362226,2.17,3.88
23.91464768670279,1.9200000000000002,4.546666666666666
23.9159,1.9600000000000002,4.4399999999999995
23.916577024043345,1.9000000000000001,4.6
23.9172,2.1799999999999997,3.8533333333333344
23.9185,2.19,3.826666666666667
23.918506361383905,2.09,4.093333333333334
23.919900000000002,2.09,4.093333333333334
23.92043569872446,2.13,3.9866666666666672
23.921200000000002,1.9400000000000002,4.493333333333333
23.922365036065017,2.25,3.666666666666667
23.9225,2.1199999999999997,4.0133333333333345
23.9252,2.19,3.826666666666667
23.9265,2.2399999999999998,3.6933333333333342
23.9279,2.0,4.333333333333333
23.9295,2.1999999999999997,3.8000000000000007
23.9312,1.99,4.36
23.9329,2.15,3.9333333333333336
23.9347,2.1399999999999997,3.960000000000001
23.937,1.93,4.5200000000000005
23.9392,2.02,4.28
23.9414,2.03,4.253333333333334
23.9436,2.13,3.9866666666666672
23.9441,2.13,3.9866666666666672
23.9463,2.17,3.88
23.9488,1.9800000000000002,4.386666666666666
23.951400000000003,2.1599999999999997,3.906666666666667
23.9539,1.9800000000000002,4.386666666666666
23.956400000000002,1.84,4.76
23.9589,1.91,4.573333333333333
23.9615,1.9000000000000001,4.6
23.964,2.04,4.226666666666667
23.9666,2.21,3.7733333333333334
23.9693,2.21,3.7733333333333334
23.972,1.99,4.36
23.974700000000002,2.04,4.226666666666667
23.977400000000003,2.03,4.253333333333334
23.9801,2.21,3.7733333333333334
23.9827,2.27,3.6133333333333333
23.985400000000002,2.0999999999999996,4.066666666666667
23.9881,2.0799999999999996,4.120000000000001
23.9908,1.99,4.36
23.9935,2.09,4.093333333333334
23.9961,2.04,4.226666666666667
23.9988,2.04,4.226666666666667
24.0015,1.8699999999999999,4.680000000000001
24.0042,1.8800000000000001,4.653333333333333
24.0069,1.86,4.706666666666666
24.0096,2.0799999999999996,4.120000000000001
24.0122,1.9400000000000002,4.493333333333333
24.015700000000002,1.9800000000000002,4.386666666666666
24.019099999999998,1.9800000000000002,4.386666666666666
24.0224,1.9400000000000002,4.493333333333333
24.0258,1.8699999999999999,4.680000000000001
24.0291,1.8499999999999999,4.733333333333333
24.032400000000003,2.11,4.04
24.035700000000002,2.11,4.04
24.039099999999998,2.04,4.226666666666667
24.0426,2.07,4.146666666666667
24.045900000000003,1.8499999999999999,4.733333333333333
24.0499,1.8100000000000003,4.839999999999999
24.0541,1.9200000000000002,4.546666666666666
24.0583,1.8299999999999998,4.786666666666667
24.0625,2.1799999999999997,3.8533333333333344
24.0668,2.13,3.9866666666666672
24.071,2.13,3.9866666666666672
24.075400000000002,2.11,4.04
24.0797,2.0799999999999996,4.120000000000001
24.0828703868223,2.1782999999999997,3.857866666666667
24.0839,1.97,4.413333333333333
24.085327261450526,2.16937,3.8816800000000002
24.08778413607876,1.9650100000000001,4.42664
24.0879,2.13,3.9866666666666672
24.090241010706986,2.1643,3.8952
24.0913,2.1799999999999997,3.8533333333333344
24.09269788533522,2.094,4.082666666666667
24.097611634591676,2.0494499999999998,4.201466666666668
24.100068509219906,2.09618,4.076853333333333
24.102525383848135,2.0818499999999998,4.115066666666667
24.10498225847637,2.14385,3.9497333333333335
24.107439133104595,1.94914,4.46896
24.10989600773282,2.08397,4.109413333333333
24.112352882361055,2.06161,4.16904
24.117266631617515,1.83491,4.773573333333333
24.11972350624574,1.9955100000000001,4.345306666666667
24.12218038087397,2.0856299999999997,4.104986666666668
24.124637255502204,1.9816399999999998,4.382293333333334
24.12709413013043,1.81824,4.8180266666666665
24.129551004758664,2.0489499999999996,4.202800000000001
24.134464754015116,2.1921199999999996,3.821013333333334
24.13692162864335,1.96065,4.438266666666666
24.139378503271576,1.88528,4.6392533333333335
24.14183537789981,1.9865800000000002,4.36912
24.14429225252804,2.0531099999999998,4.191706666666668
24.146749127156266,2.0589399999999998,4.17616
24.1492060017845,1.9621800000000003,4.434186666666666
24.151662876412725,2.0961999999999996,4.076800000000001
24.15903350029741,2.09875,4.07
24.161309978658537,2.04426,4.215306666666667
24.162864871951218,2.0654399999999997,4.158826666666667
24.165974658536584,2.15902,3.90928
24.167529551829265,2.1361,3.9704000000000006
24.16908444512195,2.3169299999999997,3.4881866666666674
24.170639338414635,1.9928299999999999,4.352453333333334
24.17219423170732,1.97467,4.40088
24.173749125,1.9683300000000001,4.417786666666666
24.17530401829268,2.15785,3.9124000000000008
24.176858911585366,2.06146,4.169440000000001
24.178413804878048,2.03265,4.246266666666667
24.179968698170732,2.06667,4.155546666666667
24.181523591463414,2.0843399999999996,4.108426666666667
24.183078484756095,2.05158,4.195786666666667
24.18463337804878,2.15886,3.9097066666666676
24.18618827134146,2.0223299999999997,4.273786666666667
24.18774316463415,2.1063199999999997,4.049813333333334
24.18929805792683,2.07734,4.127093333333334
24.19085295121951,2.31378,3.4965866666666665
24.192407844512196,1.9624400000000002,4.433493333333333
24.193962737804878,1.97841,4.390906666666667
24.195517631097562,2.1694999999999998,3.881333333333334
24.198627417682925,2.16134,3.9030933333333335
24.20018231097561,2.0802799999999997,4.119253333333334
24.20173720426829,1.9457600000000002,4.477973333333333
24.203292097560976,2.2639,3.6296
24.20484699085366,2.0759399999999997,4.1308266666666675
24.20640188414634,2.1250999999999998,3.9997333333333343
24.207956777439026,1.9777700000000003,4.392613333333332
24.209511670731708,1.9155300000000002,4.558586666666666
24.211066564024392,1.9876699999999998,4.3662133333333335
24.212621457317073,2.1125499999999997,4.033200000000001
24.214176350609755,1.8622600000000002,4.700639999999999
24.21573124390244,2.0726,4.139733333333333
24.21728613719512,2.0710499999999996,4.143866666666668
24.218841030487805,1.986,4.370666666666667
24.220395923780487,1.9691699999999999,4.415546666666667
24.22195081707317,2.11453,4.027920000000001
24.223505710365856,1.9949800000000002,4.3467199999999995
24.226615496951222,1.9781799999999998,4.391520000000001
24.228170390243903,1.87861,4.65704
24.229725283536585,1.9419700000000002,4.488079999999999
24.23283507012195,1.8147900000000001,4.827226666666666
24.235944856707317,1.9324100000000002,4.5135733333333325
24.23749975,2.16566,3.8915733333333336
24.239054643292686,2.09117,4.090213333333334
24.240609536585367,2.2165899999999996,3.7557600000000013
24.242164429878052,2.09429,4.081893333333333
24.243719323170733,2.41918,3.2155200000000006
24.245274216463415,2.0501899999999997,4.199493333333334
24.2468291097561,2.02215,4.274266666666667
24.24838400304878,2.02289,4.272293333333334
24.249938896341465,2.2180799999999996,3.7517866666666677
24.251493789634146,2.00346,4.324106666666666
24.253048682926828,2.18429,3.841893333333334
24.254603576219516,2.1329399999999996,3.9788266666666674
24.256158469512197,2.10924,4.0420266666666675
24.257713362804882,2.19887,3.8030133333333334
24.259268256097563,1.9263100000000002,4.529839999999999
24.260823149390244,2.12452,4.00128
24.26237804268293,2.14937,3.935013333333334
24.265055555555556,2.12336,4.004373333333334
24.268481481481487,2.33233,3.447120000000001
24.271907407407408,2.2022899999999996,3.793893333333334
24.275333333333332,2.3996899999999997,3.2674933333333342
24.27875925925926,2.4543199999999996,3.1218133333333347
24.282185185185185,2.21723,3.754053333333334
24.285611111111113,2.3445,3.4146666666666663
24.289037037037037,2.3428,3.4192
24.292462962962958,2.2822999999999998,3.5805333333333342
24.29588888888889,2.26693,3.6215200000000003
24.299314814814814,2.10192,4.0615466666666675
24.30274074074074,2.1888699999999996,3.8296800000000006
24.309592592592587,2.2148299999999996,3.7604533333333343
24.31301851851852,2.2978899999999998,3.5389600000000003
24.31644444444444,2.1812899999999997,3.849893333333334
24.323296296296295,2.21515,3.7596
24.33357407407407,2.1790599999999998,3.8558400000000006
24.337,2.2922,3.5541333333333336
24.34328198717948,2.22438,3.734986666666667
24.34642298076923,2.17364,3.8702933333333336
24.349563974358972,2.2445899999999996,3.681093333333334
24.352704967948718,2.23439,3.7082933333333337
24.36526894230769,2.3204399999999996,3.4788266666666674
24.368409935897436,2.21847,3.750746666666667
24.371550929487178,2.21377,3.763280000000001
24.37469192307692,2.24382,3.6831466666666666
24.377832916666666,2.06885,4.149733333333334
24.380973910256408,2.02745,4.260133333333333
24.387255897435896,2.20523,3.786053333333334
24.390396891025638,2.07394,4.13616
24.393537884615387,2.25006,3.666506666666667
24.396678878205126,2.29054,3.55856
24.399819871794875,2.1062299999999996,4.050053333333334
24.402960865384614,2.1448899999999997,3.9469600000000007
24.406101858974356,2.4282899999999996,3.191226666666668
24.409242852564105,2.36551,3.3586400000000003
24.412383846153844,2.1139699999999997,4.029413333333334
24.415524839743593,2.2731999999999997,3.604800000000001
24.418665833333336,2.1866299999999996,3.835653333333334
24.421806826923074,2.4345399999999997,3.1745600000000005
24.424947820512823,2.3987499999999997,3.2700000000000005
24.428088814102566,2.3161699999999996,3.490213333333334
24.43122980769231,2.3351599999999997,3.4395733333333345
24.434370801282054,2.53871,2.8967733333333334
24.440609397058825,2.3329999999999997,3.445333333333334
24.442613110294122,2.4257,3.1981333333333337
24.44461682352941,2.4480399999999998,3.138560000000001
24.446620536764705,2.44143,3.1561866666666667
24.44862425,2.4046299999999996,3.2543200000000008
24.450627963235295,2.3443099999999997,3.4151733333333345
24.454635389705885,2.3339499999999997,3.442800000000001
24.456639102941175,2.52413,2.9356533333333332
24.45864281617647,2.2836999999999996,3.5768000000000013
24.460646529411765,2.3890499999999997,3.295866666666668
24.46265024264706,2.27785,3.5924000000000005
24.464653955882355,2.0209099999999998,4.277573333333334
24.466657669117648,2.161,3.904
24.468661382352945,2.10479,4.053893333333334
24.470665095588235,2.2195199999999997,3.7479466666666674
24.474672522058825,2.48154,3.0492266666666668
24.476676235294118,2.29384,3.54976
24.478679948529415,2.16227,3.9006133333333333
24.480683661764708,1.94742,4.473546666666667
24.482687375000005,2.4948699999999997,3.013680000000001
24.484691088235294,2.1955099999999996,3.8119733333333343
24.486694801470588,2.0998599999999996,4.067040000000001
24.488698514705884,2.10345,4.0574666666666666
24.490702227941178,2.1538899999999996,3.9229600000000007
24.492705941176474,2.13617,3.9702133333333336
24.494709654411764,2.40223,3.26072
24.496713367647057,2.31669,3.488826666666667
24.498717080882354,2.24755,3.6732000000000005
24.500720794117647,2.18002,3.8532800000000007
24.502724507352944,2.3614499999999996,3.3694666666666677
24.504728220588238,2.23588,3.70432
24.506731933823527,2.39159,3.2890933333333336
24.508735647058824,2.26312,3.6316800000000002
24.510739360294117,2.32022,3.4794133333333335
24.512743073529414,2.3366399999999996,3.4356266666666677
24.514746786764707,2.42976,3.187306666666667
24.5167505,2.43015,3.1862666666666675
24.518754213235297,2.45174,3.1286933333333335
24.520757926470587,2.23535,3.7057333333333338
24.522761639705884,2.2861399999999996,3.5702933333333347
24.524765352941177,2.42934,3.1884266666666674
24.52676906617647,2.22065,3.744933333333333
24.528772779411767,2.3353099999999998,3.4391733333333336
24.53077649264706,2.32285,3.4724000000000004
24.532780205882357,2.25486,3.6537066666666673
24.534783919117647,2.2886699999999998,3.5635466666666673
24.53678763235294,2.1039499999999998,4.056133333333334
24.538791345588237,2.37314,3.3382933333333336
24.54079505882353,2.0495599999999996,4.201173333333334
24.542798772058827,2.343,3.4186666666666667
24.5451468125,2.2872899999999996,3.5672266666666674
24.548011343749998,2.4669999999999996,3.088000000000001
24.550875875000003,2.60709,2.7144266666666668
24.55374040625,2.20857,3.777146666666667
24.5566049375,2.4838099999999996,3.0431733333333346
24.55946946875,2.38175,3.315333333333334
24.562333999999996,2.03767,4.232880000000001
24.56519853125,2.34487,3.4136800000000003
24.5680630625,1.98404,4.375893333333333
24.570927593750003,2.28069,3.5848266666666673
24.573792125,2.13008,3.9864533333333334
24.576656656249998,2.22579,3.731226666666667
24.579521187500003,2.2363299999999997,3.703120000000001
24.58238571875,2.2228499999999998,3.739066666666667
24.58525025,2.23214,3.714293333333334
24.58811478125,2.2603799999999996,3.6389866666666677
24.590979312499996,1.8894,4.628266666666667
24.59384384375,2.0827,4.1128
24.596708375,1.94762,4.473013333333333
24.599572906250003,2.00995,4.3068
24.60530196875,2.17631,3.863173333333333
24.61103103125,1.9977000000000003,4.339466666666666
24.6138955625,2.27228,3.6072533333333334
24.61676009375,2.00724,4.314026666666667
24.619624624999997,2.1864999999999997,3.836000000000001
24.62248915625,2.12696,3.9947733333333337
24.6253536875,1.96262,4.433013333333333
24.628218218750003,2.3073099999999998,3.513840000000001
24.63108275,1.90024,4.59936
24.63394728125,2.01397,4.29608
24.636811812500003,2.0222599999999997,4.273973333333334
24.63967634375,1.8920000000000001,4.621333333333333
24.641624224999997,1.95,4.466666666666667
24.642540875,2.2694199999999998,3.6148800000000003
24.64540540625,2.41851,3.2173066666666665
24.64563456875,2.07,4.146666666666667
24.648269937499997,2.46983,3.0804533333333337
24.64975949375,2.1999999999999997,3.8000000000000007
24.65113446875,2.27512,3.59968
24.6528531875,2.3499999999999996,3.4000000000000012
24.653999,2.37464,3.334293333333334
24.655279310606062,2.32,3.4800000000000004
24.657413161616162,2.44,3.16
24.659547012626263,2.4299999999999997,3.1866666666666674
24.661680863636366,2.32,3.4800000000000004
24.663814714646463,2.3699999999999997,3.3466666666666676
24.665948565656567,2.3699999999999997,3.3466666666666676
24.668082416666667,2.29,3.5599999999999996
24.670216267676768,2.1799999999999997,3.8533333333333344
24.67235011868687,2.29,3.5599999999999996
24.67448396969697,2.4099999999999997,3.240000000000001
24.676617820707072,2.17,3.88
24.678751671717173,2.09,4.093333333333334
24.680885522727273,2.19,3.826666666666667
24.683019373737377,2.3699999999999997,3.3466666666666676
24.685153224747474,2.2399999999999998,3.6933333333333342
24.687287075757578,2.38,3.3200000000000003
24.689420926767678,2.2199999999999998,3.746666666666667
24.691554777777778,2.28,3.586666666666667
24.693688628787882,2.2199999999999998,3.746666666666667
24.69582247979798,2.13,3.9866666666666672
24.697956330808083,2.23,3.7199999999999998
24.700090181818183,2.2199999999999998,3.746666666666667
24.70222403282828,2.2199999999999998,3.746666666666667
24.704357883838384,2.21,3.7733333333333334
24.706491734848484,2.11,4.04
24.708625585858588,2.3,3.533333333333334
24.71075943686869,2.05,4.2
24.712893287878785,2.32,3.4800000000000004
24.71502713888889,2.1599999999999997,3.906666666666667
24.71716098989899,2.2199999999999998,3.746666666666667
24.719294840909093,2.19,3.826666666666667
24.721428691919193,2.1599999999999997,3.906666666666667
24.72356254292929,2.19,3.826666666666667
24.725696393939394,2.1399999999999997,3.960000000000001
24.727830244949494,2.1399999999999997,3.960000000000001
24.7299640959596,2.15,3.9333333333333336
24.7320979469697,2.27,3.6133333333333333
24.734231797979795,2.26,3.6400000000000006
24.7363656489899,2.01,4.3066666666666675
24.7363656489899,2.26,3.6400000000000006
24.7384995,2.09,4.093333333333334
24.742767202020204,2.21,3.7733333333333334
24.7449010530303,2.27,3.6133333333333333
24.747034904040405,2.34,3.4266666666666667
24.75130260606061,2.25,3.666666666666667
24.75343645707071,2.2399999999999998,3.6933333333333342
24.755570308080806,2.19,3.826666666666667
24.75770415909091,2.3299999999999996,3.453333333333334
24.75983801010101,2.1799999999999997,3.8533333333333344
24.761971861111114,2.3499999999999996,3.4000000000000012
24.76623956313131,2.23,3.7199999999999998
24.768373414141415,2.2199999999999998,3.746666666666667
24.770507265151515,2.1199999999999997,4.0133333333333345
24.77264111616162,2.4299999999999997,3.1866666666666674
24.77477496717172,2.19,3.826666666666667
24.776908818181816,2.26,3.6400000000000006
24.77904266919192,2.1999999999999997,3.8000000000000007
24.78117652020202,2.4699999999999998,3.080000000000001
24.783310371212124,2.54,2.893333333333333
24.78544422222222,2.44,3.16
24.78757807323232,2.19,3.826666666666667
24.789711924242425,2.4099999999999997,3.240000000000001
24.791845775252526,2.2199999999999998,3.746666666666667
24.79397962626263,2.3099999999999996,3.5066666666666677
24.796113477272726,2.3499999999999996,3.4000000000000012
24.798247328282827,1.9800000000000002,4.386666666666666
24.80038117929293,2.3499999999999996,3.4000000000000012
24.80251503030303,2.29,3.5599999999999996
24.804648881313135,2.4899999999999998,3.0266666666666673
24.80678273232323,2.38,3.3200000000000003
24.808916583333332,2.32,3.4800000000000004
24.811050434343436,2.3,3.533333333333334
24.813184285353536,2.3699999999999997,3.3466666666666676
24.81531813636364,2.3099999999999996,3.5066666666666677
24.817451987373737,2.4699999999999998,3.080000000000001
24.819585838383837,2.34,3.4266666666666667
24.82171968939394,2.27,3.6133333333333333
24.824599985714286,2.4,3.2666666666666666
24.828599950000005,2.44,3.16
24.832599914285716,2.36,3.373333333333334
24.836599878571427,2.1199999999999997,4.0133333333333345
24.840599842857145,2.42,3.213333333333334
24.844599807142856,2.26,3.6400000000000006
24.848599771428578,1.93,4.5200000000000005
24.852599735714286,2.25,3.666666666666667
24.86059966428572,1.95,4.466666666666667
24.86459962857143,2.0999999999999996,4.066666666666667
24.868599592857148,2.0999999999999996,4.066666666666667
24.87659952142857,2.19,3.826666666666667
24.88059948571429,2.07,4.146666666666667
24.88459945,2.13,3.9866666666666672
24.88859941428572,2.29,3.5599999999999996
24.892599378571433,2.04,4.226666666666667
24.900599307142862,2.17,3.88
24.904599271428573,2.1799999999999997,3.8533333333333344
24.90859923571429,2.25,3.666666666666667
24.912599200000002,2.26,3.6400000000000006
24.916599164285714,2.36,3.373333333333334
24.920599128571432,2.59,2.7600000000000002
24.924599092857143,2.29,3.5599999999999996
24.932599021428576,2.1799999999999997,3.8533333333333344
24.9363365125,2.48,3.0533333333333337
24.939680293750005,2.3899999999999997,3.293333333333334
24.943024075,2.2199999999999998,3.746666666666667
24.946367856250006,2.3,3.533333333333334
24.949711637500002,2.46,3.1066666666666665
24.959742981250002,2.32,3.4800000000000004
24.963086762500005,2.3499999999999996,3.4000000000000012
24.969774325,2.26,3.6400000000000006
24.973118106250006,2.4499999999999997,3.1333333333333337
24.9764618875,2.51,2.973333333333334
24.979805668750007,2.36,3.373333333333334
24.986493231249998,2.2199999999999998,3.746666666666667
24.989837012500004,2.17,3.88
24.996524575000006,2.55,2.866666666666667
24.99986835625,2.25,3.666666666666667
25.0032121375,2.0999999999999996,4.066666666666667
25.006555918750003,2.25,3.666666666666667
25.009899700000002,2.34,3.4266666666666667
25.01993104375,2.36,3.373333333333334
25.023274825000005,2.4,3.2666666666666666
25.02661860625,2.4099999999999997,3.240000000000001
25.029962387500007,2.25,3.666666666666667
25.033306168750002,2.28,3.586666666666667
25.036649949999997,2.32,3.4800000000000004
25.039993731250004,2.42,3.213333333333334
25.043592601851852,2.5,3.0
25.047574106481488,2.26,3.6400000000000006
25.051555611111112,2.34,3.4266666666666667
25.05553711574074,2.13,3.9866666666666672
25.059518620370373,2.21,3.7733333333333334
25.063500125,2.3099999999999996,3.5066666666666677
25.067481629629636,2.32,3.4800000000000004
25.07146313425926,2.4499999999999997,3.1333333333333337
25.075444638888886,2.28,3.586666666666667
25.07942614351852,2.09,4.093333333333334
25.08340764814815,2.25,3.666666666666667
25.087389152777785,2.17,3.88
25.09137065740741,2.21,3.7733333333333334
25.095352162037035,2.0599999999999996,4.173333333333335
25.09933366666667,2.19,3.826666666666667
25.1033151712963,2.0599999999999996,4.173333333333335
25.10729667592593,2.3899999999999997,3.293333333333334
25.11127818055556,2.3,3.533333333333334
25.115259685185183,2.2399999999999998,3.6933333333333342
25.11924118981482,2.2399999999999998,3.6933333333333342
25.123222694444443,2.3699999999999997,3.3466666666666676
25.12720419907408,2.1999999999999997,3.8000000000000007
25.131185703703707,2.28,3.586666666666667
25.135167208333332,2.1599999999999997,3.906666666666667
25.139148712962967,2.34,3.4266666666666667
25.143130217592592,2.29,3.5599999999999996
25.147111722222228,2.1599999999999997,3.906666666666667
25.151093226851856,2.0599999999999996,4.173333333333335
25.15507473148148,2.19,3.826666666666667
25.159056236111116,2.19,3.826666666666667
25.16303774074074,2.28,3.586666666666667
25.167019245370376,2.26,3.6400000000000006
25.17100075,2.19,3.826666666666667
25.17498225462963,2.3099999999999996,3.5066666666666677
25.178963759259265,2.19,3.826666666666667
25.18294526388889,2.09,4.093333333333334
25.186926768518525,2.25,3.666666666666667
25.19090827314815,2.34,3.4266666666666667
25.194889777777778,2.34,3.4266666666666667
25.198871282407413,2.3499999999999996,3.4000000000000012
25.20285278703704,2.3099999999999996,3.5066666666666677
25.206834291666674,2.0799999999999996,4.120000000000001
25.2108157962963,2.19,3.826666666666667
25.21462308139535,2.3099999999999996,3.5066666666666677
25.217733488372097,2.17,3.88
25.22084389534884,2.29,3.5599999999999996
25.223954302325588,2.5,3.0
25.227064709302326,2.25,3.666666666666667
25.230175116279067,2.26,3.6400000000000006
25.233285523255816,2.2399999999999998,3.6933333333333342
25.236395930232558,2.46,3.1066666666666665
25.239506337209306,2.19,3.826666666666667
25.242616744186048,2.25,3.666666666666667
25.24572715116279,2.0599999999999996,4.173333333333335
25.248837558139538,2.51,2.973333333333334
25.25194796511628,2.26,3.6400000000000006
25.25505837209303,2.17,3.88
25.25816877906977,2.3099999999999996,3.5066666666666677
25.26127918604651,1.97,4.413333333333333
25.26438959302326,2.19,3.826666666666667
25.2675,2.3099999999999996,3.5066666666666677
25.270610406976747,2.09,4.093333333333334
25.27372081395349,2.1599999999999997,3.906666666666667
25.27683122093023,2.04,4.226666666666667
25.27994162790698,2.13,3.9866666666666672
25.28305203488372,2.13,3.9866666666666672
25.28616244186047,2.19,3.826666666666667
25.28927284883721,2.1599999999999997,3.906666666666667
25.292383255813952,2.26,3.6400000000000006
25.2954936627907,2.25,3.666666666666667
25.298604069767443,2.3499999999999996,3.4000000000000012
25.30171447674419,2.28,3.586666666666667
25.304824883720933,2.13,3.9866666666666672
25.307935290697674,2.27,3.6133333333333333
25.31104569767442,2.3099999999999996,3.5066666666666677
25.31415610465116,2.11,4.04
25.31726651162791,2.4099999999999997,3.240000000000001
25.323724024999997,2.28,3.586666666666667
25.32713030625,2.3,3.533333333333334
25.3305365875,2.0799999999999996,4.120000000000001
25.333942868750004,2.3499999999999996,3.4000000000000012
25.33734915,2.42,3.213333333333334
25.34075543125,2.3899999999999997,3.293333333333334
25.344161712500004,2.3299999999999996,3.453333333333334
25.347567993749998,2.04,4.226666666666667
25.350974275000002,2.21,3.7733333333333334
25.35438055625,2.25,3.666666666666667
25.357786837499997,2.36,3.373333333333334
25.361193118750002,2.3299999999999996,3.453333333333334
25.3645994,2.48,3.0533333333333337
25.368005681250004,2.3499999999999996,3.4000000000000012
25.3714119625,2.3099999999999996,3.5066666666666677
25.374818243749996,2.0599999999999996,4.173333333333335
25.378224525,2.11,4.04
25.381630806249998,1.97,4.413333333333333
25.385037087500002,2.1799999999999997,3.8533333333333344
25.38844336875,2.13,3.9866666666666672
25.391849649999997,1.86,4.706666666666666
25.395255931250002,2.09,4.093333333333334
25.3986622125,2.3699999999999997,3.3466666666666676
25.40206849375,2.4,3.2666666666666666
25.405474775,2.1399999999999997,3.960000000000001
25.408881056249996,2.19,3.826666666666667
25.4122873375,2.28,3.586666666666667
25.415693618749998,2.17,3.88
25.419099900000003,2.1199999999999997,4.0133333333333345
25.42250618125,2.15,3.9333333333333336
25.425912462499994,2.21,3.7733333333333334
25.42931874375,2.0999999999999996,4.066666666666667
25.43258336111111,2.17,3.88
25.4358125625,2.11,4.04
25.439041763888888,2.09,4.093333333333334
25.442270965277775,2.17,3.88
25.44550016666667,2.1599999999999997,3.906666666666667
25.448729368055552,2.1799999999999997,3.8533333333333344
25.451958569444447,2.03,4.253333333333334
25.455187770833334,2.3499999999999996,3.4000000000000012
25.45841697222222,2.34,3.4266666666666667
25.461646173611115,2.1799999999999997,3.8533333333333344
25.464875375,2.19,3.826666666666667
25.468104576388892,2.4499999999999997,3.1333333333333337
25.47133377777778,2.23,3.7199999999999998
25.474562979166667,2.21,3.7733333333333334
25.477792180555557,2.1399999999999997,3.960000000000001
25.481021381944444,2.1199999999999997,4.0133333333333345
25.48425058333334,2.09,4.093333333333334
25.487479784722225,2.32,3.4800000000000004
25.49070898611111,2.0799999999999996,4.120000000000001
25.493938187500003,2.34,3.4266666666666667
25.49716738888889,2.04,4.226666666666667
25.497813229166667,2.26685,3.621733333333334
25.500525758333335,2.36,3.373333333333334
25.50104243055556,2.2025099999999997,3.793306666666667
25.504013295833335,2.48,3.0533333333333337
25.504271631944448,2.52312,2.9383466666666664
25.50737166527778,2.3499999999999996,3.4000000000000012
25.50750083333333,2.60166,2.728906666666667
25.510730034722226,2.37213,3.3409866666666668
25.51085920277778,2.3499999999999996,3.4000000000000012
25.513959236111113,2.56784,2.8190933333333335
25.517188437500007,2.461,3.104
25.52041763888889,2.4940499999999997,3.0158666666666676
25.523514513513515,2.46649,3.08936
25.526082081081086,2.42611,3.1970400000000003
25.52864964864865,2.40337,3.2576800000000006
25.53121721621622,2.49118,3.0235200000000004
25.533784783783787,2.61238,2.70032
25.53635235135135,2.4217899999999997,3.208560000000001
25.53891991891892,2.4694499999999997,3.0814666666666675
25.54148748648649,2.48351,3.0439733333333336
25.54405505405406,2.62573,2.6647200000000004
25.546622621621623,2.5099199999999997,2.9735466666666674
25.54919018918919,2.38006,3.31984
25.55175775675676,2.52827,2.9246133333333333
25.554325324324324,2.4055999999999997,3.251733333333334
25.556892891891895,2.6207399999999996,2.6780266666666677
25.559460459459462,2.46678,3.088586666666667
25.562028027027026,2.4939899999999997,3.0160266666666677
25.564595594594596,2.50053,2.9985866666666667
25.567163162162164,2.44391,3.1495733333333336
25.569730729729734,2.44719,3.1408266666666664
25.572298297297298,2.3207999999999998,3.4778666666666673
25.574865864864865,2.51151,2.9693066666666668
25.577433432432436,2.37585,3.3310666666666675
25.580001000000003,2.27168,3.6088533333333332
25.582568567567574,2.3391699999999997,3.4288800000000004
25.585136135135137,2.26755,3.619866666666667
25.587703702702704,2.39717,3.274213333333333
25.590271270270275,2.38975,3.2940000000000005
25.59283883783784,2.3334799999999998,3.4440533333333336
25.59540640540541,2.5938299999999996,2.7497866666666675
25.597973972972976,2.32923,3.4553866666666666
25.600797494186047,2.4457,3.1448
25.603791651162794,2.6080799999999997,2.7117866666666672
25.606785808139534,2.3472199999999996,3.4074133333333343
25.609779965116285,2.2591099999999997,3.6423733333333344
25.612774122093025,2.3565699999999996,3.382480000000001
25.615768279069766,2.3078499999999997,3.5124000000000004
25.618762436046516,2.30231,3.5271733333333337
25.621756593023257,2.37704,3.327893333333333
25.624750750000004,2.2630299999999997,3.631920000000001
25.627744906976748,2.37765,3.3262666666666663
25.630739063953488,2.3709,3.344266666666667
25.633733220930235,2.36061,3.3717066666666673
25.636727377906976,2.35867,3.37688
25.639721534883726,2.2094899999999997,3.7746933333333343
25.642715691860467,2.3723799999999997,3.340320000000001
25.645709848837207,2.3591699999999998,3.3755466666666676
25.648704005813958,2.4720199999999997,3.0746133333333345
25.654692319767445,2.2281999999999997,3.724800000000001
25.65768647674419,2.41633,3.2231200000000007
25.66068063372093,2.2824199999999997,3.580213333333334
25.663674790697677,2.22313,3.7383200000000008
25.66666894767442,2.2784199999999997,3.590880000000001
25.669663104651168,2.34081,3.424506666666667
25.672657261627908,2.29864,3.5369600000000005
25.67565141860465,2.3859299999999997,3.3041866666666673
25.6786455755814,2.3609,3.3709333333333333
25.68163973255814,2.1705799999999997,3.8784533333333338
25.684633889534886,2.43051,3.1853066666666665
25.68762804651163,2.17977,3.8539466666666664
25.69062220348837,2.12463,4.000986666666667
25.693616360465118,2.1988299999999996,3.8031200000000007
25.69661051744186,2.266,3.6239999999999997
25.702495618421054,2.26612,3.6236800000000002
25.704973710526314,2.49668,3.0088533333333336
25.70745180263158,2.35714,3.380960000000001
25.70992989473684,2.55963,2.840986666666667
25.71240798684211,2.51844,2.9508266666666665
25.71488607894737,2.46495,3.093466666666667
25.71736417105263,2.50942,2.97488
25.719842263157897,2.44697,3.1414133333333334
25.722320355263157,2.5659699999999996,2.824080000000001
25.724798447368425,2.3743399999999997,3.335093333333334
25.727276539473685,2.31851,3.483973333333334
25.729754631578945,2.2560499999999997,3.6505333333333345
25.732232723684213,2.41173,3.235386666666667
25.73718890789474,2.27785,3.5924000000000005
25.739667,2.19446,3.814773333333334
25.74214509210526,2.2872,3.5674666666666672
25.74462318421053,2.43512,3.1730133333333335
25.74710127631579,2.3742199999999998,3.3354133333333342
25.749579368421056,2.59128,2.756586666666667
25.752057460526316,2.4783199999999996,3.0578133333333346
25.754535552631577,2.4674099999999997,3.0869066666666676
25.759491736842104,2.38293,3.3121866666666664
25.76196982894737,2.27676,3.5953066666666667
25.76196982894737,2.3032899999999996,3.524560000000001
25.764447921052632,2.3047999999999997,3.5205333333333337
25.766926013157892,2.31044,3.505493333333334
25.76940410526316,2.264,3.629333333333334
25.77188219736842,2.26179,3.635226666666667
25.774360289473687,2.23682,3.701813333333334
25.776838381578948,2.1950499999999997,3.813200000000001
25.779316473684208,2.2395099999999997,3.6946400000000006
25.781794565789475,2.29561,3.54504
25.784272657894736,2.3771799999999996,3.3275200000000007
25.786750750000003,2.1802799999999998,3.8525866666666673
25.789228842105263,2.3698799999999998,3.346986666666667
25.791706934210524,2.3056099999999997,3.518373333333334
25.79418502631579,2.24938,3.6683200000000005
25.79666311842105,2.2550399999999997,3.6532266666666677
25.79914121052632,2.16988,3.88032
25.80161930263158,2.12072,4.0114133333333335
25.80409739473684,2.2931199999999996,3.551680000000001
25.806575486842107,2.3344799999999997,3.4413866666666673
25.809053578947367,2.3298799999999997,3.4536533333333344
25.811531671052634,2.5718199999999998,2.8084800000000008
25.814009763157895,2.50966,2.9742400000000004
25.816888072580642,2.5137899999999997,2.9632266666666673
25.82003319354839,2.43571,3.1714400000000005
25.823178314516127,2.34861,3.4037066666666673
25.826323435483875,2.48492,3.040213333333334
25.829468556451612,2.4688299999999996,3.083120000000001
25.832613677419353,2.3856599999999997,3.3049066666666675
25.835758798387097,2.49905,3.002533333333333
25.838903919354838,2.2953599999999996,3.5457066666666677
25.842049040322586,2.5342599999999997,2.9086400000000006
25.845194161290323,2.4686299999999997,3.0836533333333342
25.848339282258063,2.30232,3.527146666666667
25.851484403225808,2.46414,3.095626666666667
25.854629524193548,2.2597899999999997,3.6405600000000007
25.857774645161292,2.45687,3.1150133333333336
25.860919766129033,2.27406,3.6025066666666667
25.864064887096774,2.55254,2.8598933333333334
25.867210008064518,2.4732499999999997,3.0713333333333344
25.87035512903226,2.55232,2.8604800000000004
25.873500250000003,2.48617,3.03688
25.876645370967744,2.47416,3.068906666666667
25.87979049193548,2.4645099999999998,3.094640000000001
25.88293561290323,2.39815,3.2716000000000003
25.88608073387097,2.6360099999999997,2.6373066666666674
25.889225854838713,2.28035,3.5857333333333337
25.892370975806454,2.54159,2.8890933333333337
25.895652173913042,2.40833,3.2444533333333334
25.89896739130435,2.4194799999999996,3.2147200000000007
25.902282608695653,2.4733099999999997,3.071173333333334
25.90559782608696,2.53463,2.9076533333333336
25.90891304347826,2.36082,3.371146666666667
25.912228260869565,2.48928,3.0285866666666665
25.915543478260872,2.4319699999999997,3.1814133333333343
25.918858695652176,2.47403,3.069253333333333
25.922173913043483,2.31898,3.4827200000000005
25.925489130434784,2.5076099999999997,2.9797066666666674
25.928804347826087,2.18321,3.8447733333333334
25.932119565217395,2.3159799999999997,3.4907200000000005
25.9354347826087,2.32665,3.4622666666666673
25.938750000000006,2.4081799999999998,3.2448533333333343
25.942065217391306,2.4016499999999996,3.262266666666668
25.94538043478261,2.63741,2.633573333333333
25.948695652173917,2.47118,3.076853333333333
25.95201086956522,2.3797099999999998,3.3207733333333342
25.954920000000005,2.47241,3.073573333333333
25.957220000000003,2.39777,3.272613333333333
25.95952,2.3865499999999997,3.3025333333333338
25.961820000000003,2.55654,2.8492266666666666
25.96412,2.53354,2.9105600000000003
25.966420000000006,2.61792,2.685546666666667
25.96872,2.61551,2.6919733333333333
25.97102,2.48814,3.031626666666667
25.973320000000005,2.4272,3.1941333333333333
25.975620000000003,2.4421899999999996,3.154160000000001
25.977920000000005,2.51707,2.95448
25.980220000000003,2.3762499999999998,3.330000000000001
25.98252,2.45281,3.12584
25.984820000000003,2.34556,3.4118400000000007
25.98712,2.27867,3.5902133333333337
25.989420000000006,2.3886,3.297066666666667
25.99172,2.52833,2.9244533333333336
25.99402,2.2591799999999997,3.6421866666666673
25.996320000000004,2.4366499999999998,3.1689333333333343
25.998620000000003,2.2319,3.7149333333333336
26.007820000000002,2.2704799999999996,3.6120533333333347
26.01012,2.39844,3.270826666666667
26.012420000000006,2.36446,3.361440000000001
26.01472,2.3473499999999996,3.407066666666668
26.01702,2.30149,3.5293600000000005
26.019320000000004,2.27954,3.5878933333333336
26.021620000000002,2.3642499999999997,3.362000000000001
26.023920000000004,2.21143,3.76952
26.026220000000002,2.3988099999999997,3.269840000000001
26.02852,2.20388,3.7896533333333338
26.030820000000002,2.1062299999999996,4.050053333333334
26.03312,2.25641,3.6495733333333336
26.035420000000006,2.35187,3.395013333333334
26.03772,2.43911,3.162373333333334
26.04002,2.38767,3.299546666666667
26.042320000000004,2.29162,3.5556799999999997
26.044620000000002,2.3413999999999997,3.422933333333334
26.047100000000004,2.3842,3.3088000000000006
26.049850000000003,2.18432,3.8418133333333335
26.052599999999998,1.9554099999999999,4.452240000000001
26.055350000000004,2.0418499999999997,4.221733333333334
26.0581,2.48007,3.0531466666666667
26.060850000000006,2.5719499999999997,2.808133333333334
26.0636,2.20701,3.7813066666666666
26.06635,2.37161,3.3423733333333336
26.069100000000002,2.26624,3.623360000000001
26.07185,1.99326,4.351306666666667
26.074600000000004,2.45675,3.115333333333333
26.077350000000003,2.26849,3.6173600000000006
26.080099999999998,2.06493,4.160186666666667
26.082850000000004,2.15107,3.93048
26.0856,2.24266,3.6862400000000006
26.088350000000005,2.32714,3.46096
26.0911,2.52031,2.9458400000000005
26.09385,2.47241,3.073573333333333
26.096600000000002,2.30016,3.5329066666666664
26.09935,2.40957,3.2411466666666664
26.102100000000004,2.6157399999999997,2.691360000000001
26.104850000000003,2.6107799999999997,2.7045866666666676
26.107599999999998,2.4472799999999997,3.1405866666666675
26.110350000000004,2.41842,3.217546666666667
26.1131,2.06579,4.157893333333334
26.115850000000005,2.04797,4.2054133333333334
26.1186,2.08755,4.099866666666667
26.12135,2.31363,3.4969866666666674
26.124100000000002,2.00582,4.3178133333333335
26.12685,2.16424,3.89536
26.129600000000003,2.0105899999999997,4.3050933333333345
26.132350000000002,2.11393,4.029520000000001
26.135099999999998,1.9437200000000001,4.483413333333333
26.137850000000004,2.07347,4.137413333333334
26.1406,2.25025,3.6660000000000004
26.143350000000005,2.37682,3.32848
26.1461,2.29716,3.5409066666666673
26.14885,2.2967899999999997,3.5418933333333342
26.151600000000002,2.18822,3.831413333333334
26.15435,2.3217999999999996,3.475200000000001
26.15710638297873,2.1243399999999997,4.001760000000001
26.159872340425533,2.5637399999999997,2.8300266666666674
26.16263829787234,2.6469799999999997,2.6080533333333342
26.165404255319153,2.23197,3.7147466666666666
26.168170212765958,2.4816399999999996,3.048960000000001
26.17093617021277,2.32616,3.4635733333333336
26.173702127659578,2.47323,3.0713866666666663
26.176468085106382,2.45756,3.113173333333333
26.179234042553194,2.29655,3.542533333333334
26.182000000000002,2.40603,3.250586666666667
26.184765957446814,2.43803,3.1652533333333333
26.18753191489362,2.47882,3.0564800000000005
26.190297872340427,2.63142,2.649546666666667
26.19306382978724,2.47749,3.0600266666666665
26.195829787234043,2.59624,2.7433600000000005
26.198595744680855,2.5235299999999996,2.9372533333333344
26.201361702127663,2.61989,2.6802933333333336
26.204127659574468,2.23075,3.718
26.20689361702128,2.4850299999999996,3.0399200000000013
26.209659574468088,2.28564,3.571626666666667
26.2124255319149,2.5376,2.8997333333333337
26.215191489361704,2.28671,3.5687733333333336
26.217957446808512,2.24632,3.6764800000000006
26.220723404255324,2.1964599999999996,3.8094400000000013
26.22348936170213,2.05828,4.17792
26.226255319148944,2.5065,2.982666666666667
26.22902127659575,2.2701,3.6130666666666675
26.231787234042553,2.2491,3.6690666666666667
26.23455319148937,2.3740099999999997,3.3359733333333343
26.237319148936173,2.44839,3.137626666666667
26.240085106382985,2.09877,4.069946666666667
26.242851063829793,2.2589799999999998,3.6427200000000006
26.245617021276598,2.32389,3.4696266666666666
26.24838297872341,2.26509,3.626426666666667
26.251148936170217,2.3195799999999998,3.4811200000000007
26.25391489361703,2.2877799999999997,3.565920000000001
26.25391489361703,2.52404,2.935893333333334
26.256680851063834,2.4422599999999997,3.153973333333334
26.259446808510642,2.4287799999999997,3.1899200000000008
26.26301818181819,2.41073,3.2380533333333332
26.26679090909091,2.3754999999999997,3.3320000000000007
26.270563636363644,2.42705,3.1945333333333332
26.27433636363637,2.2963099999999996,3.5431733333333346
26.278109090909094,2.6278699999999997,2.659013333333334
26.281881818181823,2.21242,3.7668800000000005
26.28565454545455,2.3565799999999997,3.382453333333334
26.28942727272728,2.06776,4.152640000000001
26.293200000000006,2.3516999999999997,3.3954666666666675
26.296972727272728,2.30626,3.5166399999999998
26.30074545454546,2.2035199999999997,3.790613333333334
26.304518181818185,2.6504999999999996,2.598666666666668
26.308290909090918,2.20837,3.77768
26.31206363636364,2.53942,2.8948800000000006
26.315836363636365,2.4425499999999998,3.153200000000001
26.319609090909097,2.4693799999999997,3.0816533333333345
26.32338181818182,2.72421,2.402106666666667
26.32715454545455,2.72892,2.3895466666666665
26.330927272727276,2.7620299999999998,2.301253333333334
26.3342,2.28,3.586666666666667
26.334699999999998,2.6769499999999997,2.5281333333333342
26.33847272727273,2.5480099999999997,2.8719733333333344
26.342245454545456,2.55408,2.855786666666667
26.344978765731554,2.4207899999999998,3.2112266666666676
26.34745222289599,2.55021,2.866106666666667
26.348,2.31,3.506666666666667
26.349925680060426,2.44916,3.1355733333333333
26.352399137224868,2.47863,3.056986666666667
26.3533,2.61,2.706666666666667
26.354872594389303,2.4270899999999997,3.1944266666666676
26.357346051553744,2.6645499999999998,2.561200000000001
26.3586,2.65,2.6
26.35981950871818,2.4432699999999996,3.1512800000000007
26.360314200151066,2.5797299999999996,2.787386666666668
26.3627876573155,2.7281,2.3917333333333333
26.3633,2.44,3.16
26.365261114479942,2.8003099999999996,2.1991733333333343
26.3711,2.67,2.546666666666667
26.3745,2.4899999999999998,3.0266666666666673
26.378,2.3899999999999997,3.293333333333334
26.381400000000003,2.6999999999999997,2.4666666666666672
26.3848,2.65,2.6
26.3882,2.65,2.6
26.3917,2.58,2.7866666666666666
26.3951,2.64,2.6266666666666665
26.3985,2.44,3.16
26.4017,2.31,3.506666666666667
26.4049,2.55,2.866666666666667
26.4082,2.3299999999999996,3.453333333333334
26.4114,2.6,2.733333333333333
26.4146,2.7399999999999998,2.3600000000000008
26.4178,2.81,2.1733333333333333
26.421,2.4,3.2666666666666666
26.4242,2.61,2.706666666666667
26.427400000000002,2.2199999999999998,3.746666666666667
26.4306,2.64,2.6266666666666665
26.4414,2.4499999999999997,3.1333333333333337
26.450400000000002,2.5,3.0
26.4559,2.4299999999999997,3.1866666666666674
26.4625,2.3699999999999997,3.3466666666666676
26.4694,2.19,3.826666666666667
26.476200000000002,2.17,3.88
26.4831,2.32,3.4800000000000004
26.49,2.4699999999999998,3.080000000000001
26.4969,2.38,3.3200000000000003
26.503700000000002,2.38,3.3200000000000003
26.509700000000002,2.54,2.893333333333333
26.5152,2.21,3.7733333333333334
26.51886192335032,2.68171,2.5154400000000003
26.5207,2.44,3.16
26.522024505728844,2.81376,2.163306666666667
26.525187088107373,2.6279,2.6589333333333336
26.5262,2.55,2.866666666666667
26.528349670485895,2.61551,2.6919733333333333
26.531512252864417,2.6115,2.702666666666667
26.531599999999997,2.38,3.3200000000000003
26.53467483524295,2.62856,2.657173333333334
26.537,2.76,2.306666666666667
26.544154732142854,2.5711199999999996,2.8103466666666677
26.54730946428571,2.6799199999999996,2.5202133333333343
26.55046419642857,2.6861099999999998,2.5037066666666674
26.553618928571424,2.5465,2.876
26.55677366071429,2.6130999999999998,2.698400000000001
26.55992839285714,2.74272,2.352746666666667
26.563083124999995,2.4227399999999997,3.2060266666666672
26.566237857142855,2.82172,2.14208
26.569392589285712,2.45648,3.1160533333333333
26.572547321428573,2.51732,2.953813333333334
26.575702053571426,2.44772,3.1394133333333336
26.578856785714283,2.6235199999999996,2.670613333333334
26.582011517857143,2.3083,3.5111999999999997
26.585166249999997,2.3575199999999996,3.379946666666668
26.58832098214286,2.2986999999999997,3.5368000000000004
26.591475714285714,2.6883,2.497866666666667
26.594630446428567,2.52812,2.9250133333333337
26.597785178571428,2.43632,3.169813333333334
26.600939910714285,2.64391,2.61624
26.604094642857145,2.65312,2.59168
26.607249375,2.57752,2.7932800000000007
26.610404107142855,2.6980999999999997,2.4717333333333342
26.613558839285716,2.79723,2.207386666666667
26.61671357142857,2.7424999999999997,2.353333333333334
26.619868303571433,2.4386799999999997,3.163520000000001
26.623023035714287,2.68164,2.5156266666666673
26.62617776785714,2.44331,3.1511733333333334
26.629332500000004,2.3463,3.409866666666667
26.632487232142857,2.63639,2.636293333333333
26.635641964285718,2.45443,3.1215200000000003
26.641951428571428,2.4712199999999998,3.0767466666666676
26.64510616071429,2.42855,3.1905333333333337
26.648925841463413,2.45316,3.124906666666667
26.65374294512196,2.38869,3.296826666666667
26.663377152439022,2.3615,3.3693333333333335
26.673011359756096,2.27812,3.59168
26.682645567073173,2.3765199999999997,3.3292800000000007
26.687462670731705,2.3249299999999997,3.466853333333334
26.692279774390247,2.18194,3.84816
26.69709687804878,2.30471,3.5207733333333335
26.701913981707325,2.2005399999999997,3.798560000000001
26.706731085365856,2.5017199999999997,2.995413333333334
26.711548189024388,2.32212,3.4743466666666665
26.71636529268293,2.49631,3.0098400000000005
26.72118239634146,2.6201999999999996,2.6794666666666678
26.725999500000007,2.36088,3.370986666666667
26.73081660365854,2.3988899999999997,3.2696266666666673
26.740450810975613,2.48028,3.0525866666666666
26.745267914634145,2.61353,2.6972533333333337
26.75008501829269,2.56735,2.8204000000000007
26.759719225609754,2.46929,3.0818933333333334
26.764536329268296,2.4954799999999997,3.012053333333334
26.769353432926827,2.6031299999999997,2.7249866666666676
26.774170536585373,2.4991499999999998,3.0022666666666673
26.778987640243905,2.5419199999999997,2.888213333333334
26.783804743902436,2.50608,2.983786666666667
26.78862184756098,2.53367,2.9102133333333335
26.79343895121951,2.50549,2.98536
26.798256054878056,2.5563,2.849866666666667
26.803073158536588,2.5247499999999996,2.934000000000001
26.80705771153846,2.7332199999999998,2.3780800000000006
26.810487230769233,2.64029,2.625893333333334
26.81391675,2.4901099999999996,3.0263733333333347
26.81734626923077,2.69882,2.469813333333333
26.82077578846154,2.4099299999999997,3.240186666666667
26.824205307692306,2.78146,2.24944
26.827634826923077,2.57564,2.7982933333333335
26.831064346153845,2.6301699999999997,2.652880000000001
26.83449386538462,2.69915,2.4689333333333336
26.837923384615383,2.39389,3.28296
26.84135290384615,2.85514,2.05296
26.844782423076925,2.52316,2.9382400000000004
26.84821194230769,2.6080699999999997,2.711813333333334
26.851641461538463,2.37344,3.3374933333333336
26.85507098076923,2.55476,2.8539733333333337
26.858500499999995,2.4778599999999997,3.0590400000000004
26.86193001923077,2.47056,3.0785066666666667
26.865359538461536,2.5702599999999998,2.8126400000000005
26.86878905769231,2.3199899999999998,3.4800266666666673
26.872218576923075,2.53808,2.8984533333333338
26.875648096153842,2.5966099999999996,2.7423733333333344
26.879077615384617,2.5441399999999996,2.8822933333333345
26.88250713461538,2.49387,3.016346666666667
26.885936653846155,2.5027,2.9928000000000003
26.889366173076922,2.5774999999999997,2.7933333333333343
26.892795692307686,2.80088,2.1976533333333337
26.89622521153846,2.71828,2.41792
26.899654730769228,2.62879,2.6565600000000003
26.90308425,2.61198,2.7013866666666666
26.906513769230767,2.5771499999999996,2.7942666666666676
26.909943288461534,2.6203299999999996,2.679120000000001
26.913637348484848,2.7129299999999996,2.432186666666668
26.917728219696965,2.42453,3.2012533333333337
26.921819090909093,2.4146199999999998,3.2276800000000003
26.92590996212121,2.41866,3.2169066666666666
26.930000833333327,2.2566699999999997,3.648880000000001
26.934091704545455,2.3975299999999997,3.273253333333334
26.938182575757573,2.5354599999999996,2.905440000000001
26.946364318181818,2.26877,3.6166133333333335
26.950455189393935,2.4011299999999998,3.263653333333334
26.95454606060606,2.2188,3.7498666666666667
26.95863693181818,2.14819,3.93816
26.962727803030305,2.62526,2.6659733333333335
26.966818674242422,2.2902299999999998,3.5593866666666676
26.970909545454543,2.50732,2.98048
26.975000416666667,2.3747599999999998,3.3339733333333337
26.975000416666667,2.39987,3.2670133333333338
26.979091287878784,2.53089,2.917626666666667
26.983182159090912,2.66986,2.5470400000000004
26.98727303030303,2.6529399999999996,2.592160000000001
26.991363901515147,2.60622,2.716746666666667
26.995454772727275,2.4546699999999997,3.1208800000000005
26.999545643939392,2.60724,2.714026666666667
27.00363651515152,2.7028499999999998,2.459066666666667
27.007727386363637,2.81914,2.14896
27.011818257575754,2.7704,2.2789333333333333
27.015909128787882,2.72057,2.4118133333333334
27.02,2.69731,2.4738400000000005
27.023012820512825,2.5657699999999997,2.824613333333334
27.02602564102564,2.7070499999999997,2.4478666666666675
27.02903846153846,2.4544799999999998,3.121386666666667
27.032051282051285,2.46169,3.1021600000000005
27.035064102564103,2.4399499999999996,3.1601333333333343
27.038076923076925,2.49313,3.01832
27.041089743589744,2.3662099999999997,3.356773333333334
27.044102564102563,2.3672999999999997,3.3538666666666677
27.047115384615385,2.6883899999999996,2.4976266666666675
27.050128205128203,2.5709299999999997,2.810853333333334
27.05314102564103,2.5120199999999997,2.9679466666666676
27.056153846153848,2.5417799999999997,2.8885866666666673
27.059166666666663,2.3641099999999997,3.362373333333334
27.06217948717949,2.49923,3.0020533333333335
27.065192307692307,2.44001,3.1599733333333333
27.06820512820513,2.4403799999999998,3.1589866666666673
27.071217948717948,2.30484,3.5204266666666664
27.074230769230766,2.43374,3.1766933333333336
27.077243589743592,2.5236699999999996,2.936880000000001
27.080256410256407,2.5027899999999996,2.992560000000001
27.083269230769233,2.60119,2.73016
27.08628205128205,2.41552,3.2252800000000006
27.08929487179487,2.6685299999999996,2.5505866666666677
27.092307692307692,2.6019599999999996,2.7281066666666676
27.09532051282051,2.5483,2.8712000000000004
27.098333333333336,2.6936099999999996,2.483706666666668
27.10134615384615,2.4773699999999996,3.0603466666666677
27.10435897435897,2.54071,2.8914400000000007
27.107371794871796,2.5380399999999996,2.898560000000001
27.110384615384614,2.38,3.3200000000000003
27.113397435897436,2.50127,2.996613333333334
27.117016393442622,2.4569099999999997,3.114906666666667
27.120786885245895,2.6865699999999997,2.5024800000000007
27.12455737704918,2.43133,3.1831199999999997
27.128327868852455,2.58484,2.7737600000000007
27.13209836065574,2.6974,2.4736
27.135868852459016,2.7243999999999997,2.4016000000000006
27.13963934426229,2.41784,3.2190933333333334
27.143409836065572,2.3556199999999996,3.385013333333334
27.14718032786885,2.2000599999999997,3.7998400000000006
27.150950819672133,2.50729,2.9805600000000005
27.15472131147541,2.68484,2.5070933333333336
27.158491803278682,2.55395,2.8561333333333336
27.162262295081966,2.42717,3.194213333333334
27.166032786885243,2.2514,3.662933333333334
27.169803278688526,2.53495,2.9068000000000005
27.173573770491803,2.70662,2.4490133333333333
27.177344262295076,2.31573,3.491386666666667
27.184885245901636,2.23929,3.6952266666666667
27.18865573770492,2.1670599999999998,3.8878400000000006
27.192426229508197,2.3151699999999997,3.4928800000000004
27.19619672131147,2.49362,3.0170133333333338
27.199967213114753,2.26729,3.6205600000000002
27.20373770491803,2.2395099999999997,3.6946400000000006
27.207508196721314,2.3084,3.510933333333334
27.21127868852459,2.4451799999999997,3.146186666666668
27.215049180327863,2.1769499999999997,3.8614666666666677
27.218819672131147,2.0971699999999998,4.074213333333334
27.222590163934424,2.12551,3.998640000000001
27.226360655737707,2.1835199999999997,3.8439466666666675
27.230131147540984,2.07673,4.12872
27.233901639344257,2.0649499999999996,4.160133333333334
27.23767213114754,2.1591799999999997,3.908853333333334
27.241442622950817,2.0633999999999997,4.164266666666667
27.2452131147541,2.0416,4.2224
27.248983606557378,2.3800299999999996,3.3199200000000006
27.25275409836065,2.18173,3.84872
27.256524590163934,2.18851,3.83064
27.26029508196721,2.21906,3.749173333333334
27.264065573770495,2.43241,3.1802400000000004
27.26783606557377,2.3685099999999997,3.350640000000001
27.271606557377044,2.21197,3.7680800000000003
27.275377049180328,2.1699499999999996,3.880133333333334
27.279147540983605,2.36902,3.3492800000000003
27.28291803278689,2.30741,3.5135733333333334
27.286688524590165,2.50702,2.9812800000000004
27.290459016393438,2.6877199999999997,2.4994133333333344
27.298,2.54316,2.884906666666667
27.30059523809524,2.7892599999999996,2.228640000000001
27.303190476190476,2.60738,2.7136533333333333
27.30578571428571,2.63048,2.6520533333333334
27.308380952380954,2.5219899999999997,2.941360000000001
27.31097619047619,2.36129,3.3698933333333336
27.313571428571432,2.4322299999999997,3.180720000000001
27.316166666666668,2.38508,3.3064533333333337
27.318761904761903,2.5454,2.878933333333334
27.321357142857142,2.33837,3.4310133333333335
27.32395238095238,2.6058299999999996,2.7177866666666675
27.32654761904762,2.22647,3.7294133333333335
27.329142857142855,2.13853,3.9639200000000008
27.33173809523809,2.3967799999999997,3.2752533333333345
27.334333333333333,2.12493,4.000186666666667
27.33692857142857,2.1094899999999996,4.041360000000001
27.33952380952381,1.9748400000000002,4.400426666666666
27.342119047619047,2.00779,4.31256
27.344714285714282,1.98418,4.37552
27.347309523809525,1.9033200000000001,4.591146666666666
27.34990476190476,1.82662,4.79568
27.352500000000003,2.05314,4.191626666666667
27.355095238095238,2.1078799999999998,4.045653333333334
27.357690476190474,2.07401,4.135973333333333
27.360285714285716,1.9051700000000003,4.586213333333332
27.36288095238095,1.9905199999999998,4.3586133333333335
27.365476190476194,2.25661,3.6490400000000003
27.36807142857143,2.15005,3.9332000000000003
27.370666666666665,2.19902,3.8026133333333334
27.373261904761907,2.3768599999999998,3.3283733333333343
27.375857142857143,2.2474399999999997,3.673493333333334
27.381047619047617,2.45971,3.1074400000000004
27.383642857142856,2.5543,2.8552
27.386238095238095,2.7260999999999997,2.3970666666666673
27.38883333333333,2.6252199999999997,2.666080000000001
27.391428571428573,2.57474,2.8006933333333337
27.39402380952381,2.3941299999999996,3.2823200000000012
27.396619047619044,2.3003099999999996,3.5325066666666673
27.399214285714287,2.64212,2.621013333333334
27.401809523809522,2.5040299999999998,2.989253333333334
27.404404761904765,2.54622,2.876746666666667
27.407,2.66607,2.5571466666666667
27.408925925925924,2.44,3.16
27.410209876543206,2.3674999999999997,3.3533333333333344
27.413419753086423,2.39084,3.2910933333333334
27.415345679012347,2.6399999999999997,2.6266666666666674
27.418555555555553,2.3499999999999996,3.4000000000000012
27.421765432098766,2.53,2.9200000000000004
27.424975308641972,2.0999999999999996,4.066666666666667
27.42818518518519,2.09,4.093333333333334
27.431395061728395,2.25,3.666666666666667
27.4346049382716,2.11,4.04
27.437814814814814,2.17,3.88
27.441024691358024,2.09,4.093333333333334
27.444234567901237,2.27,3.6133333333333333
27.447444444444443,2.3499999999999996,3.4000000000000012
27.45065432098765,2.4299999999999997,3.1866666666666674
27.453864197530866,2.3699999999999997,3.3466666666666676
27.45707407407407,2.11,4.04
27.460283950617285,2.5999999999999996,2.7333333333333343
27.463493827160494,2.1599999999999997,3.906666666666667
27.4667037037037,2.73,2.3866666666666667
27.469913580246914,2.71,2.44
27.47312345679012,2.46,3.1066666666666665
27.476333333333336,2.51,2.973333333333334
27.479543209876542,2.67,2.546666666666667
27.48275308641975,2.6399999999999997,2.6266666666666674
27.48596296296296,2.63,2.6533333333333338
27.48917283950617,2.59,2.7600000000000002
27.492382716049384,2.5599999999999996,2.840000000000001
27.49559259259259,2.52,2.9466666666666668
27.4988024691358,2.44,3.16
27.502012345679013,2.4099999999999997,3.240000000000001
27.50522222222222,2.5,3.0
27.508432098765432,2.53,2.9200000000000004
27.511858695652172,2.5599999999999996,2.840000000000001
27.51615217391304,2.6199999999999997,2.680000000000001
27.520445652173915,2.51,2.973333333333334
27.52473913043478,2.54,2.893333333333333
27.529032608695655,2.54,2.893333333333333
27.53332608695652,2.53,2.9200000000000004
27.537619565217387,2.4,3.2666666666666666
27.541913043478264,2.53,2.9200000000000004
27.54620652173913,2.3099999999999996,3.5066666666666677
27.550500000000003,2.1999999999999997,3.8000000000000007
27.55479347826087,2.29,3.5599999999999996
27.56767391304348,2.4,3.2666666666666666
27.571967391304355,2.34,3.4266666666666667
27.576260869565218,2.3,3.533333333333334
27.580554347826084,2.4899999999999998,3.0266666666666673
27.58484782608696,2.48,3.0533333333333337
27.589141304347827,2.6799999999999997,2.520000000000001
27.59206519565218,2.48,3.0533333333333337
27.59464669021739,2.57,2.813333333333334
27.597228184782608,2.51,2.973333333333334
27.59980967934783,2.57,2.813333333333334
27.602391173913045,2.3899999999999997,3.293333333333334
27.61529864673913,2.4899999999999998,3.0266666666666673
27.61788014130435,2.55,2.866666666666667
27.620461635869567,2.54,2.893333333333333
27.62304313043478,2.44,3.16
27.625624625000004,2.46,3.1066666666666665
27.628206119565217,2.46,3.1066666666666665
27.630787614130437,2.4899999999999998,3.0266666666666673
27.633369108695653,2.67,2.546666666666667
27.63595060326087,2.4,3.2666666666666666
27.63853209782609,2.51,2.973333333333334
27.641113592391303,2.52,2.9466666666666668
27.643695086956527,2.54,2.893333333333333
27.64627658152174,2.4299999999999997,3.1866666666666674
27.648858076086956,2.53,2.9200000000000004
27.651439570652176,2.6199999999999997,2.680000000000001
27.654021065217393,2.46,3.1066666666666665
27.656602559782613,2.55,2.866666666666667
27.65918405434783,2.7199999999999998,2.413333333333334
27.661765548913042,2.54,2.893333333333333
27.664347043478262,2.77,2.28
27.66692853804348,2.59,2.7600000000000002
27.6695100326087,2.5599999999999996,2.840000000000001
27.672091527173915,2.48,3.0533333333333337
27.674673021739128,2.5999999999999996,2.7333333333333343
27.67725451630435,2.4899999999999998,3.0266666666666673
27.679836010869565,2.73,2.3866666666666667
27.682417505434785,2.6999999999999997,2.4666666666666672
27.684999,2.54,2.893333333333333
27.688080424418605,2.8499999999999996,2.0666666666666678
27.69116184883721,2.84,2.0933333333333337
27.694243273255815,2.8499999999999996,2.0666666666666678
27.69732469767442,2.53,2.9200000000000004
27.700406122093025,2.71,2.44
27.703487546511624,2.5999999999999996,2.7333333333333343
27.706568970930235,2.4499999999999997,3.1333333333333337
27.709650395348838,2.3,3.533333333333334
27.712731819767445,2.51,2.973333333333334
27.715813244186048,2.26,3.6400000000000006
27.718894668604648,2.23,3.7199999999999998
27.721976093023258,2.2399999999999998,3.6933333333333342
27.725057517441858,2.3499999999999996,3.4000000000000012
27.72813894186047,2.28,3.586666666666667
27.73122036627907,2.44,3.16
27.73430179069767,2.3299999999999996,3.453333333333334
27.73738321511628,2.1799999999999997,3.8533333333333344
27.74046463953488,2.26,3.6400000000000006
27.74354606395349,2.1199999999999997,4.0133333333333345
27.74662748837209,2.3899999999999997,3.293333333333334
27.749708912790695,2.2399999999999998,3.6933333333333342
27.752790337209305,2.05,4.2
27.755871761627905,2.42,3.213333333333334
27.758953186046515,2.23,3.7199999999999998
27.762034610465115,2.13,3.9866666666666672
27.765116034883718,2.4,3.2666666666666666
27.768197459302325,2.57,2.813333333333334
27.771278883720928,2.36,3.373333333333334
27.77436030813954,2.55,2.866666666666667
27.777441732558138,2.2199999999999998,3.746666666666667
27.78052315697674,2.5799999999999996,2.7866666666666675
27.78360458139535,2.71,2.44
27.78668600581395,2.67,2.546666666666667
27.78976743023256,2.8,2.2000000000000006
27.79263375796178,2.48,3.0533333333333337
27.795356687898085,2.54,2.893333333333333
27.798079617834397,2.8099999999999996,2.1733333333333342
27.800802547770697,2.4099999999999997,3.240000000000001
27.80352547770701,2.6199999999999997,2.680000000000001
27.80624840764331,2.4499999999999997,3.1333333333333337
27.808971337579614,2.5799999999999996,2.7866666666666675
27.811694267515925,2.32,3.4800000000000004
27.814417197452226,2.5799999999999996,2.7866666666666675
27.817140127388537,2.21,3.7733333333333334
27.819863057324838,2.3099999999999996,3.5066666666666677
27.822585987261142,2.32,3.4800000000000004
27.825308917197454,2.0999999999999996,4.066666666666667
27.828031847133754,2.4,3.2666666666666666
27.830754777070066,2.26,3.6400000000000006
27.833477707006367,2.3899999999999997,3.293333333333334
27.83620063694267,2.3099999999999996,3.5066666666666677
27.838923566878982,2.3899999999999997,3.293333333333334
27.841646496815283,2.4,3.2666666666666666
27.844369426751594,2.4499999999999997,3.1333333333333337
27.8470923566879,2.42,3.213333333333334
27.8498152866242,2.6399999999999997,2.6266666666666674
27.85253821656051,2.67,2.546666666666667
27.85526114649681,2.52,2.9466666666666668
27.857984076433123,2.6399999999999997,2.6266666666666674
27.860707006369427,2.5799999999999996,2.7866666666666675
27.862340764331208,2.25,3.666666666666667
27.865063694267516,2.48,3.0533333333333337
27.86778662420382,2.59,2.7600000000000002
27.8719,2.56,2.84
27.875,2.65,2.6
27.875955414012736,2.71,2.44
27.8781,2.3899999999999997,3.293333333333334
27.878678343949044,2.7399999999999998,2.3600000000000008
27.88140127388535,2.7199999999999998,2.413333333333334
27.884124203821653,2.5,3.0
27.884400000000003,2.4899999999999998,3.0266666666666673
27.887700000000002,2.46,3.1066666666666665
27.891299999999998,2.52,2.9466666666666668
27.8948,2.51,2.973333333333334
27.895015923566877,2.6071999999999997,2.714133333333334
27.898400000000002,2.1999999999999997,3.8000000000000007
27.902,2.2199999999999998,3.746666666666667
27.903184713375794,2.55414,2.855626666666667
27.9055,2.44,3.16
27.908630573248406,2.46155,3.1025333333333336
27.9091,2.1799999999999997,3.8533333333333344
27.91135350318471,2.20138,3.7963200000000006
27.914076433121018,2.2732699999999997,3.604613333333334
27.9146,2.27,3.6133333333333333
27.916799363057322,2.52671,2.9287733333333335
27.919522292993634,2.09955,4.067866666666667
27.922245222929934,2.1930799999999997,3.818453333333334
27.92496815286624,2.01163,4.302320000000001
27.927691082802546,2.2822,3.5808
27.93041401273885,2.17543,3.86552
27.933136942675162,2.61537,2.692346666666667
27.935859872611463,2.56132,2.8364800000000003
27.938582802547767,2.3982599999999996,3.2713066666666677
27.941305732484075,2.38107,3.317146666666667
27.94402866242038,2.2816199999999998,3.582346666666667
27.94675159235669,2.5621099999999997,2.834373333333334
27.94947452229299,2.6109,2.704266666666667
27.952197452229296,2.68994,2.4934933333333333
27.954920382165604,2.3405299999999998,3.425253333333334
27.957643312101908,2.43499,3.1733599999999997
27.96036624203822,2.40317,3.258213333333334
27.96345456060606,2.49598,3.01072
27.96709096212121,2.48221,3.047440000000001
27.970727363636364,2.2483,3.6712
27.974363765151512,2.53976,2.8939733333333337
27.978000166666668,2.5227399999999998,2.9393600000000006
27.981636568181816,2.3748799999999997,3.3336533333333342
27.985272969696965,2.4282999999999997,3.191200000000001
27.988909371212124,2.2558399999999996,3.6510933333333346
27.992545772727272,2.51024,2.9726933333333334
27.996182174242428,2.4570499999999997,3.114533333333334
27.999818575757576,2.29193,3.554853333333334
28.003454977272725,2.4590099999999997,3.1093066666666678
28.00709137878788,2.2951699999999997,3.546213333333334
28.01072778030303,2.42068,3.21152
28.014364181818188,2.0989099999999996,4.069573333333334
28.018000583333336,2.0751199999999996,4.133013333333334
28.021636984848485,2.39092,3.2908800000000005
28.02527338636364,2.40388,3.2563199999999997
28.02890978787879,2.02053,4.2785866666666665
28.032546189393944,2.0782499999999997,4.124666666666667
28.036182590909092,2.28712,3.56768
28.03981899242424,2.23672,3.7020799999999996
28.0434553939394,1.99054,4.35856
28.04709179545455,1.93897,4.49608
28.050728196969704,2.0916599999999996,4.088906666666667
28.054364598484852,2.32822,3.45808
28.058001,2.28794,3.5654933333333334
28.06067254411765,2.0274699999999997,4.260080000000001
28.063344088235297,2.3244399999999996,3.468160000000001
28.066015632352947,2.4054499999999996,3.252133333333334
28.06868717647059,2.3977299999999997,3.2727200000000005
28.071358720588236,2.19154,3.82256
28.074030264705886,2.0562199999999997,4.183413333333334
28.076701808823533,2.0552599999999996,4.185973333333334
28.079373352941182,1.99049,4.358693333333333
28.082044897058825,2.14979,3.9338933333333337
28.082044897058825,2.37343,3.3375200000000005
28.08471644117647,2.1266599999999998,3.9955733333333336
28.08738798529412,2.04595,4.2108
28.090059529411764,2.14268,3.9528533333333336
28.092731073529418,2.18809,3.83176
28.09540261764706,2.26966,3.6142399999999997
28.098074161764707,2.2605399999999998,3.638560000000001
28.100745705882357,2.11138,4.03632
28.10341725,1.99169,4.355493333333333
28.10608879411765,2.2098799999999996,3.7736533333333346
28.108760338235296,1.9751800000000002,4.39952
28.11143188235294,1.9950599999999998,4.346506666666667
28.114103426470592,2.09401,4.0826400000000005
28.116774970588235,2.18444,3.841493333333333
28.119446514705885,2.27561,3.598373333333334
28.12211805882353,2.40014,3.2662933333333335
28.124789602941174,2.19764,3.8062933333333335
28.127461147058828,2.45157,3.129146666666667
28.13013269117647,2.20272,3.792746666666667
28.13280423529412,2.1193199999999996,4.015146666666667
28.135475779411767,2.52431,2.9351733333333336
28.13814732352941,2.3708199999999997,3.344480000000001
28.14081886764706,2.27738,3.593653333333333
28.143490411764706,2.37668,3.328853333333334
28.146161955882356,2.25318,3.6581866666666665
28.148833500000002,2.26056,3.638506666666667
28.151505044117645,2.20769,3.779493333333334
28.154176588235295,2.2558599999999998,3.651040000000001
28.15684813235294,2.15875,3.91
28.15951967647059,2.3304899999999997,3.4520266666666677
28.162191220588234,2.3119099999999997,3.501573333333334
28.16486276470588,2.35599,3.384026666666667
28.167610459302328,2.1788,3.856533333333334
28.17066275581395,2.12424,4.002026666666667
28.173715052325583,2.31141,3.502906666666667
28.17676734883721,2.17203,3.8745866666666666
28.179819645348832,2.20207,3.79448
28.182871941860466,2.3363,3.436533333333333
28.185924238372092,2.14138,3.9563200000000007
28.18897653488372,2.37385,3.3364000000000003
28.192028831395348,2.05,4.2
28.192028831395348,2.24063,3.691653333333334
28.195081127906974,1.92697,4.52808
28.195081127906974,2.25,3.666666666666667
28.198133424418604,1.86,4.706666666666666
28.198133424418604,2.0877399999999997,4.099360000000001
28.20118572093023,1.9597900000000001,4.44056
28.20118572093023,2.17,3.88
28.204238017441863,2.0999999999999996,4.066666666666667
28.204238017441863,2.20118,3.796853333333334
28.207290313953486,2.04,4.226666666666667
28.207290313953486,2.1792499999999997,3.855333333333334
28.210342610465112,1.99,4.36
28.210342610465112,2.12961,3.987706666666667
28.213394906976745,2.1999999999999997,3.8000000000000007
28.216447203488368,2.38,3.3200000000000003
28.2194995,1.99,4.36
28.222551796511627,2.4099999999999997,3.240000000000001
28.22560409302325,2.21,3.7733333333333334
28.228656389534883,2.26,3.6400000000000006
28.23170868604651,2.28,3.586666666666667
28.23476098255814,2.3899999999999997,3.293333333333334
28.237813279069766,2.1599999999999997,3.906666666666667
28.24086557558139,2.3899999999999997,3.293333333333334
28.24391787209302,2.0599999999999996,4.173333333333335
28.246970168604648,2.0799999999999996,4.120000000000001
28.25002246511628,2.4299999999999997,3.1866666666666674
28.253074761627904,2.2399999999999998,3.6933333333333342
28.25612705813953,2.59,2.7600000000000002
28.259179354651163,2.61,2.706666666666667
28.262231651162786,2.51,2.973333333333334
28.26528394767442,2.55,2.866666666666667
28.268336244186045,2.42,3.213333333333334
28.271388540697668,2.4499999999999997,3.1333333333333337
28.274722076923076,2.23,3.7199999999999998
28.278125923076917,2.27,3.6133333333333333
28.28152976923077,2.4299999999999997,3.1866666666666674
28.284933615384613,2.42,3.213333333333334
28.288337461538458,2.46,3.1066666666666665
28.291741307692305,2.4499999999999997,3.1333333333333337
28.29514515384615,2.46,3.1066666666666665
28.298549,2.6999999999999997,2.4666666666666672
28.301952846153846,2.4299999999999997,3.1866666666666674
28.305356692307686,2.52,2.9466666666666668
28.308760538461538,2.4099999999999997,3.240000000000001
28.312164384615382,2.6799999999999997,2.520000000000001
28.315568230769234,2.63,2.6533333333333338
28.318972076923075,2.28,3.586666666666667
28.32237592307692,2.4899999999999998,3.0266666666666673
28.32577976923077,2.3699999999999997,3.3466666666666676
28.32918361538461,2.2199999999999998,3.746666666666667
28.332587461538463,2.34,3.4266666666666667
28.33939515384615,2.27,3.6133333333333333
28.342799,2.44,3.16
28.346202846153844,2.1399999999999997,3.960000000000001
28.349606692307695,2.3,3.533333333333334
28.35301053846154,2.5599999999999996,2.840000000000001
28.35641438461538,2.2199999999999998,3.746666666666667
28.359818230769232,2.52,2.9466666666666668
28.363222076923076,2.3499999999999996,3.4000000000000012
28.366625923076928,2.4899999999999998,3.0266666666666673
28.37002976923077,2.42,3.213333333333334
28.373433615384613,2.6799999999999997,2.520000000000001
28.376837461538464,2.4699999999999998,3.080000000000001
28.380241307692305,2.44,3.16
28.383645153846157,2.4499999999999997,3.1333333333333337
28.387049,2.4299999999999997,3.1866666666666674
28.390452846153845,2.63,2.6533333333333338
28.393856692307693,2.42,3.213333333333334
28.397260538461538,2.2199999999999998,3.746666666666667
28.40066438461539,2.26,3.6400000000000006
28.404068230769234,2.3899999999999997,3.293333333333334
28.407472076923074,2.34,3.4266666666666667
28.410875923076926,2.1999999999999997,3.8000000000000007
28.41427976923077,2.5,3.0
28.41768361538462,2.51,2.973333333333334
28.421087461538463,2.5599999999999996,2.840000000000001
28.424491307692307,2.5799999999999996,2.7866666666666675
28.42789515384616,2.4,3.2666666666666666
28.431299,2.4,3.2666666666666666
28.43470284615385,2.61,2.706666666666667
28.438106692307695,2.3099999999999996,3.5066666666666677
28.44151053846154,2.32,3.4800000000000004
28.444914384615387,2.44,3.16
28.44831823076923,2.57,2.813333333333334
28.451073626865675,2.5799999999999996,2.7866666666666675
28.45366691044776,2.4499999999999997,3.1333333333333337
28.456260194029852,2.5599999999999996,2.840000000000001
28.458853477611942,2.5799999999999996,2.7866666666666675
28.46144676119403,2.71,2.44
28.464040044776123,2.6199999999999997,2.680000000000001
28.46663332835821,2.46,3.1066666666666665
28.469226611940297,2.36,3.373333333333334
28.47181989552239,2.5,3.0
28.474413179104477,2.44,3.16
28.47700646268657,2.42,3.213333333333334
28.479599746268658,2.5599999999999996,2.840000000000001
28.482193029850745,2.3,3.533333333333334
28.48478631343284,2.4299999999999997,3.1866666666666674
28.487379597014925,2.42,3.213333333333334
28.48997288059702,2.59,2.7600000000000002
28.492566164179106,2.4499999999999997,3.1333333333333337
28.495159447761193,2.4099999999999997,3.240000000000001
28.497752731343287,2.04,4.226666666666667
28.500346014925373,2.1999999999999997,3.8000000000000007
28.502939298507467,2.55,2.866666666666667
28.505532582089554,2.1799999999999997,3.8533333333333344
28.50812586567164,2.1799999999999997,3.8533333333333344
28.510719149253735,2.34,3.4266666666666667
28.51331243283582,2.4899999999999998,3.0266666666666673
28.515905716417915,2.44,3.16
28.518499000000002,2.53,2.9200000000000004
28.52109228358209,2.26,3.6400000000000006
28.523685567164183,2.57,2.813333333333334
28.52627885074627,2.3899999999999997,3.293333333333334
28.528872134328363,2.44,3.16
28.53146541791045,2.27,3.6133333333333333
28.534058701492537,2.11,4.04
28.53665198507463,2.23,3.7199999999999998
28.539245268656718,2.05,4.2
28.54183855223881,1.82,4.8133333333333335
28.544431835820898,1.93,4.5200000000000005
28.547025119402985,1.91,4.573333333333333
28.547025119402985,1.93,4.5200000000000005
28.54961840298508,2.4499999999999997,3.1333333333333337
28.552211686567166,1.97,4.413333333333333
28.554804970149256,2.05,4.2
28.557398253731346,2.0,4.333333333333333
28.559991537313433,2.15,3.9333333333333336
28.562584820895523,2.19,3.826666666666667
28.565178104477614,2.4099999999999997,3.240000000000001
28.567771388059704,2.32,3.4800000000000004
28.57036467164179,2.07,4.146666666666667
28.57295795522388,2.28,3.586666666666667
28.57555123880597,2.1799999999999997,3.8533333333333344
28.578144522388058,2.01,4.3066666666666675
28.580737805970152,2.17,3.88
28.58333108955224,2.25,3.666666666666667
28.585924373134326,2.09,4.093333333333334
28.58851765671642,2.15,3.9333333333333336
28.591110940298506,1.9400000000000002,4.493333333333333
28.5937042238806,2.15,3.9333333333333336
28.596297507462687,2.4299999999999997,3.1866666666666674
28.598890791044774,2.32,3.4800000000000004
28.601484074626867,2.26,3.6400000000000006
28.604077358208954,2.1599999999999997,3.906666666666667
28.606670641791048,2.19,3.826666666666667
28.609263925373135,2.21,3.7733333333333334
28.61185720895522,2.21,3.7733333333333334
28.614450492537316,2.19,3.826666666666667
28.617043776119402,2.3,3.533333333333334
28.619637059701496,2.2399999999999998,3.6933333333333342
28.622230343283583,2.48,3.0533333333333337
28.62482362686567,2.51,2.973333333333334
28.627416910447764,2.42,3.213333333333334
28.63001019402985,2.4099999999999997,3.240000000000001
28.632603477611944,2.29,3.5599999999999996
28.63519676119403,2.4299999999999997,3.1866666666666674
28.637790044776118,2.3,3.533333333333334
28.64038332835821,2.1799999999999997,3.8533333333333344
28.6429766119403,2.34,3.4266666666666667
28.645569895522392,2.48,3.0533333333333337
28.64816317910448,2.3499999999999996,3.4000000000000012
28.650756462686566,2.0799999999999996,4.120000000000001
28.65334974626866,2.3299999999999996,3.453333333333334
28.655943029850746,2.25,3.666666666666667
28.65853631343284,2.23,3.7199999999999998
28.661129597014927,2.46,3.1066666666666665
28.663722880597014,2.26,3.6400000000000006
28.666316164179108,2.4499999999999997,3.1333333333333337
28.668909447761195,2.6999999999999997,2.4666666666666672
28.671502731343285,2.29,3.5599999999999996
28.674096014925375,2.52,2.9466666666666668
28.676689298507462,2.3699999999999997,3.3466666666666676
28.679282582089552,2.44,3.16
28.681875865671643,2.59,2.7600000000000002
28.684469149253733,2.5599999999999996,2.840000000000001
28.68706243283582,2.4,3.2666666666666666
28.68965571641791,2.4099999999999997,3.240000000000001
28.692249,2.46,3.1066666666666665
28.694842283582087,2.3499999999999996,3.4000000000000012
28.69743556716418,2.28,3.586666666666667
28.700028850746268,2.34,3.4266666666666667
28.702622134328355,2.3299999999999996,3.453333333333334
28.702622134328355,2.4,3.2666666666666666
28.70521541791045,2.3899999999999997,3.293333333333334
28.707808701492535,2.1399999999999997,3.960000000000001
28.71040198507463,2.42,3.213333333333334
28.712995268656716,2.4,3.2666666666666666
28.715588552238803,2.2199999999999998,3.746666666666667
28.718181835820896,2.3699999999999997,3.3466666666666676
28.720775119402983,2.3,3.533333333333334
28.723368402985077,2.42,3.213333333333334
28.725961686567164,2.32,3.4800000000000004
28.728740098214285,2.5799999999999996,2.7866666666666675
28.73164192857143,2.3299999999999996,3.453333333333334
28.73454375892857,2.51,2.973333333333334
28.737445589285716,2.3899999999999997,3.293333333333334
28.74034741964286,2.3499999999999996,3.4000000000000012
28.743249249999998,2.34,3.4266666666666667
28.746151080357144,2.3499999999999996,3.4000000000000012
28.749052910714287,2.0799999999999996,4.120000000000001
28.751954741071433,2.2199999999999998,3.746666666666667
28.754856571428572,2.3,3.533333333333334
28.75775840178571,2.46,3.1066666666666665
28.76066023214286,2.3499999999999996,3.4000000000000012
28.7635620625,2.3699999999999997,3.3466666666666676
28.766463892857146,2.52,2.9466666666666668
28.76936572321429,2.5599999999999996,2.840000000000001
28.772267553571428,2.5799999999999996,2.7866666666666675
28.775169383928574,2.4699999999999998,3.080000000000001
28.778071214285713,2.54,2.893333333333333
28.780973044642863,2.4699999999999998,3.080000000000001
28.783874875000002,2.29,3.5599999999999996
28.78677670535714,2.4299999999999997,3.1866666666666674
28.78967853571429,2.4899999999999998,3.0266666666666673
28.79248529901961,2.48,3.0533333333333337
28.794911794117652,2.54,2.893333333333333
28.797338289215688,2.51,2.973333333333334
28.799764784313727,2.3099999999999996,3.5066666666666677
28.80219127941177,2.5,3.0
28.804617774509804,2.42,3.213333333333334
28.807044269607847,2.51,2.973333333333334
28.809470764705882,2.4299999999999997,3.1866666666666674
28.81189725980392,2.48,3.0533333333333337
28.814323754901963,2.5799999999999996,2.7866666666666675
28.81675025,2.48,3.0533333333333337
28.81917674509804,2.29,3.5599999999999996
28.82160324019608,2.44,3.16
28.824029735294115,2.4299999999999997,3.1866666666666674
28.826456230392157,2.46,3.1066666666666665
28.828882725490196,2.4099999999999997,3.240000000000001
28.83130922058824,2.42,3.213333333333334
28.833735715686274,2.44,3.16
28.836162210784313,2.28,3.586666666666667
28.838588705882355,2.4,3.2666666666666666
28.84101520098039,2.4299999999999997,3.1866666666666674
28.843441696078433,2.4,3.2666666666666666
28.845868191176468,2.28,3.586666666666667
28.848294686274507,2.32,3.4800000000000004
28.85072118137255,2.34,3.4266666666666667
28.8604271617647,2.38,3.3200000000000003
28.862853656862743,2.5599999999999996,2.840000000000001
28.865280151960782,2.4499999999999997,3.1333333333333337
28.867706647058824,2.4499999999999997,3.1333333333333337
28.87013314215686,2.32,3.4800000000000004
28.8725596372549,2.3899999999999997,3.293333333333334
28.87498613235294,2.46,3.1066666666666665
28.877412627450976,2.29,3.5599999999999996
28.87983912254902,2.19,3.826666666666667
28.882265617647054,2.3699999999999997,3.3466666666666676
28.884692112745093,2.4899999999999998,3.0266666666666673
28.887118607843135,2.5,3.0
28.88954510294117,2.46,3.1066666666666665
28.89196361664774,2.4499999999999997,3.1333333333333337
28.89437015826709,2.48,3.0533333333333337
28.89677669988644,2.54,2.893333333333333
28.8991832415058,2.4,3.2666666666666666
28.90158978312515,2.4499999999999997,3.1333333333333337
28.903996324744508,2.57,2.813333333333334
28.90640286636386,2.44,3.16
28.90880940798321,2.19,3.826666666666667
28.911215949602568,2.34,3.4266666666666667
28.91362249122192,2.19,3.826666666666667
28.916029032841273,2.42,3.213333333333334
28.918435574460624,2.51,2.973333333333334
28.923248657699332,2.23,3.7199999999999998
28.925655199318683,2.34,3.4266666666666667
28.92806174093804,2.34,3.4266666666666667
28.930468282557392,2.27,3.6133333333333333
28.932874824176743,2.11,4.04
28.9352813657961,2.48,3.0533333333333337
28.93768790741545,2.36,3.373333333333334
28.94009444903481,2.1599999999999997,3.906666666666667
28.94250099065416,2.2199999999999998,3.746666666666667
28.94490753227351,2.1799999999999997,3.8533333333333344
28.94731407389287,2.27,3.6133333333333333
28.94972061551222,2.5,3.0
28.952127157131574,2.2399999999999998,3.6933333333333342
28.954533698750925,2.46,3.1066666666666665
28.95694024037028,2.2399999999999998,3.6933333333333342
28.959346781989634,2.5799999999999996,2.7866666666666675
28.961753323608985,2.59,2.7600000000000002
28.964159865228343,2.27,3.6133333333333333
28.966566406847694,2.4299999999999997,3.1866666666666674
28.968972948467044,2.53,2.9200000000000004
28.971379490086402,2.53,2.9200000000000004
28.973786031705753,2.4099999999999997,3.240000000000001
28.97619257332511,2.36,3.373333333333334
28.978599114944462,2.46,3.1066666666666665
28.981005656563813,2.48,3.0533333333333337
28.98341219818317,2.44,3.16
28.98581873980252,2.3499999999999996,3.4000000000000012
28.988225281421876,2.3699999999999997,3.3466666666666676
28.990631823041227,2.3299999999999996,3.453333333333334
28.99303836466058,2.3699999999999997,3.3466666666666676
28.995444906279936,2.0599999999999996,4.173333333333335
28.997851447899286,2.32,3.4800000000000004
29.000257989518644,2.44,3.16
29.002664531137995,2.27,3.6133333333333333
29.009884155996055,2.34,3.4266666666666667
29.012290697615413,2.44,3.16
29.014697239234764,2.3099999999999996,3.5066666666666677
29.017103780854114,2.4099999999999997,3.240000000000001
29.019510322473472,2.2399999999999998,3.6933333333333342
29.021916864092823,2.3699999999999997,3.3466666666666676
29.024323405712178,2.32,3.4800000000000004
29.02672994733153,2.27,3.6133333333333333
29.029136488950883,2.29,3.5599999999999996
29.031543030570237,2.4899999999999998,3.0266666666666673
29.033949572189588,2.3699999999999997,3.3466666666666676
29.036356113808946,2.3899999999999997,3.293333333333334
29.038762655428297,2.36,3.373333333333334
29.041169197047648,2.29,3.5599999999999996
29.043575738667005,2.28,3.586666666666667
29.045982280286356,2.36,3.373333333333334
29.048388821905714,2.59,2.7600000000000002
29.050795363525065,2.3099999999999996,3.5066666666666677
29.053201905144416,2.4899999999999998,3.0266666666666673
29.0534,2.42,3.213333333333334
29.055608446763774,2.4699999999999998,3.080000000000001
29.058014988383125,2.4,3.2666666666666666
29.0597,2.54,2.893333333333333
29.06042153000248,2.5999999999999996,2.7333333333333343
29.06282807162183,2.5,3.0
29.065234613241184,2.3099999999999996,3.5066666666666677
29.066,2.56,2.84
29.06764115486054,2.3,3.533333333333334
29.07004769647989,2.34,3.4266666666666667
29.0714,2.62,2.6799999999999997
29.071491621451507,2.28,3.586666666666667
29.073898163070858,2.3699999999999997,3.3466666666666676
29.075599999999998,2.59,2.7600000000000002
29.07630470469021,2.4,3.2666666666666666
29.078711246309567,2.36,3.373333333333334
29.0793,2.32,3.4800000000000004
29.0826,2.1999999999999997,3.8000000000000007
29.086,2.3299999999999996,3.453333333333334
29.092599999999997,2.28,3.586666666666667
29.096,2.29,3.5599999999999996
29.0984,2.29,3.5599999999999996
29.1004,2.27,3.6133333333333333
29.102400000000003,2.48,3.0533333333333337
29.104400000000002,2.28,3.586666666666667
29.1064,2.28,3.586666666666667
29.108400000000003,2.53,2.9200000000000004
29.110400000000002,2.62,2.6799999999999997
29.111135272044063,2.49788,3.005653333333334
29.1124,2.67,2.546666666666667
29.1125775878724,2.58852,2.763946666666667
29.11401990370074,2.52295,2.9388000000000005
29.1144,2.58,2.7866666666666666
29.115462219529082,2.3309699999999998,3.4507466666666673
29.116400000000002,2.59,2.7600000000000002
29.11690453535742,2.6158699999999997,2.691013333333334
29.118346851185763,2.44141,3.1562400000000004
29.1184,2.51,2.973333333333334
29.1197891670141,2.51789,2.9522933333333334
29.1204,2.48,3.0533333333333337
29.12123148284244,2.5981199999999998,2.738346666666667
29.122400000000003,2.4499999999999997,3.1333333333333337
29.12267379867078,2.50927,2.97528
29.12411611449912,2.6021199999999998,2.7276800000000008
29.1245,2.5,3.0
29.125558430327462,2.53273,2.91272
29.1265,2.38,3.3200000000000003
29.1270007461558,2.5157599999999998,2.957973333333334
29.12844306198414,2.62473,2.667386666666667
29.1285,2.54,2.893333333333333
29.12988537781248,2.5896399999999997,2.7609600000000007
29.13132769364082,2.4800299999999997,3.053253333333334
29.13277000946916,2.5244799999999996,2.934720000000001
29.134212325297497,2.55166,2.86224
29.135654641125836,2.5021899999999997,2.994160000000001
29.137096956954178,2.4695899999999997,3.0810933333333343
29.138539272782516,2.4183399999999997,3.217760000000001
29.13998158861086,2.46635,3.089733333333334
29.141423904439197,2.4802199999999996,3.0527466666666676
29.142866220267535,2.2500099999999996,3.666640000000001
29.144308536095878,2.5537699999999997,2.856613333333334
29.145750851924216,2.5624499999999997,2.8334666666666677
29.147193167752558,2.4727799999999998,3.072586666666667
29.148635483580897,2.60161,2.72904
29.150077799409235,2.5171699999999997,2.954213333333334
29.151520115237577,2.5179199999999997,2.9522133333333342
29.152962431065916,2.6303099999999997,2.6525066666666675
29.154404746894258,2.63521,2.6394400000000005
29.155847062722597,2.56912,2.8156800000000004
29.15728937855093,2.67461,2.5343733333333334
29.158731694379274,2.5396099999999997,2.894373333333334
29.160174010207612,2.7055499999999997,2.4518666666666675
29.161616326035954,2.61691,2.6882400000000004
29.163058641864293,2.4369699999999996,3.1680800000000007
29.16450095769263,2.5684,2.8176
29.165943273520973,2.2907499999999996,3.5580000000000007
29.167385589349312,2.4702499999999996,3.0793333333333344
29.168827905177654,2.37554,3.3318933333333334
29.170270221005993,2.4419899999999997,3.1546933333333342
29.17171253683433,2.7862799999999996,2.2365866666666676
29.17396251923077,2.5704599999999997,2.812106666666667
29.17641441826923,2.40631,3.24984
29.178866317307694,2.40536,3.252373333333334
29.181318216346153,2.5036199999999997,2.9903466666666674
29.18377011538461,2.71411,2.4290400000000005
29.186222014423077,2.6466999999999996,2.608800000000001
29.188673913461535,2.36063,3.3716533333333336
29.1911258125,2.19406,3.8158400000000006
29.19357771153846,2.19503,3.813253333333333
29.19602961057692,2.58269,2.7794933333333334
29.198481509615384,2.39383,3.2831200000000003
29.200933408653846,2.2043,3.7885333333333335
29.203385307692308,2.3270299999999997,3.4612533333333344
29.20583720673077,2.25936,3.641706666666667
29.20828910576923,2.14479,3.9472266666666664
29.210741004807694,2.14846,3.9374399999999996
29.213192903846153,2.1515799999999996,3.929120000000001
29.21564480288462,2.18213,3.8476533333333336
29.218096701923077,2.2637199999999997,3.6300800000000004
29.220548600961536,2.18823,3.831386666666667
29.2230005,2.0621699999999996,4.167546666666667
29.22545239903846,2.09069,4.091493333333333
29.227904298076925,2.3141,3.495733333333334
29.230356197115384,2.34896,3.402773333333333
29.232808096153846,2.5332299999999996,2.9113866666666675
29.23525999519231,2.094,4.082666666666667
29.23771189423077,2.16682,3.8884800000000004
29.240163793269232,2.4732499999999997,3.0713333333333344
29.242615692307695,2.58193,2.7815200000000004
29.245067591346153,2.59338,2.7509866666666674
29.24751949038462,2.69719,2.47416
29.249971389423077,2.32007,3.4798133333333334
29.252423288461543,2.46445,3.0948
29.2548751875,2.37091,3.34424
29.25732708653846,2.5156799999999997,2.9581866666666676
29.259778985576926,2.43781,3.16584
29.262230884615384,2.4934,3.0176000000000007
29.26468278365385,2.35988,3.3736533333333334
29.26713468269231,2.4047899999999998,3.253893333333334
29.269586581730767,2.5048999999999997,2.9869333333333343
29.272038480769233,2.56214,2.8342933333333336
29.274365131578946,2.5751899999999996,2.7994933333333343
29.276190789473688,2.5063199999999997,2.9831466666666677
29.278016447368422,2.47096,3.07744
29.279842105263157,2.55274,2.85936
29.2816677631579,2.4822699999999998,3.0472800000000007
29.283493421052633,2.42961,3.187706666666667
29.28531907894737,2.45991,3.106906666666667
29.28598076,2.59,2.7600000000000002
29.29382782,2.68,2.5199999999999996
29.30238825,2.33,3.453333333333333
29.30666847,2.42,3.213333333333334
29.30666847,2.43,3.1866666666666665
29.31023532,2.4,3.2666666666666666
29.31808238,2.35,3.3999999999999995
29.32592945,2.41,3.2399999999999993
29.32664282,2.25,3.666666666666667
29.33306314,2.2600000000000002,3.6399999999999997
29.33448988,2.5,3.0
29.34019683,1.8599999999999999,4.706666666666667
29.34019683,2.22,3.746666666666666
29.34233694,2.0,4.333333333333333
29.34233694,2.07,4.146666666666667
29.34233694,2.27,3.6133333333333333
29.34733053,2.44,3.16
29.35089738,2.27,3.6133333333333333
29.35446422,2.23,3.7199999999999998
29.35446422,2.27,3.6133333333333333
29.35874444,2.18,3.8533333333333326
29.35874444,2.21,3.7733333333333334
29.36159792,2.2600000000000002,3.6399999999999997
29.36873161,1.7600000000000002,4.973333333333333
29.36873161,2.06,4.173333333333333
29.37586531,1.65,5.266666666666667
29.37800541,1.94,4.493333333333333
29.382999,2.18,3.8533333333333326
29.39493448,2.17,3.88
29.40686997,1.94,4.493333333333333
29.41880545,1.7999999999999998,4.866666666666667
29.43074094,1.5899999999999999,5.426666666666667
29.43432158,1.75,5.0
29.44267642,1.7400000000000002,5.026666666666666
29.4546119,2.35,3.3999999999999995
29.46654739,2.53,2.9200000000000004
29.47251513,2.18,3.8533333333333326
29.47848287,2.31,3.506666666666667
29.47848287,2.47,3.079999999999999
29.49041835,2.46,3.1066666666666665
29.493999,2.18,3.8533333333333326
29.49510512,2.43,3.1866666666666665
29.49787041,2.5,3.0
29.50340098,2.31,3.506666666666667
29.50893156,2.5100000000000002,2.9733333333333327
29.51446214,2.08,4.12
29.51999272,2.39,3.293333333333333
29.51999272,2.5,3.0
29.52165189,2.24,3.6933333333333325
29.52220495,2.44,3.16
29.52607636,2.21,3.7733333333333334
29.52607636,2.39,3.293333333333333
29.53271305,2.37,3.3466666666666667
29.53934975,2.7600000000000002,2.306666666666666
29.54598644,2.39,3.293333333333333
29.55262314,2.28,3.586666666666667
29.55538842,2.34,3.4266666666666667
29.55925983,1.9900000000000002,4.359999999999999
29.56589652,2.02,4.28
29.56589652,2.14,3.96
29.57198016,1.81,4.84
29.57253322,2.17,3.88
29.57751074,2.0,4.333333333333333
29.57751074,2.23,3.7199999999999998
29.57916991,1.71,5.1066666666666665
29.58138214,2.08,4.12
29.58138214,2.08,4.12
29.58304132,2.36,3.373333333333334
29.58525355,1.9900000000000002,4.359999999999999
29.5885719,2.27,3.6133333333333333
29.59189024,2.23,3.7199999999999998
29.59410248,2.04,4.226666666666667
29.59852694,2.17,3.88
29.59963305,2.22,3.746666666666666
29.60516363,2.47,3.079999999999999
29.6095881,2.46,3.1066666666666665
29.6095881,2.46,3.1066666666666665
29.61069421,1.83,4.786666666666666
29.61069421,2.33,3.453333333333333
29.61622479,2.6,2.733333333333333
29.62175537,2.07,4.146666666666667
29.62728595,2.0100000000000002,4.306666666666666
29.63668793,2.35,3.3999999999999995
29.63834711,2.2,3.8
29.64387768,2.18,3.8533333333333326
29.64940826,2.29,3.5599999999999996
29.65493884,2.29,3.5599999999999996
29.65493884,2.39,3.293333333333333
29.66046942,2.34,3.4266666666666667
29.66434083,2.43,3.1866666666666665
29.666,2.42,3.213333333333334
29.67473016,2.13,3.9866666666666672
29.68346032,2.22,3.746666666666666
29.69219048,2.3,3.533333333333334
29.70004762,2.22,3.746666666666666
29.70092063,2.2,3.8
29.70353968,2.05,4.2
29.70703175,2.48,3.0533333333333337
29.70790476,2.2,3.8
29.70790476,2.2,3.8
29.71139683,1.77,4.946666666666666
29.71488889,1.9,4.6000000000000005
29.71838095,2.41,3.2399999999999993
29.72187302,2.31,3.506666666666667
29.72187302,2.46,3.1066666666666665
29.7262381,2.32,3.4800000000000004
29.72973016,2.14,3.96
29.73322222,2.06,4.173333333333333
29.73322222,2.13,3.9866666666666672
29.73671429,1.8599999999999999,4.706666666666667
29.74020635,2.67,2.546666666666667
29.74020635,2.72,2.4133333333333327
29.74457143,2.37,3.3466666666666667
29.74544444,2.24,3.6933333333333325
29.74544444,2.24,3.6933333333333325
29.74806349,1.5,5.666666666666667
29.75504762,2.59,2.7600000000000002
29.76377778,2.09,4.093333333333334
29.77250794,2.46,3.1066666666666665
29.7812381,2.43,3.1866666666666665
29.78996825,2.31,3.506666666666667
29.7925873,2.19,3.826666666666667
29.79869841,2.34,3.4266666666666667
29.80742857,2.0,4.333333333333333
29.81615873,2.16,3.9066666666666663
29.81615873,2.18,3.8533333333333326
29.83361905,1.8900000000000001,4.626666666666666
29.83361905,2.18,3.8533333333333326
29.83798413,1.92,4.546666666666667
29.84234921,1.63,5.32
29.85107937,1.9900000000000002,4.359999999999999
29.85980952,1.8900000000000001,4.626666666666666
29.85980952,1.94,4.493333333333333
29.86853968,2.62,2.6799999999999997
29.87726984,2.19,3.826666666666667
29.87726984,2.4,3.2666666666666666
29.88163492,2.37,3.3466666666666667
29.886,2.35,3.3999999999999995
29.8924,2.21,3.7733333333333334
29.8988,2.17,3.88
29.8988,2.36,3.373333333333334
29.9052,2.21,3.7733333333333334
29.9116,2.3,3.533333333333334
29.9148,1.8199999999999998,4.8133333333333335
29.9244,2.03,4.253333333333334
29.9308,2.57,2.813333333333334
29.9372,2.13,3.9866666666666672
29.9436,2.03,4.253333333333334
29.9468,2.14,3.96
29.95,1.85,4.733333333333333
29.95,2.02,4.28
29.9564,2.22,3.746666666666666
29.9628,1.9700000000000002,4.413333333333333
29.9692,1.8199999999999998,4.8133333333333335
29.9756,1.9700000000000002,4.413333333333333
29.9788,2.18,3.8533333333333326
29.982,2.59,2.7600000000000002
29.98328,1.9300000000000002,4.52
29.98648,2.22,3.746666666666666
29.9884,2.15,3.9333333333333336
29.9884,2.25,3.666666666666667
29.98904,2.38,3.3200000000000003
29.99224,2.22,3.746666666666666
29.9948,2.15,3.9333333333333336
30.0012,2.4,3.2666666666666666
30.0076,2.39,3.293333333333333
30.0108,2.21,3.7733333333333334
30.0108,2.28,3.586666666666667
30.014,2.24,3.6933333333333325
30.014,2.63,2.6533333333333338
30.0172,2.18,3.8533333333333326
30.0204,2.46,3.1066666666666665
30.0204,2.56,2.84
30.0268,2.47,3.079999999999999
30.0268,2.5100000000000002,2.9733333333333327
30.03,2.58,2.7866666666666666
30.0332,2.14,3.96
30.0332,2.43,3.1866666666666665
30.0364,2.73,2.3866666666666667
30.0396,2.19,3.826666666666667
30.0396,2.42,3.213333333333334
30.0428,2.42,3.213333333333334
30.0428,2.45,3.133333333333333
30.046,2.31,3.506666666666667
30.046,2.58,2.7866666666666666
30.04953933,2.29,3.5599999999999996
30.05307865,2.17,3.88
30.05307865,2.2600000000000002,3.6399999999999997
30.05661798,2.21,3.7733333333333334
30.0601573,2.5,3.0
30.0601573,2.52,2.9466666666666668
30.0601573,2.67,2.546666666666667
30.06157303,2.29,3.5599999999999996
30.06369663,2.2600000000000002,3.6399999999999997
30.06723596,2.23,3.7199999999999998
30.06723596,2.73,2.3866666666666667
30.06723596,2.8800000000000003,1.986666666666666
30.07077528,2.13,3.9866666666666672
30.07431461,2.11,4.04
30.07431461,2.58,2.7866666666666666
30.07785393,1.9700000000000002,4.413333333333333
30.08139326,2.15,3.9333333333333336
30.08139326,2.23,3.7199999999999998
30.08493258,2.07,4.146666666666667
30.08847191,2.22,3.746666666666666
30.08847191,2.31,3.506666666666667
30.09201124,2.5,3.0
30.09555056,2.52,2.9466666666666668
30.09696629,2.5100000000000002,2.9733333333333327
30.09908989,2.18,3.8533333333333326
30.10262921,2.29,3.5599999999999996
30.10262921,2.5100000000000002,2.9733333333333327
30.10616854,2.2,3.8
30.10970787,2.31,3.506666666666667
30.10970787,2.39,3.293333333333333
30.10970787,2.42,3.213333333333334
30.11324719,2.21,3.7733333333333334
30.11678652,2.57,2.813333333333334
30.12032584,2.34,3.4266666666666667
30.12386517,2.48,3.0533333333333337
30.12740449,2.42,3.213333333333334
30.13094382,2.35,3.3999999999999995
30.13306742,2.24,3.6933333333333325
30.13306742,2.24,3.6933333333333325
30.13448315,2.22,3.746666666666666
30.13802247,2.1,4.066666666666666
30.1415618,2.35,3.3999999999999995
30.14510112,2.39,3.293333333333333
30.14864045,2.35,3.3999999999999995
30.15217978,2.39,3.293333333333333
30.1557191,2.22,3.746666666666666
30.15925843,2.32,3.4800000000000004
30.16279775,2.41,3.2399999999999993
30.16633708,2.68,2.5199999999999996
30.1698764,2.52,2.9466666666666668
30.17341573,2.5,3.0
30.17695506,2.68,2.5199999999999996
30.18049438,2.54,2.893333333333333
30.18403371,2.39,3.293333333333333
30.18757303,2.4,3.2666666666666666
30.19111236,2.63,2.6533333333333338
30.19465169,2.45,3.133333333333333
30.19819101,2.27,3.6133333333333333
30.20173034,2.71,2.44
30.20314607,2.39,3.293333333333333
30.20526966,2.47,3.079999999999999
30.20880899,2.46,3.1066666666666665
30.21234831,2.37,3.3466666666666667
30.21588764,2.53,2.9200000000000004
30.21942697,2.49,3.0266666666666664
30.22296629,2.66,2.573333333333333
30.22650562,2.31,3.506666666666667
30.23004494,2.47,3.079999999999999
30.23358427,2.52,2.9466666666666668
30.2371236,2.34,3.4266666666666667
30.23924719,2.28,3.586666666666667
30.24066292,2.5,3.0
30.24420225,2.43,3.1866666666666665
30.24774157,2.35,3.3999999999999995
30.2512809,2.43,3.1866666666666665
30.25482022,2.66,2.573333333333333
30.25835955,2.28,3.586666666666667
30.26189888,2.46,3.1066666666666665
30.2654382,2.41,3.2399999999999993
30.26897753,2.42,3.213333333333334
30.27251685,2.27,3.6133333333333333
30.27393258,2.02,4.28
30.27605618,2.23,3.7199999999999998
30.27959551,2.16,3.9066666666666663
30.28313483,2.23,3.7199999999999998
30.28667416,2.31,3.506666666666667
30.29021348,2.29,3.5599999999999996
30.29375281,2.32,3.4800000000000004
30.29729213,2.12,4.013333333333333
30.30083146,2.18,3.8533333333333326
30.30437079,2.04,4.226666666666667
30.30791011,1.9100000000000001,4.573333333333333
30.30932584,2.06,4.173333333333333
30.31144944,2.21,3.7733333333333334
30.31498876,2.34,3.4266666666666667
30.31852809,1.98,4.386666666666667
30.32206742,2.35,3.3999999999999995
30.32560674,2.37,3.3466666666666667
30.32914607,2.33,3.453333333333333
30.33268539,2.2600000000000002,3.6399999999999997
30.33622472,2.04,4.226666666666667
30.33976404,2.45,3.133333333333333
30.34330337,2.33,3.453333333333333
30.34542697,2.42,3.213333333333334
30.3468427,2.09,4.093333333333334
30.35038202,2.36,3.373333333333334
30.35392135,2.22,3.746666666666666
30.35746067,2.28,3.586666666666667
30.361,2.5,3.0
30.36523529,2.64,2.6266666666666665
30.36947059,2.44,3.16
30.37370588,2.16,3.9066666666666663
30.37794118,2.28,3.586666666666667
30.38217647,2.25,3.666666666666667
30.38387059,2.11,4.04
30.38641176,2.49,3.0266666666666664
30.38641176,2.54,2.893333333333333
30.39064706,2.59,2.7600000000000002
30.39488235,2.66,2.573333333333333
30.39911765,2.45,3.133333333333333
30.40335294,2.41,3.2399999999999993
30.40758824,2.31,3.506666666666667
30.41182353,2.21,3.7733333333333334
30.41605882,2.18,3.8533333333333326
30.42029412,2.16,3.9066666666666663
30.42452941,2.33,3.453333333333333
30.42622353,2.34,3.4266666666666667
30.42876471,2.35,3.3999999999999995
30.433,2.45,3.133333333333333
30.43723529,2.19,3.826666666666667
30.44147059,2.2,3.8
30.44570588,2.31,3.506666666666667
30.44994118,2.31,3.506666666666667
30.45417647,2.12,4.013333333333333
30.45841176,2.32,3.4800000000000004
30.46264706,1.98,4.386666666666667
30.46688235,2.38,3.3200000000000003
30.46857647,2.06,4.173333333333333
30.47111765,2.52,2.9466666666666668
30.47535294,2.53,2.9200000000000004
30.47958824,2.53,2.9200000000000004
30.48382353,2.65,2.6
30.48805882,2.41,3.2399999999999993
30.49229412,2.23,3.7199999999999998
30.49652941,2.68,2.5199999999999996
30.50076471,2.14,3.96
30.505,2.15,3.9333333333333336
30.50923529,2.41,3.2399999999999993
30.51092941,2.23,3.7199999999999998
30.51092941,2.23,3.7199999999999998
30.51092941,2.23,3.7199999999999998
30.51092941,2.23,3.7199999999999998
30.51347059,2.32,3.4800000000000004
30.51347059,2.59,2.7600000000000002
30.51770588,2.47,3.079999999999999
30.52194118,2.29,3.5599999999999996
30.52617647,2.52,2.9466666666666668
30.53041176,2.41,3.2399999999999993
30.53464706,2.28,3.586666666666667
30.53888235,2.34,3.4266666666666667
30.54311765,2.28,3.586666666666667
30.54735294,2.23,3.7199999999999998
30.55158824,2.23,3.7199999999999998
30.55328235,2.32,3.4800000000000004
30.55582353,2.39,3.293333333333333
30.56005882,2.44,3.16
30.56429412,2.61,2.706666666666667
30.56852941,2.2,3.8
30.57276471,2.22,3.746666666666666
30.577,2.39,3.293333333333333
30.58011024,2.06,4.173333333333333
30.58322047,2.28,3.586666666666667
30.58633071,1.96,4.44
30.58944094,2.46,3.1066666666666665
30.59068504,2.33,3.453333333333333
30.59255118,2.29,3.5599999999999996
30.59566142,2.3,3.533333333333334
30.59877165,2.32,3.4800000000000004
30.60188189,2.75,2.3333333333333335
30.60499213,2.39,3.293333333333333
30.60810236,2.56,2.84
30.6099685,2.55,2.866666666666667
30.6112126,2.04,4.226666666666667
30.61245669,2.45,3.133333333333333
30.61432283,2.38,3.3200000000000003
30.61556693,2.56,2.84
30.61681102,2.29,3.5599999999999996
30.61805512,2.41,3.2399999999999993
30.61992126,2.37,3.3466666666666667
30.6217874,2.2600000000000002,3.6399999999999997
30.6217874,2.52,2.9466666666666668
30.62489764,2.32,3.4800000000000004
30.62800787,2.53,2.9200000000000004
30.63111811,1.8900000000000001,4.626666666666666
30.63422835,2.33,3.453333333333333
30.63733858,2.38,3.3200000000000003
30.64044882,2.28,3.586666666666667
30.64355906,2.21,3.7733333333333334
30.64666929,2.05,4.2
30.64977953,2.0100000000000002,4.306666666666666
30.65288976,1.9300000000000002,4.52
30.656,2.36,3.373333333333334
30.65928253,2.04,4.226666666666667
30.66256506,2.22,3.746666666666666
30.66584758,2.19,3.826666666666667
30.66913011,2.32,3.4800000000000004
30.67241264,2.53,2.9200000000000004
30.67569517,2.22,3.746666666666666
30.6789777,2.28,3.586666666666667
30.68226023,2.45,3.133333333333333
30.68554275,2.44,3.16
30.68882528,2.47,3.079999999999999
30.69210781,2.08,4.12
30.69539034,2.14,3.96
30.69867287,2.43,3.1866666666666665
30.70195539,2.09,4.093333333333334
30.70523792,1.9300000000000002,4.52
30.70852045,2.12,4.013333333333333
30.71180298,2.22,3.746666666666666
30.71508551,2.03,4.253333333333334
30.71836804,1.65,5.266666666666667
30.72165056,1.92,4.546666666666667
30.72493309,2.12,4.013333333333333
30.72821562,2.12,4.013333333333333
30.73149815,2.37,3.3466666666666667
30.73478068,2.45,3.133333333333333
30.7380632,2.23,3.7199999999999998
30.74134573,2.39,3.293333333333333
30.74462826,2.64,2.6266666666666665
30.74791079,2.38,3.3200000000000003
30.75119332,2.22,3.746666666666666
30.75447585,1.94,4.493333333333333
30.75775837,2.37,3.3466666666666667
30.7610409,2.1,4.066666666666666
30.76432343,2.12,4.013333333333333
30.76760596,2.17,3.88
30.77088849,2.3,3.533333333333334
30.77417101,2.4,3.2666666666666666
30.77745354,2.27,3.6133333333333333
30.78073607,2.39,3.293333333333333
30.7840186,2.5,3.0
30.78730113,2.36,3.373333333333334
30.79058366,2.37,3.3466666666666667
30.79386618,2.29,3.5599999999999996
30.79714871,2.52,2.9466666666666668
30.80043124,2.2,3.8
30.80371377,2.31,3.506666666666667
30.8069963,2.32,3.4800000000000004
30.81027882,2.23,3.7199999999999998
30.81356135,2.2,3.8
30.81684388,2.17,3.88
30.82012641,2.3,3.533333333333334
30.82340894,2.62,2.6799999999999997
30.82669147,2.5,3.0
30.82997399,2.17,3.88
30.83325652,1.9900000000000002,4.359999999999999
30.83653905,2.49,3.0266666666666664
30.83982158,2.07,4.146666666666667
30.84310411,2.37,3.3466666666666667
30.85295169,2.13,3.9866666666666672
30.85623422,2.1,4.066666666666666
30.85951675,2.24,3.6933333333333325
30.86279928,2.03,4.253333333333334
30.8660818,2.14,3.96
30.86936433,2.49,3.0266666666666664
30.87264686,2.2,3.8
30.87592939,2.5,3.0
30.8778989,2.05,4.2
30.8778989,2.05,4.2
30.87921192,2.27,3.6133333333333333
30.88249444,2.41,3.2399999999999993
30.88577697,2.42,3.213333333333334
30.8890595,2.5100000000000002,2.9733333333333327
30.89234203,2.12,4.013333333333333
30.89562456,2.55,2.866666666666667
30.89890709,2.5,3.0
30.90218961,2.67,2.546666666666667
30.90547214,2.2600000000000002,3.6399999999999997
30.90875467,2.83,2.1199999999999997
30.91072419,2.23,3.7199999999999998
30.9120372,2.54,2.893333333333333
30.91400671,2.24,3.6933333333333325
30.91728924,2.36,3.373333333333334
30.92057177,2.42,3.213333333333334
30.92319779,2.45,3.133333333333333
30.9238543,2.44,3.16
30.92779333,2.5,3.0
30.92779333,2.5,3.0
30.92844984,2.5,3.0
30.93107586,2.36,3.373333333333334
30.93370188,2.45,3.133333333333333
30.9350149,2.52,2.9466666666666668
30.93829742,2.3,3.533333333333334
30.93961043,2.57,2.813333333333334
30.94232096,2.41,3.2399999999999993
30.94592847,2.34,3.4266666666666667
30.94881449,2.32,3.4800000000000004
30.950979,2.08,4.12
30.95242201,2.27,3.6133333333333333
30.95602953,2.34,3.4266666666666667
30.95963705,2.18,3.8533333333333326
30.96396607,2.05,4.2
30.96396607,2.05,4.2
30.96685209,2.33,3.453333333333333
30.97045961,2.45,3.133333333333333
30.97839615,2.42,3.213333333333334
30.97983916,3.0100000000000002,1.6399999999999992
30.98200367,2.21,3.7733333333333334
30.98488969,2.24,3.6933333333333325
30.98849721,2.2,3.8
30.99282623,2.27,3.6133333333333333
30.99643375,2.36,3.373333333333334
31.00004127,2.21,3.7733333333333334
31.00004127,2.21,3.7733333333333334
31.00292729,2.21,3.7733333333333334
31.00653481,2.3,3.533333333333334
31.01014233,2.16,3.9066666666666663
31.01447135,2.24,3.6933333333333325
31.01663586,2.04,4.226666666666667
31.02024338,2.0100000000000002,4.306666666666666
31.0245724,1.98,4.386666666666667
31.02817992,2.33,3.453333333333333
31.03106594,2.16,3.9066666666666663
31.03480406,2.34,3.4266666666666667
31.03558235,2.34,3.4266666666666667
31.03869551,2.35,3.3999999999999995
31.04336524,2.21,3.7733333333333334
31.04725669,2.06,4.173333333333333
31.05036984,1.96,4.44
31.053483,2.08,4.12
31.05426129,1.9500000000000002,4.466666666666666
31.05815273,2.0100000000000002,4.306666666666666
31.06282247,1.9700000000000002,4.413333333333333
31.06671391,2.33,3.453333333333333
31.06982707,1.94,4.493333333333333
31.07371851,2.12,4.013333333333333
31.0744968,2.12,4.013333333333333
31.07760996,2.14,3.96
31.08227969,2.17,3.88
31.08617114,2.04,4.226666666666667
31.08928429,2.09,4.093333333333334
31.09317574,2.2600000000000002,3.6399999999999997
31.09706718,2.22,3.746666666666666
31.10173692,2.33,3.453333333333333
31.10562836,2.31,3.506666666666667
31.10874152,2.24,3.6933333333333325
31.11263296,2.1,4.066666666666666
31.11652441,2.24,3.6933333333333325
31.12119414,2.06,4.173333333333333
31.12508559,2.02,4.28
31.12819874,2.16,3.9066666666666663
31.13364677,2.0100000000000002,4.306666666666666
31.13753821,2.11,4.04
31.14142966,2.02,4.28
31.1453211,2.31,3.506666666666667
31.14921255,2.14,3.96
31.15310399,2.18,3.8533333333333326
31.15310399,2.18,3.8533333333333326
31.15699544,2.18,3.8533333333333326
31.16088688,2.16,3.9066666666666663
31.16477833,2.09,4.093333333333334
31.16866977,2.12,4.013333333333333
31.17256122,2.33,3.453333333333333
31.17645266,2.48,3.0533333333333337
31.18034411,2.27,3.6133333333333333
31.18423555,2.14,3.96
31.188127,2.12,4.013333333333333
31.19201844,2.2600000000000002,3.6399999999999997
31.19201844,2.2600000000000002,3.6399999999999997
31.19590989,2.2,3.8
31.19980133,2.41,3.2399999999999993
31.20369278,2.47,3.079999999999999
31.20758422,2.23,3.7199999999999998
31.21147567,2.27,3.6133333333333333
31.21536711,2.14,3.96
31.21925856,1.96,4.44
31.22315,2.02,4.28
31.22752422,2.17,3.88
31.23189843,2.41,3.2399999999999993
31.23189843,2.41,3.2399999999999993
31.23627265,2.2600000000000002,3.6399999999999997
31.24064687,2.2600000000000002,3.6399999999999997
31.24502109,2.14,3.96
31.2493953,2.29,3.5599999999999996
31.25114499,2.47,3.079999999999999
31.25551921,2.33,3.453333333333333
31.25989342,2.49,3.0266666666666664
31.26426764,2.5100000000000002,2.9733333333333327
31.26864186,2.32,3.4800000000000004
31.27301608,2.38,3.3200000000000003
31.27301608,2.38,3.3200000000000003
31.27739029,2.23,3.7199999999999998
31.28176451,2.24,3.6933333333333325
31.28613873,2.36,3.373333333333334
31.29051295,2.36,3.373333333333334
31.29488716,2.36,3.373333333333334
31.29926138,2.2600000000000002,3.6399999999999997
31.3036356,2.3,3.533333333333334
31.30800981,2.28,3.586666666666667
31.31238403,2.13,3.9866666666666672
31.31588506,2.25,3.666666666666667
31.31588506,2.25,3.666666666666667
31.31934971,2.19,3.826666666666667
31.32281436,2.1,4.066666666666666
31.32627901,1.98,4.386666666666667
31.32974366,1.9700000000000002,4.413333333333333
31.33320831,2.08,4.12
31.33667296,1.75,5.0
31.34013761,1.88,4.653333333333333
31.34360225,1.9300000000000002,4.52
31.3470669,1.9700000000000002,4.413333333333333
31.35053155,2.09,4.093333333333334
31.35053155,2.09,4.093333333333334
31.3539962,1.94,4.493333333333333
31.3539962,2.2,3.8
31.35746085,2.0,4.333333333333333
31.3609255,2.3,3.533333333333334
31.36439015,2.1,4.066666666666666
31.3678548,2.22,3.746666666666666
31.37131945,1.9900000000000002,4.359999999999999
31.37478409,1.96,4.44
31.37824874,2.27,3.6133333333333333
31.38171339,2.18,3.8533333333333326
31.38517804,2.34,3.4266666666666667
31.38517804,2.34,3.4266666666666667
31.38864269,2.38,3.3200000000000003
31.39210734,2.39,3.293333333333333
31.39557199,2.37,3.3466666666666667
31.39903664,2.2600000000000002,3.6399999999999997
31.40250129,2.19,3.826666666666667
31.40596593,2.16,3.9066666666666663
31.40846048,2.2,3.8
31.40943058,2.2,3.8
31.41289523,1.9700000000000002,4.413333333333333
31.41525119,1.94,4.493333333333333
31.41635988,2.16,3.9066666666666663
31.41864655,1.98,4.386666666666667
31.41982453,2.0,4.333333333333333
31.41982453,2.0,4.333333333333333
31.42197261,2.06,4.173333333333333
31.42328918,2.1,4.066666666666666
31.42536797,2.07,4.146666666666667
31.42675383,1.9300000000000002,4.52
31.42865699,2.03,4.253333333333334
31.43002281,2.13,3.9866666666666672
31.43184392,2.2600000000000002,3.6399999999999997
31.43327479,2.07,4.146666666666667
31.43503085,2.14,3.96
31.43652676,2.0,4.333333333333333
31.43652676,2.53,2.9200000000000004
31.43815274,2.0,4.333333333333333
31.43977873,1.92,4.546666666666667
31.44264046,1.94,4.493333333333333
31.4430307,2.07,4.146666666666667
31.44576236,1.8599999999999999,4.706666666666667
31.44628267,1.9300000000000002,4.52
31.44894929,1.9500000000000002,4.466666666666666
31.44953464,1.88,4.653333333333333
31.45213622,1.8599999999999999,4.706666666666667
31.45278662,1.8599999999999999,4.706666666666667
31.45278662,1.8599999999999999,4.706666666666667
31.45538819,2.05,4.2
31.45603859,2.12,4.013333333333333
31.45864016,1.9100000000000001,4.573333333333333
31.45929056,2.0,4.333333333333333
31.46189214,2.05,4.2
31.46254253,1.98,4.386666666666667
31.46514411,2.07,4.146666666666667
31.4657945,1.87,4.68
31.46839693,1.85,4.733333333333333
31.47167027,2.18,3.8533333333333326
31.47167027,2.18,3.8533333333333326
31.4749436,1.9300000000000002,4.52
31.47821694,1.9900000000000002,4.359999999999999
31.48149027,2.03,4.253333333333334
31.48476361,2.0,4.333333333333333
31.48803694,1.9300000000000002,4.52
31.49131028,1.94,4.493333333333333
31.49458361,2.02,4.28
31.49785695,2.18,3.8533333333333326
31.50113028,2.23,3.7199999999999998
31.50440362,2.3,3.533333333333334
31.50440362,2.3,3.533333333333334
31.50767695,2.18,3.8533333333333326
31.51095029,2.21,3.7733333333333334
31.51422363,2.28,3.586666666666667
31.51749696,2.11,4.04
31.5207703,2.06,4.173333333333333
31.52404363,1.9700000000000002,4.413333333333333
31.5305903,2.02,4.28
31.53386364,2.05,4.2
31.53713697,2.16,3.9066666666666663
31.53713697,2.16,3.9066666666666663
31.54041031,1.8399999999999999,4.760000000000001
31.54368364,2.14,3.96
31.54368364,2.2,3.8
31.54695698,2.24,3.6933333333333325
31.55023031,2.25,3.666666666666667
31.55350365,2.37,3.3466666666666667
31.55677698,2.12,4.013333333333333
31.56005032,1.9100000000000001,4.573333333333333
31.56332365,2.0,4.333333333333333
31.56659699,1.92,4.546666666666667
31.56987032,2.15,3.9333333333333336
31.56987032,2.15,3.9333333333333336
31.57314366,2.21,3.7733333333333334
31.57641699,1.98,4.386666666666667
31.57969033,2.13,3.9866666666666672
31.58296366,1.92,4.546666666666667
31.586237,2.19,3.826666666666667
31.58951033,2.04,4.226666666666667
31.59278367,1.9700000000000002,4.413333333333333
31.596057,2.15,3.9333333333333336
31.59933034,2.18,3.8533333333333326
31.60260367,2.2,3.8
31.60587701,2.13,3.9866666666666672
31.60587701,2.13,3.9866666666666672
31.60915034,2.02,4.28
31.61242368,2.2,3.8
31.61569701,1.9700000000000002,4.413333333333333
31.61897035,2.17,3.88
31.62224368,2.32,3.4800000000000004
31.62551702,2.38,3.3200000000000003
31.62879035,2.13,3.9866666666666672
31.63206369,2.21,3.7733333333333334
31.63533703,2.22,3.746666666666666
31.63533703,2.22,3.746666666666666
31.63861036,2.21,3.7733333333333334
31.6418837,2.19,3.826666666666667
31.64515703,2.27,3.6133333333333333
31.64843037,2.12,4.013333333333333
31.6517037,2.19,3.826666666666667
31.65497704,2.07,4.146666666666667
31.65825037,2.18,3.8533333333333326
31.66152371,2.42,3.213333333333334
31.66479704,2.39,3.293333333333333
31.66807038,2.47,3.079999999999999
31.67134371,2.25,3.666666666666667
31.67461705,2.37,3.3466666666666667
31.67789038,2.44,3.16
31.68116372,2.41,3.2399999999999993
31.68443705,2.23,3.7199999999999998
31.68771039,2.18,3.8533333333333326
31.69098372,2.18,3.8533333333333326
31.69425706,2.12,4.013333333333333
31.69753039,2.13,3.9866666666666672
31.70080373,2.0100000000000002,4.306666666666666
31.70080373,2.0100000000000002,4.306666666666666
31.70407706,2.18,3.8533333333333326
31.7073504,2.21,3.7733333333333334
31.71062373,2.19,3.826666666666667
31.71362642,2.1,4.066666666666666
31.71658504,1.92,4.546666666666667
31.71954367,2.13,3.9866666666666672
31.72250229,2.2,3.8
31.72546091,2.1,4.066666666666666
31.72841954,2.14,3.96
31.73137816,2.11,4.04
31.73137816,2.11,4.04
31.73433679,2.06,4.173333333333333
31.73729541,2.15,3.9333333333333336
31.74025404,2.28,3.586666666666667
31.74321266,2.03,4.253333333333334
31.74617128,2.06,4.173333333333333
31.74912991,2.19,3.826666666666667
31.75208853,2.2600000000000002,3.6399999999999997
31.75504716,2.2,3.8
31.75800578,2.17,3.88
31.76096441,2.21,3.7733333333333334
31.76392303,2.15,3.9333333333333336
31.76392303,2.15,3.9333333333333336
31.76688166,2.35,3.3999999999999995
31.76984028,2.05,4.2
31.7727989,2.15,3.9333333333333336
31.77575753,2.02,4.28
31.77575753,2.06,4.173333333333333
31.77871615,1.98,4.386666666666667
31.77871615,2.22,3.746666666666666
31.78167478,2.18,3.8533333333333326
31.78167478,2.25,3.666666666666667
31.7846334,2.07,4.146666666666667
31.7846334,2.31,3.506666666666667
31.78759203,2.41,3.2399999999999993
31.79055065,2.39,3.293333333333333
31.79055065,2.39,3.293333333333333
31.79350927,2.47,3.079999999999999
31.7964679,2.25,3.666666666666667
31.79942652,2.18,3.8533333333333326
31.80238515,2.18,3.8533333333333326
31.80534377,2.15,3.9333333333333336
31.8083024,2.18,3.8533333333333326
31.81126102,2.08,4.12
31.81421964,2.24,3.6933333333333325
31.81717827,2.06,4.173333333333333
31.82013689,2.03,4.253333333333334
31.82013689,2.03,4.253333333333334
31.82310508,1.8399999999999999,4.760000000000001
31.82622301,2.02,4.28
31.82934094,2.2,3.8
31.83245887,2.22,3.746666666666666
31.8355768,2.25,3.666666666666667
31.8355768,2.25,3.666666666666667
31.83869473,2.07,4.146666666666667
31.84181266,2.24,3.6933333333333325
31.84493059,2.22,3.746666666666666
31.84804852,1.9900000000000002,4.359999999999999
31.85116645,1.6800000000000002,5.1866666666666665
31.85428438,2.12,4.013333333333333
31.85740231,2.04,4.226666666666667
31.86052024,2.0,4.333333333333333
31.86363817,2.02,4.28
31.8667561,2.15,3.9333333333333336
31.8667561,2.15,3.9333333333333336
31.86987403,2.05,4.2
31.87299196,2.33,3.453333333333333
31.87610989,2.2600000000000002,3.6399999999999997
31.87922782,2.31,3.506666666666667
31.88234575,2.45,3.133333333333333
31.88546368,2.39,3.293333333333333
31.89169954,2.1,4.066666666666666
31.89481747,2.0100000000000002,4.306666666666666
31.8979354,2.03,4.253333333333334
31.8979354,2.03,4.253333333333334
31.90105333,2.03,4.253333333333334
31.90417126,2.12,4.013333333333333
31.90728919,2.21,3.7733333333333334
31.91040713,2.43,3.1866666666666665
31.91352506,2.29,3.5599999999999996
31.91676898,2.32,3.4800000000000004
31.92004843,2.19,3.826666666666667
31.92332789,2.25,3.666666666666667
31.92660734,2.12,4.013333333333333
31.9298868,2.2,3.8
31.9298868,2.2,3.8
31.93316626,2.04,4.226666666666667
31.93644571,2.18,3.8533333333333326
31.93972517,2.07,4.146666666666667
31.94300463,2.02,4.28
31.94628408,1.92,4.546666666666667
31.94956354,2.03,4.253333333333334
31.952843,2.03,4.253333333333334
31.95612245,2.29,3.5599999999999996
31.95940191,2.24,3.6933333333333325
31.96268136,2.33,3.453333333333333
31.96596082,2.15,3.9333333333333336
31.96924028,2.14,3.96
31.97251973,2.13,3.9866666666666672
32.00728197,1.96,4.44
32.01056143,2.23,3.7199999999999998
32.01384088,2.04,4.226666666666667
32.01712034,1.94,4.493333333333333
32.0203998,2.13,3.9866666666666672
32.02367925,2.05,4.2
32.02695871,1.8900000000000001,4.626666666666666
32.03351762,1.9900000000000002,4.359999999999999
32.03679708,2.06,4.173333333333333
32.03679708,2.06,4.173333333333333
32.04007653,2.11,4.04
32.04335599,2.06,4.173333333333333
32.04663545,2.23,3.7199999999999998
32.0499149,2.24,3.6933333333333325
32.05319436,2.11,4.04
32.05319436,2.11,4.04
32.05647381,1.92,4.546666666666667
32.05975327,2.07,4.146666666666667
32.06303273,2.0100000000000002,4.306666666666666
32.06631218,2.07,4.146666666666667
32.06959164,1.8599999999999999,4.706666666666667
32.0728711,2.06,4.173333333333333
32.07615055,1.94,4.493333333333333
32.07943001,1.85,4.733333333333333
32.08270947,1.88,4.653333333333333
32.08597804,1.85,4.733333333333333
32.08597804,1.85,4.733333333333333
32.08924513,2.07,4.146666666666667
32.09251222,1.94,4.493333333333333
32.09577931,2.19,3.826666666666667
32.0990464,1.9100000000000001,4.573333333333333
32.10231349,1.7799999999999998,4.920000000000001
32.10558058,1.8599999999999999,4.706666666666667
32.10884768,2.04,4.226666666666667
32.11211477,1.92,4.546666666666667
32.11538186,2.2,3.8
32.11603528,2.14,3.96
32.11864895,1.9900000000000002,4.359999999999999
32.11864895,1.9900000000000002,4.359999999999999
32.12191604,2.07,4.146666666666667
32.12518313,2.03,4.253333333333334
32.12845022,2.14,3.96
32.13171731,2.06,4.173333333333333
32.1349844,2.21,3.7733333333333334
32.13825149,2.24,3.6933333333333325
32.14151858,2.15,3.9333333333333336
32.14478567,2.24,3.6933333333333325
32.14805277,1.9900000000000002,4.359999999999999
32.15131986,1.8599999999999999,4.706666666666667
32.15131986,1.8599999999999999,4.706666666666667
32.15458695,1.96,4.44
32.15785404,2.21,3.7733333333333334
32.16112113,2.23,3.7199999999999998
32.16438822,1.9500000000000002,4.466666666666666
32.16765531,2.29,3.5599999999999996
32.1709224,2.1,4.066666666666666
32.17418949,2.17,3.88
32.17745658,2.1,4.066666666666666
32.18072367,2.02,4.28
32.18399076,1.9900000000000002,4.359999999999999
32.18399076,1.9900000000000002,4.359999999999999
32.18725785,2.14,3.96
32.19052495,1.75,5.0
32.19379204,1.92,4.546666666666667
32.19707938,1.8199999999999998,4.8133333333333335
32.20041397,1.8900000000000001,4.626666666666666
32.20374856,1.83,4.786666666666666
32.20708316,2.07,4.146666666666667
32.21041775,2.18,3.8533333333333326
32.21375234,2.14,3.96
32.21708693,1.83,4.786666666666666
32.21708693,1.83,4.786666666666666
32.22042153,2.06,4.173333333333333
32.22375612,2.02,4.28
32.22709071,2.18,3.8533333333333326
32.2304253,1.98,4.386666666666667
32.2337599,2.08,4.12
32.23709449,2.06,4.173333333333333
32.24042908,2.28,3.586666666666667
32.24576443,2.53,2.9200000000000004
32.24909902,2.23,3.7199999999999998
32.24909902,2.38,3.3200000000000003
32.25243362,2.23,3.7199999999999998
32.25976972,2.11,4.04
32.26377123,2.0,4.333333333333333
32.26710582,2.37,3.3466666666666667
32.27044042,2.02,4.28
32.27377501,2.27,3.6133333333333333
32.2771096,2.2600000000000002,3.6399999999999997
32.28044419,2.21,3.7733333333333334
32.28377879,2.37,3.3466666666666667
32.2877803,2.2,3.8
32.29178181,2.36,3.373333333333334
32.29178181,2.36,3.373333333333334
32.2951164,2.21,3.7733333333333334
32.298451,1.9500000000000002,4.466666666666666
32.30178559,1.85,4.733333333333333
32.30512018,2.06,4.173333333333333
32.30994933,1.9,4.6000000000000005
32.3148275,2.48,3.0533333333333337
32.31889264,2.08,4.12
32.32295778,2.24,3.6933333333333325
32.32702291,2.23,3.7199999999999998
32.32702291,2.23,3.7199999999999998
32.33108805,2.25,3.666666666666667
32.33515319,2.07,4.146666666666667
32.33921833,2.21,3.7733333333333334
32.34328347,2.27,3.6133333333333333
32.34816164,2.52,2.9466666666666668
32.35141375,2.34,3.4266666666666667
32.35547889,2.37,3.3466666666666667
32.35954403,2.29,3.5599999999999996
32.36360917,2.24,3.6933333333333325
32.3676743,2.34,3.4266666666666667
32.3676743,2.34,3.4266666666666667
32.37173944,2.28,3.586666666666667
32.37580458,2.2600000000000002,3.6399999999999997
32.37986972,2.53,2.9200000000000004
32.38393486,2.1,4.066666666666666
32.388,2.27,3.6133333333333333
32.3922508,2.36,3.373333333333334
32.39650161,2.31,3.506666666666667
32.39735177,2.46,3.1066666666666665
32.40075241,2.44,3.16
32.40500321,2.4,3.2666666666666666
32.40925402,2.27,3.6133333333333333
32.40925402,2.27,3.6133333333333333
32.41350482,2.31,3.506666666666667
32.41775562,2.12,4.013333333333333
32.42200643,2.1,4.066666666666666
32.42625723,2.27,3.6133333333333333
32.43050803,2.24,3.6933333333333325
32.43475884,2.35,3.3999999999999995
32.43900964,2.35,3.3999999999999995
32.44326044,2.16,3.9066666666666663
32.44751125,2.28,3.586666666666667
32.45176205,2.25,3.666666666666667
32.45601285,2.29,3.5599999999999996
32.45601285,2.29,3.5599999999999996
32.45924347,2.41,3.2399999999999993
32.46026366,2.16,3.9066666666666663
32.46451446,2.09,4.093333333333334
32.46468449,2.14,3.96
32.46757504,2.567,2.821333333333333
32.46876526,2.33,3.453333333333333
32.46919034,2.34,3.4266666666666667
32.47208089,2.448,3.1386666666666665
32.4736962,2.29,3.5599999999999996
32.47386623,2.21,3.7733333333333334
32.47658674,2.342,3.421333333333333
32.47811512,2.29,3.5599999999999996
32.47819918,2.38,3.3200000000000003
32.4806369,2.38,3.3200000000000003
32.4810572,2.382,3.3146666666666667
32.4823181,2.54,2.893333333333333
32.48265433,2.25,3.666666666666667
32.48551236,2.271,3.610666666666667
32.48652107,2.16,3.9066666666666663
32.48710949,2.22,3.746666666666666
32.48710949,2.23,3.7199999999999998
32.48996751,2.336,3.437333333333334
32.49072405,2.2,3.8
32.49156464,2.5100000000000002,2.9733333333333327
32.49400237,2.5140000000000002,2.962666666666666
32.49492702,2.27,3.6133333333333333
32.49492702,2.27,3.6133333333333333
32.4960198,2.38,3.3200000000000003
32.49887782,2.487,3.0346666666666664
32.49913,2.2600000000000002,3.6399999999999997
32.50047495,2.36,3.373333333333334
32.50333298,2.25,3.666666666666667
32.50333298,2.498,3.0053333333333327
32.50493011,2.37,3.3466666666666667
32.50753595,2.33,3.453333333333333
32.50871279,2.587,2.7679999999999993
32.51081427,2.38,3.3200000000000003
32.51173893,2.29,3.5599999999999996
32.51518537,2.53,2.9200000000000004
32.5159419,2.34,3.4266666666666667
32.5176231,2.36,3.373333333333334
32.52014488,2.36,3.373333333333334
32.52199419,2.275,3.6000000000000005
32.52434786,2.4,3.2666666666666666
32.52443192,2.38,3.3200000000000003
32.52855083,2.3,3.533333333333334
32.52880301,2.004,4.322666666666667
32.53124074,2.1,4.066666666666666
32.53561183,1.9060000000000001,4.584
32.53695679,2.08,4.12
32.53804956,2.07,4.146666666666667
32.54115976,2.07,4.146666666666667
32.54242065,2.347,3.4080000000000004
32.54485838,2.28,3.586666666666667
32.54485838,2.28,3.586666666666667
32.54536274,2.18,3.8533333333333326
32.5481367,2.291,3.5573333333333332
32.54956571,2.19,3.826666666666667
32.54956571,2.25,3.666666666666667
32.55318027,2.4,3.2666666666666666
32.55376869,2.12,4.013333333333333
32.55376869,2.36,3.373333333333334
32.55671077,2.3850000000000002,3.3066666666666658
32.55797167,2.12,4.013333333333333
32.55797167,2.35,3.3999999999999995
32.56116593,2.202,3.794666666666667
32.56217464,2.3,3.533333333333334
32.56217464,2.32,3.4800000000000004
32.5657892,2.356,3.3840000000000003
32.56637762,2.25,3.666666666666667
32.56637762,2.49,3.0266666666666664
32.56999218,2.249,3.6693333333333333
32.5705806,2.2,3.8
32.5705806,2.25,3.666666666666667
32.57226179,2.17,3.88
32.57377486,2.284,3.5760000000000005
32.57478357,2.23,3.7199999999999998
32.57646476,2.38,3.3200000000000003
32.57646476,2.38,3.3200000000000003
32.57839813,2.144,3.9493333333333327
32.57898655,2.29,3.5599999999999996
32.58066774,2.16,3.9066666666666663
32.58260111,2.335,3.4400000000000004
32.58318952,2.17,3.88
32.58487071,2.18,3.8533333333333326
32.58638379,2.097,4.074666666666666
32.5873925,2.23,3.7199999999999998
32.5873925,2.23,3.7199999999999998
32.58907369,1.9500000000000002,4.466666666666666
32.59075488,2.149,3.936
32.59178719,1.94,4.493333333333333
32.59394768,2.0100000000000002,4.306666666666666
32.59643224,2.063,4.165333333333333
32.59718841,2.17,3.88
32.59934889,2.42,3.213333333333334
32.60183345,1.9820000000000002,4.381333333333333
32.60258962,2.36,3.373333333333334
32.60615442,2.338,3.4319999999999995
32.60799083,2.33,3.453333333333333
32.61231181,2.27,3.6133333333333333
32.61641673,2.246,3.6773333333333333
32.61771302,2.27,3.6133333333333333
32.62127782,2.479,3.056
32.62311423,2.19,3.826666666666667
32.62667903,2.403,3.2586666666666666
32.62851545,2.38,3.3200000000000003
32.63208025,2.394,3.2826666666666666
32.63391666,2.22,3.746666666666666
32.63748248,2.243,3.6853333333333333
32.63931981,2.33,3.453333333333333
32.63931981,2.33,3.453333333333333
32.64288638,2.434,3.1759999999999993
32.64472371,2.3,3.533333333333334
32.64829028,2.295,3.546666666666667
32.65012761,2.22,3.746666666666666
32.65369418,2.152,3.928
32.65553151,2.32,3.4800000000000004
32.65909808,2.234,3.7093333333333334
32.66093541,2.24,3.6933333333333325
32.66450198,2.273,3.6053333333333333
32.66633931,2.47,3.079999999999999
32.66904126,2.254,3.6559999999999997
32.67174321,2.5100000000000002,2.9733333333333327
32.67505772,2.32,3.4800000000000004
32.67671516,2.49,3.0266666666666664
32.6797538,2.358,3.3786666666666667
32.68131916,2.21,3.7733333333333334
32.68435781,2.357,3.381333333333333
32.68592317,2.34,3.4266666666666667
32.68896181,2.203,3.7920000000000007
32.69052717,2.43,3.1866666666666665
32.69052717,2.43,3.1866666666666665
32.69448661,2.628,2.6586666666666665
32.69513117,2.42,3.213333333333334
32.69881438,2.207,3.7813333333333334
32.69973518,2.18,3.8533333333333326
32.70277382,2.445,3.1466666666666674
32.70433918,2.19,3.826666666666667
32.70783822,2.143,3.952000000000001
32.70894318,2.42,3.213333333333334
32.71244222,2.345,3.413333333333333
32.71354718,2.14,3.96
32.71704623,2.587,2.7679999999999993
32.71815119,2.33,3.453333333333333
32.72118983,2.361,3.370666666666666
32.72275519,2.43,3.1866666666666665
32.72579383,2.372,3.341333333333334
32.72735919,2.29,3.5599999999999996
32.73085824,2.163,3.898666666666667
32.7319632,1.98,4.386666666666667
32.73592264,2.345,3.413333333333333
32.7365672,2.18,3.8533333333333326
32.7365672,2.18,3.8533333333333326
32.74006624,2.409,3.2426666666666675
32.7411712,2.0100000000000002,4.306666666666666
32.74420984,2.47,3.079999999999999
32.74945841,2.352,3.3946666666666667
32.75037921,2.38,3.3200000000000003
32.75341785,2.38,3.3200000000000003
32.75802185,2.413,3.232
32.75958721,2.53,2.9200000000000004
32.75958721,2.53,2.9200000000000004
32.76308626,2.507,2.981333333333333
32.76419122,2.52,2.9466666666666668
32.76722986,2.488,3.032
32.76879522,2.55,2.866666666666667
32.77183386,2.313,3.498666666666666
32.77339922,2.44,3.16
32.77800323,2.22,3.746666666666666
32.78260723,2.33,3.453333333333333
32.78260723,2.33,3.453333333333333
32.78721123,2.41,3.2399999999999993
32.79181523,2.24,3.6933333333333325
32.79485388,2.246,3.6773333333333333
32.79641924,2.6,2.733333333333333
32.79945788,2.551,2.8639999999999994
32.80102324,2.38,3.3200000000000003
32.80406188,2.611,2.7039999999999993
32.80562724,2.31,3.506666666666667
32.80562724,2.31,3.506666666666667
32.80866589,2.292,3.554666666666667
32.81023125,2.41,3.2399999999999993
32.81326989,2.332,3.4480000000000004
32.81483525,2.4,3.2666666666666666
32.81787389,2.427,3.1946666666666665
32.81943925,2.37,3.3466666666666667
32.82247789,2.411,3.237333333333333
32.82404325,2.34,3.4266666666666667
32.8270819,2.374,3.3359999999999994
32.82864726,2.28,3.586666666666667
32.82864726,2.28,3.586666666666667
32.8316859,2.431,3.184
32.83325126,2.37,3.3466666666666667
32.83638198,2.521,2.9440000000000004
32.8381315,2.53,2.9200000000000004
32.84199887,2.754,2.3226666666666667
32.84651079,2.587,2.7679999999999993
32.84779991,2.47,3.079999999999999
32.85093063,2.447,3.141333333333333
32.85258807,2.37,3.3466666666666667
32.85258807,2.37,3.3466666666666667
32.85571879,2.422,3.2079999999999993
32.85746832,2.3,3.533333333333334
32.86059904,2.396,3.277333333333334
32.86530993,2.376,3.3306666666666667
32.86696158,2.18,3.8533333333333326
32.86991716,2.414,3.229333333333333
32.87148188,2.18,3.8533333333333326
32.87443747,2.289,3.562666666666666
32.87608911,2.29,3.5599999999999996
32.87608911,2.29,3.5599999999999996
32.8790447,2.439,3.1626666666666665
32.88060942,2.43,3.1866666666666665
32.88365193,2.229,3.722666666666666
32.88521665,2.5,3.0
32.88817223,2.2600000000000002,3.6399999999999997
32.88982388,2.21,3.7733333333333334
32.89234481,2.18,3.8533333333333326
32.89234481,2.23,3.7199999999999998
32.89277946,2.423,3.205333333333333
32.89434418,2.27,3.6133333333333333
32.89582197,2.375,3.333333333333333
32.89669126,2.06,4.173333333333333
32.8977344,2.2640000000000002,3.6293333333333324
32.89895141,2.23,3.7199999999999998
32.89895141,2.23,3.7199999999999998
32.9010377,2.33,3.453333333333333
32.90260242,2.317,3.4879999999999995
32.904341,2.113,4.032
32.90538414,2.22,3.746666666666666
32.90599265,2.153,3.9253333333333336
32.90807894,2.28,3.586666666666667
32.90868744,2.268,3.618666666666667
32.90973059,2.53,2.9200000000000004
32.91103452,2.2560000000000002,3.650666666666666
32.91259924,2.29,3.5599999999999996
32.91259924,2.534,2.909333333333334
32.91407703,2.5100000000000002,2.9733333333333327
32.91407703,2.5100000000000002,2.9733333333333327
32.9160764,2.39,3.293333333333333
32.91842348,2.5,3.0
32.92172677,2.261,3.6373333333333333
32.92276992,2.5100000000000002,2.9733333333333327
32.92563857,2.568,2.8186666666666667
32.92711636,2.35,3.3999999999999995
32.92998502,2.348,3.405333333333334
32.93146281,2.35,3.3999999999999995
32.93433146,2.477,3.0613333333333337
32.93580925,2.42,3.213333333333334
32.93580925,2.42,3.213333333333334
32.93911255,2.322,3.474666666666667
32.9401557,2.32,3.4800000000000004
32.94345899,2.257,3.6479999999999997
32.94450214,2.23,3.7199999999999998
32.94737079,2.063,4.165333333333333
32.94797929,2.2600000000000002,3.6399999999999997
32.94797929,2.28,3.586666666666667
32.95145645,2.246,3.6773333333333333
32.95623754,2.291,3.5573333333333332
32.95754147,2.3,3.533333333333334
32.95754147,2.3,3.533333333333334
32.96188791,2.32,3.4800000000000004
32.96519121,2.238,3.698666666666667
32.96623436,2.38,3.3200000000000003
32.96927687,2.436,3.1706666666666665
32.9705808,2.28,3.586666666666667
32.97405796,2.568,2.8186666666666667
32.97492725,2.32,3.4800000000000004
32.97927369,2.2,3.8
32.97927369,2.2,3.8
32.98301163,2.217,3.754666666666666
32.98301163,2.309,3.509333333333333
32.98362013,2.09,4.093333333333334
32.986228,2.04,4.226666666666667
32.9895313,2.015,4.293333333333333
32.99057444,2.08,4.12
32.9934431,2.336,3.437333333333334
32.99492089,2.21,3.7733333333333334
32.99926733,2.05,4.2
32.99926733,2.05,4.2
33.00230984,2.299,3.5360000000000005
33.00361377,2.27,3.6133333333333333
33.00691707,2.07,4.146666666666667
33.00796022,2.2,3.8
33.01056808,2.19,3.826666666666667
33.01230666,2.13,3.9866666666666672
33.01578382,2.464,3.096
33.01665311,2.15,3.9333333333333336
33.01952176,2.516,2.957333333333333
33.02099955,2.48,3.0533333333333337
33.02430285,2.475,3.0666666666666664
33.02534599,2.3,3.533333333333334
33.02821465,2.459,3.109333333333333
33.02969244,2.42,3.213333333333334
33.03256109,2.265,3.626666666666666
33.03403888,2.24,3.6933333333333325
33.03690753,2.498,3.0053333333333327
33.04168862,2.392,3.2880000000000003
33.04273177,2.19,3.826666666666667
33.04273177,2.19,3.826666666666667
33.04603507,1.8690000000000002,4.682666666666666
33.04707821,2.22,3.746666666666666
33.05012072,2.2640000000000002,3.6293333333333324
33.05142466,2.08,4.12
33.0557711,2.15,3.9333333333333336
33.0590744,2.372,3.341333333333334
33.06011754,2.33,3.453333333333333
33.0629862,2.58,2.7866666666666666
33.06446399,2.28,3.586666666666667
33.06446399,2.28,3.586666666666667
33.06903767,2.17,3.88
33.0728437,2.282,3.5813333333333333
33.07480438,2.16,3.9066666666666663
33.07918707,2.081,4.117333333333334
33.08057108,2.04,4.226666666666667
33.08437711,2.191,3.8240000000000007
33.08633779,2.07,4.146666666666667
33.09037448,2.454,3.1226666666666665
33.0921045,2.12,4.013333333333333
33.0921045,2.12,4.013333333333333
33.09648719,2.076,4.1306666666666665
33.0978712,2.15,3.9333333333333336
33.1022539,2.369,3.349333333333333
33.10363791,2.19,3.826666666666667
33.10744393,2.242,3.6879999999999997
33.10940461,2.29,3.5599999999999996
33.11344131,2.088,4.0986666666666665
33.11517132,2.21,3.7733333333333334
33.11897734,2.111,4.037333333333333
33.12093802,2.28,3.586666666666667
33.12670473,2.45,3.133333333333333
33.13247144,2.32,3.4800000000000004
33.13685413,2.15,3.9333333333333336
33.13823814,2.18,3.8533333333333326
33.14112149,1.919,4.549333333333333
33.14400485,2.32,3.4800000000000004
33.14804154,2.308,3.5120000000000005
33.14977155,2.19,3.826666666666667
33.15357758,2.223,3.738666666666667
33.15553826,2.41,3.2399999999999993
33.16015162,2.367,3.3546666666666667
33.16130496,2.24,3.6933333333333325
33.16130496,2.24,3.6933333333333325
33.16453432,2.6590000000000003,2.575999999999999
33.16707167,2.4,3.2666666666666666
33.17145437,2.3810000000000002,3.317333333333333
33.17283838,2.47,3.079999999999999
33.1766444,2.539,2.8959999999999995
33.17860508,2.39,3.293333333333333
33.18379512,2.513,2.9653333333333336
33.18437179,2.37,3.3466666666666667
33.18437179,2.52,2.9466666666666668
33.18840848,2.238,3.698666666666667
33.19013849,2.18,3.8533333333333326
33.19013849,2.18,3.8533333333333326
33.19452119,2.159,3.9093333333333335
33.1959052,2.33,3.453333333333333
33.19971122,1.7189999999999999,5.082666666666667
33.2016719,2.21,3.7733333333333334
33.2060546,2.176,3.864
33.20743861,2.18,3.8533333333333326
33.21124463,2.288,3.565333333333334
33.21320531,2.43,3.1866666666666665
33.21701134,2.414,3.229333333333333
33.21897202,2.38,3.3200000000000003
33.21897202,2.38,3.3200000000000003
33.22277805,2.261,3.6373333333333333
33.22335472,2.309,3.509333333333333
33.22473873,2.43,3.1866666666666665
33.22912142,2.281,3.5839999999999996
33.23050543,2.27,3.6133333333333333
33.23627214,2.39,3.293333333333333
33.24065483,2.205,3.786666666666666
33.24203884,2.22,3.746666666666666
33.24584487,2.33,3.453333333333333
33.24780555,2.37,3.3466666666666667
33.24780555,2.37,3.3466666666666667
33.25218825,2.1270000000000002,3.9946666666666664
33.25357225,2.39,3.293333333333333
33.25737828,2.451,3.1306666666666665
33.25933896,2.48,3.0533333333333337
33.26256832,2.084,4.109333333333333
33.26510567,2.41,3.2399999999999993
33.26928998,2.31,3.506666666666667
33.27145162,2.5,3.0
33.27628353,2.419,3.216
33.2778094,2.58,2.7866666666666666
33.2778094,2.58,2.7866666666666666
33.28200553,2.494,3.015999999999999
33.28416718,2.47,3.079999999999999
33.28931062,2.809,2.1759999999999997
33.29001157,2.53,2.9200000000000004
33.29331603,2.503,2.9919999999999995
33.29501832,2.4,3.2666666666666666
33.29832278,2.461,3.104
33.30002508,2.33,3.453333333333333
33.30002508,2.33,3.453333333333333
33.30332954,2.296,3.5440000000000005
33.30503183,2.2600000000000002,3.6399999999999997
33.31003859,2.5100000000000002,2.9733333333333327
33.31354332,2.396,3.277333333333334
33.31504534,2.53,2.9200000000000004
33.3183498,2.383,3.3120000000000003
33.3200521,2.41,3.2399999999999993
33.32355683,2.36,3.373333333333334
33.32505885,2.5,3.0
33.32505885,2.5,3.0
33.32706156,2.41,3.2399999999999993
33.33006561,2.42,3.213333333333334
33.33387074,2.308,3.5120000000000005
33.33507236,2.2600000000000002,3.6399999999999997
33.33837682,2.338,3.4319999999999995
33.34007912,2.29,3.5599999999999996
33.34338358,2.2,3.8
33.34508588,2.31,3.506666666666667
33.3485906,2.452,3.128
33.35009263,2.48,3.0533333333333337
33.35009263,2.48,3.0533333333333337
33.35359736,2.66,2.573333333333333
33.35509939,2.49,3.0266666666666664
33.35860411,2.539,2.8959999999999995
33.36010614,2.45,3.133333333333333
33.36311019,2.429,3.189333333333334
33.36841736,2.43,3.1866666666666665
33.37011965,2.33,3.453333333333333
33.37342411,2.403,3.2586666666666666
33.37512641,2.3,3.533333333333334
33.37512641,2.3,3.533333333333334
33.37843087,2.557,2.8480000000000003
33.38013316,2.53,2.9200000000000004
33.38276669,2.697,2.4746666666666663
33.38443458,2.45,3.133333333333333
33.38595084,2.5100000000000002,2.9733333333333327
33.38822524,2.46,3.1066666666666665
33.3897415,2.57,2.813333333333334
33.3897415,2.57,2.813333333333334
33.39201589,2.52,2.9466666666666668
33.39353215,2.41,3.2399999999999993
33.39580655,2.35,3.3999999999999995
33.39580655,2.35,3.3999999999999995
33.39732281,2.44,3.16
33.3995972,2.25,3.666666666666667
33.39982464,2.303,3.525333333333333
33.40111346,2.42,3.213333333333334
33.40399436,2.183,3.8453333333333335
33.40490412,2.54,2.893333333333333
33.40717851,2.585,2.7733333333333334
33.40869477,2.47,3.079999999999999
33.40869477,2.47,3.079999999999999
33.41119661,2.45,3.133333333333333
33.41248543,2.4,3.2666666666666666
33.41498726,2.219,3.7493333333333334
33.41627608,2.16,3.9066666666666663
33.41855048,2.095,4.079999999999999
33.42006674,2.29,3.5599999999999996
33.42218951,2.203,3.7920000000000007
33.42385739,2.5100000000000002,2.9733333333333327
33.42673829,2.363,3.365333333333333
33.42764805,2.3,3.533333333333334
33.42764805,2.31,3.506666666666667
33.43052895,2.555,2.853333333333333
33.4314387,2.4,3.2666666666666666
33.4337131,2.427,3.1946666666666665
33.43522936,2.57,2.813333333333334
33.43773119,2.42,3.213333333333334
33.43902001,2.4,3.2666666666666666
33.44152185,2.405,3.253333333333334
33.44281067,2.36,3.373333333333334
33.4453125,2.393,3.285333333333334
33.44660132,2.34,3.4266666666666667
33.44660132,2.34,3.4266666666666667
33.44811759,2.44,3.16
33.44948222,2.347,3.4080000000000004
33.45039198,2.28,3.586666666666667
33.45304544,2.219,3.7493333333333334
33.45418263,2.19,3.826666666666667
33.45668447,2.322,3.474666666666667
33.45797329,2.31,3.506666666666667
33.46047512,2.31,3.506666666666667
33.46176395,2.24,3.6933333333333325
33.46426578,1.991,4.357333333333333
33.4655546,2.49,3.0266666666666664
33.4655546,2.49,3.0266666666666664
33.46805643,2.449,3.136
33.46934526,2.53,2.9200000000000004
33.47199871,2.152,3.928
33.47313591,2.39,3.293333333333333
33.47563774,2.438,3.165333333333333
33.47692657,2.36,3.373333333333334
33.47980746,2.559,2.8426666666666662
33.48071722,2.38,3.3200000000000003
33.48359812,2.325,3.466666666666666
33.48450788,2.38,3.3200000000000003
33.48450788,2.42,3.213333333333334
33.48716133,2.369,3.349333333333333
33.48829853,2.41,3.2399999999999993
33.49117943,1.884,4.642666666666667
33.49208919,2.65,2.6
33.49497008,2.4,3.2666666666666666
33.49587984,2.45,3.133333333333333
33.49838167,2.191,3.8240000000000007
33.4996705,2.68,2.5199999999999996
33.50217233,2.284,3.5760000000000005
33.50346115,2.47,3.079999999999999
33.50346115,2.68,2.5199999999999996
33.50634205,2.426,3.197333333333333
33.50725181,2.4,3.2666666666666666
33.51013271,2.5100000000000002,2.9733333333333327
33.51104246,2.69,2.4933333333333336
33.51331686,2.674,2.536
33.51483312,2.6,2.733333333333333
33.51733495,2.471,3.077333333333333
33.51862377,2.54,2.893333333333333
33.52112561,2.31,3.506666666666667
33.52241443,2.52,2.9466666666666668
33.52241443,2.54,2.893333333333333
33.52491626,2.178,3.858666666666667
33.52620508,2.35,3.3999999999999995
33.52870692,2.347,3.4080000000000004
33.52999574,2.46,3.1066666666666665
33.53227013,2.372,3.341333333333334
33.53378639,2.49,3.0266666666666664
33.53628823,2.3890000000000002,3.2959999999999994
33.53757705,2.62,2.6799999999999997
33.54007888,2.459,3.109333333333333
33.5413677,2.59,2.7600000000000002
33.5413677,2.62,2.6799999999999997
33.54402116,2.623,2.6719999999999993
33.54515836,2.68,2.5199999999999996
33.54766019,2.677,2.528
33.54894901,2.55,2.866666666666667
33.55145085,2.465,3.0933333333333337
33.55273967,2.56,2.84
33.55562057,2.319,3.482666666666667
33.55653032,2.7800000000000002,2.2533333333333325
33.55918378,2.487,3.0346666666666664
33.56032098,2.66,2.573333333333333
33.56282281,2.734,2.376
33.56411163,2.49,3.0266666666666664
33.56661347,2.445,3.1466666666666674
33.56790229,2.73,2.3866666666666667
33.57040412,2.405,3.253333333333334
33.57169295,2.54,2.893333333333333
33.57419478,2.42,3.213333333333334
33.5754836,2.5100000000000002,2.9733333333333327
33.57798543,2.3,3.533333333333334
33.57927426,2.38,3.3200000000000003
33.57927426,2.5100000000000002,2.9733333333333327
33.58177609,2.058,4.178666666666667
33.58306491,2.47,3.079999999999999
33.58556674,2.349,3.402666666666666
33.58685557,2.7,2.4666666666666663
33.5893574,2.471,3.077333333333333
33.590646219999996,2.65,2.6
33.59352712,2.455,3.12
33.59443688,2.47,3.079999999999999
33.59693871,2.314,3.4959999999999996
33.59822753,2.52,2.9466666666666668
33.59822753,2.52,2.9466666666666668
33.60110843,2.294,3.5493333333333332
33.60201819,2.55,2.866666666666667
33.60429258,2.4,3.2666666666666666
33.60580884,2.5,3.0
33.60808323,2.446,3.1439999999999992
33.6095995,2.59,2.7600000000000002
33.61210133,2.059,4.175999999999999
33.61551292,2.386,3.3039999999999994
33.61718081,2.37,3.3466666666666667
33.61968264,2.323,3.4720000000000004
33.62097146,2.53,2.9200000000000004
33.62347329,2.423,3.205333333333333
33.62476212,2.41,3.2399999999999993
33.62726395,2.606,2.717333333333334
33.62855277,2.58,2.7866666666666666
33.6310546,2.574,2.802666666666667
33.63234343,2.67,2.546666666666667
33.63446619,2.77,2.28
33.63613408,2.52,2.9466666666666668
33.63613408,2.52,2.9466666666666668
33.63863592,2.329,3.4559999999999995
33.63992474,2.69,2.4933333333333336
33.64245654,2.7270000000000003,2.394666666666666
33.64378455,2.67,2.546666666666667
33.64636245,2.685,2.5066666666666664
33.64769046,2.45,3.133333333333333
33.65026837,2.361,3.370666666666666
33.65159638,2.53,2.9200000000000004
33.65417428,2.436,3.1706666666666665
33.6555023,2.59,2.7600000000000002
33.6555023,2.59,2.7600000000000002
33.6580802,2.033,4.245333333333334
33.65940821,2.64,2.6266666666666665
33.66237671,2.615,2.693333333333333
33.66331413,2.62,2.6799999999999997
33.66589203,2.637,2.6346666666666665
33.66722004,2.5,3.0
33.66979795,2.682,2.514666666666667
33.67112596,2.47,3.079999999999999
33.67370386,2.504,2.989333333333333
33.67503187,2.44,3.16
33.67760978,2.587,2.7679999999999993
33.67893779,2.58,2.7866666666666666
33.68151569,2.305,3.5199999999999996
33.68542161,2.589,2.7626666666666666
33.68674962,2.61,2.706666666666667
33.68893693,2.604,2.7226666666666666
33.69065553,2.44,3.16
33.69323344,2.19,3.826666666666667
33.69323344,2.508,2.978666666666667
33.69456145,2.54,2.893333333333333
33.69456145,2.54,2.893333333333333
33.69846736,2.43,3.1866666666666665
33.70104527,2.069,4.149333333333334
33.70499188,2.035,4.239999999999999
33.70638909,2.12,4.013333333333333
33.70910131,1.98,4.386666666666667
33.71049851,2.1,4.066666666666666
33.71460794,2.27,3.6133333333333333
33.71460794,2.27,3.6133333333333333
33.71871736,2.2,3.8
33.72118301,2.06,4.173333333333333
33.72282678,2.05,4.2
33.725539,1.8730000000000002,4.672
33.7269362,2.03,4.253333333333334
33.72940186,2.201,3.7973333333333334
33.73104563,2.08,4.12
33.73375785,1.8770000000000002,4.661333333333332
33.73515505,2.09,4.093333333333334
33.73515505,2.09,4.093333333333334
33.73786727,1.9940000000000002,4.349333333333333
33.73926447,2.0,4.333333333333333
33.74197669,2.074,4.136
33.7433739,2.03,4.253333333333334
33.74583955,1.916,4.557333333333333
33.74748332,1.8199999999999998,4.8133333333333335
33.75060648,2.04,4.226666666666667
33.75159274,1.8399999999999999,4.760000000000001
33.7540584,1.7320000000000002,5.047999999999999
33.75570217,1.6800000000000002,5.1866666666666665
33.75570217,1.8199999999999998,4.8133333333333335
33.75570217,1.83,4.786666666666666
33.75570217,1.83,4.786666666666666
33.75841439,1.6600000000000001,5.239999999999999
33.75981159,1.9500000000000002,4.466666666666666
33.76392101,1.98,4.386666666666667
33.76638667,1.8730000000000002,4.672
33.76803044,1.9,4.6000000000000005
33.7711536,1.807,4.848
33.77213986,1.7400000000000002,5.026666666666666
33.77485208,1.742,5.021333333333334
33.77624928,1.8599999999999999,4.706666666666667
33.7789615,1.616,5.357333333333333
33.78035871,1.79,4.8933333333333335
33.78035871,1.79,4.8933333333333335
33.78307093,1.831,4.784
33.78446813,1.87,4.68
33.78718035,2.084,4.109333333333333
33.78857755,1.85,4.733333333333333
33.79128977,1.8929999999999998,4.618666666666667
33.79268698,1.62,5.346666666666667
33.7953992,1.795,4.88
33.7967964,1.77,4.946666666666666
33.79991956,1.7719999999999998,4.941333333333334
33.80090582,1.65,5.266666666666667
33.80090582,1.65,5.266666666666667
33.80361804,1.613,5.365333333333333
33.80501525,1.75,5.0
33.80885988,1.891,4.624
33.81385613,2.0100000000000002,4.306666666666666
33.82310845,1.87,4.68
33.82606919,1.83,4.786666666666666
33.82606919,1.83,4.786666666666666
33.83236077,1.75,5.0
33.83402619,1.92,4.546666666666667
33.84161309,2.13,3.9866666666666672
33.84161309,2.13,3.9866666666666672
33.84216823,1.81,4.84
33.8508654,1.8599999999999999,4.706666666666667
33.8508654,2.12,4.013333333333333
33.86011772,1.85,4.733333333333333
33.86011772,1.9500000000000002,4.466666666666666
33.86714948,2.024,4.269333333333333
33.86937004,1.8399999999999999,4.760000000000001
33.86937004,1.8399999999999999,4.760000000000001
33.87547657,1.624,5.335999999999999
33.87862236,2.08,4.12
33.88417375,1.8599999999999999,4.706666666666667
33.88417375,2.08,4.12
33.88472889,1.814,4.8293333333333335
33.88787468,1.7400000000000002,5.026666666666666
33.89398121,1.7229999999999999,5.072
33.89712699,1.71,5.1066666666666665
33.90323352,1.8650000000000002,4.6933333333333325
33.90508399,1.553,5.525333333333333
33.90637931,1.94,4.493333333333333
33.91563163,1.8900000000000001,4.626666666666666
33.91563163,1.8900000000000001,4.626666666666666
33.92358862,1.603,5.392
33.92673441,1.85,4.733333333333333
33.93025029,1.8399999999999999,4.760000000000001
33.93099048,1.7970000000000002,4.874666666666666
33.93413626,2.02,4.28
33.94116803,1.77,4.946666666666666
33.94338858,1.8900000000000001,4.626666666666666
33.94523905,1.87,4.68
33.94949511,1.6840000000000002,5.175999999999999
33.9526409,1.6600000000000001,5.239999999999999
33.95449136,1.71,5.1066666666666665
33.95967266,1.9220000000000002,4.541333333333333
33.96374368,2.02,4.28
33.96374368,2.02,4.28
33.96892498,1.7400000000000002,5.026666666666666
33.97114554,1.8399999999999999,4.760000000000001
33.97632683,1.7890000000000001,4.896
33.98039785,1.75,5.0
33.98039785,1.75,5.0
33.98650438,1.674,5.2026666666666666
33.98965017,1.8599999999999999,4.706666666666667
33.99150064,1.57,5.4799999999999995
33.9957567,1.617,5.354666666666667
33.99890249,1.77,4.946666666666666
34.00075295,1.6600000000000001,5.239999999999999
34.0073122,1.8940000000000001,4.616
34.01014518,1.6800000000000002,5.1866666666666665
34.01793587,1.767,4.954666666666667
34.02431007,1.44,5.826666666666667
34.025772,1.4640000000000002,6.143999999999999
34.038448,1.684,5.264
34.051124,1.398,6.408
34.0638,1.6730000000000003,5.307999999999999
34.076476,1.486,6.056
34.089151,1.4640000000000002,6.143999999999999
34.101456,1.409,6.364
34.112273,1.4640000000000002,6.143999999999999
34.123091,1.4310000000000003,6.275999999999999
34.13391,1.5410000000000001,5.835999999999999
34.144727,1.409,6.364
34.155546,1.1780000000000002,7.287999999999999
34.166363,1.4749999999999999,6.1000000000000005
34.177182,1.5080000000000002,5.967999999999999
34.188,1.64,5.44
34.195984,1.5410000000000001,5.835999999999999
34.199975,1.3760000000000001,6.4959999999999996
34.203967,1.189,7.244
34.20796,1.716,5.136
34.211951,1.453,6.188
34.215943,1.365,6.54
34.219935,1.409,6.364
34.223927,1.3870000000000002,6.451999999999999
34.227919,1.2550000000000001,6.9799999999999995
34.23191,1.277,6.892
34.235902,1.123,7.508
34.239894,1.3760000000000001,6.4959999999999996
34.243886,1.453,6.188
34.247878,1.0570000000000002,7.771999999999999
34.251869,1.4640000000000002,6.143999999999999
34.255862,1.2990000000000002,6.803999999999999
34.259853,1.3430000000000002,6.627999999999999
34.263845,1.6730000000000003,5.307999999999999
34.267837,1.2660000000000002,6.935999999999999
34.271829,1.156,7.376
34.275821,1.332,6.672
34.279812,1.277,6.892
34.283804,1.5080000000000002,5.967999999999999
34.287797,1.442,6.232
34.291788,1.3100000000000003,6.759999999999999
34.29578,1.332,6.672
34.299772,1.453,6.188
34.303764,1.3100000000000003,6.759999999999999
34.30752212,1.35,6.6
34.31575263,1.4300000000000002,6.279999999999999
34.32043227,1.2000000000000002,7.199999999999999
34.32528522,1.27,6.92
34.33308461,1.32,6.72
34.33689765,1.07,7.72
34.34209724,1.28,6.88
34.34469704,1.4,6.4
34.34903003,1.47,6.12
34.35509622,1.35,6.6
34.35856262,1.1800000000000002,7.279999999999999
34.36376221,1.56,5.76
34.36774857,1.28,6.88
34.36774857,1.53,5.88
34.3724282,1.47,6.12
34.3758946,1.31,6.76
34.38456058,1.37,6.52
34.38802698,1.44,6.24
34.39374653,1.3399999999999999,6.640000000000001
34.39721293,1.26,6.96
34.40241252,1.23,7.08
34.40535896,0.78,8.879999999999999
34.41107851,1.4300000000000002,6.279999999999999
34.41922454,1.1600000000000001,7.359999999999999
34.42182434,1.48,6.08
34.42841049,1.15,7.4
34.42962373,1.57,5.72
34.43187688,1.15,7.4
34.43766651,1.21,7.16
34.44197581,1.63,5.48
34.44843976,1.21,7.16
34.45425731,1.3,6.8
34.45921301,1.6400000000000001,5.4399999999999995
34.46890893,1.67,5.32
34.50165962,1.5,6.0
34.50596892,1.4,6.4
34.50812356,1.5,6.0
34.51351019,1.51,5.96
34.52249393,1.53,5.88
34.52701557,1.65,5.4
34.53304443,1.49,6.04
34.53455164,1.3599999999999999,6.5600000000000005
34.53801823,1.46,6.16
34.54585574,1.54,5.84
34.54962377,1.53,5.88
34.55384397,1.46,6.16
34.55640623,1.28,6.88
34.56062643,1.29,6.84
34.56288725,1.42,6.32
34.57223197,1.31,6.76
34.58189466,1.33,6.68
34.59810499,1.27,6.92
34.60665225,1.49,6.04
34.61284165,1.47,6.12
34.62757831,1.28,6.88
34.63936763,1.33,6.68
34.64231497,1.32,6.72
34.6496833,1.37,6.52
34.6496833,1.37,6.52
34.67031462,1.32,6.72
34.68652494,1.3900000000000001,6.4399999999999995
34.69831427,1.42,6.32
34.7012616,1.3599999999999999,6.5600000000000005
34.71330159,1.27,6.92
34.72903764,1.37,6.52
34.73145857,1.55,5.8
34.73347602,1.38,6.48
34.73811614,1.22,7.12
34.74820335,1.31,6.76
34.75829057,1.52,5.92
34.76837778,1.3399999999999999,6.640000000000001
34.79099186,1.51,5.96
34.7971161,1.58,5.68
34.80546734,1.4100000000000001,6.359999999999999
34.81103483,1.42,6.32
34.8202212,1.4,6.4
34.82578869,1.6800000000000002,5.279999999999999
34.82773731,1.52,5.92
34.83413993,1.6600000000000001,5.359999999999999
34.8388723,1.38,6.48
34.84026417,1.25,7.0
34.84805866,1.09,7.64
34.85334778,1.55,5.8
34.86197739,1.31,6.76
34.86670976,1.3399999999999999,6.640000000000001
34.8757352,1.4500000000000002,6.199999999999999
34.88180299,1.26,6.96
34.88697185,1.27,6.92
34.91551295,1.26,6.96
34.92068181,1.5899999999999999,5.640000000000001
34.9267496,1.56,5.76
34.93191846,1.55,5.8
34.93798625,1.6600000000000001,5.359999999999999
34.94315511,1.7000000000000002,5.199999999999999
34.9492229,1.46,6.16
34.95439176,1.25,7.0
34.96045956,1.42,6.32
34.96203269,1.58,5.68
34.96562842,1.4100000000000001,6.359999999999999
34.97169621,1.49,6.04
34.97394354,1.5,6.0
34.98231912,1.48,6.08
34.98687424,1.42,6.32
34.99222155,1.3900000000000001,6.4399999999999995
35.00212398,1.37,6.52
35.00766934,1.4300000000000002,6.279999999999999
35.01202641,1.4100000000000001,6.359999999999999
35.01559129,1.37,6.52
35.02192884,1.55,5.8
35.02648396,1.52,5.92
35.06510344,1.31,6.76
35.071441,1.17,7.32
35.07342148,1.62,5.52
35.07738246,1.52,5.92
35.08134343,1.4300000000000002,6.279999999999999
35.09679122,1.63,5.48
35.10195842,1.3599999999999999,6.5600000000000005
35.10961904,1.44,6.24
35.11794579,1.52,5.92
35.1246072,1.55,5.8
35.13526545,1.29,6.84
35.14126071,1.52,5.92
35.14658983,1.57,5.72
35.16857247,1.47,6.12
35.17623309,1.57,5.72
35.18356063,1.6099999999999999,5.5600000000000005
35.1928866,1.32,6.72
35.20187949,1.5,6.0
35.25950065,1.56,5.76
35.2825952,1.19,7.24
35.28729557,1.51,5.96
35.31831807,1.5,6.0
35.31831807,1.6800000000000002,5.279999999999999
35.33749561,1.47,6.12
35.33749561,1.58,5.68
35.35817727,1.6099999999999999,5.5600000000000005
35.40386494,1.52,5.92
35.43150316,1.47,6.12
35.48978784,1.55,5.8
35.60515384615385,1.3060000000000003,6.775999999999999
35.61407692307692,1.413,6.348
35.623,1.2820000000000003,6.871999999999999
35.63192307692308,1.219,7.124
35.64307692307692,1.24,7.04
35.64976923076923,1.328,6.688
35.658692307692306,1.36,6.56
35.66761538461538,1.184,7.264
35.67653846153846,1.1940000000000002,7.223999999999999
35.68546153846154,1.243,7.028
35.696615384615384,1.602,5.592
35.70330769230769,1.2590000000000001,6.9639999999999995
35.712230769230764,1.046,7.816
35.792538461538456,0.8070000000000002,8.771999999999998
35.81930769230769,1.152,7.392
35.87308510638297,1.1940000000000002,7.223999999999999
35.90021276595745,1.204,7.184
35.90925531914893,1.324,6.704
35.918297872340425,1.04,7.84
35.92734042553191,1.253,6.988
35.95446808510638,1.22,7.12
35.96351063829787,1.4840000000000002,6.063999999999999
36.017765957446805,1.57,5.72
36.03585106382979,1.454,6.184
36.08106382978723,1.239,7.044
36.090106382978725,1.4070000000000003,6.371999999999999
36.1081914893617,1.1130000000000002,7.547999999999999
36.153404255319145,1.1420000000000001,7.4319999999999995
36.18053191489362,1.248,7.008
36.189574468085105,1.16,7.36
36.1986170212766,1.3960000000000001,6.4159999999999995
36.21670212765957,1.3220000000000003,6.711999999999999
36.225744680851065,1.2910000000000001,6.835999999999999
36.23478723404255,1.281,6.876
36.24382978723404,1.1050000000000002,7.579999999999999
36.25287234042553,1.1,7.6
36.261914893617025,1.253,6.988
36.27095744680852,1.175,7.3
36.28,1.156,7.376
36.28745098039216,1.141,7.436
36.294901960784316,1.2740000000000002,6.903999999999999
36.30235294117647,0.974,8.104
36.30980392156863,1.312,6.752
36.324705882352944,1.1660000000000001,7.335999999999999
36.3321568627451,1.1330000000000002,7.467999999999999
36.33960784313726,1.3390000000000002,6.643999999999999
36.34705882352941,0.9590000000000001,8.164
36.35450980392157,1.211,7.156
36.36196078431372,1.3790000000000002,6.483999999999999
36.36941176470588,1.4320000000000002,6.271999999999999
36.37686274509804,1.252,6.992
36.384313725490195,1.235,7.06
36.39176470588235,1.381,6.476
36.39921568627451,1.413,6.348
36.406666666666666,1.349,6.604
36.41411764705882,1.32,6.72
36.42156862745098,1.4120000000000001,6.351999999999999
36.42901960784314,1.4880000000000002,6.047999999999999
36.436470588235295,1.4560000000000002,6.175999999999999
36.44392156862745,1.668,5.328
36.45137254901961,1.104,7.584
36.45882352941177,1.4000000000000001,6.3999999999999995
36.46627450980392,1.3350000000000002,6.659999999999999
36.47372549019608,1.3350000000000002,6.659999999999999
36.48117647058823,1.418,6.328
36.48862745098039,1.253,6.988
36.51098039215686,1.157,7.372
36.51843137254902,1.3619999999999999,6.5520000000000005
36.54078431372549,1.393,6.428
36.5556862745098,1.2100000000000002,7.159999999999999
36.56313725490196,1.418,6.328
36.57058823529412,1.5680000000000003,5.727999999999999
36.578039215686275,1.466,6.136
36.585490196078425,0.95,8.2
36.59294117647059,1.3020000000000003,6.791999999999999
36.60039215686274,0.8400000000000001,8.64
36.607843137254896,1.1540000000000001,7.3839999999999995
36.61529411764705,1.297,6.812
36.62274509803921,1.3110000000000002,6.755999999999999
36.63019607843137,1.091,7.636
36.637647058823525,1.075,7.7
36.64509803921568,1.43,6.28
36.65254901960784,1.189,7.244
36.66,1.075,7.7
36.66655737704917,1.0010000000000001,7.9959999999999996
36.67311475409836,0.7829999999999999,8.868
36.679672131147534,1.092,7.632
36.68622950819672,1.183,7.268
36.6927868852459,0.6910000000000001,9.236
36.69934426229508,0.9480000000000002,8.207999999999998
36.70590163934426,0.8979999999999999,8.408000000000001
36.71245901639344,0.8520000000000001,8.591999999999999
36.71901639344262,0.442,10.232
36.7255737704918,0.899,8.404
36.73213114754098,0.9470000000000001,8.212
36.73868852459016,0.9590000000000001,8.164
36.75180327868852,0.9450000000000001,8.219999999999999
36.758360655737704,0.7210000000000001,9.116
36.76491803278688,0.7570000000000001,8.972
36.770655737704914,0.937,8.251999999999999
36.77803278688524,0.97,8.120000000000001
36.784590163934425,1.1500000000000001,7.3999999999999995
36.7911475409836,1.155,7.38
36.797704918032785,0.8580000000000001,8.568
36.80426229508196,1.1050000000000002,7.579999999999999
36.810819672131146,0.7450000000000001,9.02
36.81737704918032,0.7610000000000001,8.956
36.823934426229506,0.8720000000000001,8.512
36.83049180327868,0.6360000000000001,9.456
36.83704918032787,0.74,9.04
36.84360655737704,0.849,8.604
36.85016393442623,0.8630000000000002,8.547999999999998
36.85672131147541,1.05,7.8
36.86327868852459,1.028,7.888
36.86983606557377,0.688,9.248000000000001
36.87639344262295,0.8870000000000002,8.451999999999998
36.88295081967213,0.8899999999999999,8.440000000000001
36.90262295081967,0.7749999999999999,8.9
36.90918032786885,0.7889999999999999,8.844000000000001
36.91573770491804,0.784,8.864
36.92229508196721,0.7829999999999999,8.868
36.9288524590164,0.7969999999999999,8.812000000000001
36.935409836065574,0.911,8.356
36.948524590163935,0.9339999999999999,8.264
36.95508196721312,0.885,8.46
36.961639344262295,0.9630000000000001,8.148
36.96819672131148,0.8520000000000001,8.591999999999999
36.974754098360656,0.8380000000000001,8.648
36.98131147540984,0.679,9.283999999999999
36.987868852459016,0.9690000000000001,8.123999999999999
37.00098360655738,1.099,7.604
37.02065573770492,0.7270000000000001,9.091999999999999
37.03377049180328,0.982,8.072
37.064805194805196,0.8030000000000002,8.788
37.06961,0.8670000000000002,8.532
37.06961038961039,0.8830000000000002,8.468
37.07922077922078,0.32,10.72
37.084026,0.9710000000000001,8.116
37.088831,1.0450000000000002,7.819999999999999
37.093636,1.098,7.608
37.098442,1.042,7.832
37.103247,1.0010000000000001,7.9959999999999996
37.108052,0.9670000000000001,8.132
37.112857,0.9870000000000001,8.052
37.117662,1.05,7.8
37.122468,0.982,8.072
37.127273,0.901,8.396
37.132078,0.9400000000000002,8.239999999999998
37.136883,0.885,8.46
37.141688,1.0770000000000002,7.691999999999999
37.146494,0.8089999999999999,8.764
37.156104,1.0110000000000001,7.9559999999999995
37.160909,1.0650000000000002,7.739999999999999
37.165714,0.8190000000000002,8.724
37.170519,0.704,9.184000000000001
37.175325,0.756,8.975999999999999
37.18013,0.78,8.879999999999999
37.184935,1.296,6.816
37.18974,1.063,7.748
37.194545,0.9890000000000001,8.044
37.199351,0.9200000000000002,8.32
37.204156,1.261,6.956
37.20836,1.0139999999999991,7.9440000000000035
37.213766,0.742,9.032
37.218571,1.203,7.188
37.223377,1.208,7.168
37.228182,1.328,6.688
37.237792,1.167,7.332
37.242597,1.0030000000000001,7.9879999999999995
37.247403,1.062,7.752
37.252208,0.9870000000000001,8.052
37.257013,1.1900000000000002,7.239999999999999
37.261818,1.179,7.284
37.266623,1.2710000000000001,6.9159999999999995
37.271429,1.159,7.364
37.276234,1.2180000000000002,7.127999999999999
37.281039,1.0290000000000001,7.8839999999999995
37.285844,1.099,7.604
37.290649,1.044,7.824
37.295455,0.8860000000000001,8.456
37.30026,0.974,8.104
37.305065,0.9259999999999999,8.296
37.30987,0.8870000000000002,8.451999999999998
37.314675,1.2220000000000002,7.111999999999999
37.319481,1.215,7.14
37.324286,1.224,7.104
37.329091,1.2140000000000002,7.143999999999999
37.333896,1.111,7.556
37.338701,1.114,7.544
37.343506,1.0179999999999991,7.9280000000000035
37.348312,0.982,8.072
37.353117,1.2660000000000002,6.935999999999999
37.357922,1.156,7.376
37.362727,1.2249999999999999,7.1000000000000005
37.367532,1.0650000000000002,7.739999999999999
37.372338,1.131,7.476
37.377143,1.175,7.3
37.381948,1.11,7.56
37.386753,1.2220000000000002,7.111999999999999
37.391558,1.308,6.768
37.396364,1.184,7.264
37.401169,1.1580000000000001,7.367999999999999
37.405974,1.203,7.188
37.410779,0.9120000000000001,8.352
37.415584,1.0330000000000001,7.867999999999999
37.42039,1.092,7.632
37.425195,1.151,7.396
37.43,1.094,7.624
37.436426,1.2209999999999999,7.1160000000000005
37.442853,1.0290000000000001,7.8839999999999995
37.449279,1.07,7.72
37.455706,1.0930000000000002,7.627999999999999
37.462132,1.086,7.656
37.468559,1.2329999999999999,7.0680000000000005
37.474985,1.164,7.344
37.481412,1.119,7.524
37.487838,1.12,7.52
37.494265,1.261,6.956
37.500691,1.035,7.86
37.507118,1.2329999999999999,7.0680000000000005
37.519971,1.0030000000000001,7.9879999999999995
37.526397,1.127,7.492
37.532824,1.096,7.616
37.53925,1.084,7.664
37.545676,1.152,7.392
37.552103,1.2300000000000002,7.079999999999999
37.558529,1.2249999999999999,7.1000000000000005
37.564956,1.176,7.296
37.571382,1.215,7.14
37.577809,1.3190000000000002,6.723999999999999
37.584235,1.215,7.14
37.590662,1.2670000000000001,6.9319999999999995
37.597088,1.115,7.54
37.609941,1.272,6.912
37.616368,1.2740000000000002,6.903999999999999
37.622794,1.3800000000000001,6.4799999999999995
37.629221,1.232,7.072
37.635647,1.356,6.576
37.642074,1.1340000000000001,7.4639999999999995
37.6485,1.2449999999999999,7.0200000000000005
37.654926,1.145,7.42
37.661353,1.1250000000000002,7.499999999999999
37.667779,1.055,7.78
37.674206,1.0274306420000001,7.8902774319999995
37.680632,1.267368245,6.93052702
37.687059,1.369082618,6.523669528
37.693485,1.4486332419999999,6.2054670320000005
37.699912,1.2901075960000001,6.8395696159999995
37.706338,1.206449974,7.174200104
37.712765,1.210641193,7.157435228
37.719191,1.277523685,6.88990526
37.725618,1.344398427,6.622406292
37.732044,1.314132261,6.743470956
37.738471,1.189653385,7.24138646
37.744897,1.2168659450000001,7.1325362199999995
37.751324,1.2854955670000001,6.8580177319999995
37.75775,1.288123655,6.84750538
37.764176,1.376411486,6.494354056
37.770603,1.39794116,6.40823536
37.777029,1.383035469,6.467858124
37.783456,1.3160297159999998,6.735881136000001
37.789882,1.3632321830000003,6.547071267999999
37.796309,1.339688945,6.64124422
37.802735,1.53949635,5.8420146
37.809162,1.30709343,6.77162628
37.815588,1.291989195,6.83204322
37.822015,1.398419309,6.406322764
37.828441,1.2294191600000002,7.082323359999999
37.834868,1.355414915,6.57834034
37.841294,1.3928864480000003,6.428454207999999
37.847721,1.498925376,6.004298496
37.854147,1.533268023,5.866927908
37.860574,1.358260083,6.566959668
37.867,1.39756887,6.40972452
37.870491,1.364608335,6.54156666
37.873982,1.5465733289999999,5.8137066840000005
37.877474,1.5285437579999999,5.8858249680000005
37.880965,1.3339295860000002,6.664281655999999
37.884456,1.4599570510000002,6.160171795999999
37.887947,1.4391886470000002,6.243245411999999
37.891439,1.2637697940000001,6.9449208239999995
37.89493,1.3700975659999999,6.5196097360000005
37.898421,1.5506611350000001,5.7973554599999995
37.901912,1.4067163940000003,6.373134423999999
37.905404,1.2415991899999999,7.033603240000001
37.908895,1.418360043,6.326559828
37.912386,1.277102876,6.891588496
37.915877,1.2378241300000001,7.0487034799999995
37.919368,1.244913685,7.02034526
37.92286,1.4093871590000002,6.362451363999999
37.925042,1.256961572,6.972153712
37.929842,1.321221519,6.715113924
37.933333,1.5144932750000002,5.942026899999999
37.936825,1.46342473,6.14630108
37.940316,1.484337497,6.062650012
37.943807,1.367203164,6.531187344
37.947298,1.4601684090000002,6.159326363999999
37.950789,1.322462487,6.710150052
37.954281,1.3902132990000002,6.439146803999999
37.957772,1.4890268330000003,6.043892667999999
37.961263,1.2597011800000002,6.961195279999999
37.964754,1.311067748,6.755729008
37.968246,1.224518108,7.101927568
37.971737,1.3962675810000003,6.414929675999999
37.975228,1.4551523210000001,6.1793907159999995
37.978719,1.2831710459999999,6.8673158160000005
37.982211,1.221636581,7.113453676
37.985702,1.394217043,6.423131828
37.989193,1.3391248270000002,6.643500691999999
37.992684,1.4507645650000003,6.196941739999999
37.996175,1.387751608,6.448993568
37.999667,1.303648024,6.785407904
38.003158,1.3975928119999999,6.409628752000001
38.006649,1.5727043440000001,5.709182623999999
38.01014,1.532462983,5.870148068
38.013632,1.5204998539999999,5.9180005840000005
38.017123,1.383720665,6.46511734
38.020614,1.3180766390000003,6.727693443999999
38.024105,1.404023914,6.383904344
38.027596,1.413535147,6.345859412
38.031088,1.340356379,6.638574484
38.034579,1.3554565,6.578174
38.03807,1.3534243390000003,6.586302643999999
38.041561,1.3158730550000002,6.736507779999999
38.045053,1.4429531380000002,6.228187447999999
38.048544,1.2896808670000002,6.841276531999999
38.052035,1.4803563640000001,6.078574543999999
38.055526,1.270176141,6.919295436
38.059018,1.4583696410000002,6.166521435999999
38.062509,1.3060106329999999,6.7759574680000005
38.066,1.3052804759999999,6.778878096000001
38.069491,1.4937783770000002,6.024886491999999
38.072982,1.6043831400000002,5.582467439999999
38.076474,1.5040267990000002,5.983892803999999
38.079965,1.408644466,6.365422136
38.083456,1.3612394620000001,6.5550421519999995
38.086947,1.2862636139999999,6.8549455440000004
38.090439,1.404904752,6.380380992
38.09393,1.515878944,5.936484224
38.097421,1.267624979,6.929500084
38.101785,1.241075997,7.035696012
38.104404,1.2063945580000002,7.174421767999999
38.107895,1.261477118,6.954091528
38.111386,0.9236967020000002,8.305213192
38.114877,1.3319504309999999,6.6721982760000005
38.118368,1.1965066240000002,7.213973503999999
38.12186,1.2087586449999999,7.164965420000001
38.125351,1.2653641030000002,6.938543587999999
38.128842,1.067232637,7.731069452
38.132333,1.3869227700000002,6.452308919999999
38.135825,1.2105276870000001,7.1578892519999995
38.139316,1.362892561,6.548429756
38.142807,1.384835296,6.460658816
38.146298,1.27347868,6.90608528
38.149789,1.2794058849999999,6.882376460000001
38.153281,1.362550311,6.549798756
38.156772,1.2766880320000003,6.893247871999999
38.160263,1.2332002450000001,7.067199019999999
38.163754,1.246018939,7.015924244
38.167246,1.2755545900000003,6.897781639999999
38.170737,1.262279444,6.950882224
38.174228,1.3486584950000002,6.605366019999999
38.177719,1.007469647,7.970121412
38.181211,1.244311028,7.022755888
38.184702,1.2449127960000002,7.020348815999999
38.186884,1.1696535280000002,7.321385887999999
38.191684,1.307329826,6.770680696
38.195175,1.308961325,6.7641547
38.198667,1.116161935,7.53535226
38.202158,1.3195694020000002,6.721722391999999
38.205649,1.26499217,6.94003132
38.20914,1.1292528560000001,7.4829885759999994
38.212632,1.197066312,7.211734752
38.216123,1.175747042,7.297011832
38.219614,1.153149967,7.387400132
38.223105,1.267609601,6.929561596
38.226596,1.212459331,7.150162676
38.230088,1.2976080230000002,6.809567907999999
38.234888,0.9717313099999989,8.113074760000003
38.23707,1.2676082899999999,6.929566840000001
38.240561,1.242651587,7.029393652
38.244053,1.0667511870000002,7.732995251999999
38.247544,1.19827879,7.20688484
38.252344,1.241759663,7.032961348
38.254526,1.0806853220000001,7.6772587119999995
38.258018,1.2678450390000002,6.928619843999999
38.261509,1.1347423840000002,7.461030463999999
38.265,1.2403057860000002,7.038776855999999
38.274676,1.169133072,7.323467712
38.279074,1.297315307,6.810738772
38.286111,1.151928668,7.392285328
38.293148,1.2138376899999999,7.144649240000001
38.300185,1.1725637960000002,7.309744815999999
38.309861,1.251692181,6.993231276
38.314259,1.2110757880000003,7.155696847999999
38.321296,1.191586602,7.233653592
38.328333,1.0775512500000002,7.689794999999999
38.33537,1.1337488940000002,7.465004423999999
38.345046,1.021753852,7.912984592
38.349444,1.1156535200000002,7.537385919999999
38.356481,1.227779632,7.088881472
38.363519,1.153952961,7.384188156
38.370556,1.144586687,7.421653252
38.380231,1.1717379140000002,7.313048343999999
38.38463,1.111179535,7.55528186
38.391667,0.9465727260000001,8.213709095999999
38.398704,1.176954813,7.292180748
38.405741,1.2196165559999999,7.121533776000001
38.415417,1.082257414,7.670970344
38.419815,0.9828215480000002,8.068713807999998
38.426852,1.172078276,7.311686896
38.433889,0.9998806950000001,8.00047722
38.440926,1.2067953590000002,7.172818563999999
38.447963,1.035950208,7.856199168
38.455,1.109198356,7.563206576
38.462037,1.122358584,7.510565664
38.469074,1.0542193890000002,7.783122443999999
38.476111,1.1331113220000002,7.467554711999999
38.483148,1.2130420450000001,7.1478318199999995
38.490185,1.1718431950000001,7.3126272199999995
38.497222,1.1148392800000002,7.540642879999999
38.504259,1.0218137150000002,7.912745139999999
38.511296,1.26572063,6.93711748
38.518333,1.242988014,7.028047944
38.52537,1.2568463330000001,6.972614667999999
38.532407,1.252419972,6.990320112
38.539444,1.146726573,7.413093708
38.546481,1.235517049,7.057931804
38.553519,0.922876977999999,8.308492088000005
38.560524,1.1895236020000002,7.241905591999999
38.567519,1.127599621,7.489601516
38.574514,1.205874705,7.17650118
38.581508,1.159160995,7.36335602
38.588503,1.209850574,7.160597704
38.595498,1.084923649,7.660305404
38.602491,1.089100564,7.643597744
38.609486,1.270440006,6.918239976
38.616481,0.9756427650000001,8.09742894
38.623475,1.14929899,7.40280404
38.63047,0.941443824999999,8.234224700000004
38.637465,1.090969987,7.636120052
38.644462,1.004760818,7.980956728
38.650147,1.065287308999999,7.738850764000004
38.653417,1.2413667010000002,7.034533195999999
38.655745,1.104039745,7.58384102
38.659029,1.190660315,7.23735874
38.661355,1.02756043,7.88975828
38.66464,1.424863176,6.300547296
38.666963,1.2874145080000001,6.8503419679999995
38.671655,1.232050018,7.071799928
38.672572,0.950223939,8.199104244
38.675863,1.1755675840000002,7.297729663999999
38.678181,1.072358088,7.710567648
38.681475,1.2703100010000001,6.9187599959999995
38.687086,1.2977557950000003,6.808976819999999
38.692698,1.276109176,6.895563296
38.699712,1.1613049080000002,7.354780367999999
38.703921,1.1341565420000002,7.463373831999999
38.709532,1.350752192,6.596991232
38.715144,1.232223349,7.071106604
38.722158,1.156968908,7.372124368
38.72777,1.218189554,7.127241784
38.731978,1.187771635,7.24891346
38.73759,1.267934041,6.928263836
38.743201,1.2896979620000002,6.841208151999999
38.748813,1.140732961,7.437068156
38.75232,1.150582986,7.397668056
38.760036,1.373834925,6.5046603
38.765647,1.276337461,6.894650156
38.771259,1.3273121880000003,6.690751247999999
38.776871,1.269268231,6.922927076
38.783885,1.142377334,7.430490664
38.789496,1.18970521,7.24117916
38.793705,0.9387430720000001,8.245027711999999
38.799317,1.2312255669999999,7.075097732000001
38.804928,1.2320088910000002,7.071964435999999
38.81054,1.219969349,7.120122604
38.817554,1.246840601,7.012637596
38.821763,1.2000764660000003,7.199694135999999
38.827374,1.3455672310000002,6.617731075999999
38.832986,1.2191013149999999,7.123594740000001
38.84,1.250260477,6.998958092
38.844209,1.296336775,6.8146529
38.84982,1.225762968,7.096948128
38.855432,1.385850792,6.456596832
38.861043,1.266870503,6.932517988
38.865252,1.285849457,6.856602172
38.872266,1.287142758,6.851428968
38.877878,1.395190363,6.419238548
38.883489,1.3332316920000002,6.667073231999999
38.889101,1.331819005,6.67272398
38.896115,1.29698122,6.81207512
38.900324,1.2063636850000001,7.1745452599999995
38.905935,1.202617292,7.189530832
38.911547,1.2210782810000003,7.115686875999999
38.917158,1.127247219,7.491011124
38.924173,1.222691183,7.109235268
38.928381,1.162065034,7.351739864
38.933993,1.135324602,7.458701592
38.939604,1.166424994,7.334300024
38.945216,1.1722846080000002,7.310861567999999
38.949424,1.190088277,7.239646892
38.956439,1.17369235,7.3052306
38.96205,1.193639882,7.225440472
38.967662,1.259833045,6.96066782
38.973273,1.257565506,6.969737976
38.980288,1.2467854880000002,7.012858047999999
38.984496,1.223357286,7.106570856
38.990107,1.2344979910000002,7.062008035999999
38.995719,1.3407710460000002,6.636915815999999
39.001331,1.274327245,6.90269102
39.00554,1.178907838,7.284368648
39.012554,1.2263229750000002,7.094708099999999
39.018167,1.033353715,7.86658514
39.023777,1.2289918730000002,7.084032507999999
39.029387,1.102819591,7.588721636
39.033599,0.990930109,8.036279564
39.039159,0.9136741450000001,8.34530342
39.043318,0.79360023,8.82559908
39.047476,1.105229862,7.579080552
39.051636,0.9133872080000001,8.346451168
39.055794,0.9819969820000001,8.072012072
39.059954,0.9881546379999999,8.047381448
39.064112,1.0994530800000002,7.602187679999999
39.068269,1.13530277,7.45878892
39.072429,1.0749540210000001,7.700183915999999
39.076588,1.0250649930000002,7.899740027999999
39.080747,0.9485732790000001,8.205706884
39.084905,0.8517812370000002,8.592875052
39.089065,0.9597821120000001,8.160871552
39.093223,1.058938909,7.764244364
39.096342,0.9691284779999989,8.123486088000003
39.101541,0.9868741510000001,8.052503395999999
39.105698,0.8080054400000001,8.76797824
39.109858,0.7990124110000001,8.803950356
39.114017,1.096480715,7.61407714
39.117136,0.9152386670000001,8.339045332
39.122335,1.1042769430000001,7.5828922279999995
39.126494,0.8813381080000002,8.474647567999998
39.130652,0.98223846,8.07104616
39.13481,0.9652059559999999,8.139176176
39.13741,0.85364269,8.58542924
39.143129,1.0418438200000002,7.832624719999999
39.147169,1.1271208410000002,7.491516635999999
39.151111,1.074649262,7.701402952
39.155055,1.098408091,7.606367636
39.157519,1.005036997999999,7.979852008000004
39.163926,1.096273232,7.614907072
39.166883,0.9839904190000002,8.064038323999998
39.170825,1.112177956,7.551288176
39.174769,1.117948103,7.528207588
39.18019,1.2478799100000002,7.008480359999999
39.182655,1.2712160230000003,6.915135907999999
39.186598,1.2085346460000002,7.165861415999999
39.190541,1.1581029770000002,7.367588091999999
39.194483,1.170197415,7.31921034
39.198425,1.2855624440000002,6.857750223999999
39.202369,1.194468486,7.222126056
39.206311,1.044743049,7.821027804
39.210255,1.1545007710000001,7.381996915999999
39.214198,1.3090346339999999,6.7638614640000005
39.219126,1.2273172020000003,7.090731191999999
39.223068,1.208484697,7.166061212
39.226027,1.209745574,7.161017704
39.229969,1.140273738,7.438905048
39.233911,1.147039878,7.411840488
39.237855,1.2075616599999999,7.1697533600000005
39.241798,1.205210376,7.179158496
39.245741,1.04146666,7.83413336
39.249684,1.142041075,7.4318357
39.253628,1.1482490180000002,7.407003927999999
39.256584,1.275290179,6.898839284
39.261514,1.2105659720000002,7.157736111999999
39.265455,1.224745798,7.101016808
39.269397,1.173118758,7.307524968
39.273341,1.112762916,7.548948336
39.278271,1.1769391180000002,7.292243527999999
39.282213,1.203468728,7.186125088
39.285663,1.15656774,7.37372904
39.289114,1.011727142,7.953091432
39.293056,1.16016947,7.35932212
39.297984,1.189627993,7.241488028
39.301927,1.194736767,7.221052932
39.304883,1.2114949110000002,7.154020355999999
39.308827,1.1917257190000001,7.2330971239999995
39.31277,1.153986144,7.384055424
39.315727,1.08027904,7.67888384
39.320656,1.055802512,7.776789952
39.3246,1.075013328,7.699946688
39.328542,0.892292428,8.430830288
39.332484,1.1175355790000001,7.5298576839999996
39.336428,1.2191104769999999,7.123558092000001
39.34037,1.185167657999999,7.259329368000004
39.344313,1.038182485,7.84727006
39.348256,1.190856326,7.236574696
39.3522,0.9532025930000001,8.187189627999999
39.356142,1.148094761,7.407620956
39.360086,1.1767663840000002,7.292934463999999
39.364028,1.119753945,7.52098422
39.36797,1.119945812,7.520216752
39.371914,1.0997551970000001,7.6009792119999995
39.376843,1.1582004119999991,7.3671983520000035
39.379799,0.8892854139999999,8.442858344000001
39.383742,1.1443781540000002,7.422487383999999
39.387686,1.083992927,7.664028292
39.391628,1.128193288,7.487226848
39.396557,1.0965611620000002,7.613755351999999
39.4005,1.061861007,7.752555972
39.403456,1.1147463610000001,7.5410145559999995
39.4074,1.078218627,7.687125492
39.411358,1.102489262,7.590042952
39.416368,1.077945976,7.688216096
39.419371,1.0633228710000002,7.746708515999999
39.423172,1.092134385,7.63146246
39.431056,0.9831933260000001,8.067226695999999
39.435,0.9077651790000001,8.368939284
39.440263,0.9590708900000002,8.163716439999998
39.444209,1.00891748,7.96433008
39.450789,1.075552254,7.697790984
39.456054,1.163271694,7.346913224
39.461316,1.155138521,7.379445916
39.46658,0.9672002479999999,8.131199008
39.471842,1.0674358890000002,7.730256443999999
39.477104,1.1759748150000002,7.296100739999999
39.487632,1.057939081,7.768243676
39.492895,1.106835752,7.572656992
39.498158,1.063206522,7.747173912
39.503422,1.087593822,7.649624712
39.508684,0.9653532790000001,8.138586883999999
39.513946,0.936101107999999,8.255595568000004
39.519211,0.9289281650000001,8.284287339999999
39.524472,0.9219143680000002,8.312342527999999
39.529737,0.983044891,8.067820436
39.535,0.8709444690000001,8.516222123999999
39.539328,1.003603725,7.9855851
39.543657,0.8962518260000001,8.414992695999999
39.547986,0.9717057040000001,8.113177184
39.552313,0.8869682430000001,8.452127028
39.556641,0.8589720009999999,8.564111996000001
39.56097,0.9861486430000002,8.055405428
39.565299,1.0297655940000001,7.8809376239999995
39.569627,0.968912947,8.124348212000001
39.573955,0.9417313810000001,8.233074475999999
39.576662,0.952082283,8.191670868
39.582612,0.995895314,8.016418744
39.591269,0.9872843500000001,8.050862599999999
39.595596,1.0351070050000002,7.859571979999999
39.599925,0.9372355220000002,8.251057912
39.604254,1.062659431,7.749362276
39.608582,1.1147031070000002,7.541187571999999
39.61291,1.090405571,7.638377716
39.61724,1.0861873510000002,7.655250595999999
39.621567,1.054805624,7.780777504
39.625894,0.961399305,8.15440278
39.630224,1.05079459,7.79682164
39.634551,0.905153739,8.379385044
39.638881,1.00378828,7.98484688
39.643209,0.9374840740000001,8.250063703999999
39.647537,0.998233664,8.007065344
39.651866,0.699772644,9.200909423999999
39.656195,0.829049039,8.683803844
39.660522,0.9311733130000002,8.275306747999998
39.66485,0.8824505690000002,8.470197723999998
39.669179,0.8116193290000002,8.753522684
39.673507,1.0446336150000002,7.821465539999999
39.677836,0.9235795020000002,8.305681992
39.682164,0.8940735940000002,8.423705624
39.686494,0.8039386150000001,8.78424554
39.690821,0.7828535620000001,8.868585752
39.69515,0.9439552900000001,8.22417884
39.699478,0.9158977150000001,8.33640914
39.703805,0.8957667830000002,8.416932868
39.708134,0.9256283520000002,8.297486591999998
39.712463,0.8882988,8.446804799999999
39.716791,0.8860651140000002,8.455739544
39.721119,0.9962806770000001,8.014877292
39.725449,0.8432485940000001,8.627005623999999
39.729776,0.9337198210000002,8.265120715999998
39.734103,0.824778504,8.700885984
39.738433,0.9137639280000001,8.344944288
39.742545,0.5939999900000001,9.624000039999999
39.74276,0.8244365530000002,8.702253788
39.74709,0.7852038320000001,8.859184672
39.751418,1.064370639,7.742517444
39.755746,0.8819312930000001,8.472274828
39.760075,0.9465702060000001,8.213719176
39.768731,0.9659585830000001,8.136165668
39.773059,0.9053382750000001,8.3786469
39.777388,0.6670454030000001,9.331818387999999
39.781716,0.905543971,8.377824116
39.786045,1.027389932,7.890440272
39.789175,0.88400002,8.46399992
39.790373,1.0615966200000002,7.753613519999999
39.794703,1.0730000000000002,7.707999999999999
39.797948,0.9440000000000002,8.224
39.802276,0.914159226,8.343363096000001
39.808769,0.877,8.492
39.815802,0.937,8.251999999999999
39.81959,0.983215559,8.067137764
39.825,0.9121634240000001,8.351346304
39.829055,0.9482681040000001,8.206927583999999
39.830676,0.7019999699999999,9.19200012
39.833108,0.957584209,8.169663164
39.837162,0.715840238,9.136639048
39.841216,0.9260658500000001,8.2957366
39.84527,0.7699034389999999,8.920386244
39.84973,0.8885549779999999,8.445780088
39.853378,0.8670000000000002,8.532
39.856216,0.8979039670000002,8.408384131999998
39.861486,0.8590000000000002,8.564
39.863919,0.7870000100000001,8.85199996
39.865541,0.960988927,8.156044292
39.869595,0.808,8.768
39.873649,0.873,8.508
39.874864,0.925,8.3
39.877703,0.907,8.372
39.881757,0.9389516,8.2441936
39.885811,0.7412836730000001,9.034865308
39.889866,0.8246093270000001,8.701562692
39.893919,0.8523266790000001,8.590693284
39.895541,0.7389999700000001,9.04400012
39.897973,0.712,9.152000000000001
39.902027,0.669,9.324
39.906081,0.8569954510000002,8.572018195999998
39.910136,0.93338232,8.266470720000001
39.914189,0.8321739910000001,8.671304035999999
39.918243,0.49700000000000005,10.012
39.922297,0.5489999999999999,9.804
39.926351,0.6020000000000001,9.591999999999999
39.927972,0.39599999,10.41600004
39.93,0.8987244839999999,8.405102064000001
39.931216,0.9425613160000001,8.229754736
39.935268,0.827116476999999,8.691534092000005
39.93932,0.5980000000000001,9.608
39.943373,0.8631976720000001,8.547209312
39.947426,0.7933828119999999,8.826468752
39.951478,0.9019999999999999,8.392
39.95553,1.057532716,7.769869136
39.959582,1.0033249139999991,7.9867003440000035
39.961204,0.77700002,8.89199992
39.963635,0.778,8.888
39.967688,0.7410000000000001,9.036
39.97174,0.81,8.76
39.975793,1.053025889,7.787896444
39.979844,0.7210000000000001,9.116
39.983897,0.9975486280000001,8.009805488
39.98795,0.9253144740000001,8.298742103999999
39.992002,1.0207536700000002,7.916985319999999
39.992813,0.746,9.016
39.996055,1.0149561640000002,7.940175343999999
40.000106,1.022476423,7.910094308
40.00416,0.9326567530000001,8.269372988
40.008212,0.655,9.379999999999999
40.012265,0.939230907,8.243076372
40.016317,0.980662274,8.077350904
40.020369,1.0430174950000002,7.827930019999999
40.024422,0.9944306490000001,8.022277404
40.025233,0.71300001,9.14799996
40.028474,1.070228326,7.719086696
40.032527,1.025315094,7.898739624
40.036579,0.8720000000000001,8.512
40.040631,0.9950273510000001,8.019890596
40.044684,0.7270000000000001,9.091999999999999
40.048737,0.9437928680000001,8.224828528
40.056031,0.877233672,8.491065312
40.058462,0.71700002,9.13199992
40.060083,1.018214452,7.927142192
40.064136,0.946079361,8.215682556
40.067377,0.7370000000000001,9.052
40.072242,0.6859999999999999,9.256
40.076293,0.716721106,9.133115576
40.080346,0.804,8.783999999999999
40.084398,0.38899999999999996,10.444
40.088451,0.38499999999999995,10.46
40.090071,0.39000000000000007,10.44
40.092504,0.5760000000000001,9.696
40.096555,0.5190000000000001,9.924
40.101006,0.49300000000000005,10.028
40.105556,0.334,10.664
40.110107,0.5270000000000001,9.892
40.114657,0.6839999999999999,9.264
40.119207,0.623,9.508
40.123756,0.7070000000000001,9.172
40.125577,0.7839999900000001,8.86400004
40.128307,0.728,9.088000000000001
40.132857,0.714,9.144
40.137408,0.758,8.968
40.141957,0.7829999999999999,8.868
40.146508,0.7610000000000001,8.956
40.151078,0.6779999999999999,9.288
40.155219,0.5589999999999999,9.764
40.160278,0.504,9.984
40.163038,0.5980000000000001,9.608
40.164877,0.673,9.308
40.169478,0.5449999999999999,9.82
40.173158,0.548,9.808
40.178677,0.39899999999999997,10.404
40.182818,0.526,9.896
40.187329,0.573,9.708
40.191382,0.5900000000000001,9.64
40.195435,0.563,9.748000000000001
40.197056,0.40299999000000003,10.38800004
40.199487,0.7070000000000001,9.172
40.20354,0.5860000000000001,9.655999999999999
40.204756,0.8400000000000001,8.64
40.207593,0.639,9.443999999999999
40.211646,0.6890000000000001,9.244
40.21286,0.714,9.144
40.214888,0.6910000000000001,9.236
40.219751,0.833,8.668
40.220155,0.663,9.347999999999999
40.223804,0.548,9.808
40.227855,0.6240000000000001,9.504
40.227855,0.706,9.176
40.229476,0.45799998999999997,10.16800004
40.235959,0.48199999999999993,10.072000000000001
40.24528,0.28900000000000003,10.844
40.25379,0.5070000000000001,9.972
40.26149,0.22800000000000004,11.088
40.262706,0.34700000000000003,10.612
40.269999,0.13,11.48
40.277109,0.033,11.868
40.284218,0.21400000000000002,11.144
40.289431,-0.05199999999999999,12.208
40.291326,0.010000000000000009,11.96
40.298435,0.22000000000000003,11.12
40.305543,0.21900000000000003,11.124
40.312652,0.267,10.932
40.314074,0.149999999,11.400000004
40.31905,0.307,10.772
40.326158,0.341,10.636
40.333266,0.5130000000000001,9.948
40.335947,0.162000001,11.351999996
40.340376,0.341,10.636
40.347485,0.29000000000000004,10.84
40.354593,0.449,10.204
40.360872,0.39699999999999996,10.412
40.361702,0.5569999999999999,9.772
40.367389,0.5389999999999999,9.844000000000001
40.375919,0.46,10.16
40.383028,0.6440000000000001,9.424
40.390136,0.49500000000000005,10.02
40.392034,0.435,10.26
40.397245,0.329,10.684
40.404353,0.37899999999999995,10.484
40.411462,0.651,9.396
40.415727,0.738,9.048
40.424257,0.454,10.184
40.424469,0.452,10.192
40.431722,0.7130000000000001,9.148
40.43883,0.601,9.596
40.445939,0.687,9.251999999999999
40.453049,0.8140000000000001,8.744
40.456247,0.9400000000000002,8.239999999999998
40.460157,0.806,8.776
40.46691,0.683,9.268
40.474373,0.7829999999999999,8.868
40.481483,0.8750000000000002,8.5
40.484681,0.7410000000000001,9.036
40.488592,0.76,8.96
40.4957,0.609,9.564
40.502808,1.08,7.68
40.509916,0.9650000000000001,8.14
40.513115,0.696,9.216000000000001
40.517026,0.9710000000000001,8.116
40.524135,0.752,8.992
40.532248,1.1849999999999998,7.260000000000001
40.539057,0.962,8.152000000000001
40.540418,0.978,8.088000000000001
40.558612,0.8779999999999999,8.488
40.563587,1.157,7.372
40.570697,0.9559999800000001,8.17600008
40.571052,1.082,7.672
40.57816,1.118,7.528
40.585624,1.016,7.936
40.592021,0.7390000000000001,9.044
40.599131,0.919,8.324
40.599131,0.98100002,8.075999920000001
40.605529,1.115,7.54
40.612282,1.273,6.908
40.621168,1.073,7.708
40.627565,0.9289999700000002,8.284000119999998
40.627921,0.9989999999999999,8.004000000000001
40.635029,1.0370000000000001,7.851999999999999
40.641427,0.9520000000000002,8.192
40.648537,0.909,8.364
40.655645,1.0370000000000001,7.851999999999999
40.656,0.79500003,8.819999880000001
40.666767,0.938,8.248000000000001
40.680524,1.0090000000000001,7.9639999999999995
40.690693,0.8500000000000001,8.6
40.703255,1.002,7.992
40.703852,0.8970000300000001,8.41199988
40.716415,0.879,8.484
40.728376,0.9930000000000001,8.027999999999999
40.740339,0.915,8.34
40.751705,0.9710000300000001,8.11599988
40.752302,0.8200000000000001,8.719999999999999
40.764265,0.9019999999999999,8.392
40.77623,0.804,8.783999999999999
40.78879,0.8310000000000002,8.675999999999998
40.799556,0.73799999,9.04800004
40.801351,0.929,8.283999999999999
40.812716,0.879,8.484
40.824081,1.0050000000000001,7.9799999999999995
40.836045,0.97,8.120000000000001
40.847407,0.8330000200000001,8.66799992
40.848605,0.817,8.732
40.860567,1.071,7.716
40.872531,1.055,7.78
40.884495,1.061,7.756
40.896457,0.8190000000000002,8.724
40.90842,0.7150000000000001,9.14
40.920382,0.9790000000000001,8.084
40.932346,0.903,8.388
40.94431,0.883,8.468
40.956272,1.072,7.712
40.968235,0.982,8.072
40.980197,0.913,8.347999999999999
40.992161,0.879,8.484
41.004126,0.9600000000000002,8.16
41.016087,0.8819999999999999,8.472000000000001
41.027452,0.677,9.292
41.039415,0.8740000000000001,8.504
41.049584,1.0490000000000002,7.803999999999999
41.062146,0.9710000000000001,8.116
41.074108,0.8230000000000002,8.707999999999998
41.087267,0.8620000000000001,8.552
41.089633,1.043,7.828
41.099231,0.9830000000000001,8.068
41.112306,1.122,7.512
41.113586,0.7670000000000001,8.931999999999999
41.121961,0.8300000000000001,8.68
41.133923,0.817,8.732
41.134982,0.8590000000000002,8.564
41.145658,0.79,8.84
41.148038,0.714,9.144
41.15191,0.605,9.58
41.15755,1.0050000000000001,7.9799999999999995
41.162446,0.909,8.364
41.166359,0.8660000000000001,8.536
41.172984,1.006,7.976
41.175166,1.028,7.888
41.183976,0.861,8.556000000000001
41.192785,0.9280000000000002,8.288
41.201593,0.921,8.315999999999999
41.210402,0.798,8.808
41.21921,0.8320000000000001,8.672
41.228019,0.7490000000000001,9.004
41.236829,0.9200000000000002,8.32
41.245636,0.9339999999999999,8.264
41.254445,0.8960000000000001,8.416
41.263253,0.9040000000000001,8.384
41.272062,0.7390000000000001,9.044
41.280872,0.913,8.347999999999999
41.289679,0.8340000000000001,8.664
41.298488,0.913,8.347999999999999
41.307296,0.522,9.911999999999999
41.316105,0.8200000000000001,8.719999999999999
41.324915,0.81,8.76
41.333722,0.8280000000000001,8.687999999999999
41.342531,0.798,8.808
41.351339,0.8899999999999999,8.440000000000001
41.360148,0.9099999999999999,8.36
41.368958,0.817,8.732
41.377766,0.706,9.176
41.386574,0.8070000000000002,8.771999999999998
41.395382,0.75,9.0
41.404191,0.5410000000000001,9.835999999999999
41.413001,0.609,9.564
41.423918,0.7190000000000001,9.123999999999999
41.434837,0.708,9.168
41.437022,1.0310000000000001,7.8759999999999994
41.456673,0.8980000000000001,8.408
41.459949,0.873,8.508
41.464317,0.9840000000000002,8.064
41.469776,0.9720000000000002,8.111999999999998
41.477418,0.718,9.128
41.480694,0.931,8.276
41.486153,0.9020000000000001,8.392
41.491613,0.9299999999999999,8.280000000000001
41.494889,0.748,9.008
41.503621,0.573023592233658,9.707905631065369
41.512356,0.615,9.54
41.513449,0.627,9.492
41.52,0.5900000000000001,9.64
41.523869,0.407,10.372
41.524836,0.5010000000000001,9.995999999999999
41.526769,0.329,10.684
41.528704,0.7650000000000001,8.94
41.530638,0.6739999999999999,9.304
41.53354,0.5129999999999999,9.948
41.53354,0.9080000000000001,8.367999999999999
41.539343,0.698,9.208
41.544178,0.6863988685607911,9.254404525756836
41.551915,0.6620000000000001,9.352
41.552883,0.6699999999999999,9.32
41.559654,0.6910000000000001,9.236
41.562554,0.76,8.96
41.567391,0.8560000000000001,8.576
41.572225,0.667,9.332
41.582864,0.659,9.364
41.588666,0.5860000000000001,9.655999999999999
41.597853,0.542,9.832
41.607526,0.5329999999999999,9.868
41.611974,0.5429999999999999,9.828
41.617198,0.5720000000000001,9.712
41.622957,0.528,9.888
41.628068,0.447,10.212
41.636305,0.683,9.268
41.64085,0.562,9.751999999999999
41.648977,0.6699999999999999,9.32
41.655021,0.679,9.283999999999999
41.661647,0.538,9.847999999999999
41.66852,0.47800000000000004,10.088
41.674318,0.6340000000000001,9.463999999999999
41.686988,0.5189999999999999,9.924
41.69966,0.7030000000000001,9.187999999999999
41.712332,0.8150000000000002,8.739999999999998
41.725002,0.7529999999999999,8.988
41.737673,0.784,8.864
41.750343,0.7529999999999999,8.988
41.763015,0.8030000000000002,8.788
41.775688,0.6160000000000001,9.536
41.788358,0.6360000000000001,9.456
41.801029,0.625,9.5
41.813699,0.613,9.548
41.826371,0.714,9.144
41.839043,0.625,9.5
41.851713,0.677,9.292
41.864384,0.5820000000000001,9.672
41.877054,0.54,9.84
41.889726,0.6839999999999999,9.264
41.898597,0.7,9.2
41.915,0.516,9.936
41.9275,0.6619999999999999,9.352
41.939999,0.8049999999999999,8.780000000000001
41.95,0.687,9.251999999999999
41.965001,0.8049999999999999,8.780000000000001
41.9775,0.849,8.604
41.988749,0.8480000000000001,8.608
42.002499,0.6579999999999999,9.368
42.015034,0.8520000000000001,8.591999999999999
42.027619,0.6739999999999999,9.304
42.038314,0.798,8.808
42.052785,0.9760000000000002,8.096
42.065368,0.9400000000000002,8.239999999999998
42.076065,0.869,8.524000000000001
42.091795,0.8600000000000001,8.559999999999999
42.103121,0.762,8.952
42.115705,0.893,8.428
42.130805,0.8660000000000001,8.536
42.14213,0.9080000000000001,8.367999999999999
42.153458,0.8400000000000001,8.64
42.16604,0.9339999999999999,8.264
42.176737,0.857,8.572
42.193725,0.8900000000000001,8.44
42.203792,0.845,8.620000000000001
42.216377,0.722,9.112
42.227072,0.8630000000000002,8.547999999999998
42.242802,0.7310000000000001,9.076
42.252869,0.837,8.652000000000001
42.264824,0.7930000000000001,8.828
42.276779,0.734,9.064
42.291879,0.7070000000000001,9.172
42.304463,0.798,8.808
42.318933,0.605,9.58
42.329631,0.8430000000000002,8.628
42.342216,0.7710000000000001,8.916
42.351023,0.8620000000000001,8.552
42.358574,0.7689999999999999,8.924
42.364866,0.718,9.128
42.366123,0.829,8.684000000000001
42.373676,0.6910000000000001,9.236
42.38625,0.49900000000000005,10.004
42.39875,0.5349999999999999,9.86
42.411249,0.7969999999999999,8.812000000000001
42.42375,0.669,9.324
42.434376,0.692,9.232
42.448126,0.7030000000000001,9.187999999999999
42.46125,0.601,9.596
42.473749,0.6839999999999999,9.264
42.48625,0.589,9.644
42.498751,0.7829999999999999,8.868
42.51125,0.7390000000000001,9.044
42.52375,0.742,9.032
42.536249,0.7210000000000001,9.116
42.54875,0.502,9.992
42.561251,0.73,9.08
42.57375,0.581,9.676
42.582895,0.35200000000000004,10.592
42.591666,0.5820000000000001,9.672
42.6,0.5900000000000001,9.64
42.609211,0.597,9.612
42.619737,0.661,9.356
42.626754,0.687,9.251999999999999
42.633772,0.6140000000000001,9.544
42.645175,0.54,9.84
42.653071,0.47700000000000004,10.092
42.661842,0.4020000000000001,10.392
42.670614,0.5310000000000001,9.876
42.680763,0.38899999999999996,10.444
42.692293,0.5170000000000001,9.931999999999999
42.703822,0.526,9.896
42.71535,0.6440000000000001,9.424
42.726878,0.259,10.964
42.738406,0.34500000000000003,10.62
42.748784,0.6740000000000002,9.303999999999998
42.761465,0.7129999999999999,9.148
42.771839,0.3,10.8
42.784521,0.43,10.28
42.796048,0.5409999999999999,9.836
42.807578,0.36499999999999994,10.540000000000001
42.819107,0.4639999999999999,10.144
42.829482,0.5780000000000001,9.687999999999999
42.842163,0.424,10.304
42.853691,0.39099999999999996,10.436
42.86522,0.333,10.668
42.87675,0.38000000000000006,10.48
42.888277,0.8350000000000002,8.66
42.899806,0.427,10.292
42.911333,0.49500000000000005,10.02
42.922863,0.38600000000000007,10.456
42.934392,0.5090000000000001,9.963999999999999
42.94592,0.247,11.012
42.957448,0.467,10.132
42.968976,0.40599999999999997,10.376
42.974396,0.343,10.628
42.980505,0.35200000000000004,10.592
42.984998,0.4040000000000001,10.384
42.992035,0.47600000000000003,10.096
42.996134,0.3,10.8
43.003562,0.601,9.596
43.00727,0.449,10.204
43.015091,0.52,9.92
43.018405,0.332,10.672
43.026618,0.6620000000000001,9.352
43.02954,0.291,10.836
43.038148,0.37099999999999994,10.516
43.040676,0.317,10.732
43.051812,0.39099999999999996,10.436
43.062948,0.37800000000000006,10.488
43.074083,0.135,11.46
43.07965,0.299,10.804
43.085415,0.36699999999999994,10.532
43.096942,0.28099999999999997,10.876
43.108472,0.248,11.008
43.120001,0.306,10.776
43.13116,0.48999999999999994,10.040000000000001
43.14232,0.338,10.648
43.153479,0.133,11.468
43.16464,0.5070000000000001,9.972
43.175801,0.38600000000000007,10.456
43.18696,0.36000000000000004,10.56
43.19812,0.5780000000000001,9.687999999999999
43.209279,0.5660000000000001,9.736
43.22044,0.5609999999999999,9.756
43.231601,0.36899999999999994,10.524000000000001
43.24276,0.421,10.316
43.25392,0.52,9.92
43.265079,0.5549999999999999,9.780000000000001
43.27624,0.38800000000000007,10.448
43.287401,0.42,10.32
43.296327,0.807144418,8.771422328
43.29856,0.502,9.992
43.30972,0.437,10.252
43.320879,0.438,10.248
43.329808,0.49400000000000005,10.024
43.340968,0.518,9.928
43.355477,0.467,10.132
43.36552,0.7729999999999999,8.908000000000001
43.376679,-0.254,13.016
43.38784,0.38400000000000006,10.464
43.397884,0.417,10.332
43.409,0.237,11.052
43.411,0.730169072,9.079323712
43.419,0.595,9.620000000000001
43.428,0.946,8.216000000000001
43.437,0.48900000000000005,10.044
43.4465,0.629,9.484
43.459,0.798,8.808
43.469,0.5349999999999999,9.86
43.478999,0.335,10.66
43.489,0.615,9.54
43.499001,0.21600000000000003,11.136
43.507806,0.11900000000000005,11.524
43.522958,0.428,10.288
43.531378,0.6699999999999999,9.32
43.543163,0.778,8.888
43.553265,0.696,9.216000000000001
43.56449,0.661,9.356
43.576837,0.5449999999999999,9.82
43.5875,0.5130000000000001,9.948
43.599286,0.571,9.716000000000001
43.609388,0.443,10.228
43.615,0.5655168590000001,9.737932564
43.619627,0.42,10.32
43.634669,0.319,10.724
43.645081,0.631,9.475999999999999
43.656653,0.6380000000000001,9.448
43.668224,0.613,9.548
43.682107,0.554,9.783999999999999
43.692521,0.5329999999999999,9.868
43.707562,0.49700000000000005,10.012
43.719131,0.453,10.188
43.724511,0.467,10.132
43.730702,0.5820000000000001,9.672
43.730702,0.7012579290000001,9.194968284
43.735865,0.558,9.768
43.742274,0.44,10.24
43.748358,0.39299999999999996,10.428
43.753843,0.39000000000000007,10.44
43.75858,0.524,9.904
43.770041,0.663,9.347999999999999
43.781612,0.49100000000000005,10.036
43.793181,0.37899999999999995,10.484
43.804752,0.416,10.336
43.816323,0.453,10.188
43.827893,0.6200000000000001,9.52
43.838305,0.7314634539999989,9.074146184000004
43.84062,0.569,9.724
43.851032,0.508,9.968
43.862603,0.43,10.28
43.874175,0.462,10.152
43.885744,0.36099999999999993,10.556000000000001
43.897625,0.522,9.911999999999999
43.910749,0.5549999999999999,9.780000000000001
43.923217,0.6560000000000001,9.376
43.937001,0.651,9.396
43.950125,0.6000000000000001,9.6
43.96325,0.577,9.692
43.97375,0.7945132770000001,8.821946892
43.976374,0.48999999999999994,10.040000000000001
43.9895,0.621,9.516
44.002321,0.5269999999999999,9.892
44.01392,0.5529999999999999,9.788
44.02552,0.7810000000000001,8.876
44.037119,0.8390000000000002,8.643999999999998
44.04872,0.605,9.58
44.060321,0.732,9.072
44.07192,0.6700000000000002,9.32
44.08352,0.571,9.716000000000001
44.0928,0.8448387900000001,8.62064484
44.095119,0.6060000000000001,9.576
44.106139,0.71,9.16
44.118321,0.49599999999999994,10.016
44.12992,0.7370000000000001,9.052
44.14152,0.6740000000000002,9.303999999999998
44.153119,0.6240000000000001,9.504
44.16472,0.5680000000000001,9.728
44.176321,0.6180000000000001,9.527999999999999
44.18676,0.768,8.928
44.20068,0.724,9.104
44.2088,0.853911241999999,8.584355032000005
44.211119,0.6420000000000001,9.431999999999999
44.22272,0.7230000000000001,9.108
44.22862,0.6930000000000001,9.228
44.234321,0.7590000000000001,8.963999999999999
44.240391,0.621,9.516
44.24592,0.687,9.251999999999999
44.252879,0.448,10.208
44.25752,0.6020000000000001,9.591999999999999
44.26448,0.562,9.751999999999999
44.276081,0.49700000000000005,10.012
44.28768,0.6280000000000001,9.488
44.298163,0.5,10.0
44.308366,0.48400000000000004,10.064
44.318571,0.987423978,8.050304088
44.328777,0.5210000000000001,9.916
44.33898,0.833,8.668
44.349184,0.788,8.847999999999999
44.359387,0.7649999999999999,8.940000000000001
44.369592,0.7369999999999999,9.052
44.374694,0.51,9.96
44.379797,1.007,7.972
44.389491,0.546,9.815999999999999
44.401111,0.546,9.815999999999999
44.412221,0.5840000000000001,9.664
44.423333,0.9465337909999991,8.213864836000003
44.434446,0.6890000000000001,9.244
44.445556,0.8030000000000002,8.788
44.456667,0.788,8.847999999999999
44.467777,0.8140000000000001,8.744
44.478889,0.655,9.379999999999999
44.481111,0.898645345999999,8.405418616000004
44.490001,0.673,9.308
44.500284,0.6200000000000001,9.52
44.510567,0.7,9.2
44.52085,0.8350000000000002,8.66
44.531135,0.5720000000000001,9.712
44.539362,0.915328269,8.338686924000001
44.541419,0.6980000000000002,9.207999999999998
44.551702,0.5700000000000001,9.719999999999999
44.561986,0.935,8.26
44.573298,0.8,8.8
44.582553,0.744,9.024000000000001
44.589753,0.7909999999999999,8.836
44.603121,0.7989999999999999,8.804
44.613404,0.724,9.104
44.623687,0.938,8.248000000000001
44.631915,0.9911087199999999,8.035565120000001
44.633972,0.7869999999999999,8.852
44.644256,0.7969999999999999,8.812000000000001
44.654539,0.609,9.564
44.664823,0.7769999999999999,8.892
44.675105,0.623,9.508
44.68539,0.7509999999999999,8.996
44.695675,0.712,9.152000000000001
44.705957,0.5469999999999999,9.812000000000001
44.716241,0.746,9.016
44.726011,0.6660000000000001,9.335999999999999
44.736809,0.8339999999999999,8.664000000000001
44.737127,0.8706447100000001,8.51742116
44.747093,0.6560000000000001,9.376
44.757376,0.655,9.379999999999999
44.76766,0.754,8.984
44.772802,0.752,8.992
44.777942,0.748,9.008
44.783936,0.5800000000000001,9.68
44.790495,0.675,9.3
44.797054,0.5880000000000001,9.648
44.803615,0.667,9.332
44.810172,0.673,9.308
44.816733,0.702,9.192
44.823292,0.6560000000000001,9.376
44.829851,0.7209999999999999,9.116
44.836412,0.6840000000000002,9.264
44.842969,0.49599999999999994,10.016
44.84953,0.7049999999999998,9.18
44.862649,0.685,9.26
44.875766,0.764,8.943999999999999
44.888886,0.585,9.66
44.899381,0.781967691,8.872129236
44.902006,0.5740000000000001,9.704
44.915124,0.7669999999999999,8.932
44.928243,0.5840000000000001,9.664
44.94136,1.015,7.94
44.95448,0.73,9.08
44.9676,0.736,9.056000000000001
44.980718,0.633,9.468
44.991213,0.8587417220000002,8.565033111999998
44.993837,0.55,9.8
45.006954,0.7389999999999999,9.044
45.020074,0.647,9.411999999999999
45.033194,0.7249999999999999,9.100000000000001
45.051071,0.6740000000000002,9.303999999999998
45.05659,0.7070000000000001,9.172
45.06211,0.577,9.692
45.06763,0.639,9.443999999999999
45.073149,0.6840000000000002,9.264
45.078669,0.679,9.283999999999999
45.079221,0.76320999,8.94716004
45.084188,0.5900000000000001,9.64
45.089708,0.716,9.136
45.095228,0.6680000000000001,9.328
45.100747,0.649,9.404
45.106266,0.6600000000000001,9.36
45.111785,0.6280000000000001,9.488
45.117305,0.6480000000000001,9.408
45.122825,0.595,9.620000000000001
45.128344,0.575,9.7
45.133532,0.750003121,8.999987516000001
45.134415,0.613,9.548
45.145011,0.5980000000000001,9.608
45.153842,0.5410000000000001,9.835999999999999
45.162673,0.605,9.58
45.171502,0.27,10.92
45.180333,0.611,9.556000000000001
45.187837,0.7,9.2
45.197993,0.657,9.372
45.206824,0.643,9.428
45.214771,0.800221107,8.799115572
45.215654,0.603,9.588000000000001
45.224484,0.692,9.232
45.233313,0.7090000000000001,9.164
45.242144,0.536,9.856
45.250976,0.5660000000000001,9.736
45.259805,0.677,9.292
45.268635,0.5549999999999999,9.780000000000001
45.273051,0.621,9.516
45.277465,0.6970000000000001,9.212
45.281881,0.6620000000000001,9.352
45.286296,0.748,9.008
45.290711,0.76,8.96
45.296448,0.6890000000000001,9.244
45.29954,0.6500000000000001,9.399999999999999
45.308372,0.6731210270000001,9.307515892
45.317203,0.556,9.776
45.326032,0.7290000000000001,9.084
45.334862,0.704,9.184000000000001
45.343692,0.778,8.888
45.352523,0.627,9.492
45.361354,0.5370000000000001,9.852
45.370183,0.639,9.443999999999999
45.379014,0.853,8.588000000000001
45.387843,0.6420000000000001,9.431999999999999
45.396674,0.5150000000000001,9.94
45.403739,0.748571149,9.005715404
45.405505,0.6660000000000001,9.335999999999999
45.414335,0.7250000000000001,9.1
45.423165,0.663,9.347999999999999
45.431995,0.768,8.928
45.440826,0.6540000000000001,9.384
45.449657,0.5190000000000001,9.924
45.458486,0.8089999999999999,8.764
45.467317,0.5589999999999999,9.764
45.476146,0.6260000000000001,9.495999999999999
45.484977,0.5760000000000001,9.696
45.492041,0.741510264,9.033958944
45.493808,0.726,9.096
45.502638,0.5290000000000001,9.884
45.511468,0.7409999999999999,9.036000000000001
45.519499,0.37899999999999995,10.484
45.527,0.44977785600000003,10.200888576
45.534501,0.569533184,9.721867264
45.542,0.672524586,9.309901656000001
45.5495,0.503708794,9.985164824
45.556999,0.672136083,9.311455668
45.5645,0.5670291920000001,9.731883232
45.572001,0.6850516340000001,9.259793464
45.5795,0.628600582,9.485597672
45.587,0.6504832650000001,9.39806694
45.594499,0.6122433979999999,9.551026408
45.602,0.5119986080000001,9.952005568
45.609501,0.5418446800000001,9.83262128
45.617,0.46018017800000005,10.159279288
45.625537,0.24980539000000002,11.00077844
45.634764,0.47003079900000005,10.119876804
45.643993,0.51078023,9.95687908
45.653222,0.6049865329999999,9.580053868
45.66245,0.5210290399999999,9.91588384
45.671678,0.578563436,9.685746256
45.680905,0.672930136,9.308279456000001
45.690134,0.626088067,9.495647732
45.699363,0.6258160020000001,9.496735992
45.708591,0.45861764200000005,10.165529432
45.717819,0.5958851119999999,9.616459552
45.727046,-0.048932790999999976,12.195731164
45.736275,0.5926970090000001,9.629211964
45.745504,0.576920077,9.692319692
45.754732,0.6058236210000001,9.576705516
45.76396,0.665384247,9.338463012
45.773187,0.52217628,9.91129488
45.782416,0.5435502970000001,9.825798811999999
45.791645,0.5232891290000001,9.906843484
45.802718,0.52227877,9.91088492
45.810101,0.510560884,9.957756464
45.819328,0.491048231,10.035807076
45.828557,0.590320333,9.638718668
45.837786,0.6139154280000001,9.544338287999999
45.847013,0.6056364320000001,9.577454272
45.856242,0.7312597780000001,9.074960888
45.865469,0.694568708,9.221725167999999
45.874698,0.533392235,9.86643106
45.883927,0.52403964,9.90384144
45.893154,0.514219328,9.943122687999999
45.900263,0.538108274,9.847566904
45.906841,0.5502869029999999,9.798852388
45.913421,0.349512666,10.601949336
45.920001,0.347130283,10.611478868
45.927895,0.5674285729999999,9.730285708
45.933158,0.539599731,9.841601076
45.939736,0.5785515750000001,9.6857937
45.946316,0.5748685440000001,9.700525824
45.952895,0.5260625030000001,9.895749987999999
45.959474,0.6395723959999999,9.441710416
45.966053,0.667506948,9.329972208000001
45.972631,0.2857093949999999,10.85716242
45.979211,0.5564180160000001,9.774327935999999
45.98579,0.31563664900000005,10.737453404
45.999358,0.367684215,10.52926314
46.006622,0.52306421,9.907743159999999
46.013887,0.42226167,10.31095332
46.021152,0.6148481210000001,9.540607516
46.028415,0.5625716890000001,9.749713243999999
46.035679,0.605550601,9.577797596
46.042943,0.664413586,9.342345655999999
46.050208,0.616943105,9.53222758
46.057472,0.481568947,10.073724212
46.064736,0.57567875,9.697285
46.072,0.620081141,9.519675436
46.079263,0.53657256,9.853709760000001
46.086528,0.564298078,9.742807688
46.093793,0.63481985,9.4607206
46.101057,0.5830248140000001,9.667900744
46.108321,0.5534473200000001,9.78621072
46.114858,0.6476079960000001,9.409568016
46.122849,0.574354872,9.702580512
46.12975,0.6670712970000001,9.331714812
46.13883,0.680814042,9.276743832000001
46.144642,0.724858835,9.10056466
46.151905,0.605555906,9.577776376
46.15917,0.49659802000000003,10.01360792
46.165708,0.52670963,9.89316148
46.173698,0.7222682979999999,9.110926808
46.180962,0.773013189,8.907947243999999
46.1875,0.5577352790000001,9.769058884
46.194765,0.676020458,9.295918168
46.202755,0.729585245,9.08165902
46.210019,0.7345642590000001,9.061742964
46.217283,0.752804949,8.988780204000001
46.224546,0.7405994079999989,9.037602368000005
46.231811,0.5809468170000001,9.676212732
46.239076,0.661640599,9.353437604
46.24634,0.6914426230000001,9.234229507999999
46.253604,0.5938036289999999,9.624785484
46.260867,0.563603565,9.74558574
46.268132,0.618693247,9.525227012
46.275397,0.462948128,10.148207488
46.28266,0.447413876,10.210344496
46.289925,0.5862123510000001,9.655150595999999
46.297188,0.43644298600000003,10.254228056
46.304453,0.504619792,9.981520832000001
46.311718,0.5308633890000001,9.876546443999999
46.318981,0.592829719,9.628681124
46.326245,0.613912835,9.54434866
46.333509,0.6983850739999999,9.206459704
46.340774,0.472666934,10.109332264
46.348038,0.41875921099999996,10.324963156
46.355302,0.484803413,10.060786348
46.362566,0.52724791,9.89100836
46.369829,0.347803672,10.608785312
46.377094,0.34408161500000006,10.62367354
46.384025,-0.03139531099999998,12.125581244
46.38939,0.388671492,10.445314032
46.397439,0.4519894770000001,10.192042092
46.404146,0.5030947670000001,9.987620931999999
46.410854,0.42003405600000004,10.319863776
46.417562,0.437120621,10.251517516
46.424268,0.503894453,9.984422188
46.430976,0.613887404,9.544450384000001
46.437682,0.5127373390000001,9.949050644
46.44439,0.505289619,9.978841524
46.451098,0.44689506800000006,10.212419728
46.457805,0.406036918,10.375852328
46.464512,0.340958689,10.636165244
46.471219,0.311409404,10.754362384
46.477927,0.20418403000000002,11.18326388
46.484635,0.489432876,10.042268496
46.491918,0.43315628599999995,10.267374856
46.501507,0.523622845,9.905508619999999
46.511095,0.48477781299999995,10.060888748
46.520685,0.336528515,10.65388594
46.530275,0.381824617,10.472701532
46.539863,0.37805197100000004,10.487792116
46.549452,0.528965538,9.884137848
46.55904,0.5004793160000001,9.998082736
46.56863,0.33586332700000004,10.656546692
46.580137,0.36175400500000005,10.55298398
46.587808,0.39750823900000004,10.409967044
46.597397,0.2884983689999999,10.846006524
46.606985,0.31763346099999995,10.729466156
46.616575,0.251023453,10.995906188
46.626165,0.35527983,10.57888068
46.635753,0.341145035,10.63541986
46.645342,0.329048108,10.683807568
46.654931,0.413340416,10.346638336
46.664521,0.288017225,10.8479311
46.674111,0.494442549,10.022229804
46.683699,0.330591571,10.677633716
46.693288,0.35800128800000003,10.567994848
46.702876,0.42509710399999995,10.299611584
46.712466,0.43955024700000006,10.241799012
46.722056,0.47063207299999993,10.117471708
46.731644,-0.220602933,12.882411732
46.741233,0.24052972700000003,11.037881092
46.750821,0.13331698600000003,11.466732056
46.760411,0.34050109600000006,10.637995616
46.770001,0.24139125300000003,11.034434988
46.77765,0.19075403700000004,11.236983852
46.785301,0.038746346000000015,11.845014616
46.79295,0.285953667,10.856185331999999
46.800601,0.39517098300000003,10.419316068
46.808252,0.336386185,10.65445526
46.815902,0.34416359300000005,10.623345628
46.823552,0.37256830599999996,10.509726776
46.831201,0.43814426300000003,10.247422948
46.837322,0.3820194860000001,10.471922056
46.846503,0.21895004499999998,11.12419982
46.854153,0.08750081599999998,11.649996736
46.861803,0.242467698,11.030129208
46.869453,0.2689929569999999,10.924028172
46.877104,0.2756903429999999,10.897238628
46.884755,0.194893349,11.220426604
46.892404,0.23340174200000002,11.066393032
46.900055,0.07561635500000002,11.69753458
46.907704,0.258300778,10.966796888
46.915355,0.202029016,11.191883936
46.919945,0.34724551100000006,10.611017956
46.930656,0.280650389,10.877398444
46.938306,0.219869661,11.120521356
46.945956,0.22196688000000003,11.11213248
46.953607,0.290446023,10.838215908
46.961258,0.28304206800000004,10.867831728
46.968907,0.290247227,10.839011092
46.976557,0.18410654600000004,11.263573816
46.984207,0.06064942000000001,11.75740232
46.991858,0.281381125,10.874475499999999
46.999509,0.18979072800000002,11.240837088
47.007158,0.23405150600000002,11.063793976
47.014809,0.13684028799999998,11.452638848
47.022458,0.13417348499999998,11.46330606
47.030109,0.12773695300000004,11.489052188
47.03776,0.304128001,10.783487996
47.04541,0.22185675300000002,11.112572988
47.054043,0.150280299,11.398878804
47.064148,0.17646488100000002,11.294140475999999
47.076277,0.08774301499999998,11.64902794
47.084363,0.072797253,11.708810988
47.094468,0.06422435799999998,11.743102568
47.104574,0.03397059000000002,11.86411764
47.11468,0.222726035,11.10909586
47.124787,-0.30728441999999995,13.22913768
47.134895,-0.061304797999999994,12.245219192
47.145,-0.19459432799999998,12.778377312
47.154804,-0.04114367499999999,12.1645747
47.164607,-0.16518733399999996,12.660749336
47.174412,-0.276571577,13.106286308
47.184217,0.053364703999999985,11.786541184
47.19402,-0.013692562999999991,12.054770252
47.203824,-0.014676709999999982,12.05870684
47.213626,-0.098715563,12.394862252
47.223431,0.103183105,11.58726758
47.233236,-0.345831728,13.383326912
47.245,-0.187266922,12.749067688
47.249852,-0.210617161,12.842468644
47.255917,0.13058236699999998,11.477670532
47.261982,-0.015419031,12.061676124
47.274112,0.104494696,11.582021216
47.280178,0.05171728599999997,11.793130856
47.286242,-0.15889256699999998,12.635570268
47.292308,0.07089547800000001,11.716418088
47.298373,-0.11580946599999997,12.463237864
47.316567,0.05318762300000002,11.787249508
47.322027,0.09942348200000001,11.602306072
47.334763,0.06328356699999999,11.746865732
47.340828,0.118832304,11.524670784
47.346893,-0.020924165999999994,12.083696664
47.352959,-0.166700299,12.666801196
47.359024,0.112338736,11.550645056
47.365089,0.154654666,11.381381336
47.371154,0.21192049899999998,11.152318004
47.377218,0.005867734000000013,11.976529064
47.383284,0.183462232,11.266151072
47.38935,0.10652689600000004,11.573892416
47.395414,0.04179875500000002,11.83280498
47.401479,0.016235247000000008,11.935059012
47.407544,0.11778260700000004,11.528869572
47.413609,0.17320337800000002,11.307186488
47.419675,0.15914201700000002,11.363431932
47.42574,0.270281888,10.918872448
47.431805,0.010817155000000023,11.95673138
47.437869,0.133116707,11.467533172
47.443935,0.048133199000000015,11.807467204
47.471923,-0.214863772,12.859455088
47.486538,-0.267724986,13.070899944
47.504806,0.16902703000000002,11.32389188
47.523077,0.081666126,11.673335496
47.532212,-0.004112952947617016,12.016451811790468
47.541348,0.005263096094131031,11.978947615623476
47.550479,-0.11535727381706201,12.461429095268247
47.559615,-0.00945695638656599,12.037827825546264
47.56875,-0.014633321762085011,12.05853328704834
47.577885,-0.036649101972580006,12.14659640789032
47.586106,-0.048475199937819985,12.19390079975128
47.596152,0.04416049122810403,11.823358035087583
47.603778,0.012402302026748996,11.950390791893003
47.611401,0.238186521828175,11.0472539126873
47.619025,-0.09186067581176799,12.367442703247072
47.626651,-0.166631007194519,12.666524028778076
47.634271,-0.18060472011566192,12.722418880462648
47.634519,-0.06950151324272197,12.278006052970888
47.640944,-0.142824792861939,12.571299171447755
47.641818,0.026588356494904014,11.893646574020384
47.644737,0.022428458929062006,11.910286164283752
47.646365,-0.04195743203163202,12.167829728126527
47.64853,0.03426775932312001,11.86292896270752
47.650908,0.02682793736457803,11.892688250541688
47.652324,-0.180455887317658,12.721823549270631
47.655455,0.09108549952507,11.63565800189972
47.656116,-0.00499092936515802,12.019963717460632
47.65991,0.12856881916523,11.48572472333908
47.66,0.10569696724414801,11.577212131023408
47.664545,-0.11468734741210901,12.458749389648435
47.669092,-0.08689930438995402,12.347597217559816
47.673635,-0.15961989164352391,12.638479566574096
47.678182,-0.04386436343193098,12.175457453727724
47.682727,0.02045027017593401,11.918198919296264
47.687273,0.147226786613464,11.411092853546144
47.691819,0.014659798145294028,11.941360807418825
47.696363,0.02902484536170999,11.88390061855316
47.700909,0.12805586159229304,11.487776553630829
47.705455,0.058562999963759965,11.76574800014496
47.71,-0.003712230920792009,12.014848923683168
47.714546,0.05974415540695205,11.761023378372192
47.71909,0.06773183345794703,11.729072666168213
47.723636,0.13801326513290402,11.447946939468384
47.728182,0.117304822802544,11.530780708789823
47.732727,0.11475709676742601,11.540971612930296
47.737274,0.101363322734833,11.594546709060667
47.741817,-0.07142388224601698,12.285695528984068
47.746364,0.023605859279633018,11.905576562881468
47.750909,0.128402552008629,11.486389791965484
47.755455,0.09268874526023901,11.629245018959043
47.759091,0.116530156135559,11.533879375457763
47.764545,0.13820453584194198,11.447181856632232
47.769091,0.10708661973476402,11.571653521060943
47.773636,0.13671285510063197,11.453148579597473
47.778182,0.03408387899398799,11.863664484024047
47.782728,0.04447129964828503,11.82211480140686
47.787272,0.06319213509559601,11.747231459617616
47.791818,0.007762795686722029,11.968948817253112
47.796364,0.09357393383979801,11.625704264640808
47.800909,0.16810688972473103,11.327572441101076
47.805455,0.019713586568832014,11.921145653724672
47.809999,0.037050312757492015,11.851798748970031
47.814545,0.0002755284309390038,11.998897886276245
47.819091,0.08223331570625297,11.671066737174987
47.823636,0.08438790440559402,11.662448382377624
47.828183,0.017113393545150984,11.931546425819397
47.832726,0.07370606660842899,11.705175733566284
47.837273,0.04726771116256703,11.810929155349731
47.841818,-0.05499999999999999,12.22
47.846364,-0.8200000000000001,15.280000000000001
47.85091,-0.002999999999999975,12.012
47.855454,-0.187,12.748
47.86,-0.15299999999999997,12.612
47.864545,-0.11599999999999999,12.464
47.869091,-0.043999999999999984,12.176
47.873637,0.08900000000000002,11.644
47.878181,0.09900000000000003,11.604
47.882727,0.027000000000000024,11.892
47.887273,0.049000000000000016,11.804
47.891818,-0.025999999999999995,12.104
47.896365,-0.39200000000000007,13.568
47.900908,-0.137,12.548
47.905455,-0.39299999999999996,13.572
47.91,-0.315,13.26
47.914545,-0.338,13.352
47.919092,-0.3960000000000001,13.584
47.923635,0.04500000000000001,11.82
47.928182,-0.021999999999999992,12.088
47.932727,-0.26699999999999996,13.068
47.937273,-0.125,12.5
47.941819,-0.193,12.772
47.946363,-0.20999999999999996,12.84
47.950909,-0.14199999999999996,12.568
47.955455,-0.261,13.044
47.961445,-0.299,13.196
47.967438,-0.20800000000000002,12.832
47.973428,-0.36899999999999994,13.475999999999999
47.979419,-0.27399999999999997,13.096
47.984465,-0.4689999999999999,13.876
47.989407,-0.39499999999999996,13.58
47.995339,-0.12,12.48
47.999292,-0.19,12.76
48.004236,-0.301,13.204
48.009178,-0.22400000000000003,12.896
48.014121,-0.11499999999999999,12.46
48.019065,-0.25699999999999995,13.028
48.024006,-0.22000000000000003,12.88
48.028949,-0.34800000000000003,13.392
48.033893,-0.24399999999999994,12.975999999999999
48.038835,-0.416,13.664
48.043779,-0.05299999999999999,12.212
48.04872,-0.118,12.472
48.053664,-0.09399999999999997,12.376
48.058607,-0.194,12.776
48.063549,-0.26199999999999996,13.048
48.068493,-0.27399999999999997,13.096
48.072634,-0.24499999999999994,12.98
48.076751,-0.25799999999999995,13.032
48.080182,-0.25899999999999995,13.036
48.083615,-0.20800000000000002,12.832
48.087046,-0.08500000000000002,12.34
48.090476,-0.173,12.692
48.093909,-0.38799999999999996,13.552
48.09734,-0.49999999999999994,14.0
48.100772,-0.25599999999999995,13.024
48.104204,-0.301,13.204
48.107634,-0.14199999999999996,12.568
48.111065,-0.24999999999999994,13.0
48.114498,-0.25599999999999995,13.024
48.117929,-0.20900000000000002,12.836
48.120991,0.04400000000000001,11.824
48.12136,0.10200000000000004,11.592
48.124091,0.0826,11.669599999999999
48.125241,0.010000000000000009,11.96
48.132273,0.018220000000000014,11.92712
48.140455,0.03859000000000001,11.84564
48.148636,0.026629999999999987,11.89348
48.156818,-0.050199999999999995,12.2008
48.165,0.003910000000000025,11.98436
48.181949,0.03760000000000002,11.8496
48.190424,-0.04242999999999997,12.16972
48.198898,0.00825999999999999,11.96696
48.207373,0.11035,11.5586
48.215847,0.09162000000000003,11.63352
48.224322,-0.05448999999999998,12.21796
48.231102,0.061860000000000026,11.752559999999999
48.241271,0.2091,11.1636
48.249746,-0.09996999999999998,12.39988
48.25822,-0.06144999999999998,12.2458
48.265,0.07291999999999998,11.70832
48.276765,0.09061000000000002,11.63756
48.280686,-0.1382,12.5528
48.296373,-0.12447,12.49788
48.306176,-0.06133999999999998,12.24536
48.31598,0.25519,10.97924
48.325784,0.09865000000000002,11.6054
48.335588,0.06178,11.75288
48.345392,-0.02521000000000001,12.10084
48.355196,-0.12611,12.50444
48.365,-0.48067,13.92268
48.371909,-0.39482,13.57928
48.378818,-0.21247,12.84988
48.385727,-0.07760999999999998,12.31044
48.392636,-0.27857,13.11428
48.399545,-0.019179999999999975,12.07672
48.413364,-0.10255999999999998,12.41024
48.427182,0.09691,11.61236
48.434091,-0.007599999999999996,12.0304
48.441,-0.26349,13.05396
48.447909,-0.38627999999999996,13.54512
48.454818,-0.40992,13.63968
48.468636,-0.0014799999999999813,12.00592
48.475545,-0.10751999999999998,12.43008
48.482455,0.05365000000000003,11.7854
48.489364,0.030789999999999984,11.87684
48.496273,0.07899,11.68404
48.505945,-0.19511,12.78044
48.510091,-0.12913999999999998,12.51656
48.517,-0.10435,12.4174
48.522527,-0.29775999999999997,13.19104
48.5322,-0.01371,12.05484
48.537727,-0.0030699999999999616,12.01228
48.546018,-0.005730000000000013,12.02292
48.551545,-0.18822,12.75288
48.558455,-0.142,12.568
48.565364,-0.05223,12.208919999999999
48.616284,-0.16605999999999999,12.66424
48.620788,-0.05510999999999999,12.22044
48.625279,-0.012539999999999996,12.05016
48.629798,-0.09611999999999998,12.38448
48.634303,-0.10530999999999999,12.42124
48.638807,-0.13529,12.54116
48.643326,0.022650000000000003,11.9094
48.647831,0.06242000000000003,11.75032
48.652335,-0.03767999999999999,12.15072
48.65684,-0.06447999999999998,12.25792
48.660101,0.025040000000000007,11.89984
48.663196,-0.051449999999999996,12.2058
48.666278,-0.07562999999999998,12.30252
48.669373,-0.1367,12.5468
48.672468,-0.16621,12.66484
48.67555,-0.20029999999999998,12.8012
48.678327,-0.24802999999999997,12.99212
48.681091,-0.17121,12.68484
48.683855,0.02622000000000002,11.89512
48.688028,0.03717999999999999,11.85128
48.693237,-0.14106,12.56424
48.698433,-0.21558,12.86232
48.703615,0.008740000000000026,11.96504
48.708561,-0.13785999999999998,12.55144
48.713591,-0.13987,12.55948
48.718842,-0.17373999999999998,12.69496
48.724107,-0.14887,12.59548
48.729372,-0.12789999999999999,12.5116
48.734084,0.09073000000000003,11.63708
48.738547,-0.16302999999999998,12.65212
48.742071,-0.13723,12.54892
48.745717,-0.09106,12.36424
48.74995,-0.019289999999999974,12.07716
48.754183,-0.21,12.84
48.75905,-0.54809,14.19236
48.764367,-0.04072999999999999,12.16292
48.769783,-0.07099999999999998,12.284
48.7752,-0.20434,12.81736
48.7806,-0.21516999999999997,12.86068
48.786017,-0.2814,13.1256
48.791417,-0.18034999999999998,12.7214
48.797783,-0.24381999999999998,12.97528
48.80405,-0.37605,13.5042
48.810233,-0.09791,12.39164
48.816433,-0.11495999999999998,12.45984
48.82265,-0.16695,12.6678
48.8289,-0.30062,13.20248
48.83515,-0.28378,13.13512
48.841417,-0.66657,14.66628
48.847667,-0.6288,14.5152
48.855133,-0.15894999999999998,12.6358
48.858786,0.01036999999999999,11.95852
48.863359,-0.23074,12.92296
48.867919,-0.22630999999999998,12.90524
48.871573,-0.29022,13.16088
48.877052,-0.40223,13.60892
48.879798,-0.35426,13.41704
48.886198,-0.24014999999999997,12.9606
48.889851,-0.20378,12.81512
48.900798,-0.41461,13.65844
48.90421,-0.34462,13.37848
48.908468,-0.16324,12.65296
48.912726,-0.003720000000000001,12.01488
48.916984,-0.21549999999999997,12.862
48.921254,-0.21939999999999998,12.8776
48.926359,-0.44116,13.76464
48.934016,-0.21344,12.85376
48.938347,0.011259999999999992,11.95496
48.942823,-0.07257,12.29028
48.947286,-0.043169999999999986,12.17268
48.951762,-0.30852,13.23408
48.956226,-0.3009,13.2036
48.960714,-0.24303999999999998,12.97216
48.965177,-0.12,12.48
48.974129,-0.27434,13.09736
48.978593,-0.35873,13.43492
48.983069,-0.2015800000000001,12.80632
48.987532,-0.41213,13.64852
48.992008,-0.18153999999999998,12.72616
48.992903,-0.36891999999999997,13.47568
49.00379,-0.07527999999999999,12.30112
49.009839,-0.28857,13.15428
49.015887,-0.28311,13.132439999999999
49.021935,-0.06992999999999999,12.27972
49.027984,-0.27192,13.08768
49.034637,-0.14637999999999998,12.58552
49.040081,-0.39425,13.577
49.046129,-0.28992,13.15968
49.052177,-0.25390999999999997,13.01564
49.057621,-0.29930999999999996,13.19724
49.064274,-0.08407999999999999,12.33632
49.070323,-0.10341999999999998,12.41368
49.076371,0.08646999999999999,11.65412
49.083629,-0.36007,13.44028
49.088468,-0.41791,13.67164
49.094516,-0.35620999999999997,13.42484
49.100565,0.013070000000000026,11.94772
49.106613,-0.35712,13.42848
49.112661,-0.36362,13.45448
49.11871,-0.47984,13.91936
49.124758,-0.52433,14.09732
49.130806,-0.6607000000000001,14.642800000000001
49.136855,-0.54348,14.173919999999999
49.142903,-0.44989999999999997,13.7996
49.148952,-0.3151,13.2604
49.154395,-0.5998,14.3992
49.161908,-0.29389,13.17556
49.168816,-0.31690999999999997,13.26764
49.175724,-0.30585999999999997,13.22344
49.182632,-0.45516,13.820640000000001
49.189539,-0.30566,13.22264
49.196447,-0.24589999999999998,12.9836
49.203355,-0.14864999999999998,12.5946
49.210263,-0.30297999999999997,13.21192
49.217171,-0.65265,14.6106
49.224079,-0.7058599999999999,14.82344
49.230987,-0.72627,14.90508
49.237895,-1.10637,16.42548
49.244803,-0.78043,15.12172
49.250329,-0.64619,14.58476
49.259475,-0.23403,12.93612
49.265797,-0.30236999999999997,13.20948
49.272159,-0.49785999999999997,13.99144
49.278493,-0.73814,14.95256
49.284841,-0.69233,14.76932
49.291188,-0.69811,14.79244
49.297536,-0.399,13.596
49.303942,-0.58938,14.357520000000001
49.316841,-0.32232,13.28928
49.323275,-0.34674,13.38696
49.32971,-0.49473,13.97892
49.336174,-0.45468,13.818719999999999
49.342609,-0.35578,13.42312
49.349855,-0.66672,14.666879999999999
49.357101,-0.34199999999999997,13.368
49.364348,-0.73475,14.939
49.371594,-0.54703,14.18812
49.378841,-0.69242,14.769680000000001
49.386087,-0.49833,13.99332
49.393333,-0.55504,14.22016
49.40058,-0.2375,12.95
49.407826,-0.44989999999999997,13.7996
49.415072,-0.46403,13.85612
49.429565,-0.42638,13.70552
49.436812,-0.5671299999999999,14.268519999999999
49.444058,-0.46364,13.85456
49.451304,-0.51064,14.04256
49.458551,-0.2819,13.1276
49.465797,-0.54228,14.16912
49.473043,-0.53592,14.14368
49.48029,-0.39954,13.59816
49.487536,-0.40376999999999996,13.615079999999999
49.494783,-0.08470999999999998,12.33884
49.502029,-0.5286,14.1144
49.509275,-0.72649,14.90596
49.516522,-0.6363300000000001,14.54532
49.531014,-0.35606,13.42424
49.537536,-0.5275,14.11
49.545507,-0.26406999999999997,13.05628
49.56,-0.7535000000000001,15.014
49.565966,-0.61197,14.44788
49.571932,-0.43487,13.73948
49.577898,-0.45102,13.804079999999999
49.583864,-0.43687,13.74748
49.58983,-0.34775999999999996,13.39104
49.595795,-0.20959,12.83836
49.601201,-0.05276,12.21104
49.606594,-0.33554,13.34216
49.617416,-0.27368,13.09472
49.622821,-0.23429,12.93716
49.628214,-0.32078999999999996,13.28316
49.633631,-0.49102,13.96408
49.63875,-0.42883,13.71532
49.639048,-0.35908999999999996,13.43636
49.644465,-0.43789,13.75156
49.644716,-0.59666,14.38664
49.650682,-0.32721,13.30884
49.656648,-0.56043,14.24172
49.662614,-0.66184,14.647359999999999
49.668101,-0.6664,14.6656
49.673268,-0.43637,13.74548
49.678436,-0.53448,14.13792
49.683603,-0.3842099999999999,13.53684
49.687221,-0.25925,13.036999999999999
49.693939,-0.25653,13.02612
49.704274,-0.51422,14.05688
49.709958,-0.31975,13.279
49.714609,-0.37073999999999996,13.48296
49.719777,-0.41242999999999996,13.64972
49.724944,-0.31882,13.27528
49.730112,-0.33583999999999997,13.34336
49.735279,-0.25124,13.00496
49.73993,-0.38692,13.54768
49.745615,-0.4312,13.7248
49.750782,-0.49898,13.99592
49.75595,-0.30502999999999997,13.22012
49.761117,-0.52687,14.107479999999999
49.766285,-0.50088,14.00352
49.771453,-0.36845,13.4738
49.77662,-0.35014999999999996,13.4006
49.781788,-0.61697,14.467880000000001
49.786955,-0.43394,13.735759999999999
49.792123,-0.34535,13.3814
49.797291,-0.16918,12.67672
49.802458,-0.3139,13.2556
49.807626,-0.37149,13.48596
49.812793,-0.60259,14.41036
49.817961,-0.34726,13.38904
49.823128,-0.50766,14.03064
49.828296,-0.5464,14.1856
49.838631,-0.41703,13.66812
49.844832,-0.45016999999999996,13.80068
49.848966,-0.56628,14.26512
49.852649,-0.25127,13.00508
49.85596,-0.22335,12.8934
49.859272,-0.53435,14.1374
49.862583,-0.62833,14.51332
49.866556,-0.3743299999999999,13.49732
49.869205,-0.27313,13.09252
49.872517,-0.45403,13.81612
49.875828,-0.60338,14.41352
49.879139,-0.66581,14.66324
49.88245,-0.06425999999999998,12.25704
49.88245,-0.043769999999999976,12.17508
49.885762,-0.03323999999999999,12.13296
49.889073,-0.28773,13.15092
49.892384,-0.27286,13.09144
49.895695,-0.35486,13.41944
49.899007,-0.26698,13.06792
49.902318,-0.27797,13.11188
49.905629,-0.21151999999999999,12.84608
49.90894,-0.31109,13.24436
49.911589,-0.34307,13.37228
49.915563,-0.32327,13.29308
49.918874,-0.1541,12.6164
49.922185,-0.2161500000000001,12.864600000000001
49.925497,-0.34307,13.37228
49.928808,-0.5837,14.3348
49.932119,-0.26992,13.07968
49.93543,-0.31239,13.24956
49.938742,-0.16768,12.67072
49.942053,-0.42223,13.68892
49.945364,-0.25107999999999997,13.00432
49.948675,-0.73666,14.94664
49.953173,-0.89402,15.576080000000001
49.958462,-0.82508,15.30032
49.969038,-0.27236,13.08944
49.974327,-0.29808999999999997,13.19236
49.978432,-0.366,13.464
49.983093,-0.47300000000000003,13.892
49.987754,-0.462,13.848
49.992415,-0.509,14.036
49.997076,-0.527,14.108
50.001737,-0.47600000000000003,13.904
50.006398,-0.41200000000000003,13.648
50.011059,-0.375,13.5
50.01572,-0.609,14.436
50.020381,-0.601,14.404
50.025042,-0.53,14.120000000000001
50.029703,-0.42100000000000004,13.684000000000001
50.034364,-0.493,13.972
50.039025,-0.616,14.464
50.043686,-0.47200000000000003,13.888
50.048347,-0.338,13.352
50.053008,-0.46,13.84
50.057669,-0.388,13.552
50.062549,-0.635,14.54
50.067646,-0.6779999999999999,14.712
50.072743,-0.5529999999999999,14.212
50.07784,-0.40700000000000003,13.628
50.082937,-0.345,13.379999999999999
50.088034,-0.2859999999999999,13.144
50.093131,-0.321,13.284
50.098738,-0.30000000000000004,13.2
50.103325,-0.315,13.26
50.108422,-0.366,13.464
50.113519,-0.397,13.588000000000001
50.118617,-0.323,13.292
50.123714,-0.47300000000000003,13.892
50.128811,-0.279,13.116
50.133908,-0.335,13.34
50.139005,-0.279,13.116
50.144102,-0.167,12.668
50.149199,-0.25,13.0
50.154296,-0.349,13.396
50.159393,-0.262,13.048
50.16449,-0.349,13.396
50.169587,-0.315,13.26
50.174684,-0.354,13.416
50.179782,-0.243,12.972
50.184879,-0.256,13.024000000000001
50.189976,-0.19,12.76
50.195073,-0.311,13.244
50.20017,-0.5660000000000001,14.264
50.205267,-0.525,14.1
50.210364,-0.509,14.036
50.215461,-0.332,13.328
50.220558,-0.345,13.379999999999999
50.225655,-0.083,12.332
50.230752,-0.14500000000000002,12.58
50.23585,-0.21200000000000002,12.848
50.240947,-0.244,12.975999999999999
50.246044,-0.356,13.424
50.251141,-0.385,13.54
50.256238,-0.367,13.468
50.261335,-0.43000000000000005,13.72
50.266432,-0.338,13.352
50.271158,-0.255,13.02
50.275018,-0.225,12.9
50.278879,-0.394,13.576
50.282739,-0.583,14.332
50.286599,-0.548,14.192
50.29046,-0.45,13.8
50.29432,-0.317,13.268
50.29818,-0.305,13.22
50.30204,-0.5589999999999999,14.236
50.305901,-0.225,12.9
50.309761,-0.245,12.98
50.313621,-0.565,14.26
50.317482,-0.09800000000000002,12.392
50.321342,-0.351,13.404
50.325202,-0.363,13.452
50.329063,-0.466,13.864
50.332923,-0.353,13.411999999999999
50.336783,-0.259,13.036
50.340643,-0.34,13.36
50.344504,-0.306,13.224
50.348364,-0.263,13.052
50.352224,-0.269,13.076
50.356085,-0.452,13.808
50.359945,-0.5780000000000001,14.312000000000001
50.363805,-0.312,13.248
50.367665,-0.794,15.176
50.371526,-0.5900000000000001,14.36
50.37532,-0.405,13.620000000000001
50.381715,-0.519,14.076
50.384913,-0.356,13.424
50.38811,-0.20500000000000002,12.82
50.391308,-0.21400000000000002,12.856
50.394506,-0.526,14.104
50.397703,-0.48100000000000004,13.924
50.400901,-0.439,13.756
50.404099,-0.485,13.94
50.407297,-0.367,13.468
50.41689,-0.35,13.4
50.420087,-0.322,13.288
50.423285,-0.313,13.252
50.426483,-0.231,12.924
50.42968,-0.2719999999999999,13.088
50.432878,-0.22,12.88
50.436076,-0.323,13.292
50.439273,-0.369,13.475999999999999
50.442471,-0.349,13.396
50.445669,-0.42700000000000005,13.708
50.448866,-0.437,13.748
50.452064,-0.264,13.056000000000001
50.455262,-0.21700000000000003,12.868
50.458459,-0.25,13.0
50.461657,-0.42000000000000004,13.68
50.464855,-0.372,13.488
50.47125,-0.502,14.008
50.474448,-0.5840000000000001,14.336
50.477645,-0.599,14.396
50.480843,-0.704,14.815999999999999
50.484041,-0.443,13.772
50.487891,-0.5860000000000001,14.344000000000001
50.49202,-0.589,14.356
50.49615,-0.45,13.8
50.500279,-0.8420000000000001,15.368
50.508538,-0.66,14.64
50.512667,-0.41200000000000003,13.648
50.516797,-0.539,14.156
50.520926,-0.42100000000000004,13.684000000000001
50.525056,-0.262,13.048
50.529185,-0.15400000000000003,12.616
50.533315,-0.277,13.108
50.537444,-0.244,12.975999999999999
50.541574,-0.43200000000000005,13.728
50.545703,-0.41800000000000004,13.672
50.549833,-0.23800000000000002,12.952
50.558092,-0.28300000000000003,13.132
50.562221,-0.209,12.836
50.56635,-0.29000000000000004,13.16
50.56858,-0.268,13.072
50.57048,-0.319,13.276
50.573123,-0.020000000000000018,12.08
50.574609,-0.316,13.264
50.577665,-0.186,12.744
50.578739,-0.308,13.232
50.582042,-0.21000000000000002,12.84
50.583612,-0.359,13.436
50.588732,-0.398,13.592
50.590301,-0.29900000000000004,13.196
50.593853,-0.49,13.96
50.594431,-0.305,13.22
50.59856,-0.457,13.828
50.60269,-0.461,13.844
50.606819,-0.396,13.584
50.610949,-0.359,13.436
50.615078,-0.169,12.676
50.619208,-0.067,12.268
50.623337,-0.203,12.812
50.627467,-0.166,12.664
50.631596,-0.281,13.124
50.635725,-0.09600000000000002,12.384
50.639855,-0.25,13.0
50.643984,-0.376,13.504
50.648114,-0.28,13.120000000000001
50.652243,-0.40800000000000003,13.632
50.656373,-0.34,13.36
50.660502,-0.28,13.120000000000001
50.664632,-0.41800000000000004,13.672
50.668761,-0.491,13.964
50.672375,-0.6719999999999999,14.687999999999999
50.675768,-0.772,15.088000000000001
50.682554,-0.5660000000000001,14.264
50.685946,-0.6040000000000001,14.416
50.689339,-0.2,12.8
50.692732,-0.29300000000000004,13.172
50.696125,-0.307,13.228
50.699518,-0.2719999999999999,13.088
50.702911,-0.255,13.02
50.706304,-0.316,13.264
50.709696,-0.323,13.292
50.713089,-0.251,13.004
50.716482,-0.316,13.264
50.719875,-0.345,13.379999999999999
50.723268,-0.30100000000000005,13.204
50.726661,-0.249,12.996
50.730054,-0.21200000000000002,12.848
50.733446,-0.18000000000000002,12.72
50.740232,-0.47900000000000004,13.916
50.753804,-0.47000000000000003,13.88
50.757196,-0.632,14.528
50.760589,-0.65,14.6
50.768365,-0.71,14.84
50.782788,-0.356,13.424
50.787596,-0.29100000000000004,13.164
50.792404,-0.383,13.532
50.797212,-0.369,13.475999999999999
50.802019,-0.385,13.54
50.806827,-0.528,14.112
50.811635,-0.372,13.488
50.816442,-0.524,14.096
50.820288,-0.451,13.804
50.826058,-0.546,14.184000000000001
50.830865,-0.537,14.148
50.835673,-0.546,14.184000000000001
50.840481,-0.597,14.388
50.845288,-0.51,14.04
50.850096,-0.704,14.815999999999999
50.859712,-0.925,15.7
50.864519,-1.057,16.228
50.868817,-1.056,16.224
50.873058,-0.861,15.443999999999999
50.877299,-0.9259999999999999,15.704
50.885781,-0.9079999999999999,15.632
50.890022,-0.657,14.628
50.894263,-0.45,13.8
50.898504,-0.5,14.0
50.900371,-0.546,14.184000000000001
50.902746,-0.492,13.968
50.902746,-0.42600000000000005,13.704
50.906987,-0.368,13.472
50.911228,-0.523,14.092
50.911228,-0.40700000000000003,13.628
50.914621,-0.227,12.908
50.91971,-0.29100000000000004,13.164
50.923951,-0.398,13.592
50.928192,-0.28300000000000003,13.132
50.932433,-0.358,13.432
50.936674,-0.437,13.748
50.940915,-0.398,13.592
50.945156,-0.486,13.943999999999999
50.949397,-0.47200000000000003,13.888
50.953638,-0.455,13.82
50.957879,-0.694,14.776
50.962083,-0.5820000000000001,14.328
50.96625,-0.5960000000000001,14.384
50.970417,-0.504,14.016
50.975417,-0.7050000000000001,14.82
50.97875,-0.804,15.216000000000001
50.982917,-0.7849999999999999,15.14
50.987083,-0.509,14.036
50.99125,-0.442,13.768
50.995417,-0.364,13.456
51.000417,-0.14400000000000002,12.576
51.00375,-0.401,13.604
51.007917,-0.325,13.3
51.012083,-0.367,13.468
51.01625,-0.437,13.748
51.020417,-0.328,13.312
51.024583,-0.337,13.348
51.02875,-0.197,12.788
51.032917,-0.22,12.88
51.037917,-0.20400000000000001,12.816
51.04125,-0.14100000000000001,12.564
51.045417,0.017999999999999988,11.928
51.049583,-0.252,13.008
51.05375,-0.2869999999999999,13.148
51.057917,-0.197,12.788
51.062083,-0.402,13.608
51.06625,-0.134,12.536
51.070417,-0.223,12.892
51.074583,-0.10900000000000001,12.436
51.07875,-0.11100000000000002,12.444
51.082917,-0.05200000000000002,12.208
51.087083,-0.21200000000000002,12.848
51.09125,-0.247,12.988
51.095417,-0.338,13.352
51.099583,-0.321,13.284
51.10375,-0.264,13.056000000000001
51.107917,-0.249,12.996
51.112083,-0.42500000000000004,13.7
51.11625,-0.653,14.612
51.120417,-0.542,14.168
51.124583,-0.571,14.283999999999999
51.12875,-0.5509999999999999,14.204
51.133333,-0.5880000000000001,14.352
51.14125,-0.655,14.620000000000001
51.145417,-0.524,14.096
51.14875,-0.251,13.004
51.151437,-0.528,14.112
51.15431,-0.608,14.432
51.157184,-0.764999999999999,15.059999999999995
51.160057,-0.507,14.028
51.162931,-0.533,14.132
51.165805,-0.466,13.864
51.168678,-0.358,13.432
51.171552,-0.20500000000000002,12.82
51.174425,-0.7310000000000001,14.924
51.177299,-0.226,12.904
51.180172,-0.37,13.48
51.182471,-0.316,13.264
51.18592,-0.439,13.756
51.187644,-0.47100000000000003,13.884
51.191092,-0.653,14.612
51.193966,-0.333,13.332
51.196839,-0.313,13.252
51.200862,-0.499,13.996
51.203161,-0.275,13.1
51.206034,-0.225,12.9
51.208333,-0.21000000000000002,12.84
51.211207,-0.21200000000000002,12.848
51.21408,-0.196,12.784
51.216954,-0.26,13.04
51.219828,-0.09500000000000001,12.38
51.222701,-0.29700000000000004,13.188
51.226149,-0.049000000000000016,12.196
51.229023,-0.42200000000000004,13.688
51.231322,-0.364,13.456
51.237069,-0.542,14.168
51.239943,-0.34299999999999997,13.372
51.245115,-0.28,13.120000000000001
51.247414,-0.329,13.316
51.2505,-0.117,12.468
51.2555,-0.459,13.836
51.2605,-0.456,13.824
51.2655,-0.496,13.984
51.2705,-0.458,13.832
51.2755,-0.442,13.768
51.2805,-0.15200000000000002,12.608
51.2855,0.0020000000000000018,11.992
51.2905,-0.24100000000000002,12.964
51.2955,-0.327,13.308
51.3005,-0.169,12.676
51.3055,-0.161,12.644
51.3105,-0.227,12.908
51.3155,-0.20400000000000001,12.816
51.3175,-0.42800000000000005,13.712
51.3205,-0.138,12.552
51.3225,-0.612,14.448
51.3255,-0.45,13.8
51.3305,-0.11800000000000001,12.472
51.3355,-0.201,12.804
51.367318,-0.758,15.032
51.372266,-0.687,14.748000000000001
51.377214,-0.619,14.475999999999999
51.382161,-0.5,14.0
51.387109,-0.41100000000000003,13.644
51.392057,-0.537,14.148
51.397005,-0.6020000000000001,14.408000000000001
51.401953,-0.5720000000000001,14.288
51.406901,-0.353,13.411999999999999
51.411849,-0.232,12.928
51.416797,-0.25,13.0
51.421745,-0.369,13.475999999999999
51.426693,-0.504,14.016
51.436589,-0.5469999999999999,14.187999999999999
51.441536,-0.607,14.428
51.446575,-0.663,14.652000000000001
51.451825,-0.5900000000000001,14.36
51.457075,-0.5,14.0
51.462325,-0.7550000000000001,15.02
51.467575,-0.571,14.283999999999999
51.478075,-0.454,13.816
51.483325,-0.395,13.58
51.488575,-0.32,13.28
51.493825,-0.523,14.092
51.499075,-0.5,14.0
51.509575,-0.535,14.14
51.514825,-0.377,13.508
51.520075,-0.43300000000000005,13.732
51.525325,-0.438,13.752
51.530575,-0.449,13.796
51.544225,-0.532,14.128
51.549475,-0.704,14.815999999999999
51.555798,-0.738,14.952
51.575123,-0.8280000000000001,15.312000000000001
51.581564,-0.69,14.76
51.588006,-0.661,14.644
51.594448,-0.457,13.828
51.60089,-0.47500000000000003,13.9
51.607331,-0.364,13.456
51.613773,-0.325,13.3
51.620215,-0.636,14.544
51.626656,-0.794,15.176
51.633098,-0.625,14.5
51.63954,-0.6950000000000001,14.780000000000001
51.645982,-0.41200000000000003,13.648
51.652423,-0.391,13.564
51.658865,-0.687,14.748000000000001
51.665307,-0.394,13.576
51.671748,-0.7659999999999989,15.063999999999997
51.67819,-0.687,14.748000000000001
51.684632,-0.6819999999999999,14.728
51.691074,-0.42500000000000004,13.7
51.697515,-0.42500000000000004,13.7
51.703957,-0.523,14.092
51.710399,-0.454,13.816
51.71684,-0.613,14.452
51.723282,-0.483,13.932
51.729724,-0.349,13.396
51.736166,-0.507,14.028
51.742607,-0.249,12.996
51.749049,-0.466,13.864
51.755491,-0.538,14.152000000000001
51.761933,-0.591,14.364
51.768374,-0.323,13.292
51.774816,-0.47500000000000003,13.9
51.781258,-0.305,13.22
51.787699,-0.5780000000000001,14.312000000000001
51.794141,-0.19100000000000003,12.764
51.800583,-0.509,14.036
51.807025,-0.29300000000000004,13.172
51.813466,-0.395,13.58
51.819908,-0.40800000000000003,13.632
51.82635,-0.398,13.592
51.832791,-0.517,14.068
51.839233,-0.28400000000000003,13.136
51.845675,-0.19100000000000003,12.764
51.852117,-0.2879999999999999,13.152
51.858558,-0.394,13.576
51.863325,-0.40700000000000003,13.628
51.865,-0.638,14.552
51.871442,-0.501,14.004
51.871442,-0.44,13.76
51.877883,-0.616,14.464
51.879687,-0.2879999999999999,13.152
51.884325,-0.37,13.48
51.887933,-0.503,14.012
51.890767,-0.355,13.42
51.894503,-0.367,13.468
51.904294,-0.352,13.408
51.91254,-0.29900000000000004,13.196
51.920785,-0.365,13.46
51.928902,-0.396,13.584
51.937147,-0.47000000000000003,13.88
51.943718,-0.5449999999999999,14.18
51.953638,-0.42900000000000005,13.716000000000001
51.961755,-0.41200000000000003,13.648
51.97,-0.625,14.5
51.978618,-0.571,14.283999999999999
51.981758,-0.5549999999999999,14.219999999999999
51.986433,-0.44,13.76
51.990376,-0.29800000000000004,13.192
51.994247,-0.166,12.664
51.998191,-0.133,12.532
52.002062,-0.2,12.8
52.005202,-0.315,13.26
52.009876,-0.345,13.379999999999999
52.01382,-0.398,13.592
52.017691,-0.42100000000000004,13.684000000000001
52.021635,-0.263,13.052
52.025506,-0.201,12.804
52.028646,-0.135,12.54
52.033174,-0.196,12.784
52.036826,-0.17200000000000001,12.688
52.040478,-0.201,12.804
52.043399,-0.166,12.664
52.048511,-0.194,12.776
52.050702,-0.28,13.120000000000001
52.055084,-0.226,12.904
52.058736,-0.267,13.068
52.062388,-0.034,12.136
52.066039,0.08299999999999996,11.668
52.069691,0.061,11.756
52.072612,0.07300000000000001,11.708
52.076994,-0.028000000000000025,12.112
52.080646,0.01899999999999999,11.924
52.084298,0.04199999999999998,11.832
52.087949,-0.07300000000000001,12.292
52.091601,-0.04400000000000001,12.176
52.094522,0.045999999999999985,11.816
52.098904,0.07600000000000001,11.696
52.102556,0.069,11.724
52.106208,0.057999999999999996,11.768
52.10986,-0.16,12.64
52.113511,-0.12900000000000011,12.516
52.116433,-0.15100000000000002,12.604
52.120815,-0.12900000000000011,12.516
52.124466,0.026999999999999996,11.892
52.128118,-0.08800000000000001,12.352
52.13177,-0.09500000000000001,12.38
52.135421,-0.14500000000000002,12.58
52.138343,-0.35,13.4
52.142725,-0.258,13.032
52.146376,-0.34299999999999997,13.372
52.150028,-0.46900000000000003,13.876
52.15368,-0.10400000000000001,12.416
52.157331,-0.10200000000000001,12.408
52.160253,-0.059000000000000025,12.236
52.164635,-0.202,12.808
52.168287,-0.061,12.244
52.171938,-0.17,12.68
52.17559,-0.32,13.28
52.179242,-0.29800000000000004,13.192
52.182163,-0.269,13.076
52.186545,-0.395,13.58
52.190197,-0.335,13.34
52.193848,-0.279,13.116
52.1975,-0.18100000000000002,12.724
52.201152,0.07700000000000001,11.692
52.204073,-0.1,12.4
52.208455,-0.04300000000000001,12.172
52.212107,-0.05200000000000002,12.208
52.215758,-0.139,12.556000000000001
52.21941,-0.167,12.668
52.223062,-0.324,13.296
52.225983,-0.15400000000000003,12.616
52.230365,-0.248,12.992
52.234017,-0.1,12.4
52.237669,-0.267,13.068
52.24132,-0.30000000000000004,13.2
52.244972,-0.262,13.048
52.247893,-0.28400000000000003,13.136
52.252275,-0.15400000000000003,12.616
52.26323,-0.219,12.876
52.266882,-0.018000000000000016,12.072
52.269803,0.014999999999999986,11.94
52.274185,-0.09800000000000002,12.392
52.277837,-0.138,12.552
52.281489,-0.10700000000000001,12.428
52.28514,-0.08200000000000002,12.328
52.288792,-0.195,12.78
52.291713,-0.11400000000000012,12.456000000000001
52.296096,-0.02200000000000002,12.088000000000001
52.299747,-0.12300000000000001,12.492
52.303399,-0.15600000000000003,12.624
52.307051,-0.22,12.88
52.310702,-0.07600000000000001,12.304
52.313624,-0.027000000000000024,12.108
52.318006,-0.0040000000000000036,12.016
52.321657,-0.188,12.752
52.325309,-0.11800000000000001,12.472
52.328961,-0.233,12.932
52.33086,-0.28900000000000003,13.156
52.332612,-0.276,13.104
52.334292,-0.348,13.392
52.335534,-0.29300000000000004,13.172
52.337798,-0.313,13.252
52.339916,-0.304,13.216
52.34123,-0.225,12.9
52.343567,-0.43000000000000005,13.72
52.344663,-0.532,14.128
52.347219,-0.345,13.379999999999999
52.350871,-0.321,13.284
52.353487,-0.64,14.56
52.354522,-0.337,13.348
52.357444,-0.513,14.052
52.359149,-0.71,14.84
52.362315,-0.655,14.620000000000001
52.36491,-0.64,14.56
52.366944,-0.525,14.1
52.36853,-0.79,15.16
52.371574,-0.349,13.396
52.372149,-0.79,15.16
52.375769,-0.65,14.6
52.376204,-0.328,13.312
52.379388,-0.6699999999999999,14.68
52.380833,-0.258,13.032
52.383008,-0.6699999999999999,14.68
52.384537,-0.14300000000000002,12.572
52.386627,-0.37,13.48
52.390093,-0.209,12.836
52.390247,-0.5800000000000001,14.32
52.393866,-0.46,13.84
52.394722,-0.199,12.796
52.397486,-0.33,13.32
52.399352,-0.186,12.744
52.401105,-0.32,13.28
52.403981,-0.261,13.044
52.40537,-0.47000000000000003,13.88
52.408611,-0.24000000000000002,12.96
52.410926,-0.42000000000000004,13.68
52.412778,-0.26,13.04
52.416481,-0.52,14.08
52.417407,-0.27,13.08
52.422037,-0.64,14.56
52.422037,-0.35,13.4
52.426667,-0.35,13.4
52.427593,-0.4,13.6
52.431296,-0.43000000000000005,13.72
52.433148,-0.5,14.0
52.435926,-0.5,14.0
52.438704,-0.63,14.52
52.440556,-0.6000000000000001,14.4
52.444259,-0.5700000000000001,14.280000000000001
52.445185,-0.65,14.6
52.449815,-0.8200000000000001,15.280000000000001
52.449815,-0.71,14.84
52.454444,-0.6799999999999999,14.719999999999999
52.45537,-0.79,15.16
52.459074,-0.41000000000000003,13.64
52.46,-0.8300000000000001,15.32
52.463222,-0.94,15.76
52.465907,-0.52,14.08
52.46913,-0.8300000000000001,15.32
52.469667,-0.79,15.16
52.472352,-0.45,13.8
52.475037,-0.61,14.44
52.475574,-0.56,14.24
52.478796,-0.52,14.08
52.480407,-0.41000000000000003,13.64
52.482019,-0.49,13.96
52.485241,-0.42000000000000004,13.68
52.485778,-0.54,14.16
52.491148,-0.45,13.8
52.496519,-0.39,13.56
52.496519,-0.27,13.08
52.501889,-0.48000000000000004,13.92
52.507259,-0.29000000000000004,13.16
52.509407,-0.47000000000000003,13.88
52.51263,-0.33,13.32
52.518,-0.16,12.64
52.52022,-0.46,13.84
52.520775,-0.36,13.44
52.52355,-0.17,12.68
52.526325,-0.11000000000000001,12.44
52.52688,-0.52,14.08
52.5291,-0.34,13.36
52.531875,-0.21000000000000002,12.84
52.53354,-0.5800000000000001,14.32
52.53465,-0.38,13.52
52.537425,-0.30000000000000004,13.2
52.5402,-0.5900000000000001,14.36
52.5402,-0.32,13.28
52.542975,-0.36,13.44
52.54575,-0.52,14.08
52.547301,-0.43000000000000005,13.72
52.548525,-0.6000000000000001,14.4
52.5513,-0.37,13.48
52.554075,-0.24000000000000002,12.96
52.554491,-0.46,13.84
52.55685,-0.22,12.88
52.559625,-0.42000000000000004,13.68
52.561681,-0.41000000000000003,13.64
52.5624,-0.26,13.04
52.565175,-0.27,13.08
52.56795,-0.55,14.2
52.568871,-0.39,13.56
52.570725,-0.36,13.44
52.5735,-0.23,12.92
52.576061,-0.46,13.84
52.576275,-0.44,13.76
52.57905,-0.28,13.120000000000001
52.581825,-0.47000000000000003,13.88
52.58325,-0.39,13.56
52.5846,-0.45,13.8
52.587375,-0.37,13.48
52.59015,-0.2,12.8
52.59044,-0.45,13.8
52.592925,-0.46,13.84
52.595611,-0.45,13.8
52.5957,-0.29000000000000004,13.16
52.598475,-0.15000000000000002,12.6
52.598762,-0.45,13.8
52.60125,-0.17,12.68
52.601914,-0.5700000000000001,14.280000000000001
52.604025,-0.25,13.0
52.605066,-0.5700000000000001,14.280000000000001
52.6068,-0.42000000000000004,13.68
52.608217,-0.53,14.120000000000001
52.609575,-0.42000000000000004,13.68
52.611369,-0.64,14.56
52.61235,-0.21000000000000002,12.84
52.61452,-0.6000000000000001,14.4
52.615125,-0.35,13.4
52.617672,-0.5,14.0
52.6179,-0.36,13.44
52.620675,-0.24000000000000002,12.96
52.620824,-0.62,14.48
52.62345,-0.06,12.24
52.62392,-0.54,14.16
52.626225,0.01999999999999999,11.92
52.626737,-0.64,14.56
52.629,-0.32,13.28
52.629555,-0.49,13.96
52.631775,-0.11000000000000001,12.44
52.632373,-0.5,14.0
52.63455,-0.26,13.04
52.63519,-0.61,14.44
52.637325,-0.33,13.32
52.638008,-0.39,13.56
52.640826,-0.36,13.44
52.643643,-0.34,13.36
52.646461,-0.46,13.84
52.648425,-0.26,13.04
52.649279,-0.5,14.0
52.6512,-0.31,13.24
52.652097,-0.39,13.56
52.653975,-0.24000000000000002,12.96
52.654914,-0.4,13.6
52.657732,-0.4,13.6
52.659525,-0.28,13.120000000000001
52.66055,-0.41000000000000003,13.64
52.6623,-0.2,12.8
52.663367,-0.47000000000000003,13.88
52.665075,-0.30000000000000004,13.2
52.666185,-0.5,14.0
52.66785,-0.14,12.56
52.669003,-0.43000000000000005,13.72
52.670625,-0.22,12.88
52.6734,-0.26,13.04
52.674638,-0.39,13.56
52.676175,-0.18000000000000002,12.72
52.677456,-0.42000000000000004,13.68
52.67895,-0.17,12.68
52.680273,-0.4,13.6
52.681725,-0.26,13.04
52.683091,-0.5700000000000001,14.280000000000001
52.6845,-0.38,13.52
52.687275,-0.26,13.04
52.687564,-0.54,14.16
52.69005,-0.22,12.88
52.692825,-0.11000000000000001,12.44
52.693691,-0.61,14.44
52.6956,-0.08000000000000002,12.32
52.698375,-0.14,12.56
52.699818,-0.47000000000000003,13.88
52.70115,-0.05000000000000002,12.2
52.703925,-0.14,12.56
52.7067,-0.18000000000000002,12.72
52.709475,-0.22,12.88
52.712072,-0.47000000000000003,13.88
52.71225,-0.22,12.88
52.715025,-0.14,12.56
52.7178,-0.21000000000000002,12.84
52.7182,-0.4,13.6
52.720575,-0.18000000000000002,12.72
52.722795,-0.26,13.04
52.726125,-0.26,13.04
52.7289,-0.26,13.04
52.730454,-0.41000000000000003,13.64
52.731675,-0.27,13.08
52.73445,-0.2,12.8
52.735838,-0.63,14.52
52.737225,-0.28,13.120000000000001
52.737503,-0.64,14.56
52.739168,-0.8500000000000001,15.4
52.74,-0.32,13.28
52.741212,-0.99,15.96
52.743923,-0.8200000000000001,15.280000000000001
52.744038,-0.27,13.08
52.746692,-0.65,14.6
52.748077,-0.31,13.24
52.751748,-0.42000000000000004,13.68
52.752115,-0.61,14.44
52.756154,-0.52,14.08
52.759091,-0.41000000000000003,13.64
52.760192,-0.21000000000000002,12.84
52.764231,-0.07,12.28
52.766434,-0.4,13.6
52.768269,-0.18000000000000002,12.72
52.772308,-0.19,12.76
52.773776,-0.47000000000000003,13.88
52.776346,-0.16,12.64
52.780385,-0.26,13.04
52.781119,-0.49,13.96
52.784423,-0.28,13.120000000000001
52.788462,-0.41000000000000003,13.64
52.788462,-0.26,13.04
52.7925,-0.4,13.6
52.795804,-0.38,13.52
52.796538,-0.18000000000000002,12.72
52.800577,-0.38,13.52
52.803147,-0.48000000000000004,13.92
52.804615,-0.35,13.4
52.808654,-0.29000000000000004,13.16
52.81049,-0.41000000000000003,13.64
52.812692,-0.09000000000000001,12.36
52.816731,-0.25,13.0
52.817832,-0.51,14.04
52.820769,-0.27,13.08
52.824808,-0.52,14.08
52.825175,-0.45,13.8
52.826828,-0.449,13.796
52.827634,-0.7530000000000001,15.012
52.828442,-0.497,13.988
52.828846,-0.49,13.96
52.829251,-0.43100000000000005,13.724
52.829538,-0.4,13.6
52.830057,-0.41200000000000003,13.648
52.830865,-0.467,13.868
52.831674,-0.541,14.164
52.83248,-0.393,13.572
52.832885,-0.52,14.08
52.833288,-0.489,13.956
52.834097,-0.42800000000000005,13.712
52.834903,-0.562,14.248000000000001
52.835712,-0.558,14.232
52.83652,-0.437,13.748
52.836923,-0.43000000000000005,13.72
52.837326,-0.605,14.42
52.838135,-0.744,14.975999999999999
52.838942,-0.575,14.3
52.839751,-0.624,14.496
52.840074,-0.7,14.8
52.840557,-0.75,15.0
52.841365,-0.6060000000000001,14.424
52.841859,-0.75,15.0
52.842174,-0.668,14.672
52.84298,-0.815,15.26
52.843645,-0.9099999999999999,15.64
52.843788,-0.931,15.724
52.844597,-0.966,15.864
52.845,-0.76,15.04
52.845423,-0.46,13.84
52.846271,-0.889999999999999,15.559999999999995
52.847965,-0.373,13.492
52.848814,-1.028,16.112000000000002
52.849237,-0.47000000000000003,13.88
52.849662,-0.71,14.84
52.850508,-0.8889999999999989,15.555999999999996
52.851356,-0.98,15.92
52.85305,-1.022,16.088
52.853475,-0.6000000000000001,14.4
52.853898,-0.69,14.76
52.854747,-0.62,14.48
52.855592,-0.613,14.452
52.856441,-0.54,14.16
52.857289,-0.597,14.388
52.857712,-0.44,13.76
52.858135,-0.615,14.46
52.858983,-0.589,14.356
52.859831,-0.513,14.052
52.860679,-0.461,13.844
52.861525,-0.42000000000000004,13.68
52.861949,-0.34,13.36
52.862373,-0.51,14.04
52.863221,-0.385,13.54
52.864067,-0.457,13.828
52.864915,-0.534,14.136
52.865764,-0.459,13.836
52.866186,-0.29000000000000004,13.16
52.866609,-0.43400000000000005,13.736
52.867458,-0.42900000000000005,13.716000000000001
52.868306,-0.41800000000000004,13.672
52.87,-0.467,13.868
52.871694,-0.445,13.78
52.873391,-0.39,13.56
52.874236,-0.61,14.44
52.875085,-0.455,13.82
52.875933,-0.534,14.136
52.876779,-0.535,14.14
52.877627,-0.5860000000000001,14.344000000000001
52.878475,-0.5640000000000001,14.256
52.879321,-0.599,14.396
52.880169,-0.5840000000000001,14.336
52.881017,-0.651,14.604
52.881865,-0.599,14.396
52.882711,-0.7130000000000001,14.852
52.883559,-0.776,15.104
52.883898,-0.79,15.16
52.884408,-0.62,14.48
52.885253,-1.3579999999999999,17.432
52.886102,-0.8580000000000001,15.432
52.88695,-0.668,14.672
52.887796,-0.724,14.896
52.888475,-0.76,15.04
52.888644,-0.636,14.544
52.889492,-0.645,14.58
52.890338,-0.634,14.536
52.891186,-0.51,14.04
52.89161,-0.54,14.16
52.892035,-0.658,14.632
52.892881,-0.528,14.112
52.893051,-0.81,15.24
52.893729,-0.6759999999999999,14.704
52.894577,-0.5529999999999999,14.212
52.895423,-0.573,14.292
52.895847,-0.31,13.24
52.896218,-0.45,13.8
52.896271,-0.537,14.148
52.897119,-0.517,14.068
52.897627,-0.7,14.8
52.897965,-0.74,14.96
52.898814,-0.462,13.848
52.899662,-0.523,14.092
52.900085,-0.41000000000000003,13.64
52.900164,-0.38,13.52
52.900508,-0.608,14.432
52.901356,-0.454,13.816
52.902203,-0.491,13.964
52.903052,-0.5569999999999999,14.228
52.903897,-0.468,13.872
52.90411,-0.72,14.879999999999999
52.904322,-0.11000000000000001,12.44
52.908559,-0.12000000000000001,12.48
52.909759,-0.54,14.16
52.912797,-0.21000000000000002,12.84
52.917034,-0.29000000000000004,13.16
52.921271,-0.30000000000000004,13.2
52.925508,-0.38,13.52
52.929746,-0.45,13.8
52.933983,-0.61,14.44
52.93822,-0.42000000000000004,13.68
52.942458,-0.52,14.08
52.946342,-0.5,14.0
52.949698,-0.46,13.84
52.953054,-0.71,14.84
52.956409,-0.38,13.52
52.959765,-0.30000000000000004,13.2
52.963121,-0.16,12.64
52.966477,-0.29000000000000004,13.16
52.969832,-0.24000000000000002,12.96
52.973188,-0.4,13.6
52.976544,-0.28,13.120000000000001
52.978289,-0.62,14.48
52.979899,-0.25,13.0
52.983255,-0.22,12.88
52.983581,-0.66,14.64
52.986611,-0.28,13.120000000000001
52.988873,-0.52,14.08
52.989966,-0.25,13.0
52.993322,-0.25,13.0
52.994166,-0.55,14.2
52.996678,-0.30000000000000004,13.2
52.999458,-0.53,14.120000000000001
53.003389,-0.36,13.44
53.004751,-0.5800000000000001,14.32
53.006745,-0.46,13.84
53.010043,-0.32,13.28
53.013456,-0.13,12.52
53.015336,-0.63,14.52
53.016812,-0.4,13.6
53.020168,-0.36,13.44
53.02151,-0.53,14.120000000000001
53.023523,-0.27,13.08
53.02378,-0.5,14.0
53.026504,-0.64,14.56
53.026879,-0.47000000000000003,13.88
53.029228,-0.43000000000000005,13.72
53.030235,-0.39,13.56
53.031952,-0.53,14.120000000000001
53.033591,-0.23,12.92
53.034676,-0.5700000000000001,14.280000000000001
53.036946,-0.32,13.28
53.037282,-0.7,14.8
53.039295,-0.72,14.879999999999999
53.040302,-0.33,13.32
53.041309,-0.5700000000000001,14.280000000000001
53.043322,-0.62,14.48
53.043658,-0.45,13.8
53.045336,-0.5700000000000001,14.280000000000001
53.047013,-0.5,14.0
53.047349,-0.6000000000000001,14.4
53.049362,-0.54,14.16
53.051376,-0.5800000000000001,14.32
53.053389,-0.51,14.04
53.055403,-0.63,14.52
53.057081,-0.42000000000000004,13.68
53.057416,-0.69,14.76
53.05943,-0.72,14.879999999999999
53.059765,-0.55,14.2
53.061443,-0.6000000000000001,14.4
53.063792,-0.51,14.04
53.064101,-0.51,14.04
53.067148,-0.36,13.44
53.067403,-0.49,13.96
53.070705,-0.46,13.84
53.073859,-0.4,13.6
53.074007,-0.4,13.6
53.077215,-0.39,13.56
53.077309,-0.36,13.44
53.08057,-0.32,13.28
53.080611,-0.47000000000000003,13.88
53.083913,-0.43000000000000005,13.72
53.083926,-0.36,13.44
53.087215,-0.53,14.120000000000001
53.090517,-0.47000000000000003,13.88
53.093819,-0.5,14.0
53.093993,-0.38,13.52
53.097121,-0.47000000000000003,13.88
53.097349,-0.48000000000000004,13.92
53.100423,-0.5700000000000001,14.280000000000001
53.100705,-0.39,13.56
53.103725,-0.52,14.08
53.10406,-0.52,14.08
53.107416,-0.36,13.44
53.110329,-0.52,14.08
53.110772,-0.16,12.64
53.113631,-0.61,14.44
53.114128,-0.36,13.44
53.116933,-0.56,14.24
53.117483,-0.34,13.36
53.120839,-0.16,12.64
53.124195,-0.12000000000000001,12.48
53.126946,-0.5,14.0
53.12755,-0.11000000000000001,12.44
53.130906,-0.25,13.0
53.134262,-0.28,13.120000000000001
53.137617,-0.31,13.24
53.138302,-0.44,13.76
53.140973,-0.27,13.08
53.144329,-0.4,13.6
53.147857,-0.36,13.44
53.149957,-0.36,13.44
53.151429,-0.35,13.4
53.155,-0.28,13.120000000000001
53.158571,-0.38,13.52
53.162043,-0.45,13.8
53.162143,-0.49,13.96
53.172857,-0.21000000000000002,12.84
53.174129,-0.3628,13.4512
53.176429,-0.25,13.0
53.18,-0.34,13.36
53.183571,-0.52,14.08
53.187143,-0.44,13.76
53.190714,-0.31,13.24
53.194286,-0.35,13.4
53.197857,-0.33,13.32
53.201429,-0.19,12.76
53.202,-0.21000000000000002,12.84
53.205,-0.26,13.04
53.205643,-0.35,13.4
53.208571,-0.34,13.36
53.209286,-0.31,13.24
53.210386,-0.6408,14.5632
53.212143,-0.33,13.32
53.212857,-0.22,12.88
53.213214,-0.32,13.28
53.214214,-0.15000000000000002,12.6
53.216429,-0.16,12.64
53.22,-0.33,13.32
53.223316,-0.7198,14.8792
53.223571,-0.53,14.120000000000001
53.227143,-0.36,13.44
53.227908,-0.5838,14.3352
53.230714,-0.27,13.08
53.2325,-0.7823,15.1292
53.234286,-0.18000000000000002,12.72
53.237092,-0.6874,14.749600000000001
53.237857,-0.14,12.56
53.240714,-0.12000000000000001,12.48
53.241684,-0.3157,13.2628
53.246276,-0.6953,14.7812
53.249286,-0.31,13.24
53.250867,-0.5638000000000001,14.2552
53.252857,-0.42000000000000004,13.68
53.255399,-0.7921,15.1684
53.256242,-0.41000000000000003,13.64
53.259348,-0.55,14.2
53.259705,-0.839599999999999,15.358399999999996
53.262454,-0.42000000000000004,13.68
53.26556,-0.48000000000000004,13.92
53.265572,-0.8722000000000001,15.488800000000001
53.268666,-0.44,13.76
53.271438,-0.716,14.864
53.271772,-0.49,13.96
53.274878,-0.30000000000000004,13.2
53.277305,-0.6221,14.4884
53.277984,-0.32,13.28
53.28109,-0.41000000000000003,13.64
53.283172,-0.7048000000000001,14.8192
53.283574,-0.42000000000000004,13.68
53.28668,-0.29000000000000004,13.16
53.289038,-0.6335999999999999,14.5344
53.289786,-0.47000000000000003,13.88
53.292892,-0.30000000000000004,13.2
53.294905,-0.8371999999999999,15.3488
53.295998,-0.28,13.120000000000001
53.299104,-0.16,12.64
53.300772,-0.7808999999999999,15.1236
53.30221,-0.22,12.88
53.305316,-0.22,12.88
53.306639,-0.6514,14.605599999999999
53.308422,-0.25,13.0
53.311527,-0.28,13.120000000000001
53.312478,-0.5733,14.2932
53.314633,-0.18000000000000002,12.72
53.317739,-0.12000000000000001,12.48
53.318178,-0.6188,14.475200000000001
53.320845,-0.11000000000000001,12.44
53.323878,-0.5594,14.2376
53.323951,-0.17,12.68
53.327057,-0.31,13.24
53.329578,-0.6721,14.6884
53.330163,-0.33,13.32
53.333269,-0.31,13.24
53.335279,-0.3637,13.4548
53.336375,-0.41000000000000003,13.64
53.339481,-0.16,12.64
53.340979,-0.5753,14.3012
53.342587,-0.1,12.4
53.345343,-0.6089,14.4356
53.345692,-0.07,12.28
53.348371,-0.6237,14.4948
53.348798,0.0,12.0
53.3514,-0.6721,14.6884
53.351904,-0.16,12.64
53.353302,-0.7384,14.9536
53.354979,-0.5406,14.1624
53.35501,-0.12000000000000001,12.48
53.356656,-0.5466,14.186399999999999
53.358116,0.009999999999999981,11.96
53.358334,-0.4616,13.8464
53.360011,-0.4003,13.6012
53.361222,-0.06,12.24
53.361688,-0.3419,13.3676
53.363293,-0.3963,13.5852
53.364535,-0.4635,13.854
53.364949,-0.08000000000000002,12.32
53.365777,-0.5001,14.000399999999999
53.36702,-0.45280000000000004,13.8112
53.368055,-0.04000000000000001,12.16
53.368262,-0.4608,13.8432
53.369504,-0.4858,13.943200000000001
53.370747,-0.5388,14.1552
53.371161,-0.2,12.8
53.371989,-0.4828,13.9312
53.373232,-0.5095000000000001,14.038
53.374267,-0.2,12.8
53.374474,-0.4165,13.666
53.375716,-0.5648,14.2592
53.376959,-0.39880000000000004,13.5952
53.377373,-0.15000000000000002,12.6
53.378201,-0.375,13.5
53.379443,-0.3503,13.4012
53.380479,-0.13,12.52
53.380686,-0.5361,14.144400000000001
53.381928,-0.6152,14.460799999999999
53.38317,-0.6666000000000001,14.6664
53.383585,-0.11000000000000001,12.44
53.384413,-0.379,13.516
53.385655,-0.4838,13.9352
53.38669,-0.24000000000000002,12.96
53.386897,-0.3315,13.326
53.38814,-0.34640000000000004,13.3856
53.389382,-0.3622,13.4488
53.389796,-0.15000000000000002,12.6
53.391867,-0.2994,13.1976
53.392902,-0.19,12.76
53.394992,-0.3093,13.2372
53.396008,-0.020000000000000018,12.08
53.398493,0.06,11.76
53.400074,-0.3479,13.3916
53.401599,-0.010000000000000009,12.04
53.404705,0.01999999999999999,11.92
53.405156,-0.2964,13.1856
53.407811,-0.12000000000000001,12.48
53.410916,-0.2,12.8
53.414022,-0.37,13.48
53.415321,-0.2609,13.0436
53.417128,-0.29000000000000004,13.16
53.420234,-0.19,12.76
53.420404,-0.4072,13.6288
53.42334,-0.07,12.28
53.425486,-0.37160000000000004,13.4864
53.426446,-0.05000000000000002,12.2
53.429552,-0.010000000000000009,12.04
53.430568,-0.4536,13.8144
53.432658,-0.04000000000000001,12.16
53.435651,-0.2796,13.1184
53.435764,-0.05000000000000002,12.2
53.43887,-0.020000000000000018,12.08
53.440733,-0.3627,13.450800000000001
53.441976,-0.020000000000000018,12.08
53.445081,0.04999999999999999,11.8
53.445816,-0.2845999999999999,13.138399999999999
53.448187,0.04999999999999999,11.8
53.450898,-0.42700000000000005,13.708
53.451293,-0.03,12.12
53.454399,-0.04000000000000001,12.16
53.45598,-0.4358,13.7432
53.457505,-0.13,12.52
53.460611,-0.06,12.24
53.461063,-0.4586,13.8344
53.463717,-0.010000000000000009,12.04
53.466145,-0.4536,13.8144
53.466823,-0.05000000000000002,12.2
53.468686,-0.18000000000000002,12.72
53.469929,-0.07,12.28
53.471228,-0.335,13.34
53.471792,0.03999999999999998,11.84
53.473035,-0.11000000000000001,12.44
53.474898,0.03999999999999998,11.84
53.476141,-0.06,12.24
53.47631,-0.2814,13.1256
53.478004,0.01999999999999999,11.92
53.479122,0.03999999999999998,11.84
53.48111,-0.05000000000000002,12.2
53.481392,-0.335,13.34
53.484216,-0.46,13.84
53.486475,-0.3638,13.4552
53.487322,0.0,12.0
53.48882,-0.2735,13.094
53.490428,-0.29000000000000004,13.16
53.490618,-0.2834,13.1336
53.492417,-0.2765,13.106
53.493534,-0.48000000000000004,13.92
53.494215,-0.2824,13.1296
53.496013,-0.2775,13.11
53.49664,-0.28,13.120000000000001
53.497811,-0.2735,13.094
53.499609,-0.3088,13.2352
53.499745,-0.08000000000000002,12.32
53.501407,-0.3889,13.5556
53.503206,-0.4017,13.6068
53.503473,-0.04000000000000001,12.16
53.505004,-0.4788,13.9152
53.505957,-0.08000000000000002,12.32
53.506802,-0.4986,13.9944
53.5086,-0.3651,13.4604
53.509063,-0.020000000000000018,12.08
53.510398,-0.3315,13.326
53.512169,0.0,12.0
53.512196,-0.3483,13.3932
53.513994,-0.4551,13.8204
53.515275,0.0,12.0
53.515793,-0.3187,13.274799999999999
53.518381,-0.13,12.52
53.521487,-0.07,12.28
53.524564,-0.4958,13.9832
53.524593,-0.22,12.88
53.527286,-0.5514,14.2056
53.527699,-0.22,12.88
53.530006,-0.7527999999999999,15.011199999999999
53.530804,-0.66,14.64
53.532726,-0.7666999999999999,15.0668
53.53391,-0.56,14.24
53.537016,-0.45,13.8
53.538902,-0.8808999999999989,15.523599999999995
53.540122,-0.30000000000000004,13.2
53.543228,-0.66,14.64
53.546334,-0.41000000000000003,13.64
53.548885,-0.7757000000000001,15.1028
53.54944,-0.48000000000000004,13.92
53.552546,-0.26,13.04
53.555652,-0.31,13.24
53.558758,-0.29000000000000004,13.16
53.558869,-0.6228,14.4912
53.561831,-0.37,13.48
53.564884,-0.32,13.28
53.567936,-0.1,12.4
53.568699,-0.4779,13.9116
53.570988,-0.44,13.76
53.574041,-0.38,13.52
53.577093,-0.43000000000000005,13.72
53.57851,-0.6376999999999999,14.550799999999999
53.580145,-0.35,13.4
53.583198,-0.53,14.120000000000001
53.584308,-0.605,14.42
53.58625,-0.56,14.24
53.589302,-0.6476999999999999,14.5908
53.589302,-0.21000000000000002,12.84
53.592355,-0.16,12.64
53.594297,-0.6854,14.7416
53.595407,-0.13,12.52
53.598459,-0.020000000000000018,12.08
53.598773,-0.4938,13.975200000000001
53.600654,-0.5891,14.3564
53.601512,-0.06,12.24
53.602535,-0.4621,13.8484
53.604415,-0.2844,13.137599999999999
53.604564,-0.08000000000000002,12.32
53.606296,-0.2874,13.1496
53.607616,0.009999999999999981,11.96
53.608177,-0.2973,13.1892
53.610058,-0.24170000000000003,12.9668
53.610669,-0.020000000000000018,12.08
53.611939,-0.17920000000000003,12.7168
53.613721,-0.08000000000000002,12.32
53.61382,-0.1633,12.6532
53.615701,-0.1564,12.6256
53.617384,-0.07,12.28
53.617582,-0.3781,13.5124
53.619463,-0.44,13.76
53.620436,-0.1,12.4
53.621343,-0.2561,13.0244
53.623488,-0.08000000000000002,12.32
53.625876,-0.32530000000000003,13.3012
53.626541,-0.07,12.28
53.629593,-0.06,12.24
53.63094,-0.3488,13.395199999999999
53.635698,-0.020000000000000018,12.08
53.636003,-0.30000000000000004,13.2
53.63875,-0.07,12.28
53.640581,-0.07,12.28
53.641066,-0.3158,13.2632
53.644244,-0.21000000000000002,12.84
53.646129,-0.4066,13.6264
53.647297,-0.14,12.56
53.650349,-0.31,13.24
53.650865,-0.49870000000000003,13.9948
53.653401,-0.51,14.04
53.653965,-0.5224,14.0896
53.656453,-0.32,13.28
53.657064,-0.7211000000000001,14.8844
53.659506,-0.7,14.8
53.660163,-0.4934,13.9736
53.662558,-0.45,13.8
53.663263,-0.7706999999999999,15.082799999999999
53.665515,-0.9671000000000001,15.868400000000001
53.665515,-0.65,14.6
53.667692,-1.0448,16.1792
53.668088,-0.4,13.6
53.670662,-0.52,14.08
53.671493,-0.9479,15.791599999999999
53.673235,-0.42000000000000004,13.68
53.675294,-0.8158000000000001,15.263200000000001
53.675809,-0.6699999999999999,14.68
53.678382,-0.52,14.08
53.679095,-0.8929999999999989,15.571999999999996
53.680956,-0.63,14.52
53.682896,-0.8419000000000001,15.3676
53.683529,-0.65,14.6
53.684449,-0.7921,15.1684
53.686103,-0.5800000000000001,14.32
53.687068,-0.4867,13.9468
53.688676,-0.54,14.16
53.688998,-0.3083,13.2332
53.690221,-0.27,13.08
53.690928,-0.5245,14.097999999999999
53.691301,-0.33,13.32
53.692794,-0.23,12.92
53.692858,-0.3593,13.4372
53.694081,-0.31,13.24
53.694789,-0.3019,13.2076
53.695368,-0.06,12.24
53.696719,-0.2545,13.018
53.697941,-0.010000000000000009,12.04
53.698649,-0.2564,13.0256
53.700515,0.01999999999999999,11.92
53.700579,-0.3492,13.3968
53.702509,-0.3856,13.5424
53.703088,0.06,11.76
53.705301,-0.2586,13.0344
53.706176,-0.04000000000000001,12.16
53.708235,0.01999999999999999,11.92
53.710294,-0.1,12.4
53.712404,-0.3468,13.3872
53.712868,-0.020000000000000018,12.08
53.715441,-0.11000000000000001,12.44
53.718015,-0.14,12.56
53.719507,-0.2604,13.0416
53.720588,-0.15000000000000002,12.6
53.723162,0.07,11.72
53.72625,0.0,12.0
53.72661,-0.35,13.4
53.728309,-0.010000000000000009,12.04
53.728824,-0.04000000000000001,12.16
53.730882,-0.06,12.24
53.731397,-0.010000000000000009,12.04
53.733713,-0.2852,13.1408
53.733971,0.08000000000000002,11.68
53.736544,-0.05000000000000002,12.2
53.739118,-0.010000000000000009,12.04
53.740211,-0.3026,13.2104
53.741691,-0.15000000000000002,12.6
53.743681,-0.2738999999999999,13.0956
53.744265,-0.16,12.64
53.746838,-0.12000000000000001,12.48
53.747151,-0.24020000000000002,12.9608
53.749412,-0.36,13.44
53.750622,-0.2511,13.0044
53.751985,0.0,12.0
53.754092,-0.3264,13.3056
53.754559,-0.11000000000000001,12.44
53.757562,-0.45030000000000003,13.8012
53.758162,-0.26,13.04
53.759706,-0.2,12.8
53.761032,-0.39080000000000004,13.5632
53.762279,0.03,11.88
53.764338,-0.2,12.8
53.764503,-0.2966999999999999,13.1868
53.764853,-0.06,12.24
53.766912,-0.1,12.4
53.767426,0.07,11.72
53.767973,-0.3096,13.2384
53.769485,-0.11000000000000001,12.44
53.77,-0.06,12.24
53.771443,-0.3512,13.4048
53.772574,0.04999999999999999,11.8
53.774632,-0.06,12.24
53.774914,-0.375,13.5
53.775147,-0.1,12.4
53.777206,-0.06,12.24
53.778384,-0.4384,13.7536
53.779779,-0.07,12.28
53.781854,-0.4146,13.6584
53.782353,-0.03,12.12
53.784926,-0.07,12.28
53.785324,-0.4968,13.9872
53.7875,-0.04000000000000001,12.16
53.788795,-0.3482,13.3928
53.790074,-0.04000000000000001,12.16
53.792265,-0.2511,13.0044
53.792647,-0.04000000000000001,12.16
53.795221,-0.11000000000000001,12.44
53.795735,-0.3056,13.2224
53.797794,-0.19,12.76
53.798309,-0.010000000000000009,12.04
53.799206,-0.2679,13.0716
53.802676,-0.2788,13.1152
53.803456,0.03,11.88
53.806029,-0.020000000000000018,12.08
53.806146,-0.316,13.264
53.809118,0.03,11.88
53.809616,-0.29710000000000003,13.1884
53.811176,0.08000000000000002,11.68
53.813087,-0.21730000000000002,12.8692
53.81375,0.15999999999999998,11.36
53.816324,-0.03,12.12
53.816557,-0.23220000000000002,12.9288
53.818897,0.03999999999999998,11.84
53.820027,-0.306,13.224
53.821471,-0.08000000000000002,12.32
53.823498,-0.24220000000000003,12.9688
53.824044,-0.09000000000000001,12.36
53.826103,-0.23,12.92
53.826968,-0.302,13.208
53.828676,-0.15000000000000002,12.6
53.830438,-0.2073,12.8292
53.83125,-0.06,12.24
53.833824,-0.1,12.4
53.833908,-0.2911,13.1644
53.836397,-0.15000000000000002,12.6
53.837379,-0.15940000000000001,12.6376
53.838971,-0.19,12.76
53.840849,-0.30000000000000004,13.2
53.841544,-0.30000000000000004,13.2
53.844118,-0.14,12.56
53.844319,-0.1714,12.6856
53.846691,-0.36,13.44
53.84779,-0.2921,13.1684
53.849265,-0.13,12.52
53.85126,-0.3409,13.3636
53.851838,-0.15000000000000002,12.6
53.85346,-0.335,13.34
53.854412,-0.12000000000000001,12.48
53.855405,-0.3419,13.3676
53.856985,0.01999999999999999,11.92
53.857351,-0.2801,13.1204
53.859296,-0.39580000000000004,13.5832
53.859559,0.009999999999999981,11.96
53.861242,-0.2083,12.8332
53.862132,0.01999999999999999,11.92
53.863188,-0.43069999999999997,13.7228
53.864706,-0.07,12.28
53.865133,-0.4686,13.8744
53.867079,-0.4227,13.6908
53.867279,0.04999999999999999,11.8
53.869024,-0.5474,14.1896
53.869853,-0.04000000000000001,12.16
53.87097,-0.19030000000000002,12.7612
53.872426,0.0,12.0
53.872915,-0.17830000000000001,12.7132
53.874861,-0.1564,12.6256
53.875,0.09999999999999998,11.6
53.876807,-0.2921,13.1684
53.87711,-0.06,12.24
53.877625,-0.05000000000000002,12.2
53.878088,0.009999999999999981,11.96
53.878088,0.08999999999999997,11.64
53.878603,0.03999999999999998,11.84
53.878752,-0.2472,12.9888
53.880301,-0.12000000000000001,12.48
53.880662,0.12,11.52
53.880698,-0.2023,12.8092
53.881176,-0.17,12.68
53.882,0.06,11.76
53.882643,-0.1345,12.538
53.882875,-0.05000000000000002,12.2
53.883235,-0.16,12.64
53.88375,-0.06,12.24
53.884574,0.06,11.76
53.884816,-0.16040000000000001,12.6416
53.885294,0.0,12.0
53.885449,0.08999999999999997,11.64
53.885809,0.01999999999999999,11.92
53.886324,-0.16,12.64
53.888022,-0.11000000000000001,12.44
53.88812,-0.17930000000000001,12.7172
53.888382,0.01999999999999999,11.92
53.888846,-0.05000000000000002,12.2
53.889721,-0.35,13.4
53.890596,-0.13,12.52
53.890956,0.06,11.76
53.891419,-0.21000000000000002,12.84
53.891425,-0.14440000000000003,12.5776
53.892294,-0.23,12.92
53.893118,-0.11000000000000001,12.44
53.893529,-0.020000000000000018,12.08
53.893993,-0.21000000000000002,12.84
53.89473,-0.1494,12.5976
53.894868,-0.24000000000000002,12.96
53.895588,-0.08000000000000002,12.32
53.895691,-0.19,12.76
53.896566,-0.23,12.92
53.897441,-0.16,12.64
53.898035,-0.3046,13.218399999999999
53.898162,-0.020000000000000018,12.08
53.898265,-0.12000000000000001,12.48
53.898676,0.03999999999999998,11.84
53.89914,-0.2,12.8
53.899963,-0.17,12.68
53.900838,-0.18000000000000002,12.72
53.90125,0.009999999999999981,11.96
53.90134,-0.34030000000000005,13.3612
53.901713,-0.2,12.8
53.902537,-0.19,12.76
53.903412,-0.22,12.88
53.903824,0.009999999999999981,11.96
53.904287,-0.13,12.52
53.904645,-0.39270000000000005,13.5708
53.90511,-0.07,12.28
53.905985,-0.06,12.24
53.906397,0.01999999999999999,11.92
53.906809,-0.18000000000000002,12.72
53.907684,0.009999999999999981,11.96
53.90795,-0.3145,13.258
53.908456,0.01999999999999999,11.92
53.908559,-0.33,13.32
53.909382,-0.26,13.04
53.910257,-0.17,12.68
53.911081,-0.08000000000000002,12.32
53.911255,-0.2927,13.1708
53.911956,-0.19,12.76
53.912831,-0.18000000000000002,12.72
53.913654,-0.2,12.8
53.914529,-0.18000000000000002,12.72
53.91456,-0.33630000000000004,13.3452
53.915404,-0.2,12.8
53.916228,-0.21000000000000002,12.84
53.917103,-0.010000000000000009,12.04
53.917865,-0.3482,13.3928
53.917926,-0.27,13.08
53.918801,-0.11000000000000001,12.44
53.919676,-0.38,13.52
53.9205,-0.26,13.04
53.92117,-0.2927,13.1708
53.921375,-0.29000000000000004,13.16
53.922199,-0.30000000000000004,13.2
53.923074,-0.38,13.52
53.923949,-0.36,13.44
53.924475,-0.2313,12.9252
53.924772,-0.31,13.24
53.925647,-0.36,13.44
53.926522,-0.26,13.04
53.927346,-0.32,13.28
53.92778,-0.2908,13.1632
53.928221,-0.37,13.48
53.929044,-0.30000000000000004,13.2
53.929919,-0.28,13.120000000000001
53.930794,-0.35,13.4
53.931618,-0.39,13.56
53.932493,-0.44,13.76
53.933368,-0.30000000000000004,13.2
53.934191,-0.39,13.56
53.93439,-0.363,13.452
53.935066,-0.18000000000000002,12.72
53.93589,-0.21000000000000002,12.84
53.936765,-0.52,14.08
53.937279,-0.16,12.64
53.937695,-0.11750000000000001,12.47
53.937794,-0.25,13.0
53.938309,-0.42000000000000004,13.68
53.938824,-0.45,13.8
53.939338,-0.54,14.16
53.939338,-0.36,13.44
53.939853,-0.41000000000000003,13.64
53.940368,-0.45,13.8
53.940882,-0.56,14.24
53.941,-0.39370000000000005,13.5748
53.941397,-0.32,13.28
53.941912,-0.5800000000000001,14.32
53.941912,-0.53,14.120000000000001
53.942426,-0.5800000000000001,14.32
53.942941,-0.46,13.84
53.943456,-0.38,13.52
53.943971,-0.64,14.56
53.944305,-0.5373,14.1492
53.944485,-0.78,15.120000000000001
53.944485,-0.5700000000000001,14.280000000000001
53.945,-0.76,15.04
53.94552,-0.6000000000000001,14.4
53.94604,-0.48000000000000004,13.92
53.946559,-0.55,14.2
53.947079,-0.79,15.16
53.947079,-0.52,14.08
53.947287,-0.5640000000000001,14.256
53.947599,-0.43000000000000005,13.72
53.948119,-0.7,14.8
53.948535,-0.5769,14.3076
53.948639,-0.76,15.04
53.948743,-0.53,14.120000000000001
53.949158,-0.53,14.120000000000001
53.949678,-0.53,14.120000000000001
53.950036,-0.666,14.664
53.950198,-0.18000000000000002,12.72
53.950406,-0.37,13.48
53.950718,-0.49,13.96
53.951238,-0.63,14.52
53.951757,-0.31,13.24
53.95179,-0.8502000000000001,15.4008
53.952277,-0.46,13.84
53.952797,-0.5800000000000001,14.32
53.952797,-0.51,14.04
53.953317,-0.4,13.6
53.953544,-0.9106000000000001,15.6424
53.953837,-0.56,14.24
53.954356,-0.46,13.84
53.954876,-0.42000000000000004,13.68
53.955299,-0.8007,15.2028
53.955396,-0.46,13.84
53.955916,-0.46,13.84
53.956436,-0.5,14.0
53.956955,-0.52,14.08
53.957053,-0.8126,15.250399999999999
53.957475,-0.38,13.52
53.957995,-0.69,14.76
53.958515,-0.52,14.08
53.958983,-0.6134999999999999,14.454
53.959035,-0.45,13.8
53.959554,-0.43000000000000005,13.72
53.960074,-0.43000000000000005,13.72
53.960594,-0.46,13.84
53.961114,-0.55,14.2
53.961634,-0.64,14.56
53.96179,-0.7243999999999999,14.8976
53.962153,-0.52,14.08
53.962673,-0.5700000000000001,14.280000000000001
53.963193,-0.5,14.0
53.963713,-0.5700000000000001,14.280000000000001
53.964233,-0.55,14.2
53.964597,-0.7878000000000001,15.1512
53.964752,-0.66,14.64
53.965272,-0.33,13.32
53.965792,-0.49,13.96
53.966312,-0.55,14.2
53.966832,-0.32,13.28
53.967351,-0.51,14.04
53.967403,-0.6234,14.4936
53.967871,-0.42000000000000004,13.68
53.968911,-0.34,13.36
53.969431,-0.52,14.08
53.96995,-0.29000000000000004,13.16
53.97021,-0.5065999999999999,14.026399999999999
53.97047,-0.29000000000000004,13.16
53.97099,-0.28,13.120000000000001
53.97151,-0.22,12.88
53.97203,-0.18000000000000002,12.72
53.97255,-0.23,12.92
53.973069,-0.25,13.0
53.973117,-0.33930000000000005,13.3572
53.974109,-0.23,12.92
53.974629,-0.15000000000000002,12.6
53.975149,-0.03,12.12
53.975668,0.0,12.0
53.976188,0.03999999999999998,11.84
53.976519,-0.362,13.448
53.976708,-0.07,12.28
53.977228,-0.05000000000000002,12.2
53.977748,0.009999999999999981,11.96
53.978267,-0.21000000000000002,12.84
53.978787,-0.020000000000000018,12.08
53.979307,-0.07,12.28
53.979827,-0.25,13.0
53.979921,-0.18680000000000002,12.7472
53.980347,-0.06,12.24
53.980866,-0.29000000000000004,13.16
53.981386,-0.27,13.08
53.981906,-0.42000000000000004,13.68
53.982426,-0.17,12.68
53.982946,-0.22,12.88
53.983324,-0.363,13.452
53.983465,-0.22,12.88
53.983985,-0.2,12.8
53.984505,-0.16,12.64
53.985025,-0.28,13.120000000000001
53.985545,-0.29000000000000004,13.16
53.986064,-0.28,13.120000000000001
53.986584,-0.30000000000000004,13.2
53.986726,-0.3799,13.5196
53.987104,-0.21000000000000002,12.84
53.987624,-0.2,12.8
53.988144,-0.24000000000000002,12.96
53.988663,-0.32,13.28
53.989183,-0.2,12.8
53.989703,-0.25,13.0
53.990128,-0.2353,12.9412
53.990223,-0.17,12.68
53.990743,-0.12000000000000001,12.48
53.991262,-0.26,13.04
53.991782,-0.13,12.52
53.992302,-0.32,13.28
53.992822,-0.34,13.36
53.993342,-0.31,13.24
53.993531,-0.2185,12.874
53.996933,-0.4373,13.7492
53.99802,-0.09000000000000001,12.36
53.99854,-0.11000000000000001,12.44
53.999226,-0.2878,13.1512
54.001528,-0.2826,13.1304
54.002698,-0.11000000000000001,12.44
54.003218,-0.13,12.52
54.00383,-0.1932,12.7728
54.004981,-0.4877,13.950800000000001
54.006132,-0.1291,12.5164
54.007896,-0.04000000000000001,12.16
54.008416,0.01999999999999999,11.92
54.008434,-0.2109,12.8436
54.010736,-0.0685,12.274000000000001
54.013038,-0.05070000000000002,12.2028
54.013094,-0.05000000000000002,12.2
54.013614,0.01999999999999999,11.92
54.01534,-0.1428,12.5712
54.016491,-0.11370000000000001,12.4548
54.017642,-0.20520000000000002,12.8208
54.018292,-0.19,12.76
54.018812,-0.12000000000000001,12.48
54.019944,-0.4309,13.7236
54.021095,-0.16110000000000002,12.644400000000001
54.022246,-0.30310000000000004,13.2124
54.023397,-0.40580000000000005,13.6232
54.02349,-0.26,13.04
54.02401,-0.19,12.76
54.024548,-0.2703,13.081199999999999
54.02505,-0.19,12.76
54.025699,-0.2396,12.9584
54.026089,-0.2,12.8
54.02685,-0.29660000000000003,13.1864
54.027129,-0.16,12.64
54.028001,-0.41190000000000004,13.6476
54.028168,-0.24000000000000002,12.96
54.029152,-0.4235,13.693999999999999
54.029208,-0.31,13.24
54.0302,-0.47550000000000003,13.902000000000001
54.030248,-0.22,12.88
54.031145,-0.39590000000000003,13.5836
54.031287,-0.29000000000000004,13.16
54.03209,-0.4738,13.895199999999999
54.032327,-0.36,13.44
54.033036,-0.2649,13.0596
54.033366,-0.36,13.44
54.033886,-0.24000000000000002,12.96
54.033981,-0.5569999999999999,14.228
54.034406,-0.35,13.4
54.034926,-0.3473,13.3892
54.034926,-0.2,12.8
54.035446,-0.25,13.0
54.035871,-0.5327,14.1308
54.036485,-0.07,12.28
54.036816,-0.43810000000000004,13.7524
54.037005,-0.31,13.24
54.037525,-0.49,13.96
54.038045,-0.28,13.120000000000001
54.038564,-0.45,13.8
54.038706,-0.6835,14.734
54.039084,-0.11000000000000001,12.44
54.039604,-0.1,12.4
54.039651,-0.4315,13.725999999999999
54.040124,-0.21000000000000002,12.84
54.040644,-0.4,13.6
54.041163,-0.14,12.56
54.041541,-0.7809999999999999,15.123999999999999
54.041683,-0.1,12.4
54.042203,-0.12000000000000001,12.48
54.04225,-0.6219,14.4876
54.042723,-1.1355,16.542
54.042723,-0.24000000000000002,12.96
54.043195,-0.7416,14.9664
54.043243,-0.47000000000000003,13.88
54.043668,-0.8752,15.5008
54.043762,-0.38,13.52
54.04414,-0.8115000000000001,15.246
54.044282,-0.56,14.24
54.044613,-0.6822,14.7288
54.044802,0.03999999999999998,11.84
54.045086,-0.8016000000000001,15.2064
54.045322,-0.6699999999999999,14.68
54.045322,-0.49,13.96
54.045558,-0.9186000000000001,15.6744
54.045842,-0.28,13.120000000000001
54.046031,-0.9933000000000001,15.9732
54.046361,-0.46,13.84
54.046503,-0.9858,15.943200000000001
54.046881,-0.26,13.04
54.046976,-0.7585999999999999,15.0344
54.047401,-0.18000000000000002,12.72
54.047448,-0.8414999999999999,15.366
54.047921,-0.8607,15.4428
54.047921,-0.14,12.56
54.048393,-0.7861,15.144400000000001
54.048441,-0.53,14.120000000000001
54.048866,-0.4496,13.7984
54.04896,-0.35,13.4
54.049338,-0.8631,15.4524
54.04948,-0.65,14.6
54.049811,-0.865,15.46
54.050284,-0.8546,15.4184
54.050691,-0.8301000000000001,15.3204
54.051029,-1.1535,16.614
54.051368,-1.0026,16.0104
54.051707,-0.9368000000000001,15.7472
54.052046,-1.0865,16.346
54.052085,-0.43000000000000005,13.72
54.052384,-0.8075000000000001,15.23
54.052723,-0.8956,15.5824
54.053062,-0.9135,15.654
54.053127,-0.13,12.52
54.053401,-0.6769000000000001,14.7076
54.053648,-0.15000000000000002,12.6
54.05374,-0.48710000000000003,13.9484
54.054078,-0.3506,13.4024
54.05417,-0.12000000000000001,12.48
54.054417,-0.3761,13.5044
54.054691,-0.13,12.52
54.054756,-0.3873,13.549199999999999
54.055095,-0.4711,13.8844
54.055212,0.09999999999999998,11.6
54.055434,-0.5646,14.2584
54.055733,-0.27,13.08
54.055772,-0.4531,13.8124
54.056111,-0.5287,14.114799999999999
54.056254,-0.25,13.0
54.05645,-0.5085,14.033999999999999
54.056776,-0.38,13.52
54.056789,-0.4216,13.686399999999999
54.057127,-0.5831,14.3324
54.057297,0.009999999999999981,11.96
54.057466,-0.5041,14.0164
54.057805,-0.9981,15.9924
54.057818,-0.2,12.8
54.058144,-0.6451,14.580400000000001
54.058339,-0.18000000000000002,12.72
54.058483,-0.5602,14.2408
54.058821,-0.44730000000000003,13.789200000000001
54.05886,-0.28,13.120000000000001
54.05916,-0.6258,14.5032
54.059382,0.03,11.88
54.059499,-0.527,14.108
54.059838,-0.2535,13.014
54.059903,-0.26,13.04
54.060176,-0.5962000000000001,14.3848
54.060424,-0.24000000000000002,12.96
54.060515,-0.4848,13.9392
54.060854,-0.5551,14.2204
54.060945,-0.12000000000000001,12.48
54.061193,-0.5981000000000001,14.3924
54.061466,0.0,12.0
54.061532,-0.3896,13.5584
54.06187,-0.39990000000000003,13.5996
54.061988,0.009999999999999981,11.96
54.062209,-0.3835,13.534
54.062509,-0.18000000000000002,12.72
54.062548,-0.3033,13.2132
54.062887,-0.3266,13.3064
54.06303,-0.23,12.92
54.063225,-0.3825,13.53
54.063551,-0.29000000000000004,13.16
54.063564,-0.3093,13.2372
54.063903,-0.11810000000000001,12.4724
54.064072,-0.12000000000000001,12.48
54.064444,-0.2766,13.1064
54.064594,-0.5,14.0
54.065115,-0.44,13.76
54.065186,-0.2054,12.8216
54.065636,0.09999999999999998,11.6
54.065928,-0.25070000000000003,13.0028
54.066157,-0.28,13.120000000000001
54.066671,-0.2195,12.878
54.0672,-0.5,14.0
54.068155,-0.060200000000000004,12.2408
54.068242,-0.29000000000000004,13.16
54.069284,0.03999999999999998,11.84
54.06964,0.05309999999999998,11.7876
54.070327,-0.18000000000000002,12.72
54.070848,-0.34,13.36
54.071124,-0.06970000000000001,12.2788
54.071369,-0.43000000000000005,13.72
54.072412,-0.39,13.56
54.072609,0.07,11.72
54.073454,0.01999999999999999,11.92
54.074496,-0.010000000000000009,12.04
54.075539,-0.06,12.24
54.075573,0.08229999999999998,11.6708
54.07606,-0.34,13.36
54.076581,-0.15000000000000002,12.6
54.0785,-0.372,13.488
54.07925,-0.39790000000000003,13.5916
54.081466,-0.2285,12.914
54.081793,-0.15000000000000002,12.6
54.083682,-0.09580000000000001,12.3832
54.0859,-0.13340000000000002,12.5336
54.087005,-0.1,12.4
54.090333,-0.07300000000000001,12.292
54.092217,-0.12000000000000001,12.48
54.092548,-0.17600000000000002,12.704
54.096387,0.12,11.52
54.0967,0.06,11.76
54.096982,-0.16760000000000003,12.6704
54.098941,0.03999999999999998,11.84
54.099198,-0.17600000000000002,12.704
54.101415,-0.2093,12.8372
54.103631,-0.09680000000000001,12.3872
54.105848,-0.2341,12.9364
54.108064,-0.11960000000000001,12.4784
54.110281,-0.2858,13.1432
54.112497,-0.3449,13.3796
54.114388,-0.2987,13.1948
54.116167,-0.2368,12.9472
54.117946,-0.6025,14.41
54.123281,-0.4134,13.6536
54.12506,-0.41290000000000004,13.6516
54.126839,-0.23970000000000002,12.9588
54.128617,-0.10510000000000001,12.4204
54.130395,-0.31720000000000004,13.2688
54.132174,-0.18150000000000002,12.726
54.149076,-0.2268,12.9072
54.152096,-0.18810000000000002,12.7524
54.155115,-0.04620000000000002,12.1848
54.158134,-0.12260000000000001,12.4904
54.161153,-0.11570000000000001,12.4628
54.164173,-0.1683,12.6732
54.167192,-0.1484,12.5936
54.170211,-0.13390000000000002,12.5356
54.173229,-0.11660000000000001,12.4664
54.179269,-0.11270000000000001,12.4508
54.182288,-0.254,13.016
54.185147,-0.2238,12.895199999999999
54.187588,-0.254,13.016
54.19003,-0.1563,12.6252
54.192472,-0.2927,13.1708
54.194914,-0.1375,12.55
54.199797,-0.1627,12.6508
54.202239,-0.20240000000000002,12.8096
54.204681,-0.1418,12.5672
54.207122,-0.08820000000000001,12.3528
54.209564,-0.11800000000000001,12.472
54.212006,-0.1865,12.746
54.214448,-0.2848,13.1392
54.21689,-0.27779999999999994,13.1112
54.219331,-0.2973,13.1892
54.224215,-0.3033,13.2132
54.226657,-0.3831,13.532399999999999
54.229099,-0.2903999999999999,13.1616
54.23154,-0.3771,13.5084
54.240217,-0.1547,12.6188
54.242376,0.07100000000000001,11.716
54.246692,-0.07690000000000001,12.3076
54.248851,-0.09510000000000002,12.3804
54.25101,-0.04720000000000002,12.1888
54.253169,-0.020700000000000024,12.0828
54.266121,-0.2112,12.8448
54.270439,-0.10470000000000002,12.418800000000001
54.272597,-0.09680000000000001,12.3872
54.274755,-0.0469,12.1876
54.276924,-0.10070000000000001,12.4028
54.279187,-0.20020000000000002,12.8008
54.297297,-0.43620000000000003,13.7448
54.301822,-0.1296,12.5184
54.304012,-0.3904,13.5616
54.306202,-0.18830000000000002,12.7532
54.308393,-0.1724,12.6896
54.310583,-0.09770000000000001,12.3908
54.312773,0.010799999999999976,11.9568
54.314964,0.02679999999999999,11.8928
54.319344,-0.17900000000000002,12.716
54.324126,-0.24760000000000001,12.9904
54.326721,-0.1899,12.7596
54.329314,-0.27140000000000003,13.0856
54.331907,0.009899999999999992,11.9604
54.334501,-0.1778,12.7112
54.337095,-0.18080000000000002,12.7232
54.33969,-0.2336,12.9344
54.342283,-0.2048,12.8192
54.344877,-0.2157,12.8628
54.357301,-0.1855,12.742
54.366719,-0.0908,12.3632
54.371428,-0.027900000000000008,12.1116
54.376139,0.0058,11.9768
54.380849,-0.019000000000000017,12.076
54.385558,-0.10220000000000001,12.4088
54.409108,-0.19540000000000002,12.781600000000001
54.413818,-0.22710000000000002,12.9084
54.418965,-0.13590000000000002,12.5436
54.424173,-0.0547,12.2188
54.434583,-0.12200000000000001,12.488
54.439789,-0.22920000000000001,12.9168
54.444995,-0.2796999999999999,13.1188
54.448934,-0.3143,13.257200000000001
54.455305,-0.34199999999999997,13.368
54.459364,-0.2925,13.17
54.461393,-0.32320000000000004,13.2928
54.463422,-0.6073999999999999,14.4296
54.465451,-0.5292,14.1168
54.473445,-0.3104,13.2416
54.476244,-0.1401,12.5604
54.479043,-0.12220000000000011,12.488800000000001
54.481842,-0.2717,13.0868
54.484641,-0.1361,12.5444
54.48744,-0.1282,12.5128
54.491437,-0.2717,13.0868
54.493334,-0.0658,12.2632
54.49523,-0.22920000000000001,12.9168
54.497127,-0.2054,12.8216
54.499023,-0.2806999999999999,13.1228
54.500919,-0.6414,14.5656
54.502816,-0.6463,14.5852
54.504722,-0.5505,14.202
54.506754,-0.5495,14.198
54.510819,-0.5251,14.1004
54.512852,-0.4732,13.8928
54.514884,-0.4566,13.8264
54.516917,-0.4263,13.7052
54.518949,-0.4312,13.7248
54.520981,-0.5016,14.0064
54.525046,-0.5387,14.1548
54.52751,-0.5192,14.0768
54.532837,-0.4253,13.7012
54.5355,-0.3891,13.5564
54.538164,-0.4517,13.806799999999999
54.540827,-0.36860000000000004,13.4744
54.542789,-0.045400000000000024,12.1816
54.544384,-0.11290000000000001,12.451600000000001
54.545978,-0.0504,12.2016
54.547573,-0.12980000000000003,12.5192
54.549168,-0.12480000000000001,12.4992
54.550762,-0.2013,12.8052
54.552357,-0.21810000000000002,12.8724
54.553951,-0.1715,12.686
54.555546,-0.11290000000000001,12.451600000000001
54.55714,-0.0971,12.3884
54.558735,-0.09110000000000001,12.3644
54.56033,-0.0474,12.1896
54.561924,-0.06330000000000002,12.2532
54.563519,-0.0008000000000000229,12.0032
54.565113,0.10049999999999998,11.598
54.566708,0.06669999999999998,11.7332
54.568302,0.1084,11.5664
54.569897,0.018099999999999977,11.9276
54.571492,-0.011700000000000016,12.0468
54.573086,-0.0748,12.2992
54.576275,0.07469999999999999,11.7012
54.57795,0.03219999999999998,11.8712
54.57991,-0.0519,12.2076
54.581869,-0.1179,12.4716
54.583829,-0.037500000000000006,12.15
54.585789,-0.020600000000000007,12.0824
54.58775,0.03,11.88
54.58971,0.025999999999999995,11.896
54.59167,0.1372,11.4512
54.59363,0.05679999999999996,11.7728
54.59559,0.06279999999999997,11.7488
54.59755,0.16699999999999998,11.332
54.59951,0.07469999999999999,11.7012
54.60147,0.09749999999999998,11.61
54.603431,0.032,11.872
54.605391,0.1074,11.5704
54.607351,0.18059999999999998,11.2776
54.60931,0.11369999999999997,11.5452
54.611271,0.20550000000000002,11.178
54.613231,0.20749999999999996,11.17
54.615191,0.16359999999999997,11.345600000000001
54.617545,0.10669999999999996,11.5732
54.62,0.11169999999999997,11.5532
54.622456,0.0489,11.8044
54.625055,0.16209999999999997,11.3516
54.627523,0.027099999999999985,11.8916
54.629991,0.05679999999999996,11.7728
54.632458,0.060699999999999976,11.757200000000001
54.634926,0.1199,11.5204
54.637393,0.0242,11.9032
54.639744,0.06369999999999998,11.7452
54.641514,0.0489,11.8044
54.643283,0.028099999999999986,11.8876
54.645052,-0.04000000000000001,12.16
54.646822,0.059699999999999975,11.7612
54.648591,-0.00940000000000002,12.0376
54.65036,0.01629999999999998,11.9348
54.65213,0.01529999999999998,11.9388
54.653899,-0.015300000000000008,12.0612
54.655668,-0.46440000000000003,13.8576
54.657438,0.06559999999999999,11.7376
54.659207,0.042899999999999994,11.8284
54.661198,-0.07550000000000001,12.302
54.663409,0.022199999999999998,11.911200000000001
54.665621,0.0005000000000000004,11.998
54.667833,0.028099999999999986,11.8876
54.670044,0.10320000000000001,11.5872
54.672256,0.0242,11.9032
54.674468,0.10709999999999997,11.5716
54.676679,0.1604,11.3584
54.678891,0.12490000000000001,11.500399999999999
54.68115,0.0499,11.8004
54.683644,0.044399999999999995,11.8224
54.686138,0.0479,11.8084
54.688632,-0.031100000000000017,12.1244
54.691127,-0.0368,12.1472
54.693621,-0.007400000000000018,12.0296
54.696115,-0.013300000000000006,12.0532
54.69861,0.07519999999999999,11.6992
54.701104,0.03899999999999998,11.844
54.703598,0.07350000000000001,11.706
54.706092,0.09599999999999997,11.616
54.708792,0.06619999999999998,11.7352
54.711697,0.1376,11.4496
54.714602,-0.039100000000000024,12.1564
54.717508,0.0431,11.8276
54.720413,0.0441,11.8236
54.723318,0.06690000000000002,11.7324
54.726223,0.020299999999999985,11.918800000000001
54.729128,-0.012300000000000005,12.0492
54.732034,0.07379999999999998,11.7048
54.734675,-0.056900000000000006,12.2276
54.737052,-0.14500000000000002,12.58
54.739429,-0.2579,13.031600000000001
54.741806,-0.6434,14.573599999999999
54.744183,-0.5661,14.2644
54.74656,-0.4918,13.9672
54.748937,0.14399999999999996,11.424
54.751257,-0.3382,13.3528
54.753531,-0.4272,13.7088
54.755806,-0.36760000000000004,13.4704
54.75808,-0.2492,12.9968
54.760556,-0.4067,13.6268
54.763234,-0.052800000000000014,12.2112
54.765911,-0.36950000000000005,13.478
54.768589,-0.4057,13.6228
54.771266,-0.3842,13.5368
54.773944,-0.2854,13.1416
54.776621,-0.3392,13.3568
54.779299,-0.3118,13.2472
54.781976,-0.18660000000000002,12.7464
54.784654,0.055800000000000016,11.7768
54.787024,-0.0782,12.3128
54.789087,0.06969999999999998,11.7212
54.793213,0.042899999999999994,11.8284
54.795276,-0.07420000000000002,12.2968
54.797339,0.1382,11.4472
54.799402,0.024999999999999994,11.9
54.801465,0.0469,11.8124
54.803528,0.16399999999999998,11.344
54.805591,0.1174,11.5304
54.807719,-0.05830000000000002,12.2332
54.809914,0.03,11.88
54.812109,-0.04340000000000002,12.1736
54.814303,0.008199999999999985,11.9672
54.816498,0.034999999999999976,11.86
54.818693,0.07669999999999999,11.693200000000001
54.820887,0.07069999999999999,11.7172
54.823082,0.059799999999999964,11.7608
54.825277,0.034,11.864
54.827471,0.0011999999999999789,11.9952
54.829526,0.06479999999999997,11.7408
54.833357,-0.06230000000000002,12.2492
54.835272,-0.06430000000000002,12.257200000000001
54.837188,0.0816,11.6736
54.839103,0.07069999999999999,11.7172
54.841018,0.042899999999999994,11.8284
54.842934,0.2544,10.9824
54.844849,0.05679999999999996,11.7728
54.846764,-0.15860000000000002,12.6344
54.850707,-0.054400000000000004,12.217600000000001
54.852847,-0.10200000000000001,12.408
54.854987,-0.0067000000000000115,12.0268
54.859266,0.03699999999999998,11.852
54.861406,0.07269999999999999,11.7092
54.863546,0.07669999999999999,11.693200000000001
54.865763,0.00019999999999997797,11.9992
54.868145,0.023999999999999994,11.904
54.870527,0.03789999999999999,11.8484
54.872909,-0.10900000000000001,12.436
54.875651,0.015100000000000002,11.9396
54.878466,0.017099999999999976,11.9316
54.88128,0.12569999999999998,11.4972
54.884094,0.15959999999999996,11.3616
54.886909,0.17959999999999998,11.281600000000001
54.889723,0.26039999999999996,10.958400000000001
54.892537,0.20350000000000001,11.186
54.895352,0.1406,11.4376
54.899568,0.004999999999999977,11.98
54.901441,0.1865,11.254
54.903314,0.1456,11.4176
54.905187,0.16459999999999997,11.3416
54.90706,0.17759999999999998,11.2896
54.908933,0.2813,10.8748
54.910806,0.2743,10.9028
54.912679,0.2394,11.0424
54.914552,0.21049999999999996,11.158
54.916424,0.10370000000000001,11.5852
54.918297,0.1965,11.214
54.92059,0.1486,11.4056
54.9233,0.17159999999999997,11.313600000000001
54.926008,0.2823,10.8708
54.928718,0.1855,11.258
54.934137,0.2374,11.0504
54.939556,0.18129999999999996,11.2748
54.942265,0.18129999999999996,11.2748
54.944975,0.16549999999999998,11.338000000000001
54.947683,0.21599999999999997,11.136
54.950164,0.07350000000000001,11.706
54.952416,0.2051,11.1796
54.965922,0.126,11.496
54.968173,-0.01050000000000001,12.042
54.970459,-0.0204,12.0816
54.972919,0.04189999999999999,11.8324
54.97538,-0.06790000000000002,12.2716
54.977839,0.04979999999999998,11.8008
54.9803,-0.0471,12.1884
54.982762,0.04419999999999999,11.8232
54.985222,0.0343,11.8628
54.987682,0.04319999999999999,11.8272
54.990143,0.08489999999999998,11.6604
54.992603,0.06509999999999999,11.7396
54.995107,0.022399999999999975,11.9104
55.000133,0.19140000000000001,11.2344
55.002645,0.1763,11.2948
55.005158,0.0983,11.6068
55.00767,0.12209999999999999,11.5116
55.010183,0.1627,11.3492
55.012334,0.06009999999999999,11.7596
55.01441,-0.04830000000000001,12.193200000000001
55.016486,0.04319999999999999,11.8272
55.018563,0.11319999999999997,11.5472
55.020639,0.137,11.452
55.022716,0.1033,11.5868
55.024792,0.09539999999999998,11.6184
55.026869,0.06559999999999999,11.7376
55.030879,0.17259999999999998,11.3096
55.035277,0.10919999999999996,11.5632
55.039674,0.11069999999999997,11.5572
55.043645,0.12109999999999999,11.5156
55.045488,0.025099999999999983,11.8996
55.047332,0.018099999999999977,11.9276
55.047487,0.017299999999999982,11.9308
55.049175,0.07379999999999998,11.7048
55.049542,0.12140000000000001,11.5144
55.051017,0.006399999999999989,11.9744
55.051595,-0.1968,12.7872
55.052855,0.15610000000000002,11.3756
55.053465,0.2769,10.8924
55.054688,0.006399999999999989,11.9744
55.055297,0.08439999999999998,11.6624
55.056522,-0.1968,12.7872
55.057129,0.05180000000000001,11.7928
55.058354,0.15610000000000002,11.3756
55.05896,0.08050000000000002,11.678
55.060792,0.07750000000000001,11.69
55.062626,0.025099999999999983,11.8996
55.064458,0.004299999999999998,11.9828
55.067148,0.07850000000000001,11.686
55.070063,-0.02930000000000002,12.1172
55.072976,0.04879999999999998,11.8048
55.075891,0.060699999999999976,11.757200000000001
55.078806,0.011199999999999988,11.9552
55.08172,-0.001600000000000018,12.0064
55.084476,-0.023400000000000004,12.0936
55.087014,-0.0471,12.1884
55.089551,-0.0066000000000000225,12.0264
55.092089,0.0063,11.9748
55.094629,0.02209999999999998,11.9116
55.097165,-0.09170000000000002,12.3668
55.102241,-0.004400000000000015,12.0176
55.112392,-0.03030000000000002,12.1212
55.11493,-0.1155,12.462
55.122542,-0.0174,12.0696
55.12508,-0.021400000000000002,12.0856
55.132694,-0.004500000000000004,12.018
55.135125,-0.13440000000000002,12.5376
55.139983,-0.22310000000000002,12.8924
55.142412,-0.0908,12.3632
55.144841,0.1563,11.3748
55.149699,0.0252,11.8992
55.152126,0.03109999999999999,11.8756
55.154556,-0.054300000000000015,12.2172
55.156986,-0.2469,12.9876
55.159861,-0.11980000000000011,12.4792
55.165675,-0.3795,13.518
55.171369,0.09670000000000001,11.613199999999999
55.179045,-0.3701,13.4804
55.181181,-0.2549,13.0196
55.183316,-0.014600000000000002,12.0584
55.185451,-0.07800000000000001,12.312
55.187587,0.0927,11.6292
55.189722,0.06040000000000001,11.7584
55.191858,0.06989999999999996,11.7204
55.193993,0.05099999999999999,11.796
55.196128,0.046999999999999986,11.812
55.198276,-0.05730000000000002,12.2292
55.2027,0.10559999999999997,11.5776
55.207123,-0.08310000000000001,12.3324
55.211548,-0.1343000000000001,12.5372
55.213758,-0.15910000000000002,12.6364
55.218184,-0.1978,12.7912
55.222608,-0.1155,12.462
55.231455,-0.1784,12.7136
55.233667,-0.11290000000000001,12.451600000000001
55.235879,-0.044300000000000006,12.1772
55.238091,-0.014600000000000002,12.0584
55.240303,-0.2162,12.8648
55.242515,-0.13620000000000002,12.5448
55.247108,-0.31320000000000003,13.2528
55.249785,-0.40580000000000005,13.6232
55.25246,-0.3839,13.5356
55.255137,-0.23750000000000002,12.95
55.257813,-0.2609,13.0436
55.260488,-0.2116,12.8464
55.263166,-0.2604,13.0416
55.27168,-0.347,13.388
55.277348,-0.2116,12.8464
55.283015,-0.2265,12.906
55.285848,-0.06810000000000002,12.2724
55.288682,-0.3331,13.3324
55.291515,-0.2235,12.894
55.294349,-0.2644,13.0576
55.302187,-0.084,12.336
55.303476,-0.03820000000000001,12.1528
55.304764,-0.06810000000000002,12.2724
55.306052,-0.1438,12.5752
55.307827,-0.11090000000000001,12.4436
55.310011,-0.2454,12.9816
55.312198,-0.1587,12.6348
55.314383,-0.17170000000000002,12.6868
55.316569,-0.083,12.332
55.318755,-0.060100000000000015,12.2404
55.32094,-0.10790000000000001,12.4316
55.323126,-0.085,12.34
55.325312,0.008599999999999997,11.9656
55.327498,-0.07590000000000001,12.3036
55.329685,-0.13240000000000013,12.5296
55.331871,-0.1443,12.5772
55.334024,-0.0937,12.3748
55.335976,-0.24250000000000002,12.97
55.337928,-0.3025,13.21
55.339879,-0.1602,12.6408
55.341831,-0.2048,12.8192
55.343783,-0.1582,12.6328
55.345733,-0.1701,12.6804
55.347685,-0.19690000000000002,12.7876
55.349638,-0.2351,12.9404
55.353921,-0.4923,13.9692
55.356379,-0.3892,13.556799999999999
55.358839,-0.35350000000000004,13.414
55.361298,-0.29700000000000004,13.188
55.363756,-0.5528,14.2112
55.366216,-0.1998,12.7992
55.368675,-0.183,12.732
55.371134,-0.2519,13.0076
55.373593,-0.16210000000000002,12.6484
55.37589,-0.4675,13.870000000000001
55.377899,-0.2821,13.1284
55.381919,-0.23450000000000001,12.938
55.383928,-0.13540000000000002,12.5416
55.384259,-0.13590000000000002,12.5436
55.385938,-0.08780000000000002,12.3512
55.38628,-0.21280000000000002,12.8512
55.387948,-0.19090000000000001,12.7636
55.390323,-0.10260000000000001,12.4104
55.392344,-0.2879999999999999,13.152
55.394365,-0.26469999999999994,13.0588
55.396479,-0.2859999999999999,13.144
55.39906,-0.20770000000000002,12.8308
55.401642,-0.11080000000000001,12.443200000000001
55.404223,-0.17700000000000002,12.708
55.406803,-0.08670000000000001,12.3468
55.409384,-0.2315,12.926
55.411965,-0.06890000000000002,12.2756
55.414546,-0.026300000000000018,12.1052
55.416936,-0.10360000000000001,12.4144
55.419134,-0.1452,12.5808
55.421333,-0.2136,12.8544
55.423531,-0.1978,12.7912
55.42573,-0.07980000000000001,12.3192
55.427928,-0.08970000000000002,12.3588
55.430126,-0.0937,12.3748
55.432326,-0.08280000000000001,12.3312
55.434525,-0.1423,12.5692
55.436723,-0.07980000000000001,12.3192
55.438921,-0.15910000000000002,12.6364
55.44112,-0.1673,12.6692
55.443318,-0.1504,12.6016
55.445517,-0.10170000000000001,12.4068
55.447715,-0.1841,12.7364
55.449914,-0.20700000000000002,12.828
55.452134,-0.3013,13.2052
55.454374,-0.201,12.804
55.456614,-0.3073,13.2292
55.458857,-0.1266,12.5064
55.461098,-0.18910000000000002,12.7564
55.463338,-0.066,12.264
55.465578,-0.1573,12.6292
55.467819,-0.067,12.268
55.47006,-0.202,12.808
55.471723,-0.2735,13.094
55.47327,-0.20800000000000002,12.832
55.474817,-0.12360000000000002,12.4944
55.476364,-0.09780000000000001,12.3912
55.477911,-0.07200000000000001,12.288
55.479458,-0.04420000000000002,12.1768
55.481005,-0.016399999999999998,12.0656
55.482553,-0.034300000000000025,12.1372
55.4841,-0.1569,12.6276
55.48619,-0.07070000000000001,12.2828
55.490587,-0.03820000000000001,12.1528
55.492785,-0.07220000000000001,12.2888
55.494984,-0.025300000000000017,12.1012
55.497182,0.03159999999999999,11.8736
55.499381,-0.08910000000000001,12.3564
55.50158,-0.0587,12.2348
55.50371,-0.1280000000000001,12.512
55.505827,-0.041200000000000014,12.1648
55.507945,-0.1489,12.5956
55.510062,-0.0587,12.2348
55.512179,-0.03230000000000002,12.1292
55.514296,-0.16990000000000002,12.6796
55.516413,-0.0532,12.2128
55.51853,-0.04820000000000002,12.1928
55.520647,-0.1958,12.7832
55.5235,-0.11100000000000002,12.444
55.5265,-0.2058,12.8232
55.5295,-0.16190000000000002,12.6476
55.5325,-0.041200000000000014,12.1648
55.535499,-0.06420000000000001,12.2568
55.538499,-0.11000000000000001,12.44
55.541501,0.04749999999999999,11.81
55.544387,-0.132,12.528
55.54725,-0.2776,13.1104
55.550114,-0.35040000000000004,13.4016
55.552977,-0.1978,12.7912
55.555841,-0.060700000000000004,12.2428
55.558705,-0.13970000000000002,12.5588
55.561568,-0.19590000000000002,12.7836
55.563808,-0.1632,12.6528
55.565423,-0.2757,13.1028
55.567038,-0.3536,13.4144
55.568653,-0.22660000000000002,12.9064
55.57027,-0.22960000000000003,12.9184
55.571885,-0.0947,12.3788
55.5735,-0.1393,12.5572
55.575115,-0.0947,12.3788
55.576731,0.07979999999999998,11.6808
55.578346,0.020299999999999985,11.918800000000001
55.579962,-0.020300000000000012,12.0812
55.581577,0.07979999999999998,11.6808
55.583192,0.07589999999999997,11.6964
55.584926,0.04219999999999999,11.8312
55.586779,-0.032200000000000006,12.1288
55.588632,-0.014900000000000024,12.0596
55.590485,-0.033800000000000024,12.1352
55.592339,-0.05260000000000001,12.2104
55.594192,0.028799999999999992,11.8848
55.596044,0.04959999999999998,11.8016
55.597897,0.0020000000000000018,11.992
55.59975,-0.006900000000000017,12.0276
55.601603,0.0204,11.9184
55.603456,0.021799999999999986,11.9128
55.605457,-0.05260000000000001,12.2104
55.608196,-0.0635,12.254
55.610935,-0.134,12.536
55.613673,-0.07050000000000001,12.282
55.616412,-0.007900000000000018,12.031600000000001
55.617916,0.019099999999999978,11.9236
55.619153,-0.0030000000000000027,12.012
55.621892,-0.020900000000000002,12.0836
55.62471,-0.05860000000000001,12.2344
55.627544,-0.1544,12.6176
55.628739,-0.2915,13.166
55.639694,-0.1714,12.6856
55.645172,-0.25570000000000004,13.0228
55.650358,-0.2426,12.9704
55.655399,-0.015200000000000019,12.0608
55.660437,0.05409999999999998,11.7836
55.665477,-0.1082,12.4328
55.669927,-0.20070000000000002,12.8028
55.673642,-0.9119999999999999,15.648
55.673642,-0.101,12.404
55.673642,0.011999999999999983,11.952
55.673784,0.060799999999999965,11.7568
55.67764,0.09029999999999999,11.6388
55.681497,0.0877,11.6492
55.685355,0.016499999999999987,11.934
55.696925,-0.06740000000000002,12.2696
55.70464,-0.1806,12.7224
55.712353,-0.1668,12.6672
55.720066,-0.1971,12.7884
55.723923,0.17769999999999997,11.289200000000001
55.727779,0.11209999999999998,11.5516
55.731694,0.017199999999999993,11.9312
55.735894,-0.058500000000000024,12.234
55.740094,-0.03810000000000002,12.1524
55.744292,0.1084,11.5664
55.748492,0.062,11.752
55.757062,-0.08280000000000001,12.3312
55.759595,-0.11710000000000001,12.4684
55.761044,-0.184,12.736
55.762491,0.056599999999999984,11.7736
55.76394,-0.010099999999999998,12.0404
55.765387,0.07189999999999996,11.7124
55.766112,0.1013,11.5948
55.768284,0.04149999999999998,11.834
55.769732,0.0605,11.758
55.771181,0.05559999999999998,11.7776
55.772629,-0.03310000000000002,12.1324
55.774488,-0.0474,12.1896
55.776487,-0.060100000000000015,12.2404
55.778488,-0.1281,12.5124
55.780488,-0.12200000000000001,12.488
55.782487,-0.15000000000000002,12.6
55.784486,-0.2406,12.9624
55.786486,-0.24370000000000003,12.9748
55.788487,-0.1887,12.7548
55.790486,-0.24380000000000002,12.975200000000001
55.792486,-0.3006,13.2024
55.794568,-0.30710000000000004,13.2284
55.7969,-0.31420000000000003,13.2568
55.799234,-0.1812,12.7248
55.801567,-0.334,13.336
55.803902,-0.20350000000000001,12.814
55.806234,-0.2033,12.8132
55.808567,-0.32720000000000005,13.3088
55.810902,-0.35960000000000003,13.4384
55.813233,-0.30010000000000003,13.2004
55.814488,-0.8200000000000001,15.280000000000001
55.815924,-0.3802,13.5208
55.8165,-0.526,14.104
55.823562,-0.6898,14.7592
55.83075,-1.158,16.631999999999998
55.8345,-2.361,21.444000000000003
55.8444,-1.605,18.42
55.85448,-1.956,19.823999999999998
55.85448,-1.502,18.008
55.860818,-1.567,18.268
55.864636,-2.46,21.84
55.931648,-0.3015,13.206
55.931892,-0.17700000000000002,12.708
55.933871,0.022499999999999992,11.91
55.936091,-0.3674,13.4696
55.936486,-0.328,13.312
55.938312,-0.3288,13.3152
55.94,-0.28500000000000003,13.14
55.94,-0.17800000000000002,12.712
55.94,-0.035,12.14
55.94,-0.01200000000000001,12.048
55.940653,-0.4044,13.6176
55.943363,-0.2706,13.0824
55.946071,0.19269999999999998,11.2292
55.946197,0.08899999999999997,11.644
55.954201,-0.192,12.768
55.95691,-0.12450000000000001,12.498
55.960974,-0.13490000000000002,12.5396
55.963685,-0.06480000000000002,12.2592
55.965039,0.194,11.224
55.966395,0.16049999999999998,11.358
55.967748,0.17319999999999997,11.3072
55.970457,0.027200000000000002,11.8912
55.973168,0.34490000000000004,10.6204
55.975876,0.09139999999999998,11.6344
55.978557,-0.10600000000000001,12.424
55.978586,0.2116,11.1536
55.981297,0.05169999999999997,11.7932
55.984004,0.33959999999999996,10.6416
55.986715,0.2912,10.8352
55.989425,0.18969999999999998,11.2412
55.992136,0.2923,10.8308
55.994844,0.24019999999999997,11.039200000000001
55.997554,0.39089999999999997,10.4364
56.000263,0.053300000000000014,11.7868
56.002974,0.1905,11.238
56.00568,0.119,11.524000000000001
56.007036,0.2484,11.0064
56.011101,0.2596,10.9616
56.013809,0.32939999999999997,10.6824
56.03337,0.37489999999999996,10.5004
56.036686,0.4622,10.1512
56.040001,0.5325,9.870000000000001
56.046348,0.287,10.852
56.049089,0.1881,11.2476
56.051828,0.14379999999999998,11.4248
56.057305,0.2979,10.8084
56.060044,-0.05250000000000002,12.21
56.062782,0.0398,11.8408
56.065522,0.12379999999999997,11.5048
56.068079,-0.027000000000000024,12.108
56.070599,0.17109999999999997,11.3156
56.073119,0.20389999999999997,11.1844
56.075639,0.2233,11.1068
56.078159,0.08349999999999996,11.666
56.08068,0.07639999999999997,11.6944
56.0832,-0.02840000000000001,12.1136
56.085719,0.009899999999999992,11.9604
56.088407,-0.004200000000000009,12.0168
56.091271,0.0030000000000000027,11.988
56.094134,-0.027600000000000013,12.1104
56.096998,0.052800000000000014,11.7888
56.099862,0.05209999999999998,11.7916
56.102725,0.18409999999999999,11.2636
56.105589,-0.0237,12.0948
56.108472,0.18819999999999998,11.2472
56.111472,0.010499999999999982,11.958
56.114472,0.066,11.736
56.117473,-0.04870000000000002,12.1948
56.120473,0.2156,11.137599999999999
56.123473,-0.01720000000000002,12.0688
56.126473,0.06269999999999998,11.7492
56.129,0.2958,10.8168
56.132706,0.023399999999999976,11.9064
56.136412,0.1725,11.31
56.140118,0.23409999999999997,11.063600000000001
56.143824,0.30029999999999996,10.7988
56.147529,0.19539999999999996,11.2184
56.150724,0.1412,11.4352
56.152897,0.19340000000000002,11.2264
56.155069,0.11919999999999997,11.5232
56.157241,0.19319999999999998,11.2272
56.159414,0.16259999999999997,11.3496
56.161586,0.12879999999999997,11.4848
56.163759,0.3644,10.5424
56.165931,0.21449999999999997,11.142
56.168103,0.1749,11.3004
56.172909,0.335,10.66
56.175773,0.1987,11.2052
56.178636,0.30119999999999997,10.7952
56.1815,0.32439999999999997,10.7024
56.187227,0.5588,9.764800000000001
56.190091,0.4581,10.1676
56.192875,0.19979999999999998,11.200800000000001
56.22213,0.2773,10.8908
56.22487,0.2683,10.9268
56.227609,0.10309999999999997,11.5876
56.230348,0.15089999999999998,11.3964
56.233087,0.1768,11.2928
56.235448,0.0504,11.7984
56.237621,0.2676,10.9296
56.239793,0.2445,11.022
56.241966,0.3695,10.522
56.244138,0.4179,10.3284
56.24631,0.2928,10.8288
56.248483,0.4015,10.394
56.250655,0.5919000000000001,9.6324
56.252828,0.443,10.228
56.255,0.1758,11.2968
56.256969,0.30339999999999995,10.7864
56.258938,0.4572,10.1712
56.260906,0.33,10.68
56.262875,0.40029999999999893,10.398800000000005
56.264844,0.36869999999999997,10.5252
56.266813,0.428,10.288
56.268781,0.36810000000000004,10.5276
56.27075,0.4259,10.2964
56.272719,0.39219999999999894,10.431200000000004
56.274688,0.44570000000000004,10.2172
56.27684,0.3854,10.4584
56.27936,0.5054000000000001,9.9784
56.28188,0.33869999999999995,10.6452
56.2844,0.43849999999999995,10.246
56.28692,0.2978,10.8088
56.28944,0.37609999999999894,10.495600000000005
56.29196,0.3464,10.6144
56.29448,0.20949999999999996,11.162
56.297,0.24330000000000002,11.0268
56.299032,0.15289999999999998,11.3884
56.301065,0.06319999999999998,11.7472
56.303097,0.16820000000000002,11.3272
56.305129,0.3018,10.7928
56.307161,0.25789999999999996,10.9684
56.309194,0.18119999999999997,11.2752
56.311226,0.42819999999999997,10.2872
56.313258,0.33469999999999994,10.661200000000001
56.31529,0.30829999999999996,10.7668
56.317323,0.06419999999999998,11.7432
56.319273,0.31529999999999997,10.7388
56.321182,0.1784,11.2864
56.323091,0.3814,10.4744
56.325,0.4197,10.3212
56.326909,0.195,11.22
56.328818,0.12269999999999998,11.5092
56.330727,0.3119,10.7524
56.332636,0.37689999999999996,10.4924
56.334545,0.00269999999999998,11.9892
56.336455,-0.07150000000000001,12.286
56.338364,-0.12300000000000001,12.492
56.340986,-0.1418,12.5672
56.343964,0.07200000000000001,11.712
56.346943,0.21649999999999997,11.134
56.349921,0.13339999999999996,11.4664
56.351907,0.15589999999999998,11.3764
56.352899,0.2898,10.8408
56.355878,0.12109999999999999,11.5156
56.355878,0.31249999999999994,10.75
56.358856,0.24719999999999998,11.0112
56.362828,0.21689999999999998,11.1324
56.365806,0.2844,10.862400000000001
56.368784,0.11359999999999998,11.5456
56.371763,0.14539999999999997,11.4184
56.374741,0.17319999999999997,11.3072
56.37772,0.197,11.212
56.380698,0.21089999999999998,11.1564
56.383677,0.1921,11.2316
56.386655,0.21989999999999998,11.1204
56.389633,0.1931,11.2276
56.391619,0.10070000000000001,11.5972
56.394598,0.1563,11.3748
56.398569,0.00839999999999999,11.9664
56.407504,0.1285,11.486
56.413461,0.20699999999999996,11.172
56.416439,0.05299999999999999,11.788
56.419418,0.21889999999999998,11.1244
56.422396,0.05499999999999999,11.78
56.425375,0.17719999999999997,11.2912
56.430339,0.062,11.752
56.437288,0.1891,11.2436
56.440267,0.1412,11.4352
56.443245,0.1901,11.2396
56.446224,0.0252,11.8992
56.452181,0.05299999999999999,11.788
56.455159,0.13119999999999998,11.475200000000001
56.458138,-0.10570000000000011,12.4228
56.461116,0.06319999999999998,11.7472
56.464094,0.18879999999999997,11.2448
56.46608,0.026499999999999996,11.894
56.469059,0.2671,10.9316
56.47303,0.10349999999999998,11.586
56.476008,-0.03510000000000002,12.1404
56.479387,0.03169999999999998,11.8732
56.482967,0.0801,11.6796
56.490126,0.1038,11.5848
56.493706,0.22609999999999997,11.095600000000001
56.497285,0.2415,11.034
56.500865,0.20229999999999998,11.1908
56.504444,0.2855,10.858
56.508024,0.2222,11.1112
56.51041,0.2263,11.0948
56.51399,0.15049999999999997,11.398
56.518762,0.23249999999999998,11.07
56.522342,0.23309999999999997,11.0676
56.525921,0.29309999999999997,10.8276
56.529501,0.1925,11.23
56.533081,0.195,11.22
56.53666,0.285,10.86
56.54024,0.3072,10.7712
56.543819,0.17959999999999998,11.281600000000001
56.547399,0.19129999999999997,11.2348
56.553365,0.1758,11.2968
56.556944,0.16620000000000001,11.3352
56.561717,0.1431,11.4276
56.565296,0.23099999999999998,11.076
56.568876,0.2578,10.9688
56.572456,0.2782,10.8872
56.576035,0.23249999999999998,11.07
56.579615,0.1365,11.454
56.582677,0.24359999999999998,11.0256
56.584705,0.2424,11.0304
56.586733,0.2007,11.1972
56.588761,0.16609999999999997,11.3356
56.590789,0.2481,11.0076
56.592141,0.19889999999999997,11.2044
56.594169,0.26639999999999997,10.9344
56.598901,0.2898,10.8408
56.600929,0.3413,10.6348
56.602957,0.17969999999999997,11.2812
56.604985,0.2692,10.9232
56.607013,0.11449999999999999,11.542
56.609041,0.2888,10.8448
56.611069,0.3122,10.7512
56.613097,0.26089999999999997,10.9564
56.616477,0.2746,10.9016
56.618505,0.1773,11.2908
56.621209,0.28459999999999996,10.8616
56.623237,0.2133,11.1468
56.625264,0.265,10.94
56.627292,0.2012,11.1952
56.62932,0.30870000000000003,10.7652
56.631348,0.1356,11.4576
56.633376,0.18,11.28
56.635404,0.07339999999999997,11.7064
56.637432,0.11979999999999996,11.5208
56.63946,0.2561,10.9756
56.641488,0.1396,11.4416
56.64284,0.2136,11.1456
56.644868,0.22649999999999998,11.094
56.647572,0.17019999999999996,11.3192
56.651628,0.09809999999999997,11.6076
56.653656,0.182,11.272
56.655684,0.10009999999999997,11.5996
56.657712,0.4743,10.1028
56.65974,0.24130000000000001,11.0348
56.661768,0.182,11.272
56.663796,0.29259999999999997,10.8296
56.665824,0.182,11.272
56.667176,0.2378,11.0488
56.669204,0.19979999999999998,11.200800000000001
56.671908,0.17309999999999998,11.3076
56.673936,0.14250000000000002,11.43
56.675964,0.264,10.943999999999999
56.677992,0.266,10.936
56.68002,0.2788,10.8848
56.682048,0.35679999999999995,10.5728
56.684076,0.2877,10.8492
56.686104,0.26689999999999997,10.9324
56.688132,0.19579999999999997,11.2168
56.69016,0.179,11.284
56.692188,0.18409999999999999,11.2636
56.69354,0.31559999999999894,10.737600000000004
56.695568,0.30219999999999997,10.7912
56.698272,0.39119999999999894,10.435200000000004
56.7003,0.308,10.768
56.704356,0.35169999999999996,10.5932
56.706384,0.2872,10.8512
56.708412,0.2022,11.1912
56.710439,0.22809999999999997,11.0876
56.712467,0.2998,10.8008
56.714495,0.18619999999999998,11.2552
56.716523,0.14939999999999998,11.4024
56.717875,0.2252,11.0992
56.719903,0.20589999999999997,11.176400000000001
56.722607,0.2731,10.9076
56.724635,0.24769999999999998,11.0092
56.726663,0.0781,11.6876
56.728691,0.24459999999999998,11.0216
56.730719,0.1306,11.4776
56.732747,0.1326,11.4696
56.736803,0.10259999999999997,11.5896
56.738831,0.21199999999999997,11.152000000000001
56.740859,0.3625,10.55
56.744239,0.27349999999999997,10.906
56.746267,0.1597,11.3612
56.748971,0.2056,11.1776
56.750999,0.02049999999999999,11.918
56.753691,0.10980000000000001,11.5608
56.756384,0.22259999999999996,11.1096
56.759076,0.39619999999999994,10.4152
56.761768000000004,0.0978,11.6088
56.764461,0.06459999999999999,11.7416
56.767153,0.2465,11.014
56.772537,-0.0393,12.1572
56.777025,0.1377,11.4492
56.780614,0.18419999999999997,11.2632
56.783307,0.1466,11.4136
56.785999,0.2762,10.895199999999999
56.788691,0.057099999999999984,11.7716
56.791384,0.057599999999999985,11.7696
56.794076,0.041799999999999976,11.8328
56.796768,0.07150000000000001,11.714
56.802153,0.2188,11.1248
56.804845,0.15449999999999997,11.382
56.807537,0.0675,11.73
56.809332,0.36710000000000004,10.5316
56.812025,0.1456,11.4176
56.815614,0.08429999999999999,11.6628
56.818307,-0.042200000000000015,12.168800000000001
56.831768,0.203,11.188
56.834461,0.10309999999999997,11.5876
56.839845,-0.21530000000000002,12.8612
56.84164,-0.05410000000000001,12.2164
56.844332,0.019099999999999978,11.9236
56.847922,-0.03040000000000001,12.1216
56.850614,0.1511,11.3956
56.853307,0.2081,11.1676
56.855999,-0.0683,12.2732
56.860621,0.1835,11.266
56.862932,-0.027900000000000008,12.1116
56.865243,0.09260000000000002,11.6296
56.867555,0.2388,11.0448
56.869866,0.2476,11.0096
56.872177,0.07729999999999998,11.6908
56.873718,-0.1306,12.5224
56.876029,0.07389999999999997,11.7044
56.87911,0.0635,11.746
56.881421,0.1104,11.5584
56.883732,0.1361,11.4556
56.886043,0.24269999999999997,11.0292
56.888355,0.2605,10.958
56.890666,0.29109999999999997,10.8356
56.892977,0.2536,10.9856
56.895288,0.2753,10.8988
56.896829,0.33359999999999995,10.6656
56.89914,0.19429999999999997,11.2228
56.902221,0.2212,11.1152
56.904532,-0.004799999999999999,12.0192
56.906843,0.2182,11.1272
56.909155,0.30619999999999997,10.7752
56.911466,0.2092,11.1632
56.913777,0.3081,10.7676
56.918399,0.3272,10.6912
56.92071,0.3223,10.7108
56.923021,0.16099999999999998,11.356
56.925332,0.285,10.86
56.927643,0.1738,11.3048
56.929955,0.1306,11.4776
56.934577,0.24109999999999998,11.0356
56.936888,0.19569999999999999,11.2172
56.939199,0.2965,10.814
56.94151,0.3341,10.6636
56.943821,0.2728,10.9088
56.946132,0.1175,11.53
56.948443,0.1511,11.3956
56.950755,0.025399999999999978,11.8984
56.953066,0.09959999999999997,11.6016
56.957688,0.2481,11.0076
56.959999,0.1639,11.3444
56.96249,0.003599999999999992,11.9856
56.969961,0.254,10.984
56.972452,0.10849999999999999,11.566
56.974943,0.25889999999999996,10.9644
56.977433,0.3233,10.7068
56.979924,0.23619999999999997,11.0552
56.982414,0.41029999999999994,10.3588
56.984905,0.1748,11.3008
56.987396,0.3161,10.7356
56.989886,0.338,10.648
56.999849,0.35589999999999894,10.576400000000005
57.002339,0.28659999999999997,10.8536
57.00483,0.2823,10.8708
57.008151,0.2136,11.1456
57.010641,0.2703,10.918800000000001
57.013132,0.30519999999999997,10.7792
57.015623,0.36979999999999996,10.5208
57.018113,0.2753,10.8988
57.020604,0.2853,10.8588
57.023094,0.29969999999999997,10.8012
57.025585,0.1599,11.3604
57.028076,0.4783,10.0868
57.030566,0.15189999999999998,11.3924
57.033057,0.30519999999999997,10.7792
57.035547,0.5728,9.7088
57.038038,0.6182000000000001,9.5272
57.040529,0.5403999999999989,9.838400000000004
57.043019,0.256,10.975999999999999
57.04551,0.449,10.204
57.048001,0.76,8.96
57.050491,0.2878,10.8488
57.052982,0.47200000000000003,10.112
57.055472,0.4852,10.0592
57.057963,0.3724,10.5104
57.060454,0.6318999999999999,9.4724
57.062944,0.48889999999999995,10.0444
57.065435,0.3654,10.5384
57.067925,0.4663,10.1348
57.070416,0.4551,10.1796
57.075397,0.5576000000000001,9.7696
57.077888,0.518,9.928
57.080378,0.5217,9.9132
57.08536,0.6912,9.235199999999999
57.08785,0.5193000000000001,9.922799999999999
57.090341,0.6063000000000001,9.5748
57.092831,0.4965,10.014
57.097813,0.4297,10.2812
57.100303,0.5332999999999999,9.866800000000001
57.102794,0.49789999999999995,10.0084
57.105285,0.4845,10.062
57.107775,0.6540999999999999,9.383600000000001
57.112756,0.2613,10.9548
57.115247,0.06309999999999999,11.7476
57.117738,0.34279999999999894,10.628800000000004
57.120228,0.2799,10.8804
57.123549,0.4137,10.3452
57.12604,0.42619999999999997,10.2952
57.12853,0.5090999999999999,9.9636
57.131021,0.4543,10.1828
57.133511,0.5141999999999989,9.943200000000004
57.136002,0.31759999999999894,10.729600000000005
57.137901,0.12529999999999997,11.4988
57.139799,0.13069999999999998,11.4772
57.141698,0.1492,11.4032
57.143597,0.2739,10.9044
57.145495,0.311,10.756
57.147394,0.1997,11.2012
57.149293,0.3461,10.6156
57.151192,0.23020000000000002,11.0792
57.15309,0.16259999999999997,11.3496
57.154989,0.21239999999999998,11.1504
57.156888,0.248,11.008
57.158786,0.21639999999999998,11.1344
57.160685,0.3847,10.4612
57.162584,0.24009999999999998,11.0396
57.164482,0.42229999999999995,10.3108
57.166381,0.43119999999999997,10.2752
57.16828,0.3777,10.4892
57.170179,0.1916,11.2336
57.172077,0.44880000000000003,10.2048
57.175875,0.18269999999999997,11.2692
57.177773,0.20450000000000002,11.182
57.179672,0.2738,10.9048
57.181571,0.301,10.796
57.183469,0.4934,10.0264
57.185368,0.30839999999999995,10.7664
57.187267,0.2966,10.813600000000001
57.192963,0.26389999999999997,10.9444
57.194862,0.254,10.984
57.19676,0.014399999999999996,11.9424
57.198659,0.17969999999999997,11.2812
57.202456,0.20939999999999998,11.1624
57.204355,0.252,10.992
57.206254,0.23369999999999996,11.0652
57.208152,0.37279999999999996,10.5088
57.210051,0.43119999999999997,10.2752
57.21638,0.07929999999999998,11.6828
57.218279,-0.03820000000000001,12.1528
57.219545,-0.0874,12.3496
57.220178,0.03609999999999999,11.8556
57.222076,0.1033,11.5868
57.223975,0.07079999999999997,11.7168
57.223975,0.12009999999999998,11.5196
57.225874,0.11249999999999999,11.55
57.227772,0.258,10.968
57.227772,0.4037,10.3852
57.229671,0.05840000000000001,11.7664
57.229671,0.2627,10.9492
57.23157,0.2737,10.9052
57.233468,-0.1297,12.5188
57.233468,0.11219999999999997,11.5512
57.235367,0.09539999999999998,11.6184
57.23752,-0.011800000000000005,12.0472
57.24208,0.01579999999999998,11.9368
57.24436,0.08339999999999997,11.6664
57.24664,0.11109999999999998,11.5556
57.2626,0.1875,11.25
57.264879,0.17419999999999997,11.3032
57.269439,0.2687,10.9252
57.273999,0.30860000000000004,10.7656
57.276279,0.3876,10.4496
57.278559,0.31949999999999995,10.722
57.283119,0.42749999999999894,10.290000000000004
57.285399,0.1985,11.206
57.287679,0.08589999999999998,11.6564
57.289959,0.2557,10.9772
57.292239,0.1558,11.3768
57.294519,0.22909999999999997,11.0836
57.296799,0.2988,10.8048
57.299079,0.3483,10.6068
57.301359,0.32759999999999995,10.6896
57.303639,0.261,10.956
57.305919,0.24409999999999998,11.0236
57.308199,0.1538,11.3848
57.310479,0.0398,11.8408
57.312759,0.1856,11.2576
57.317319,0.1679,11.3284
57.321878,0.17759999999999998,11.2896
57.324158,0.11430000000000001,11.5428
57.326438,0.20239999999999997,11.1904
57.330998,0.18379999999999996,11.264800000000001
57.333278,0.15299999999999997,11.388
57.335558,0.11019999999999996,11.5592
57.337838,0.12129999999999996,11.514800000000001
57.340118,0.1578,11.3688
57.342398,0.1481,11.4076
57.344678,0.2747,10.9012
57.346958,0.31949999999999995,10.722
57.349238,0.14089999999999997,11.4364
57.352164,-0.01620000000000002,12.0648
57.361909,0.31449999999999995,10.742
57.368406,0.2875,10.85
57.371654,0.2036,11.1856
57.378151,0.30039999999999994,10.7984
57.3814,0.33690000000000003,10.6524
57.384648,0.3351,10.6596
57.387897,0.3152,10.7392
57.391145,0.2319,11.0724
57.394393,0.37609999999999894,10.495600000000005
57.397642,0.35189999999999894,10.592400000000005
57.40089,0.3703,10.5188
57.404139,0.2471,11.0116
57.407387,0.4439,10.2244
57.410636,0.2787,10.8852
57.413884,0.22820000000000001,11.0872
57.417133,0.16670000000000001,11.3332
57.420381,0.36179999999999995,10.5528
57.423629,0.4108,10.3568
57.426878,0.3493,10.6028
57.433375,0.32839999999999997,10.6864
57.436623,0.3925,10.43
57.439872,0.31949999999999995,10.722
57.44312,0.2868,10.8528
57.446369,0.1865,11.254
57.452865,0.38320000000000004,10.4672
57.459362,0.2092,11.1632
57.462611,0.3513,10.5948
57.465859,0.2895,10.842
57.469108,0.3593,10.5628
57.472356,0.4177,10.3292
57.475605,0.3796,10.4816
57.478853,0.3633,10.5468
57.482101,0.31259999999999893,10.749600000000004
57.48535,0.30960000000000004,10.7616
57.488598,0.38499999999999995,10.46
57.491847,0.3061,10.7756
57.495095,0.3453,10.6188
57.498344,0.2867,10.8532
57.501592,0.2729,10.9084
57.504841,0.2086,11.1656
57.511337,0.3324,10.6704
57.514586,0.2874,10.8504
57.520885,0.15809999999999996,11.3676
57.52354,0.1501,11.3996
57.526195,0.2098,11.1608
57.528849,0.2884,10.8464
57.531504,0.20479999999999998,11.1808
57.534159,0.30629999999999996,10.7748
57.536814,0.31029999999999996,10.7588
57.539469,0.3292,10.6832
57.542124,0.2188,11.1248
57.544779,0.23869999999999997,11.0452
57.547433,0.17099999999999999,11.316
57.547433,0.22209999999999996,11.1116
57.550088,0.11249999999999999,11.55
57.550088,0.1422,11.4312
57.551858,0.3959,10.4164
57.554513,0.38209999999999994,10.4716
57.558053,0.452,10.192
57.560708,0.11319999999999997,11.5472
57.563362,0.42639999999999995,10.2944
57.566017,0.2975,10.81
57.568672,0.23269999999999996,11.0692
57.571327,0.12169999999999997,11.5132
57.576637,0.013799999999999979,11.9448
57.583716,0.3989,10.4044
57.589026,0.1426,11.4296
57.594336,0.4349,10.2604
57.597875,0.1634,11.3464
57.6023,0.09549999999999997,11.618
57.61115,0.4116,10.3536
57.616459,0.16059999999999997,11.3576
57.618229,0.34169999999999995,10.6332
57.624443,0.3715,10.514
57.629777,0.4925,10.03
57.630666,0.10289999999999999,11.5884
57.632443,0.2141,11.1436
57.634221,0.2792,10.8832
57.636888,0.2363,11.0548
57.639555,0.12769999999999998,11.4892
57.644888,0.045499999999999985,11.818
57.647555,0.14999999999999997,11.4
57.650221,0.32280000000000003,10.7088
57.652888,0.15199999999999997,11.392
57.655555,0.11259999999999998,11.5496
57.658221,0.1528,11.3888
57.660888,0.21539999999999998,11.1384
57.662666,0.09659999999999996,11.6136
57.665332,0.37079999999999996,10.5168
57.671555,0.2108,11.1568
57.674221,0.3736,10.5056
57.676888,0.2178,11.1288
57.679555,0.07789999999999997,11.6884
57.682221,0.1995,11.202
57.684888,0.17869999999999997,11.2852
57.690221,0.5242,9.9032
57.692888,0.33480000000000004,10.6608
57.711555,0.11649999999999999,11.534
57.716888,0.10520000000000002,11.5792
57.719555,0.21660000000000001,11.1336
57.724796,0.0116,11.9536
57.727188,0.10609999999999997,11.5756
57.728782,0.01959999999999998,11.9216
57.731173,0.0416,11.8336
57.734362,0.412,10.352
57.739145,0.2689,10.9244
57.741536,0.4701,10.1196
57.743928,0.306,10.776
57.746319,0.2869,10.8524
57.74871,0.2824,10.8704
57.788567,0.49499999999999994,10.02
57.790959,0.5044,9.9824
57.796539,0.3828,10.4688
57.79893,0.37599999999999995,10.496
57.801322,0.38720000000000004,10.4512
57.803713,0.45790000000000003,10.1684
57.806104,0.3515,10.594
57.808496,0.47279999999999994,10.1088
57.810887,0.35689999999999994,10.5724
57.813279,0.3441,10.6236
57.81567,0.40609999999999996,10.3756
57.817264,0.3424,10.6304
57.819656,0.39719999999999994,10.411200000000001
57.822844,0.38799999999999996,10.448
57.825236,0.3622,10.5512
57.827627,0.37789999999999996,10.4884
57.830019,0.3684,10.5264
57.83241,0.4591,10.1636
57.834801,0.42329999999999995,10.3068
57.837193,0.39509999999999995,10.4196
57.839584,0.4005,10.398
57.841976,0.3515,10.594
57.844367,0.3442,10.6232
57.846759,0.4621,10.1516
57.848353,0.325,10.7
57.850744,0.4249,10.3004
57.853933,0.4038,10.3848
57.856324,0.4016,10.3936
57.858716,0.29569999999999996,10.8172
57.861107,0.36979999999999996,10.5208
57.863499,0.4896,10.0416
57.86589,0.3958,10.4168
57.868281,0.309,10.764
57.870673,0.2582,10.9672
57.873064,0.30129999999999996,10.7948
57.875456,0.3684,10.5264
57.87705,0.32939999999999997,10.6824
57.879441,0.43670000000000003,10.2532
57.88263,0.4409,10.2364
57.885021,0.409,10.364
57.887413,0.2859,10.8564
57.889804,0.4826,10.0696
57.892196,0.42260000000000003,10.3096
57.894587,0.4432,10.2272
57.896978,0.34390000000000004,10.6244
57.89937,0.37379999999999997,10.5048
57.901761,0.4238,10.3048
57.904153,0.3959,10.4164
57.906544,0.32759999999999995,10.6896
57.908138,0.3465,10.614
57.91053,0.32270000000000004,10.7092
57.913718,0.46549999999999997,10.138
57.91611,0.40599999999999997,10.376
57.918501,0.4803,10.0788
57.920893,0.43339999999999995,10.2664
57.923284,0.39499999999999996,10.42
57.925675,0.44070000000000004,10.2372
57.928067,0.4258,10.2968
57.93285,0.25329999999999997,10.9868
57.935241,0.4745,10.102
57.936835,0.40299999999999997,10.388
57.939227,0.7278999999999989,9.088400000000004
57.942415,0.47800000000000004,10.088
57.944807,0.5833999999999999,9.6664
57.947198,0.49899999999999994,10.004
57.94959,0.5566,9.7736
57.951981,0.5012000000000001,9.9952
57.954372,0.46390000000000003,10.1444
57.956764,0.541399999999999,9.834400000000004
57.959155,0.48059999999999997,10.0776
57.961547,0.3888,10.4448
57.963938,0.3169,10.7324
57.96633,0.3362,10.6552
57.967924,0.43129999999999996,10.2748
57.970315,0.3624,10.5504
57.973504,0.4288,10.2848
57.975895,0.4644,10.1424
57.978287,0.4906,10.0376
57.980678,0.4298,10.2808
57.98307,0.449,10.204
57.985461,0.3745,10.502
57.986258,0.5312999999999999,9.8748
57.987852,0.34869999999999995,10.6052
57.988649,0.3904,10.4384
57.990244,0.32839999999999997,10.6864
57.991041,0.2678,10.9288
57.991838,0.29669999999999996,10.8132
57.991838,0.4714,10.1144
57.994229,0.10899999999999999,11.564
57.996621,0.4428,10.2288
58.001404,0.05719999999999997,11.7712
58.004136,0.044399999999999995,11.8224
58.007549,0.3303,10.6788
58.009824,-0.027900000000000008,12.1116
58.01665,0.19079999999999997,11.2368
58.022339,0.4731,10.1076
58.03144,0.5161999999999989,9.935200000000005
58.034853,0.005099999999999993,11.9796
58.041679,0.2742,10.9032
58.050781,0.3645,10.542
58.057607,0.08979999999999999,11.6408
58.062158,0.259,10.964
58.068984,0.449,10.204
58.072397,0.49820000000000003,10.0072
58.079223,0.31070000000000003,10.7572
58.086049,0.4601,10.1596
58.091737,0.41629999999999995,10.3348
58.098563,0.2595,10.962
58.107665,0.25839999999999996,10.9664
58.113353,0.4691,10.1236
58.116766,0.13379999999999997,11.4648
58.120179,0.44129999999999997,10.2348
58.123592,0.37909999999999894,10.483600000000004
58.127006,0.3896,10.4416
58.130419,0.6197999999999999,9.520800000000001
58.149759,0.696,9.216000000000001
58.15431,0.07639999999999997,11.6944
58.167962,0.7235,9.106
58.180477,0.8136000000000001,8.7456
58.18389,0.41719999999999996,10.3312
58.18844,0.5262999999999989,9.894800000000004
58.191853,0.2979,10.8084
58.195267,0.6532,9.3872
58.200955,0.8271999999999999,8.6912
58.207781,0.6088,9.5648
58.214607,0.7765,8.894
58.219158,0.6253,9.4988
58.221433,0.8003,8.7988
58.228259,0.7419999999999989,9.032000000000004
58.235085,0.7089000000000001,9.1644
58.239636,0.6344000000000001,9.462399999999999
58.246462,0.7589999999999999,8.964
58.253288,0.7742,8.9032
58.258977,0.27949999999999997,10.882
58.265803,0.726899999999999,9.092400000000005
58.272629,0.4882,10.0472
58.27718,0.45339999999999997,10.1864
58.286281,0.6598999999999999,9.3604
58.30676,0.7275,9.09
58.320412,0.7843,8.8628
58.3261,0.7859,8.8564
58.334064,0.8531,8.5876
58.347716,0.7469999999999999,9.012
58.357955,0.9773000000000001,8.0908
58.363644,0.7219,9.112400000000001
58.371607,0.7701,8.919599999999999
58.379571,0.839,8.644
58.388673,0.5266,9.8936
58.392086,0.8486,8.605599999999999
58.40005,0.6933,9.2268
58.403463,0.6033999999999999,9.586400000000001
58.410289,0.5218,9.9128
58.410289,0.7797000000000001,8.8812
58.413702,0.5921000000000001,9.631599999999999
58.417115,0.7981,8.8076
58.422803,0.6974,9.2104
58.423941,0.728899999999999,9.084400000000004
58.427354,0.31880000000000003,10.7248
58.427354,0.6922999999999999,9.2308
58.430767,0.6275999999999999,9.4896
58.430767,0.661,9.356
58.43418,0.2284,11.0864
58.43418,0.8867,8.453199999999999
58.439868,0.6532999999999989,9.386800000000004
58.439868,0.6899,9.240400000000001
58.444419,0.6431,9.4276
58.444419,0.7004999999999999,9.198
58.447832,0.5524,9.7904
58.451245,0.529299999999999,9.882800000000003
58.451245,0.6632,9.3472
58.454658,0.07950000000000002,11.682
58.458071,0.336,10.656
58.458071,0.6546000000000001,9.381599999999999
58.461484,0.5311999999999999,9.8752
58.464898,0.4352,10.2592
58.471724,0.5502,9.799199999999999
58.47515,0.2665,10.934
58.477451,0.2799,10.8804
58.480902,0.6443000000000001,9.422799999999999
58.485505,0.40319999999999995,10.3872
58.488956,0.5023,9.9908
58.492408,0.5065999999999999,9.973600000000001
58.49586,0.47079999999999994,10.1168
58.499311,0.11530000000000001,11.5388
58.502763,0.7134,9.1464
58.506215,0.5513999999999999,9.7944
58.513118,1.0503,7.7988
58.51657,0.8577000000000001,8.569199999999999
58.520021,0.6756,9.2976
58.530376,0.6888000000000001,9.2448
58.533828,0.7966,8.813600000000001
58.540731,0.7024999999999999,9.190000000000001
58.544183,0.7436,9.0256
58.547635,0.5952,9.6192
58.551086,0.6276999999999999,9.4892
58.55799,0.6878,9.2488
58.563743,0.7124999999999999,9.15
58.567194,0.8210999999999999,8.7156
58.571797,0.8662000000000001,8.5352
58.582445,0.7520999999999989,8.991600000000005
58.586779,0.6504000000000001,9.398399999999999
58.591112,0.7126999999999999,9.1492
58.595445,0.6768000000000001,9.2928
58.604112,0.6621999999999999,9.3512
58.660445,0.4574,10.1704
58.664778,0.49299999999999894,10.028000000000004
58.677778,0.5456000000000001,9.817599999999999
58.682112,0.47500000000000003,10.1
58.706667,0.6659999999999999,9.336
58.708111,0.6100000000000001,9.559999999999999
58.711,0.7097,9.161200000000001
58.716778,0.45559999999999995,10.1776
58.716778,0.7955000000000001,8.818
58.721111,0.48200000000000004,10.072
58.721111,0.6525000000000001,9.39
58.724,0.6803999999999999,9.278400000000001
58.728333,0.4903,10.0388
58.734111,0.6504000000000001,9.398399999999999
58.738445,0.7162999999999999,9.1348
58.742778,0.7431000000000001,9.0276
58.747111,0.5639000000000001,9.744399999999999
58.751351,0.6633,9.3468
58.755403,0.5502,9.799199999999999
58.759455,0.6672,9.331199999999999
58.763506,0.5297000000000001,9.8812
58.767558,0.565599999999999,9.737600000000004
58.77161,0.5490999999999999,9.8036
58.774312,0.5153000000000001,9.9388
58.778364,0.7661,8.9356
58.783766,0.6851,9.259599999999999
58.787818,0.688599999999999,9.245600000000003
58.79187,0.6512999999999989,9.394800000000004
58.795922,0.4725,10.11
58.799974,0.7171000000000001,9.131599999999999
58.804026,0.7153,9.1388
58.808078,0.7979,8.808399999999999
58.81213,0.6268,9.492799999999999
58.816182,0.7545999999999999,8.9816
58.820234,0.7298999999999989,9.080400000000004
58.824286,0.7767999999999999,8.892800000000001
58.826987,0.7851999999999999,8.859200000000001
58.831039,0.7605,8.958
58.836442,0.6615,9.354
58.840494,0.6451,9.419599999999999
58.844545,0.728899999999999,9.084400000000004
58.848597,0.7111000000000001,9.1556
58.852649,0.6633,9.3468
58.858333,0.6827000000000001,9.2692
58.864833,0.5731999999999999,9.7072
58.871333,0.7777000000000001,8.889199999999999
58.877833,0.9036,8.3856
58.884333,0.8558000000000001,8.576799999999999
58.888667,0.5612999999999999,9.7548
58.895167,0.6694,9.3224
58.903833,0.7462,9.0152
58.910333,0.7863,8.854800000000001
58.916833,0.7653000000000001,8.9388
58.923333,0.4703,10.1188
58.936333,0.6296999999999999,9.481200000000001
58.942833,0.4287,10.2852
58.955833,0.5872999999999999,9.6508
58.961352,0.4843,10.0628
58.969731,0.7863,8.854800000000001
58.974759,0.5840000000000001,9.664
58.986491,0.7815000000000001,8.873999999999999
58.991519,0.7612000000000001,8.9552
58.996546,0.8167,8.7332
59.001574,0.7695000000000001,8.922
59.006602,0.9172,8.331199999999999
59.016657,0.7731999999999999,8.9072
59.021685,0.7867999999999999,8.8528
59.026713,0.8392999999999999,8.642800000000001
59.030065,0.8241,8.7036
59.035093,0.6339999999999999,9.464
59.041796,0.7239,9.1044
59.046824,0.8542000000000001,8.5832
59.053528,0.9037999999999999,8.3848
59.058556,0.8568,8.5728
59.065259,0.7499,9.000399999999999
59.070287,0.9299999999999999,8.280000000000001
59.075315,0.34379999999999994,10.6248
59.080343,0.8765000000000001,8.494
59.08537,0.8573999999999999,8.5704
59.090398,0.8371,8.6516
59.095426,0.857,8.572
59.100454,0.7463,9.014800000000001
59.105481,0.9240000000000002,8.303999999999998
59.110509,0.9612,8.1552
59.113861,0.8280000000000001,8.687999999999999
59.118889,0.8178000000000001,8.7288
59.125593,0.8342,8.6632
59.13062,0.8314000000000001,8.674399999999999
59.135648,0.9175,8.33
59.141062,0.913,8.347999999999999
59.14725,0.8934,8.426400000000001
59.153437,0.7570999999999999,8.9716
59.159625,0.7547999999999999,8.9808
59.165812,0.7741,8.9036
59.172,0.7687999999999999,8.924800000000001
59.178187,0.8122,8.7512
59.184375,0.7271000000000001,9.0916
59.1885,0.8532,8.5872
59.194687,0.8628,8.5488
59.202937,0.8173000000000001,8.730799999999999
59.204999,0.6718999999999999,9.3124
59.209124,0.7484999999999999,9.006
59.211187,0.6759,9.2964
59.211187,0.7061,9.1756
59.217374,0.681,9.276
59.217374,0.7061,9.1756
59.223562,0.7502,8.9992
59.225624,0.8298000000000001,8.6808
59.227687,0.6278999999999999,9.4884
59.229749,0.4785,10.086
59.231812,0.05109999999999998,11.7956
59.233874,0.7195,9.122
59.235937,0.7643,8.9428
59.237999,0.6652,9.3392
59.240189,0.6203000000000001,9.518799999999999
59.240189,0.6411,9.4356
59.244568,0.6698,9.3208
59.246758,0.5987,9.6052
59.246758,0.8202,8.7192
59.253327,0.49579999999999996,10.0168
59.255516,0.514,9.943999999999999
59.257706,-0.17600000000000002,12.704
59.259896,-0.07160000000000002,12.2864
59.262085,0.9082000000000001,8.3672
59.264275,0.6409,9.436399999999999
59.264275,0.6417999999999999,9.4328
59.270844,0.6172,9.5312
59.270844,0.7799,8.8804
59.275223,0.5548,9.7808
59.277413,0.49299999999999894,10.028000000000004
59.279602,0.5215000000000001,9.914
59.281792,0.7313000000000001,9.0748
59.283982,0.12190000000000001,11.5124
59.286171,-0.2132,12.8528
59.288361,0.53,9.879999999999999
59.290551,0.7010000000000001,9.196
59.29493,0.6598999999999999,9.3604
59.29493,0.7981,8.8076
59.299309,-0.1524,12.6096
59.301499,0.7911999999999999,8.8352
59.301499,0.8275000000000001,8.69
59.305878,0.7439,9.0244
59.308068,0.46590000000000004,10.1364
59.310258,0.8309,8.676400000000001
59.312447,0.7566999999999999,8.9732
59.314637,0.7514000000000001,8.994399999999999
59.316827,0.5495000000000001,9.802
59.319016,0.2955,10.818
59.319016,0.9968000000000001,8.012799999999999
59.323396,0.6621999999999999,9.3512
59.325585,0.7956000000000001,8.817599999999999
59.325585,0.8649,8.5404
59.329965,0.8958000000000002,8.416799999999999
59.332154,0.6241000000000001,9.503599999999999
59.340913,0.8016000000000001,8.7936
59.347482,0.8357000000000001,8.6572
59.354051,0.8692,8.5232
59.36062,0.8183,8.7268
59.373758,0.8887,8.4452
59.380327,0.7975000000000001,8.809999999999999
59.386896,0.8745,8.501999999999999
59.393465,0.7948,8.8208
59.400033,0.7902,8.8392
59.404413,0.754,8.984
59.426309,0.8188,8.7248
59.432878,0.8265,8.693999999999999
59.439447,0.7754000000000001,8.898399999999999
59.446016,0.663,9.347999999999999
59.452585,0.8479000000000001,8.6084
59.459154,0.49520000000000003,10.0192
59.465723,0.8515000000000001,8.594
59.472292,0.8245,8.702
59.478861,0.9688000000000001,8.1248
59.48324,0.9081000000000001,8.3676
59.489809,0.8947,8.421199999999999
59.498568,0.8772,8.4912
59.505137,0.665,9.34
59.511706,0.9173,8.3308
59.518275,0.8668,8.5328
59.524844,0.9458,8.2168
59.531413,0.7556,8.977599999999999
59.537982,0.5973999999999999,9.6104
59.542361,0.7323999999999999,9.0704
59.54674,0.9022000000000001,8.3912
59.55112,0.8202,8.7192
59.555499,0.7589999999999999,8.964
59.562068,0.5456000000000001,9.817599999999999
59.564258,0.7798,8.8808
59.568637,0.669,9.324
59.575206,0.7078,9.168800000000001
59.581775,0.6875,9.25
59.588344,0.6304000000000001,9.4784
59.592723,0.6360999999999999,9.4556
59.599292,0.5336000000000001,9.8656
59.608051,0.6639999999999999,9.344000000000001
59.61462,0.47259999999999996,10.1096
59.620308,0.7110000000000001,9.155999999999999
59.628159,0.5507,9.7972
59.632085,0.6628000000000001,9.3488
59.636011,0.7267999999999999,9.0928
59.639937,0.650299999999999,9.398800000000005
59.643863,0.6125,9.55
59.647789,0.6529,9.3884
59.651715,0.5512999999999999,9.7948
59.654332,0.5661,9.7356
59.658258,0.692,9.232
59.663492,0.7344999999999999,9.062000000000001
59.667418,0.8240000000000001,8.704
59.671344,0.6089,9.5644
59.67527,0.7275,9.09
59.679196,0.7883,8.8468
59.687048,0.6625000000000001,9.35
59.690974,0.8084,8.7664
59.6949,0.46879999999999994,10.1248
59.698825,0.7639,8.9444
59.701443,0.6152,9.539200000000001
59.705369,0.6843999999999999,9.2624
59.710603,0.7630999999999999,8.947600000000001
59.714529,0.5092000000000001,9.9632
59.718455,0.46149999999999997,10.154
59.722381,0.5569999999999999,9.772
59.726647,0.5954999999999999,9.618
59.731595,0.7397,9.0412
59.736542,0.5968,9.6128
59.741489,0.7775000000000001,8.89
59.746437,0.6095999999999999,9.5616
59.751384,0.7092,9.1632
59.756332,0.6391999999999989,9.443200000000004
59.75963,0.6476,9.409600000000001
59.764577,0.8416000000000001,8.6336
59.771174,0.6642999999999999,9.3428
59.776121,0.7863,8.854800000000001
59.781069,0.7199,9.1204
59.786016,0.7717,8.9132
59.790963,0.8271,8.691600000000001
59.795911,0.6733,9.306799999999999
59.800858,0.6932,9.2272
59.805806,0.8392,8.6432
59.810753,0.7508999999999999,8.996400000000001
59.8157,0.786,8.856
59.818999,0.688599999999999,9.245600000000003
59.823946,0.7266999999999999,9.0932
59.830543,0.8105,8.758
59.840437,0.7343999999999999,9.0624
59.845385,0.8109,8.7564
59.850332,0.700699999999999,9.197200000000004
59.85528,0.6618999999999999,9.3524
59.860227,0.5027999999999999,9.988800000000001
59.865174,0.9333,8.2668
59.870122,0.7384,9.0464
59.875069,0.6888000000000001,9.2448
59.880017,0.6752,9.299199999999999
59.883315,0.7726999999999999,8.9092
59.888262,0.5602,9.7592
59.894859,0.6638999999999999,9.3444
59.899806,0.47300000000000003,10.108
59.904754,0.6218999999999999,9.5124
59.909701,0.6833,9.2668
59.914648,0.5411999999999999,9.8352
59.919596,0.6638,9.3448
59.924543,0.5055000000000001,9.978
59.929491,0.7033,9.1868
59.934438,0.8563000000000001,8.5748
59.939385,0.6731,9.3076
59.942684,0.6597999999999999,9.360800000000001
59.947631,0.7577,8.9692
59.954228,0.7599,8.9604
59.959175,0.7246999999999999,9.1012
59.964123,0.7839,8.8644
59.96907,0.7225999999999999,9.1096
59.974017,0.5783,9.6868
59.978965,0.6208,9.5168
59.983912,0.7104999999999999,9.158000000000001
59.98886,0.6335999999999999,9.4656
59.993807,0.47459999999999997,10.1016
59.998754,0.38720000000000004,10.4512
60.003702,0.6794999999999989,9.282000000000004
60.007,0.6229,9.5084
60.01221,0.6971,9.2116
60.019158,0.6873,9.2508
60.024368,0.541399999999999,9.834400000000004
60.029579,0.7468999999999999,9.0124
60.034789,0.6964999999999999,9.214
60.04,0.6517999999999999,9.392800000000001
60.04521,0.704699999999999,9.181200000000004
60.050421,0.7822,8.8712
60.055631,0.7831999999999999,8.8672
60.060842,0.6481999999999999,9.4072
60.066052,0.6569,9.372399999999999
60.069526,0.8005,8.798
60.074736,0.7922,8.831199999999999
60.081683,0.7948999999999999,8.8204
60.086894,0.6377999999999999,9.4488
60.092104,0.6297999999999999,9.4808
60.097315,0.5345,9.862
60.102525,0.7499,9.000399999999999
60.107132,0.8263,8.6948
60.110532,0.6944999999999999,9.222000000000001
60.113932,0.6568,9.3728
60.117332,0.7116,9.1536
60.120732,0.6203000000000001,9.518799999999999
60.124132,0.740999999999999,9.036000000000005
60.126399,0.5717000000000001,9.7132
60.129799,0.6320999999999999,9.4716
60.134332,0.6837,9.2652
60.137732,0.7111000000000001,9.1556
60.141132,0.7118,9.1528
60.144532,0.8502000000000001,8.5992
60.147932,0.7405999999999999,9.037600000000001
60.151332,0.9096,8.3616
60.154732,0.8294000000000001,8.6824
60.158132,0.7608999999999999,8.9564
60.161532,0.8193000000000001,8.7228
60.164932,0.9171,8.3316
60.167199,0.8082,8.767199999999999
60.170599,0.8509,8.5964
60.175132,0.8105,8.758
60.178532,0.7462,9.0152
60.181932,0.6950000000000001,9.219999999999999
60.185332,0.6304000000000001,9.4784
60.188732,0.7883,8.8468
60.192132,0.817,8.732
60.195532,0.8135000000000001,8.745999999999999
60.198932,0.8107,8.757200000000001
60.202332,0.643,9.428
60.205732,0.6360999999999999,9.4556
60.209132,0.7061999999999999,9.1752
60.211399,0.6965999999999999,9.2136
60.214799,0.7821,8.8716
60.219332,0.8356000000000001,8.657599999999999
60.222732,0.6889000000000001,9.244399999999999
60.226132,0.6903999999999999,9.2384
60.229532,0.7849999999999999,8.86
60.232932,0.7182,9.1272
60.236332,0.7118,9.1528
60.239732,0.6362000000000001,9.4552
60.243132,0.7276,9.0896
60.246532,0.7711999999999999,8.9152
60.249932,0.6559999999999999,9.376000000000001
60.252199,0.536,9.856
60.255599,0.6621999999999999,9.3512
60.260132,0.6112,9.5552
60.263532,0.589,9.644
60.266932,0.6087,9.5652
60.270332,0.6348,9.460799999999999
60.273732,0.6835,9.266
60.277132,0.7212000000000001,9.1152
60.280532,0.6649,9.340399999999999
60.283932,0.4309,10.2764
60.287332,0.48999999999999894,10.040000000000004
60.290732,0.38609999999999994,10.4556
60.2941,0.6262000000000001,9.4952
60.296303,0.5643,9.742799999999999
60.299607,0.6351,9.4596
60.300708,0.5244,9.9024
60.304012,0.5432999999999999,9.8268
60.305113,0.7791999999999999,8.8832
60.306214,0.4791,10.0836
60.308417,0.6037999999999999,9.584800000000001
60.308417,0.6476999999999999,9.4092
60.311721,0.5330999999999999,9.8676
60.315025,0.4661,10.1356
60.318329,0.7882,8.8472
60.321633,0.7137,9.145199999999999
60.323835,0.7508999999999999,8.996400000000001
60.327139,0.772,8.911999999999999
60.331544,0.7499,9.000399999999999
60.334848,0.6962999999999999,9.2148
60.338152,0.7956000000000001,8.817599999999999
60.341456,0.7257,9.0972
60.34476,0.7745,8.902000000000001
60.351367,0.6976,9.2096
60.354671,0.71,9.16
60.357975,0.5992,9.603200000000001
60.361279,0.6028,9.588799999999999
60.363482,0.5342,9.863199999999999
60.366786,0.7116,9.1536
60.371191,0.7235,9.106
60.374495,0.6532,9.3872
60.377798,0.2986,10.8056
60.38109,0.6472,9.411200000000001
60.384357,0.43759999999999893,10.249600000000004
60.387623,0.6852,9.2592
60.39089,0.6651,9.3396
60.394157,0.5412999999999999,9.834800000000001
60.397423,0.4973,10.0108
60.40069,0.6753,9.2988
60.403957,0.6902999999999999,9.238800000000001
60.406134,0.6727000000000001,9.3092
60.409401,0.7145999999999999,9.1416
60.413757,0.6991,9.2036
60.417023,0.6452,9.4192
60.42029,0.6681999999999999,9.327200000000001
60.423557,0.8634,8.5464
60.426823,0.7051000000000001,9.1796
60.43009,0.5919000000000001,9.6324
60.433357,0.8383,8.646799999999999
60.436623,0.5717000000000001,9.7132
60.43989,0.7415,9.033999999999999
60.443157,0.7422,9.0312
60.445334,0.7882,8.8472
60.456223,0.7607999999999999,8.956800000000001
60.45949,0.3563,10.5748
60.462757,0.6736,9.3056
60.466023,0.39099999999999996,10.436
60.46929,0.5581,9.7676
60.472557,0.6595,9.362
60.475823,0.4149,10.3404
60.479367,0.48700000000000004,10.052
60.483465,0.7163999999999999,9.1344
60.487563,0.7565,8.974
60.494392,0.6034999999999999,9.586
60.502588,0.5730999999999999,9.7076
60.508052,0.4188,10.3248
60.512149,0.6951,9.2196
60.516247,0.7175,9.129999999999999
60.520345,0.6342000000000001,9.4632
60.528541,0.4079,10.3684
60.532639,0.8115000000000001,8.754
60.536736,0.6697,9.321200000000001
60.539468,0.6046,9.5816
60.543566,0.7937000000000001,8.825199999999999
60.54903,0.6254,9.4984
60.553128,0.8066,8.7736
60.557225,0.7063999999999999,9.1744
60.561323,0.7619,8.9524
60.565421,0.75,9.0
60.573617,0.8064,8.7744
60.580446,0.43849999999999995,10.246
60.58591,0.7806,8.877600000000001
60.590008,0.603,9.588000000000001
60.59274,0.7175,9.129999999999999
60.596838,0.712,9.152000000000001
60.602301,0.7336,9.0656
60.607765,0.7821,8.8716
60.614595,0.7734000000000001,8.9064
60.618693,0.7019,9.1924
60.62279,0.7791999999999999,8.8832
60.626888,0.7009000000000001,9.1964
60.630986,0.7202999999999999,9.1188
60.635084,0.8674999999999999,8.530000000000001
60.639182,0.5087999999999999,9.9648
60.641914,0.601899999999999,9.592400000000005
60.659671,0.8008,8.796800000000001
60.663769,0.8593999999999999,8.5624
60.667866,0.7565999999999999,8.973600000000001
60.671964,0.879,8.484
60.676062,0.7628999999999999,8.9484
60.684258,0.7281,9.0876
60.688356,0.7626999999999999,8.949200000000001
60.692453,0.7862,8.8552
60.695185,0.7042999999999999,9.1828
60.699283,0.7442,9.0232
60.704747,0.726,9.096
60.708845,0.6355999999999999,9.4576
60.712942,0.7878000000000001,8.8488
60.71704,0.7912999999999999,8.834800000000001
60.721138,0.7112,9.1552
60.725236,0.6679999999999999,9.328
60.729334,0.6169999999999989,9.532000000000004
60.733431,0.6134999999999999,9.546
60.737529,0.6452,9.4192
60.741627,0.5809,9.676400000000001
60.744359,0.5684,9.7264
60.748457,0.6201000000000001,9.5196
60.753921,0.5381,9.8476
60.758018,0.6496,9.4016
60.762116,0.6460999999999999,9.415600000000001
60.766214,0.6591,9.3636
60.770312,0.704,9.184000000000001
60.77441,0.692,9.232
60.778507,0.7641,8.9436
60.782605,0.6702999999999999,9.3188
60.786703,0.7175,9.129999999999999
60.790801,0.6910000000000001,9.236
60.794899,0.7391000000000001,9.0436
60.797631,0.7192000000000001,9.1232
60.801728,0.6818,9.2728
60.807192,0.6890000000000001,9.244
60.81129,0.5726,9.7096
60.815388,0.5792999999999999,9.6828
60.819486,0.5089999999999999,9.964
60.823583,0.5123,9.950800000000001
60.827681,0.7030000000000001,9.187999999999999
60.831779,0.714799999999999,9.140800000000004
60.835877,0.6863999999999999,9.2544
60.839975,0.5235000000000001,9.905999999999999
60.844072,0.42350000000000004,10.306
60.846804,0.4551,10.1796
60.850902,0.5742,9.703199999999999
60.856019,0.5084,9.9664
60.859078,0.5731999999999999,9.7072
60.862136,0.4562,10.1752
60.865194,0.5932999999999999,9.6268
60.868252,0.4038,10.3848
60.871311,0.49189999999999995,10.0324
60.874369,0.4923,10.0308
60.877427,0.6545000000000001,9.382
60.880485,0.6364000000000001,9.4544
60.883543,0.6561999999999999,9.3752
60.886602,0.5037,9.985199999999999
60.88864,0.6734,9.3064
60.898835,0.6574,9.3704
60.901893,0.7630999999999999,8.947600000000001
60.904951,0.6548,9.3808
60.908009,0.6383000000000001,9.4468
60.911067,0.6156999999999999,9.5372
60.917184,0.51,9.96
60.930436,0.45,10.2
60.933494,0.5800000000000001,9.68
60.939611,0.5700000000000001,9.719999999999999
60.942669,0.6399999999999999,9.440000000000001
60.945727,0.7,9.2
60.950824,0.5800000000000001,9.68
60.953883,0.5700000000000001,9.719999999999999
60.961154,0.6399999999999999,9.440000000000001
60.965775,0.6399999999999999,9.440000000000001
60.96924,0.6599999999999999,9.36
60.97386,0.53,9.879999999999999
60.980791,0.47000000000000003,10.12
60.987722,0.54,9.84
60.994652,0.6199999999999999,9.52
60.998118,0.73,9.08
61.001583,0.76,8.96
61.005048,0.7399999999999989,9.040000000000004
61.007358,0.81,8.76
61.010824,0.6599999999999999,9.36
61.015444,0.6199999999999999,9.52
61.018909,0.6599999999999999,9.36
61.022375,0.78,8.879999999999999
61.02584,0.72,9.120000000000001
61.029305,0.7399999999999989,9.040000000000004
61.033926,0.53,9.879999999999999
61.036236,0.45,10.2
61.050097,0.53,9.879999999999999
61.055873,0.6799999999999999,9.280000000000001
61.060493,0.49999999999999994,10.0
61.063959,0.53,9.879999999999999
61.067424,0.48999999999999894,10.040000000000004
61.070889,0.76,8.96
61.07551,0.8,8.8
61.07782,0.54,9.84
61.081285,0.6299999999999999,9.48
61.08475,0.6199999999999999,9.52
61.088216,0.71,9.16
61.091681,0.75,9.0
61.097457,0.6799999999999999,9.280000000000001
61.102077,0.79,8.84
61.105542,0.54,9.84
61.109008,0.69,9.24
61.115938,0.53,9.879999999999999
61.119404,0.76,8.96
61.122869,0.77,8.92
61.126334,0.6100000000000001,9.559999999999999
61.1298,0.6699999999999999,9.32
61.13673,0.6199999999999999,9.52
61.13904,0.47000000000000003,10.12
61.142506,0.5800000000000001,9.68
61.147126,0.6000000000000001,9.6
61.154057,0.6399999999999999,9.440000000000001
61.157522,0.54,9.84
61.160987,0.5700000000000001,9.719999999999999
61.167918,0.39999999999999997,10.4
61.178314,0.5800000000000001,9.68
61.180624,0.5800000000000001,9.68
61.18409,0.51,9.96
61.18871,0.56,9.76
61.192175,0.6000000000000001,9.6
61.195641,0.6599999999999999,9.36
61.199106,0.7,9.2
61.202571,0.5900000000000001,9.64
61.206037,0.53,9.879999999999999
61.209502,0.5700000000000001,9.719999999999999
61.212967,0.6100000000000001,9.559999999999999
61.216433,0.5800000000000001,9.68
61.219898,0.53,9.879999999999999
61.223363,0.49999999999999994,10.0
61.225673,0.5900000000000001,9.64
61.229139,0.47000000000000003,10.12
61.24069,0.48000000000000004,10.08
61.257306,0.13,11.48
61.265889,0.20999999999999996,11.16
61.277334,0.04999999999999999,11.8
61.283056,0.19,11.24
61.291639,0.34,10.64
61.295931,0.39999999999999997,10.4
61.300223,0.12,11.52
61.304514,0.14999999999999997,11.4
61.308806,0.22999999999999998,11.08
61.31739,0.01999999999999999,11.92
61.321681,0.04999999999999999,11.8
61.328834,0.13,11.48
61.333126,0.36000000000000004,10.56
61.34314,0.14999999999999997,11.4
61.347047,0.26999999999999996,10.92
61.350184,0.08000000000000002,11.68
61.359596,0.15999999999999998,11.36
61.365871,-0.06,12.24
61.374237,0.21999999999999997,11.120000000000001
61.384695,0.04999999999999999,11.8
61.387833,0.24,11.04
61.394108,0.04999999999999999,11.8
61.397245,0.2,11.2
61.400382,0.36999999999999994,10.52
61.40352,0.48999999999999894,10.040000000000004
61.406657,0.39999999999999997,10.4
61.409794,0.48000000000000004,10.08
61.415023,0.53,9.879999999999999
61.419207,0.47000000000000003,10.12
61.422344,0.5700000000000001,9.719999999999999
61.425481,0.39999999999999997,10.4
61.428619,0.55,9.8
61.431756,0.2,11.2
61.434893,0.51,9.96
61.441168,0.5700000000000001,9.719999999999999
61.444306,0.48999999999999894,10.040000000000004
61.447443,0.5700000000000001,9.719999999999999
61.452672,0.53,9.879999999999999
61.459993,0.6100000000000001,9.559999999999999
61.46313,0.48999999999999894,10.040000000000004
61.466267,0.48000000000000004,10.08
61.469405,0.5800000000000001,9.68
61.472542,0.2,11.2
61.475679,0.38999999999999996,10.44
61.478817,0.48999999999999894,10.040000000000004
61.481954,0.6499999999999999,9.4
61.485092,0.46,10.16
61.500779,0.46,10.16
61.503916,0.53,9.879999999999999
61.507053,0.56,9.76
61.516465,0.44,10.24
61.519603,0.47000000000000003,10.12
61.526923,0.36000000000000004,10.56
61.531107,0.6399999999999999,9.440000000000001
61.538427,0.2,11.2
61.544702,0.7399999999999989,9.040000000000004
61.549931,0.7,9.2
61.550977,0.72,9.120000000000001
61.554114,0.6000000000000001,9.6
61.557251,0.69,9.24
61.563526,0.6499999999999999,9.4
61.566664,0.6100000000000001,9.559999999999999
61.568755,0.48999999999999894,10.040000000000004
61.571892,0.6199999999999999,9.52
61.576076,0.6699999999999999,9.32
61.579213,0.42,10.32
61.58235,0.44,10.24
61.585488,0.5700000000000001,9.719999999999999
61.588625,0.56,9.76
61.591763,0.6399999999999999,9.440000000000001
61.5949,0.49999999999999994,10.0
61.601175,0.2,11.2
61.604312,0.49999999999999994,10.0
61.617907,0.43,10.28
61.62523,0.46,10.16
61.639615,0.38999999999999996,10.44
61.644845,0.46,10.16
61.648769,0.38999999999999996,10.44
61.652692,0.45,10.2
61.657922,0.5900000000000001,9.64
61.665769,0.54,9.84
61.668384,0.5900000000000001,9.64
61.672307,0.5800000000000001,9.68
61.677538,0.56,9.76
61.681461,0.54,9.84
61.685384,0.53,9.879999999999999
61.69323,0.48999999999999894,10.040000000000004
61.697154,0.32,10.72
61.699769,0.43,10.28
61.703692,0.45,10.2
61.707615,0.46,10.16
61.712846,0.39999999999999997,10.4
61.716769,0.49999999999999994,10.0
61.719385,0.5700000000000001,9.719999999999999
61.723179,0.48000000000000004,10.08
61.726717,0.13,11.48
61.731433,0.3,10.8
61.734971,0.48999999999999894,10.040000000000004
61.738508,0.51,9.96
61.742046,0.27999999999999997,10.88
61.744404,0.29,10.84
61.746763,0.25,11.0
61.756196,0.49999999999999994,10.0
61.759733,0.56,9.76
61.76445,0.43,10.28
61.765629,0.55,9.8
61.770346,0.5800000000000001,9.68
61.775063,0.6499999999999999,9.4
61.777421,0.5700000000000001,9.719999999999999
61.782138,0.6799999999999999,9.280000000000001
61.784496,0.6699999999999999,9.32
61.786854,0.6100000000000001,9.559999999999999
61.791571,0.6199999999999999,9.52
61.793929,0.51,9.96
61.802184,0.54,9.84
61.805721,0.56,9.76
61.808079,0.52,9.92
61.811617,0.5900000000000001,9.64
61.816334,0.6100000000000001,9.559999999999999
61.819871,0.52,9.92
61.823409,0.6599999999999999,9.36
61.826946,0.5900000000000001,9.64
61.829305,0.52,9.92
61.841096,0.52,9.92
61.844634,0.52,9.92
61.848171,0.52,9.92
61.85053,0.6399999999999999,9.440000000000001
61.856425,0.5800000000000001,9.68
61.861142,0.48000000000000004,10.08
61.86468,0.5700000000000001,9.719999999999999
61.870576,0.48999999999999894,10.040000000000004
61.870576,0.6699999999999999,9.32
61.875292,0.54,9.84
61.882367,0.49999999999999994,10.0
61.885905,0.6199999999999999,9.52
61.889442,0.48000000000000004,10.08
61.89298,0.44,10.24
61.896517,0.53,9.879999999999999
61.900055,0.56,9.76
61.903592,0.49999999999999994,10.0
61.90713,0.48999999999999894,10.040000000000004
61.909488,0.38999999999999996,10.44
61.913026,0.45,10.2
61.917742,0.5800000000000001,9.68
61.92128,0.5700000000000001,9.719999999999999
61.924817,0.72,9.120000000000001
61.928355,0.5900000000000001,9.64
61.931892,0.6000000000000001,9.6
61.93543,0.6799999999999999,9.280000000000001
61.938967,0.6599999999999999,9.36
61.942505,0.5700000000000001,9.719999999999999
61.946042,0.6599999999999999,9.36
61.94958,0.6199999999999999,9.52
61.953117,0.77,8.92
61.955476,0.51,9.96
61.959013,0.45,10.2
61.96373,0.51,9.96
61.967268,0.47000000000000003,10.12
61.970805,0.47000000000000003,10.12
61.975522,0.5900000000000001,9.64
61.97788,0.56,9.76
61.981418,0.6499999999999999,9.4
61.984955,0.42,10.32
61.988493,0.53,9.879999999999999
61.99203,0.38999999999999996,10.44
61.997926,0.35000000000000003,10.6
62.003822,0.29,10.84
62.006173,0.16999999999999998,11.32
62.009691,0.21999999999999997,11.120000000000001
62.013208,0.29,10.84
62.016725,0.13,11.48
62.020242,0.24,11.04
62.023759,0.08999999999999997,11.64
62.030793,0.34,10.64
62.03431,0.48000000000000004,10.08
62.037828,0.27999999999999997,10.88
62.041345,0.37999999999999995,10.48
62.04369,0.27999999999999997,10.88
62.053069,0.5900000000000001,9.64
62.055413,0.44,10.24
62.05893,0.5700000000000001,9.719999999999999
62.062448,0.48999999999999894,10.040000000000004
62.065965,0.41,10.36
62.069482,0.52,9.92
62.072999,0.45,10.2
62.076516,0.51,9.96
62.080033,0.38999999999999996,10.44
62.085895,0.33,10.68
62.089412,0.21999999999999997,11.120000000000001
62.097619,0.25,11.0
62.101136,0.13,11.48
62.104653,0.21999999999999997,11.120000000000001
62.108327,0.36999999999999994,10.52
62.112313,0.2,11.2
62.116299,0.15999999999999998,11.36
62.120286,0.35000000000000003,10.6
62.124272,0.12,11.52
62.128258,0.25,11.0
62.132245,0.12,11.52
62.134902,0.27999999999999997,10.88
62.138889,0.26,10.96
62.144204,0.6000000000000001,9.6
62.152176,0.5700000000000001,9.719999999999999
62.156163,0.6199999999999999,9.52
62.160149,0.69,9.24
62.164135,0.75,9.0
62.166793,0.5900000000000001,9.64
62.170779,0.6599999999999999,9.36
62.174765,0.73,9.08
62.178752,0.6699999999999999,9.32
62.182738,0.6799999999999999,9.280000000000001
62.186724,0.6699999999999999,9.32
62.190711,0.72,9.120000000000001
62.194697,0.6699999999999999,9.32
62.198683,0.73,9.08
62.201341,0.76,8.96
62.205327,0.72,9.120000000000001
62.211971,0.6499999999999999,9.4
62.214629,0.73,9.08
62.218615,0.69,9.24
62.222601,0.6799999999999999,9.280000000000001
62.226588,0.7,9.2
62.230574,0.76,8.96
62.23456,0.73,9.08
62.242533,0.71,9.16
62.246519,0.77,8.92
62.249177,0.7399999999999989,9.040000000000004
62.253163,0.6100000000000001,9.559999999999999
62.257149,0.73,9.08
62.263793,0.8200000000000001,8.719999999999999
62.26778,0.79,8.84
62.271766,0.76,8.96
62.275752,0.8600000000000001,8.559999999999999
62.279739,0.81,8.76
62.281067,0.73,9.08
62.286382,0.8,8.8
62.291698,0.8200000000000001,8.719999999999999
62.295684,0.69,9.24
62.29967,0.7,9.2
62.303602,0.5800000000000001,9.68
62.307506,0.6100000000000001,9.559999999999999
62.310109,0.56,9.76
62.315314,0.73,9.08
62.319218,0.6799999999999999,9.280000000000001
62.323122,0.56,9.76
62.327026,0.5800000000000001,9.68
62.330931,0.6399999999999999,9.440000000000001
62.333533,0.5900000000000001,9.64
62.337437,0.6000000000000001,9.6
62.341341,0.5900000000000001,9.64
62.346547,0.69,9.24
62.350451,0.54,9.84
62.354355,0.55,9.8
62.358259,0.6599999999999999,9.36
62.362163,0.5700000000000001,9.719999999999999
62.363465,0.55,9.8
62.369972,0.56,9.76
62.369972,0.6399999999999999,9.440000000000001
62.375177,0.69,9.24
62.37778,0.55,9.8
62.380383,0.6299999999999999,9.48
62.384287,0.55,9.8
62.384287,0.6100000000000001,9.559999999999999
62.392095,0.53,9.879999999999999
62.393396,0.6000000000000001,9.6
62.3973,0.6199999999999999,9.52
62.402506,0.5700000000000001,9.719999999999999
62.407711,0.5900000000000001,9.64
62.411615,0.5900000000000001,9.64
62.41552,0.38999999999999996,10.44
62.419424,0.55,9.8
62.423328,0.42,10.32
62.431136,0.47000000000000003,10.12
62.43504,0.38999999999999996,10.44
62.438944,0.54,9.84
62.442848,0.56,9.76
62.445451,0.45,10.2
62.449355,0.51,9.96
62.454561,0.43,10.28
62.458465,0.46,10.16
62.462369,0.48999999999999894,10.040000000000004
62.466273,0.53,9.879999999999999
62.470177,0.48000000000000004,10.08
62.474081,0.53,9.879999999999999
62.477985,0.3,10.8
62.481889,0.49999999999999994,10.0
62.485794,0.53,9.879999999999999
62.489698,0.46,10.16
62.493602,0.5900000000000001,9.64
62.496204,0.52,9.92
62.500109,0.37999999999999995,10.48
62.505314,0.33,10.68
62.509218,0.39999999999999997,10.4
62.513122,0.13,11.48
62.517026,0.31,10.76
62.520931,0.39999999999999997,10.4
62.524835,0.18,11.28
62.527437,0.24,11.04
62.532643,0.20999999999999996,11.16
62.536547,0.25,11.0
62.540451,0.19,11.24
62.545657,0.42,10.32
62.552163,0.39999999999999997,10.4
62.556067,0.24,11.04
62.559972,0.54,9.84
62.563876,0.51,9.96
62.56778,0.19,11.24
62.575588,0.12,11.52
62.579492,0.03999999999999998,11.84
62.583396,0.09999999999999998,11.6
62.587496,0.21999999999999997,11.120000000000001
62.593485,0.52,9.92
62.594982,0.34,10.64
62.599474,0.36000000000000004,10.56
62.605463,0.29,10.84
62.611451,0.56,9.76
62.614446,0.6100000000000001,9.559999999999999
62.618937,0.5700000000000001,9.719999999999999
62.623429,0.42,10.32
62.626423,0.51,9.96
62.632412,0.55,9.8
62.636904,0.6000000000000001,9.6
62.641395,0.31,10.76
62.647384,0.72,9.120000000000001
62.648881,0.21999999999999997,11.120000000000001
62.653373,0.41,10.36
62.663853,0.48999999999999894,10.040000000000004
62.668345,0.69,9.24
62.672836,0.26999999999999996,10.92
62.677328,0.38999999999999996,10.44
62.681819,0.49999999999999994,10.0
62.686311,0.55,9.8
62.690802,0.35000000000000003,10.6
62.695294,0.41,10.36
62.701283,0.38999999999999996,10.44
62.704277,0.56,9.76
62.707272,0.44,10.24
62.711763,0.31,10.76
62.717752,0.6599999999999999,9.36
62.722243,0.5700000000000001,9.719999999999999
62.726735,0.37999999999999995,10.48
62.731227,0.27999999999999997,10.88
62.737215,0.34,10.64
62.74021,0.6199999999999999,9.52
62.744701,0.5900000000000001,9.64
62.749193,0.7,9.2
62.755182,0.38999999999999996,10.44
62.758176,0.6100000000000001,9.559999999999999
62.773148,0.32,10.72
62.776142,0.32,10.72
62.785126,0.6599999999999999,9.36
62.789617,0.52,9.92
62.794109,0.33,10.68
62.7986,0.6199999999999999,9.52
62.803092,0.53,9.879999999999999
62.807583,0.32,10.72
62.812075,0.25,11.0
62.819561,0.19,11.24
62.824053,0.16999999999999998,11.32
62.834533,0.09999999999999998,11.6
62.839024,0.12,11.52
62.843516,0.27999999999999997,10.88
62.852264,0.08999999999999997,11.64
62.859835,0.08999999999999997,11.64
62.867407,0.03,11.88
62.872454,0.09999999999999998,11.6
62.873716,0.09999999999999998,11.6
62.878764,0.22999999999999998,11.08
62.882549,0.16999999999999998,11.32
62.886335,0.15999999999999998,11.36
62.890121,0.2,11.2
62.893906,0.2,11.2
62.897692,0.03999999999999998,11.84
62.901478,0.14,11.44
62.905263,0.14,11.44
62.909049,0.13,11.48
62.912835,0.03999999999999998,11.84
62.91662,0.35000000000000003,10.6
62.919144,0.21999999999999997,11.120000000000001
62.92293,0.19,11.24
62.927977,0.3,10.8
62.931763,0.16999999999999998,11.32
62.935549,0.22999999999999998,11.08
62.954477,0.27999999999999997,10.88
62.958716,0.08000000000000002,11.68
62.965577,0.2,11.2
62.967292,-0.04000000000000001,12.16
62.972437,0.14999999999999997,11.4
62.979298,0.22999999999999998,11.08
62.984444,0.42,10.32
62.989589,0.14,11.44
62.994734,0.26,10.96
62.99988,0.44,10.24
63.005025,0.33,10.68
63.010171,0.29,10.84
63.015316,0.009999999999999981,11.96
63.020462,0.34,10.64
63.030753,0.35000000000000003,10.6
63.034183,0.08000000000000002,11.68
63.039329,0.16999999999999998,11.32
63.046189,-0.010000000000000009,12.04
63.051335,0.18,11.28
63.05648,-0.08000000000000002,12.32
63.061626,0.33,10.68
63.066771,0.14,11.44
63.071917,0.26,10.96
63.077062,0.09999999999999998,11.6
63.082208,0.25,11.0
63.087353,0.37999999999999995,10.48
63.092498,0.43,10.28
63.095929,0.45,10.2
63.101074,0.39999999999999997,10.4
63.107935,0.42,10.32
63.11308,0.43,10.28
63.118226,0.37999999999999995,10.48
63.123371,0.36000000000000004,10.56
63.128517,0.36000000000000004,10.56
63.133662,0.21999999999999997,11.120000000000001
63.138808,0.34,10.64
63.143953,0.32,10.72
63.149099,0.24,11.04
63.154244,0.3,10.8
63.15939,0.26999999999999996,10.92
63.16282,0.14,11.44
63.167965,0.51,9.96
63.174826,0.46,10.16
63.179971,0.41,10.36
63.185117,0.19,11.24
63.190262,0.35000000000000003,10.6
63.195408,0.35000000000000003,10.6
63.200553,0.29,10.84
63.205699,0.34,10.64
63.209129,0.33,10.68
63.21599,0.20999999999999996,11.16
63.221135,0.38999999999999996,10.44
63.224566,0.14,11.44
63.229711,0.19,11.24
63.236572,0.14999999999999997,11.4
63.24212,0.20999999999999996,11.16
63.248472,0.08000000000000002,11.68
63.254825,0.16999999999999998,11.32
63.261178,0.15999999999999998,11.36
63.267531,0.12,11.52
63.273884,-0.04000000000000001,12.16
63.280237,0.2,11.2
63.286589,0.22999999999999998,11.08
63.292942,0.19,11.24
63.299295,0.24,11.04
63.30353,0.24,11.04
63.309883,0.16999999999999998,11.32
63.318353,0.22999999999999998,11.08
63.324706,0.0,12.0
63.326824,0.08999999999999997,11.64
63.337412,0.14999999999999997,11.4
63.343765,0.06,11.76
63.350255,-0.03,12.12
63.357018,0.13,11.48
63.363782,-0.07,12.28
63.370546,0.0,12.0
63.377309,0.07,11.72
63.381818,0.10999999999999999,11.56
63.388582,-0.010000000000000009,12.04
63.3976,0.09999999999999998,11.6
63.411127,0.08000000000000002,11.68
63.417891,0.44,10.24
63.424655,0.51,9.96
63.431418,-0.010000000000000009,12.04
63.438182,0.26999999999999996,10.92
63.444946,0.29,10.84
63.451709,0.55,9.8
63.458473,0.25,11.0
63.465237,0.22999999999999998,11.08
63.469746,0.2,11.2
63.476509,0.25,11.0
63.485528,0.22999999999999998,11.08
63.494546,0.41,10.36
63.499055,-0.15000000000000002,12.6
63.505819,-0.12000000000000001,12.48
63.512582,0.18,11.28
63.532873,0.09999999999999998,11.6
63.539637,0.03999999999999998,11.84
63.548655,0.04999999999999999,11.8
63.55091,0.14999999999999997,11.4
63.557673,0.15999999999999998,11.36
63.566692,0.12,11.52
63.573455,0.20999999999999996,11.16
63.580219,0.13,11.48
63.586982,0.01999999999999999,11.92
63.589237,0.09999999999999998,11.6
63.602764,0.009999999999999981,11.96
63.607273,-0.04000000000000001,12.16
63.629819,-0.08000000000000002,12.32
63.636583,0.0,12.0
63.638837,-0.09000000000000001,12.36
63.654619,0.04999999999999999,11.8
63.663637,0.04999999999999999,11.8
63.668146,0.10999999999999999,11.56
63.67491,0.03999999999999998,11.84
63.681674,0.0,12.0
63.690692,0.07,11.72
63.695201,0.25,11.0
63.701965,0.03999999999999998,11.84
63.708728,0.07,11.72
63.717746,0.04999999999999999,11.8
63.720001,0.09999999999999998,11.6
63.726433,-0.05000000000000002,12.2
63.735008,0.0,12.0
63.74144,0.26,10.96
63.747872,0.16999999999999998,11.32
63.754304,0.21999999999999997,11.120000000000001
63.756448,0.31,10.76
63.767167,0.21999999999999997,11.120000000000001
63.771455,0.38999999999999996,10.44
63.780031,0.09999999999999998,11.6
63.786462,0.22999999999999998,11.08
63.792894,0.37999999999999995,10.48
63.80147,0.47000000000000003,10.12
63.803614,0.009999999999999981,11.96
63.814333,0.22999999999999998,11.08
63.827197,0.07,11.72
63.831485,0.0,12.0
63.837916,0.19,11.24
63.844348,-0.07,12.28
63.85078,-0.03,12.12
63.857212,0.18,11.28
63.863643,0.13,11.48
63.870075,-0.08000000000000002,12.32
63.876507,0.24,11.04
63.880795,0.25,11.0
63.891514,0.25,11.0
63.895802,0.12,11.52
63.902234,0.38999999999999996,10.44
63.908666,0.03,11.88
63.915097,0.08000000000000002,11.68
63.927961,0.01999999999999999,11.92
63.934393,0.27999999999999997,10.88
63.940824,0.29,10.84
63.953688,0.03,11.88
63.962264,0.45,10.2
63.968695,0.45,10.2
63.970839,0.14999999999999997,11.4
63.981559,0.42,10.32
63.985847,0.19,11.24
63.987991,0.34,10.64
63.99871,0.26,10.96
64.005081,0.29,10.84
64.011331,0.07,11.72
64.017581,0.21999999999999997,11.120000000000001
64.023831,-0.020000000000000018,12.08
64.027998,0.26999999999999996,10.92
64.036331,0.25,11.0
64.044664,0.32,10.72
64.0467479999999,0.13,11.48
64.055081,-0.010000000000000009,12.04
64.061331,0.08999999999999997,11.64
64.073831,0.16999999999999998,11.32
64.080081,0.04999999999999999,11.8
64.086331,0.19,11.24
64.09258,0.18,11.28
64.09883,0.16999999999999998,11.32
64.106997,0.12,11.52
64.1129969999999,0.31,10.76
64.116997,0.27999999999999997,10.88
64.120997,0.12,11.52
64.1309969999999,-0.010000000000000009,12.04
64.1489969999999,0.26,10.96
64.164998,0.06,11.76
64.176998,0.26999999999999996,10.92
64.182998,0.27999999999999997,10.88
64.188998,0.06,11.76
64.192998,0.15999999999999998,11.36
64.2029979999999,0.35000000000000003,10.6
64.212998,0.14,11.44
64.218998,0.08000000000000002,11.68
64.248998,0.48000000000000004,10.08
64.2569989999999,0.3,10.8
64.260999,0.48000000000000004,10.08
64.276999,0.26999999999999996,10.92
64.284999,0.20999999999999996,11.16
64.290999,0.06,11.76
64.2989989999999,0.37999999999999995,10.48
64.302999,0.13,11.48
64.30865,0.39999999999999997,10.4
64.318555,0.43,10.28
64.323508,0.12,11.52
64.32846,0.2,11.2
64.340016,0.16999999999999998,11.32
64.341667,0.16999999999999998,11.32
64.34827,0.33,10.68
64.353223,0.26,10.96
64.358176,0.38999999999999996,10.44
64.363128,0.39999999999999997,10.4
64.368081,0.34,10.64
64.373033,0.35000000000000003,10.6
64.376335,0.36000000000000004,10.56
64.382938,0.39999999999999997,10.4
64.387891,0.43,10.28
64.392844,0.47000000000000003,10.12
64.399447,0.36000000000000004,10.56
64.401098,0.29,10.84
64.4060499999999,0.32,10.72
64.413139,0.33,10.68
64.419548,0.34,10.64
64.425957,0.3,10.8
64.432366,0.25,11.0
64.438776,0.34,10.64
64.447321,0.32,10.72
64.451594,0.10999999999999999,11.56
64.458003,0.14,11.44
64.464412,0.20999999999999996,11.16
64.4729569999999,0.16999999999999998,11.32
64.475093,0.14,11.44
64.481503,0.14,11.44
64.490048,0.15999999999999998,11.36
64.494321,0.21999999999999997,11.120000000000001
64.502866,0.10999999999999999,11.56
64.509275,0.14999999999999997,11.4
64.5156839999999,0.13,11.48
64.524229,0.24,11.04
64.528502,0.26,10.96
64.5349109999999,0.2,11.2
64.54132,0.25,11.0
64.547729,0.14999999999999997,11.4
64.5541379999999,0.21999999999999997,11.120000000000001
64.558411,0.22999999999999998,11.08
64.56482,0.14999999999999997,11.4
64.571229,0.20999999999999996,11.16
64.579775,0.16999999999999998,11.32
64.586184,0.09999999999999998,11.6
64.5925929999999,0.08999999999999997,11.64
64.601138,0.08999999999999997,11.64
64.605411,0.15999999999999998,11.36
64.6118199999999,0.19,11.24
64.618229,0.12,11.52
64.622502,0.22999999999999998,11.08
64.631047,0.18,11.28
64.6353199999999,0.14,11.44
64.641729,0.16999999999999998,11.32
64.650274,0.21999999999999997,11.120000000000001
64.656683,0.20999999999999996,11.16
64.663092,0.13,11.48
64.669501,0.14,11.44
64.67591,0.08999999999999997,11.64
64.682319,0.14,11.44
64.688728,0.08999999999999997,11.64
64.695137,0.14,11.44
64.725046,0.18,11.28
64.733592,0.22999999999999998,11.08
64.740001,0.24,11.04
64.74641,0.14,11.44
64.752819,0.19,11.24
64.7592279999999,0.27999999999999997,10.88
64.765637,0.20999999999999996,11.16
64.772046,0.41,10.36
64.7784549999999,0.29,10.84
64.784864,0.34,10.64
64.791273,0.33,10.68
64.795546,0.33,10.68
64.801955,0.29,10.84
64.8105,0.33,10.68
64.816909,0.22999999999999998,11.08
64.823318,0.29,10.84
64.829727,0.29,10.84
64.835964,0.08999999999999997,11.64
64.841855,0.2,11.2
64.847746,0.16999999999999998,11.32
64.859528,0.2,11.2
64.865418,0.15999999999999998,11.36
64.871309,0.10999999999999999,11.56
64.875237,0.20999999999999996,11.16
64.881128,0.19,11.24
64.888982,0.24,11.04
64.896837,0.19,11.24
64.900764,0.18,11.28
64.906655,0.07,11.72
64.912546,0.06,11.76
64.916473,0.10999999999999999,11.56
64.924328,-0.010000000000000009,12.04
64.9302189999999,0.09999999999999998,11.6
64.93611,0.08000000000000002,11.68
64.946538,0.10999999999999999,11.56
64.951074,0.13,11.48
64.95788,0.07,11.72
64.964685,0.12,11.52
64.97149,0.26,10.96
64.978295,0.3,10.8
64.9851,0.27999999999999997,10.88
64.991905,0.25,11.0
64.996442,0.27999999999999997,10.88
65.003247,0.26,10.96
65.010052,0.20999999999999996,11.16
65.019125,0.2,11.2
65.023662,0.26,10.96
65.032736,0.22999999999999998,11.08
65.038133,0.21999999999999997,11.120000000000001
65.042827,0.32,10.72
65.045956,0.24,11.04
65.052214,0.21999999999999997,11.120000000000001
65.056907,0.26,10.96
65.061601,0.2,11.2
65.067859,0.21999999999999997,11.120000000000001
65.072552,0.09999999999999998,11.6
65.077246,0.19,11.24
65.07881,0.08000000000000002,11.68
65.085069,0.16999999999999998,11.32
65.091327,0.04999999999999999,11.8
65.09602,0.08000000000000002,11.68
65.100714,0.21999999999999997,11.120000000000001
65.106972,0.20999999999999996,11.16
65.110101,0.07,11.72
65.11323,0.08000000000000002,11.68
65.117923,0.12,11.52
65.1241809999999,0.04999999999999999,11.8
65.1288749999999,0.06,11.76
65.133413,0.03,11.88
65.13764,0.06,11.76
65.140458,0.08000000000000002,11.68
65.150321,0.08999999999999997,11.64
65.154548,0.07,11.72
65.157366,0.12,11.52
65.163002,0.14,11.44
65.16582,0.10999999999999999,11.56
65.170047,0.10999999999999999,11.56
65.174274,0.06,11.76
65.17991,0.08000000000000002,11.68
65.184137,0.09999999999999998,11.6
65.188364,0.10999999999999999,11.56
65.194,0.14999999999999997,11.4
65.1968179999999,0.07,11.72
65.2010449999999,0.08999999999999997,11.64
65.2052719999999,0.07,11.72
65.212317,0.07,11.72
65.219362,0.14999999999999997,11.4
65.223589,0.16999999999999998,11.32
65.240999,0.09999999999999998,11.6
65.244999,0.06,11.76
65.2569989999999,0.14999999999999997,11.4
65.269,0.13,11.48
65.277,0.2,11.2
65.293001,0.19,11.24
65.305001,0.18,11.28
65.3210019999999,0.16999999999999998,11.32
65.334252,0.07,11.72
65.344751,0.07,11.72
65.346501,0.09999999999999998,11.6
65.355251,0.15999999999999998,11.36
65.360501,0.19,11.24
65.365751,0.21999999999999997,11.120000000000001
65.365751,0.26999999999999996,10.92
65.37625,0.24,11.04
65.39375,0.03999999999999998,11.84
65.398999,0.09999999999999998,11.6
65.4042489999999,0.18,11.28
65.418249,0.16999999999999998,11.32
65.419999,0.09999999999999998,11.6
65.442085,0.09999999999999998,11.6
65.44815,0.2,11.2
65.454216,0.20999999999999996,11.16
65.4602809999999,0.19,11.24
65.466347,0.08000000000000002,11.68
65.472412,0.26999999999999996,10.92
65.478477,0.24,11.04
65.484543,0.22999999999999998,11.08
65.4906079999999,0.19,11.24
65.496673,0.21999999999999997,11.120000000000001
65.512848,0.13,11.48
65.5209349999999,0.24,11.04
65.527,0.22999999999999998,11.08
65.535,0.24,11.04
65.539,0.26999999999999996,10.92
65.541,0.19,11.24
65.543,0.08999999999999997,11.64
65.545,0.09999999999999998,11.6
65.545,0.26,10.96
65.549,0.15999999999999998,11.36
65.551,0.19,11.24
65.551,0.22999999999999998,11.08
65.557,0.26,10.96
65.557,0.27999999999999997,10.88
65.5669999999999,0.27999999999999997,10.88
65.569,0.2,11.2
65.575,0.25,11.0
65.581,0.29,10.84
65.5849999999999,0.20999999999999996,11.16
65.5849999999999,0.25,11.0
65.595,0.04999999999999999,11.8
65.599,0.16999999999999998,11.32
65.599,0.18,11.28
65.6029999999999,0.03999999999999998,11.84
65.611,0.10999999999999999,11.56
65.613619,0.22999999999999998,11.08
65.616238,0.33,10.68
65.624095,0.22999999999999998,11.08
65.626714,0.22999999999999998,11.08
65.631953,0.22999999999999998,11.08
65.634572,0.27999999999999997,10.88
65.637191,0.26999999999999996,10.92
65.63981,0.25,11.0
65.642429,0.21999999999999997,11.120000000000001
65.645048,0.18,11.28
65.647667,0.10999999999999999,11.56
65.6502859999999,0.27999999999999997,10.88
65.652905,0.18,11.28
65.658143,0.07,11.72
65.660762,0.13,11.48
65.663381,0.12,11.52
65.6660009999999,0.47000000000000003,10.12
65.66862,0.45,10.2
65.671239,0.48999999999999894,10.040000000000004
65.673858,0.48000000000000004,10.08
65.676477,0.36000000000000004,10.56
65.681715,0.43349999999999994,10.266
65.681715,0.44,10.24
65.686953,0.45,10.2
65.6921909999999,0.48999999999999894,10.040000000000004
65.697429,0.32,10.72
65.700048,0.48000000000000004,10.08
65.705287,0.31,10.76
65.7079059999999,0.37999999999999995,10.48
65.710525,0.39999999999999997,10.4
65.713144,0.3,10.8
65.715763,0.37999999999999995,10.48
65.718382,0.25,11.0
65.721001,0.38999999999999996,10.44
65.729561,0.39999999999999997,10.4
65.729561,0.5118,9.9528
65.733841,0.39999999999999997,10.4
65.742401,0.3,10.8
65.746681,0.33,10.68
65.746681,0.36000000000000004,10.56
65.759522,0.32,10.72
65.768082,0.47000000000000003,10.12
65.772362,0.37999999999999995,10.48
65.780922,0.35000000000000003,10.6
65.785202,0.36000000000000004,10.56
65.789482,0.35000000000000003,10.6
65.793762,0.36000000000000004,10.56
65.793762,0.37999999999999995,10.48
65.802323,0.46,10.16
65.806603,0.36999999999999994,10.52
65.806603,0.37999999999999995,10.48
65.815163,0.34,10.64
65.819443,0.36999999999999994,10.52
65.823723,0.34,10.64
65.828003,0.41,10.36
65.830173,0.45,10.2
65.8323429999999,0.36999999999999994,10.52
65.834513,0.38999999999999996,10.44
65.836684,0.36000000000000004,10.56
65.836684,0.4654,10.1384
65.838854,0.34,10.64
65.841024,0.34,10.64
65.841024,0.36000000000000004,10.56
65.845364,0.39999999999999997,10.4
65.847534,0.37999999999999995,10.48
65.847534,0.45,10.2
65.851875,0.24,11.04
65.854045,0.34,10.64
65.856215,0.38999999999999996,10.44
65.858385,0.39999999999999997,10.4
65.860555,0.43,10.28
65.862725,0.44,10.24
65.864896,0.41,10.36
65.864896,0.46,10.16
65.869236,0.44,10.24
65.8714059999999,0.46,10.16
65.8714059999999,0.48999999999999894,10.040000000000004
65.875746,0.48999999999999894,10.040000000000004
65.877916,0.44,10.24
65.880087,0.44,10.24
65.882257,0.35000000000000003,10.6
65.882257,0.4421,10.2316
65.884427,0.44,10.24
65.8865969999999,0.41,10.36
65.888767,0.46,10.16
65.8909369999999,0.45,10.2
65.893107,0.48999999999999894,10.040000000000004
65.895278,0.44,10.24
65.895278,0.47000000000000003,10.12
65.899618,0.46080000000000004,10.1568
65.899618,0.48000000000000004,10.08
65.901788,0.45,10.2
65.901788,0.48999999999999894,10.040000000000004
65.906128,0.39999999999999997,10.4
65.908299,0.42,10.32
65.910469,0.38999999999999996,10.44
65.912639,0.46,10.16
65.914809,0.44,10.24
65.916979,0.51,9.96
65.919149,0.39999999999999997,10.4
65.919149,0.45,10.2
65.92349,0.48000000000000004,10.08
65.9256599999999,0.44,10.24
65.9256599999999,0.5336000000000001,9.8656
65.93,0.48000000000000004,10.08
65.9318289999999,0.42,10.32
65.933657,0.45,10.2
65.935486,0.45,10.2
65.937315,0.48999999999999894,10.040000000000004
65.939143,0.53,9.879999999999999
65.940972,0.46,10.16
65.944629,0.49999999999999994,10.0
65.946458,0.2,11.2
65.951944,0.4521,10.1916
65.951944,0.46,10.16
65.951944,0.52,9.92
65.955601,0.42,10.32
65.95743,0.47000000000000003,10.12
65.959259,0.51,9.96
65.961087,0.48000000000000004,10.08
65.962916,0.48000000000000004,10.08
65.966573,0.46,10.16
65.966573,0.48999999999999894,10.040000000000004
65.97023,0.39999999999999997,10.4
65.972059,0.44,10.24
65.972059,0.5189999999999999,9.924
65.977545,0.55,9.8
65.981202,0.47000000000000003,10.12
65.98486,0.5900000000000001,9.64
65.988517,0.6100000000000001,9.559999999999999
65.992174,0.5700000000000001,9.719999999999999
65.994654,0.56,9.76
65.994654,0.6332,9.4672
65.995305,0.6299999999999999,9.48
65.997259,0.7,9.2
65.998561,0.6399999999999999,9.440000000000001
65.999863,0.5700000000000001,9.719999999999999
65.999863,0.9606000000000001,8.157599999999999
66.0005149999999,0.6299999999999999,9.48
66.0024679999999,0.52,9.92
66.00377,0.52,9.92
66.006375,0.49999999999999994,10.0
66.006375,0.6433,9.4268
66.007677,0.49999999999999994,10.0
66.007677,0.6187,9.5252
66.009631,0.53,9.879999999999999
66.0109329999999,0.5700000000000001,9.719999999999999
66.011584,0.45,10.2
66.011584,0.5969,9.612400000000001
66.014189,0.5900000000000001,9.64
66.015491,0.49389999999999995,10.0244
66.015491,0.53,9.879999999999999
66.016794,0.49999999999999994,10.0
66.016794,0.5470999999999999,9.8116
66.016794,0.5856999999999999,9.6572
66.018096,0.41219999999999996,10.3512
66.018096,0.44,10.24
66.018747,0.44,10.24
66.018747,0.6199999999999999,9.52
66.02005,0.3572,10.5712
66.022777,0.6080000000000001,9.568
66.024325,0.54,9.84
66.031293,0.6699999999999999,9.32
66.032067,0.69,9.24
66.032067,0.8213000000000001,8.7148
66.04755,0.6123000000000001,9.550799999999999
66.0483239999999,0.6399999999999999,9.440000000000001
66.0537439999999,0.6199999999999999,9.52
66.058389,0.5800000000000001,9.68
66.063034,0.5700000000000001,9.719999999999999
66.063034,0.605899999999999,9.576400000000003
66.067679,0.52,9.92
66.076194,0.5700000000000001,9.719999999999999
66.0839359999999,0.3,10.8
66.091678,0.52,9.92
66.0955479999999,0.2,11.2
66.0955479999999,0.4351,10.2596
66.100967,0.34,10.64
66.1056119999999,0.44,10.24
66.110257,0.46,10.16
66.114902,0.46,10.16
66.123418,0.34,10.64
66.1311599999999,0.3,10.8
66.138127,0.15999999999999998,11.36
66.14885,0.2902,10.8392
66.153418,0.15999999999999998,11.36
66.156158,0.16999999999999998,11.32
66.16027,0.22999999999999998,11.08
66.164381,0.13,11.48
66.1666649999999,0.08000000000000002,11.68
66.1698619999999,0.10999999999999999,11.56
66.172603,0.15999999999999998,11.36
66.173973,0.14,11.44
66.179455,0.10999999999999999,11.56
66.180825,0.12,11.52
66.1817389999999,0.313,10.748
66.183109,0.20999999999999996,11.16
66.1849359999999,0.04999999999999999,11.8
66.1876769999999,0.01999999999999999,11.92
66.1904179999999,-0.06,12.24
66.194529,0.04999999999999999,11.8
66.19727,0.03,11.88
66.19864,0.09999999999999998,11.6
66.200924,0.13,11.48
66.204121,0.08999999999999997,11.64
66.206862,0.04999999999999999,11.8
66.208233,-0.09000000000000001,12.36
66.210973,-0.07,12.28
66.213714,-0.12000000000000001,12.48
66.215998,0.05829999999999996,11.7668
66.2173679999999,-0.1,12.4
66.220566,-0.07,12.28
66.223307,-0.06,12.24
66.224677,0.0,12.0
66.227418,0.03999999999999998,11.84
66.2287879999999,-0.06,12.24
66.2315289999999,-0.13,12.52
66.232899,-0.12000000000000001,12.48
66.233813,0.0,12.0
66.235183,0.20999999999999996,11.16
66.238381,-0.11000000000000001,12.44
66.239751,-0.13,12.52
66.241121,-0.08000000000000002,12.32
66.245233,-0.16,12.64
66.2466029999999,-0.13,12.52
66.2493439999999,-0.10500000000000001,12.42
66.251628,-0.1,12.4
66.253361,0.04999999999999999,11.8
66.254451,0.09999999999999998,11.6
66.25772,0.18,11.28
66.25881,0.03,11.88
66.2599,-0.08000000000000002,12.32
66.262079,-0.04000000000000001,12.16
66.264259,-0.020000000000000018,12.08
66.264985,-0.11000000000000001,12.44
66.267528,-0.15000000000000002,12.6
66.268617,-0.06,12.24
66.269707,-0.11000000000000001,12.44
66.270797,0.03,11.88
66.272976,0.06,11.76
66.275156,0.08000000000000002,11.68
66.276246,0.04999999999999999,11.8
66.278062,0.14999999999999997,11.4
66.2806049999999,0.01999999999999999,11.92
66.281694,-0.020000000000000018,12.08
66.282784,0.14300000000000002,11.428
66.283874,-0.020000000000000018,12.08
66.286053,-0.05000000000000002,12.2
66.287143,0.14999999999999997,11.4
66.289322,0.10999999999999999,11.56
66.290412,0.09999999999999998,11.6
66.2915019999999,0.12,11.52
66.2922279999999,0.15999999999999998,11.36
66.294771,0.15999999999999998,11.36
66.295861,0.16999999999999998,11.32
66.29804,0.2,11.2
66.30022,0.15999999999999998,11.36
66.301309,0.10999999999999999,11.56
66.3023989999999,0.12,11.52
66.303489,0.08999999999999997,11.64
66.305305,0.24,11.04
66.3063949999999,0.25,11.0
66.308938,0.29,10.84
66.311117,0.36000000000000004,10.56
66.312207,0.42,10.32
66.3132959999999,0.26999999999999996,10.92
66.315476,0.36000000000000004,10.56
66.3165659999999,0.22999999999999998,11.08
66.317655,0.43,10.28
66.320561,0.34,10.64
66.322014,0.32,10.72
66.323104,0.38999999999999996,10.44
66.324194,0.38999999999999996,10.44
66.326373,0.5900000000000001,9.64
66.329642,0.49999999999999994,10.0
66.331822,0.37999999999999995,10.48
66.3336379999999,0.38999999999999996,10.44
66.335091,0.3,10.8
66.337271,0.45,10.2
66.340101,0.6100000000000001,9.559999999999999
66.3432569999999,0.6199999999999999,9.52
66.344835,0.56,9.76
66.347992,0.6699999999999999,9.32
66.366403,0.5800000000000001,9.68
66.369559,0.53,9.879999999999999
66.372715,0.45,10.2
66.3742929999999,0.48000000000000004,10.08
66.378502,0.42,10.32
66.380606,0.37999999999999995,10.48
66.382184,0.56,9.76
66.3869179999999,0.52,9.92
66.388496,0.39999999999999997,10.4
66.390074,0.51,9.96
66.39323,0.5900000000000001,9.64
66.397439,0.6100000000000001,9.559999999999999
66.401121,0.35000000000000003,10.6
66.402699,0.6199999999999999,9.52
66.4042769999999,0.6499999999999999,9.4
66.407433,0.6399999999999999,9.440000000000001
66.409011,0.5800000000000001,9.68
66.41059,0.56,9.76
66.4121679999999,0.43,10.28
66.414272,0.56,9.76
66.417428,0.6499999999999999,9.4
66.419006,0.69,9.24
66.422162,0.6199999999999999,9.52
66.425318,0.55,9.8
66.4295269999999,0.6699999999999999,9.32
66.433209,0.6599999999999999,9.36
66.437943,0.5800000000000001,9.68
66.4410989999999,0.5800000000000001,9.68
66.444256,0.55,9.8
66.447412,0.51,9.96
66.448464,0.48000000000000004,10.08
66.450042,0.55,9.8
66.4537239999999,0.5900000000000001,9.64
66.45688,0.33,10.68
66.4616149999999,0.47000000000000003,10.12
66.464771,0.51,9.96
66.4663489999999,0.56,9.76
66.468979,0.5700000000000001,9.719999999999999
66.470557,0.6100000000000001,9.559999999999999
66.4742399999999,0.47000000000000003,10.12
66.477396,0.48000000000000004,10.08
66.48213,0.49999999999999994,10.0
66.485286,0.46,10.16
66.487916,0.45,10.2
66.493177,0.46,10.16
66.494755,0.5700000000000001,9.719999999999999
66.496333,0.5800000000000001,9.68
66.499489,0.6000000000000001,9.6
66.501067,0.6299999999999999,9.48
66.504223,0.53,9.879999999999999
66.50738,0.47000000000000003,10.12
66.512114,0.51,9.96
66.51527,0.5800000000000001,9.68
66.516848,0.45,10.2
66.520004,0.54,9.84
66.523161,0.53,9.879999999999999
66.524739,0.55,9.8
66.526317,0.51,9.96
66.5273689999999,0.49999999999999994,10.0
66.531009,0.47000000000000003,10.12
66.532523,0.52,9.92
66.534038,0.42,10.32
66.535552,0.42,10.32
66.5400949999999,0.51,9.96
66.543124,0.48000000000000004,10.08
66.544639,0.5800000000000001,9.68
66.546153,0.52,9.92
66.548677,0.54,9.84
66.550192,0.6100000000000001,9.559999999999999
66.552716,0.6399999999999999,9.440000000000001
66.55625,0.6299999999999999,9.48
66.557764,0.55,9.8
66.560793,0.5900000000000001,9.64
66.563822,0.53,9.879999999999999
66.565337,0.6100000000000001,9.559999999999999
66.568365,0.53,9.879999999999999
66.571394,0.6399999999999999,9.440000000000001
66.572404,0.6699999999999999,9.32
66.5759379999999,0.7,9.2
66.5774519999999,0.71,9.16
66.578967,0.7,9.2
66.58351,0.69,9.24
66.585025,0.6699999999999999,9.32
66.588054,0.5900000000000001,9.64
66.5905779999999,0.6000000000000001,9.6
66.5920919999999,0.51,9.96
66.594111,0.6699999999999999,9.32
66.595626,0.6499999999999999,9.4
66.5986549999999,0.6699999999999999,9.32
66.6001689999999,0.5800000000000001,9.68
66.601684,0.71,9.16
66.604713,0.73,9.08
66.6082459999999,0.6699999999999999,9.32
66.609761,0.56,9.76
66.61279,0.55,9.8
66.615819,0.6100000000000001,9.559999999999999
66.617333,0.6000000000000001,9.6
66.620362,0.6499999999999999,9.4
66.621877,0.6000000000000001,9.6
66.624401,0.6299999999999999,9.48
66.627934,0.56,9.76
66.6294489999999,0.5700000000000001,9.719999999999999
66.6309629999999,0.49999999999999994,10.0
66.632478,0.5700000000000001,9.719999999999999
66.635473,0.54,9.84
66.636888,0.5800000000000001,9.68
66.638302,0.6599999999999999,9.36
66.639716,0.6000000000000001,9.6
66.642073,0.6100000000000001,9.559999999999999
66.644902,0.6599999999999999,9.36
66.647259,0.69,9.24
66.650088,0.5900000000000001,9.64
66.652445,0.6699999999999999,9.32
66.653859,0.49999999999999994,10.0
66.655745,0.7,9.2
66.6571589999999,0.6399999999999999,9.440000000000001
66.658573,0.7399999999999989,9.040000000000004
66.659987,0.7399999999999989,9.040000000000004
66.662816,0.7,9.2
66.66423,0.6799999999999999,9.280000000000001
66.665645,0.6000000000000001,9.6
66.66753,0.6199999999999999,9.52
66.6689449999999,0.73,9.08
66.670359,0.6699999999999999,9.32
66.673187,0.6299999999999999,9.48
66.6746019999999,0.6499999999999999,9.4
66.676016,0.6199999999999999,9.52
66.67743,0.72,9.120000000000001
66.678844,0.73,9.08
66.681673,0.79,8.84
66.68403,0.95,8.2
66.685916,0.75,9.0
66.68733,0.77,8.92
66.6901589999999,0.6399999999999999,9.440000000000001
66.691573,0.6599999999999999,9.36
66.692987,0.8500000000000001,8.6
66.6958159999999,0.6799999999999999,9.280000000000001
66.69723,0.6799999999999999,9.280000000000001
66.698644,0.6599999999999999,9.36
66.6995869999999,0.6100000000000001,9.559999999999999
66.701001,0.72,9.120000000000001
66.702887,0.76,8.96
66.704301,0.7399999999999989,9.040000000000004
66.70713,0.79,8.84
66.708544,0.77,8.92
66.709958,0.79,8.84
66.7113729999999,0.76,8.96
66.712787,0.75,9.0
66.714201,0.71,9.16
66.715615,0.7,9.2
66.717973,0.6699999999999999,9.32
66.719387,0.7399999999999989,9.040000000000004
66.721273,0.6599999999999999,9.36
66.7226869999999,0.71,9.16
66.724101,0.6100000000000001,9.559999999999999
66.725515,0.76,8.96
66.72693,0.7399999999999989,9.040000000000004
66.728344,0.72,9.120000000000001
66.729758,0.75,9.0
66.732587,0.6100000000000001,9.559999999999999
66.734001,0.6699999999999999,9.32
66.735397,0.71,9.16
66.737491,0.7399999999999989,9.040000000000004
66.7402819999999,0.6799999999999999,9.280000000000001
66.7423759999999,0.71,9.16
66.74447,0.75,9.0
66.7465629999999,0.72,9.120000000000001
66.7486569999999,0.6799999999999999,9.280000000000001
66.752844,0.6599999999999999,9.36
66.754938,0.75,9.0
66.7591259999999,0.8300000000000001,8.68
66.761219,0.81,8.76
66.762615,1.01,7.96
66.764709,1.01,7.96
66.769594,1.07,7.72
66.771688,0.75,9.0
66.773782,0.8500000000000001,8.6
66.777969,0.75,9.0
66.780063,0.8,8.8
66.782157,0.75,9.0
66.78425,0.7399999999999989,9.040000000000004
66.786344,0.6599999999999999,9.36
66.78774,0.71,9.16
66.789834,0.7399999999999989,9.040000000000004
66.792625,0.6799999999999999,9.280000000000001
66.794719,0.7399999999999989,9.040000000000004
66.796813,0.73,9.08
66.798906,0.7,9.2
66.803094,0.77,8.92
66.805187,0.8,8.8
66.807281,0.8,8.8
66.809375,0.79,8.84
66.811469,0.77,8.92
66.813562,0.8300000000000001,8.68
66.814958,0.72,9.120000000000001
66.817052,0.73,9.08
66.819843,0.76,8.96
66.821937,0.75,9.0
66.824031,0.7399999999999989,9.040000000000004
66.826125,0.76,8.96
66.828218,0.73,9.08
66.830312,0.78,8.879999999999999
66.832406,0.77,8.92
66.8345,0.7399999999999989,9.040000000000004
66.8365929999999,0.71,9.16
66.8386869999999,0.72,9.120000000000001
66.840083,0.79,8.84
66.8421759999999,0.73,9.08
66.8449679999999,0.6699999999999999,9.32
66.8491559999999,0.81,8.76
66.851249,0.7399999999999989,9.040000000000004
66.853343,0.8500000000000001,8.6
66.8554369999999,0.77,8.92
66.85753,0.72,9.120000000000001
66.859624,0.8200000000000001,8.719999999999999
66.861718,0.78,8.879999999999999
66.863812,0.72,9.120000000000001
66.865905,0.71,9.16
66.869395,0.6699999999999999,9.32
66.87428,0.6799999999999999,9.280000000000001
66.876374,0.6699999999999999,9.32
66.878468,0.6799999999999999,9.280000000000001
66.880561,0.6499999999999999,9.4
66.882655,0.69,9.24
66.884749,0.7,9.2
66.886842,0.6599999999999999,9.36
66.888936,0.6100000000000001,9.559999999999999
66.89103,0.7,9.2
66.892426,0.73,9.08
66.894519,0.6399999999999999,9.440000000000001
66.897311,0.6699999999999999,9.32
66.899405,0.6699999999999999,9.32
66.903592,0.7399999999999989,9.040000000000004
66.905686,0.7,9.2
66.90778,0.6299999999999999,9.48
66.909873,0.5800000000000001,9.68
66.911967,0.5700000000000001,9.719999999999999
66.914061,0.78,8.879999999999999
66.916155,0.75,9.0
66.918248,0.7399999999999989,9.040000000000004
66.919644,0.79,8.84
66.921738,0.79,8.84
66.924529,0.8600000000000001,8.559999999999999
66.926623,0.78,8.879999999999999
66.928717,0.8,8.8
66.930811,0.76,8.96
66.9329039999999,0.73,9.08
66.9349979999999,0.72,9.120000000000001
66.937156,0.6199999999999999,9.52
66.941471,0.71,9.16
66.943628,0.7,9.2
66.9450669999999,0.72,9.120000000000001
66.950101,0.76,8.96
66.952259,0.72,9.120000000000001
66.9544159999999,0.76,8.96
66.956574,0.7399999999999989,9.040000000000004
66.958732,0.6299999999999999,9.48
66.965204,0.6599999999999999,9.36
66.9673619999999,0.6599999999999999,9.36
66.96952,0.6399999999999999,9.440000000000001
66.971677,0.6799999999999999,9.280000000000001
66.975273,0.69,9.24
66.97815,0.73,9.08
66.9803079999999,0.72,9.120000000000001
66.982465,0.71,9.16
66.98678,0.8,8.8
66.988938,0.79,8.84
66.991095,0.79,8.84
66.993253,0.8200000000000001,8.719999999999999
66.995411,0.8300000000000001,8.68
66.999007,0.8,8.8
67.001164,0.8500000000000001,8.6
67.004041,0.8400000000000001,8.64
67.008356,0.8700000000000001,8.52
67.012671,0.7399999999999989,9.040000000000004
67.014829,0.75,9.0
67.016987,0.76,8.96
67.021302,0.6599999999999999,9.36
67.025617,0.73,9.08
67.027055,0.73,9.08
67.029213,0.79,8.84
67.0342469999999,0.75,9.0
67.036405,0.7399999999999989,9.040000000000004
67.038563,0.6699999999999999,9.32
67.0407199999999,0.6199999999999999,9.52
67.045035,0.73,9.08
67.0471929999999,0.73,9.08
67.049351,0.75,9.0
67.052947,0.8200000000000001,8.719999999999999
67.055104,0.79,8.84
67.057981,0.79,8.84
67.060139,0.73,9.08
67.062296,0.72,9.120000000000001
67.064454,0.71,9.16
67.0666109999999,0.7,9.2
67.068769,0.75,9.0
67.070927,0.8300000000000001,8.68
67.0730839999999,0.79,8.84
67.075242,0.8500000000000001,8.6
67.0795569999999,0.78,8.879999999999999
67.080995,0.8700000000000001,8.52
67.083153,0.8300000000000001,8.68
67.0860299999999,0.8200000000000001,8.719999999999999
67.088187,0.77,8.92
67.090345,0.8,8.8
67.0925029999999,0.78,8.879999999999999
67.09466,0.81,8.76
67.096818,0.8,8.8
67.098975,0.8,8.8
67.101133,0.8,8.8
